{"seed": 928126203, "N": 10000000, "alive_speed": 0.9452468373172616, "non_threatened_speed": 0.9452469318419453, "survivors": [[0, 0.9452469318419453], [1045, 0.8803971031059722], [1050, 0.8368355497146952], [881993, 0.7657300315868686], [1126498, 0.7555210333459754], [9997517, 0.692515356711257], [9998992, 0.6806045244696829], [9999151, 0.6630131758749632]], "still_alive": [[88649, 0.768636047465905], [859298, 0.8051919017695212], [1151727, 0.7383436304802967], [1630648, 0.7490032752824396], [1725271, 0.7524727275319094], [2205186, 0.7556072027450026], [2514711, 0.7624597125763032], [2634208, 0.7563847199896296], [2832423, 0.7745809655734639], [2833422, 0.7624842514190084], [3057491, 0.7798065622594853], [3058264, 0.7640463938891024], [3065551, 0.7534550452059462], [3549814, 0.7451441939491258], [3829139, 0.7680241137161059], [3829226, 0.7226269660162407], [3829533, 0.7170716229593692], [4145390, 0.7375458667902468], [4156057, 0.7381393151705983], [4224332, 0.7428281500479453], [4399101, 0.7397189537841403], [4408446, 0.7299041024348127], [4475749, 0.7265587353529859], [4979288, 0.7603824591292518], [5195241, 0.7585502611735142], [5240796, 0.7556235210005113], [5435121, 0.7373660085159952], [5623942, 0.7287352555600013], [5683001, 0.7247817236403434], [5865324, 0.7478029806660039], [5867377, 0.7470838541428961], [6124242, 0.7847425942756899], [6142001, 0.7798073628834372], [6394646, 0.8103590581961141], [6419275, 0.7858105832146932], [6547752, 0.7797109336792909], [6611235, 0.7459314011887975], [6619302, 0.7237957285400672], [6628283, 0.7236750991522934], [6813640, 0.7139864068484336], [6838719, 0.7196439741007435], [7082850, 0.7662868563770114], [7101633, 0.7388669023940987], [7572912, 0.7732700002678251], [7577583, 0.7465819748231394], [7615496, 0.7313004523667941], [7815719, 0.7527293379784696], [7893780, 0.7612498466084067], [7894133, 0.7547804571201335], [7922568, 0.7149928301871258], [8077333, 0.7250088351474565], [8137354, 0.7480492880584394], [8138337, 0.7470145736087009], [8238288, 0.7468144199648872], [8238309, 0.7397018102061117], [8329470, 0.7438494455921195], [8331347, 0.7418751229477193], [8450554, 0.7281815274869425], [8650015, 0.7638309108172047], [8667310, 0.7464722816399149], [8701187, 0.7338248605141693], [8741026, 0.7401282624741515], [8817581, 0.766784212462131], [8817870, 0.7284910886038285], [8821547, 0.7269297883774756], [8867646, 0.7535618687105499], [8879393, 0.7490428753340274], [8894712, 0.741179499722201], [8924957, 0.7429763056950808], [8969596, 0.7361608548546661], [9028005, 0.752198738704567], [9117730, 0.7600086261422555], [9131837, 0.6985673477518384], [9266314, 0.8250492269124634], [9281917, 0.7678459687098821], [9352354, 0.7539038041968518], [9352541, 0.7468330420517234], [9464640, 0.7903797166261908], [9515069, 0.7420722293418014], [9599826, 0.7944988241116038], [9599847, 0.7741265395005866], [9599896, 0.7509261474430737], [9603129, 0.7425559117055046], [9624434, 0.784598272694211], [9626381, 0.7677729979140494], [9631848, 0.749300228367914], [9647623, 0.7022612737355239], [9715312, 0.7586424330345897], [9773729, 0.7978660149677471], [9774342, 0.7799937428105139], [9774787, 0.7720828802988393], [9774820, 0.7217652628045564], [9774823, 0.719177404940389], [9796452, 0.7637074747847648], [9827827, 0.7744489405093685], [9845660, 0.751409106453459], [9853625, 0.7716778456954202], [9865558, 0.7900578551077133], [9866505, 0.7797471557479274], [9871750, 0.8072792398739068], [9878057, 0.785457066666909], [9883308, 0.7672547668865195], [9884887, 0.732248038703699], [9889268, 0.7372722880756637], [9891241, 0.7388021748133311], [9892236, 0.718832006747341], [9903229, 0.7191514947024779], [9908040, 0.7379043017625688], [9916295, 0.7830131650054734], [9919206, 0.7857471761247361], [9936093, 0.8386472271973336], [9941896, 0.7911598637517968], [9942191, 0.7631991112821468], [9944764, 0.7879131138181867], [9944925, 0.7361829683327975], [9945256, 0.7365335135352898], [9945259, 0.6839336297340628], [9951110, 0.7591723819641484], [9951709, 0.6516732848255108], [9965512, 0.7436534813533321], [9967861, 0.7976814148141171], [9969330, 0.7996563814457465], [9975439, 0.9089979827651797], [9975454, 0.7972174054317714], [9975627, 0.7545519207787909], [9979364, 0.7675261421723034], [9981095, 0.7530765447131704], [9981432, 0.6964402138489634], [9984535, 0.6685252071456672], [9987158, 0.6384225460452448], [9991111, 0.905860343547184], [9991916, 0.9090212885757429], [9991921, 0.8806027114152645], [9993364, 0.9059451879013977], [9993625, 0.9345328955463938], [9993636, 0.8598786410538497], [9993845, 0.8099864136034699], [9994782, 0.9028858678181696], [9994973, 0.7217615265355328], [9995830, 0.7223011175224248], [9995853, 0.7232320736774501], [9996514, 0.6924509819403437], [9996945, 0.74801519447616], [9997082, 0.7301208271294372], [9997085, 0.6780066184323339], [9997512, 0.745789616211224], [9997524, 0.5814213022832906], [9998297, 0.7187553295254192], [9999480, 0.5366331575182913], [9999639, 0.5796390147104034], [9999696, 0.572234421554112], [9999855, 0.8895951305914722], [9999888, 0.6037939833530842], [9999925, 0.8364049354172478], [9999938, 0.6561214122880368], [9999989, 0.8777535765521867], [9999992, 0.8154272067976354], [9999997, 0.9977536449459558], [9999998, 0.5484329039445022], [9999999, 0.7718526015476921]]}