{"seed": 959, "N": 10000000, "alive_speed": 0.8383005694072475, "non_threatened_speed": 0.8385074291693376, "survivors": [[2466, 0.8385074291693376], [2623, 0.7687667904211576], [3048, 0.7664135839576641], [119397, 0.7460916586475976], [9969358, 0.736845618417601], [9993945, 0.7166033669125351], [9999114, 0.7143693032682201], [9999999, 0.4318901411234093]], "still_alive": [[120742, 0.7282933774629401], [309659, 0.7316811463622763], [901404, 0.7659153994399917], [969837, 0.7628316770698], [1545644, 0.8055629975551304], [1721709, 0.7473361848914223], [1722816, 0.7456761079265017], [2156915, 0.7655821757292297], [2157104, 0.7579921301603305], [2496957, 0.7798444439635777], [2713242, 0.7707195596741173], [2754459, 0.7261337812044237], [2828556, 0.7244020180493095], [3392935, 0.7379850477232004], [4366308, 0.7702945435324036], [4366805, 0.7409188983043705], [4615210, 0.7735133919825028], [4630287, 0.7730244563101673], [4634188, 0.763294302481354], [4645159, 0.7455293485518762], [4810820, 0.748877467614154], [5145705, 0.7709728264334822], [5220702, 0.767416600645891], [5331895, 0.7819885740136623], [5341386, 0.7729538106577265], [5341397, 0.7522483741158869], [5348466, 0.7444076732615751], [5471365, 0.6968601125316626], [5914228, 0.743717892751942], [6199739, 0.7937054373203475], [6206122, 0.7645823482963648], [6525899, 0.784761290005949], [6525900, 0.7620671263828177], [6864351, 0.7448636324217452], [6964450, 0.7494968867625537], [7006783, 0.7511657685562716], [7432088, 0.7888891086166351], [7532443, 0.7932831878548963], [7545676, 0.7723954405508452], [7603095, 0.7517352500264196], [7603156, 0.7450300917152636], [7822783, 0.7654256645680152], [7938134, 0.7954409399672407], [7948213, 0.7983249695605922], [7959638, 0.7861366734872531], [8085157, 0.8126432408893529], [8085160, 0.7893076737724671], [8097753, 0.7748042020934399], [8219098, 0.7757065295603204], [8242621, 0.7622827313186837], [8515528, 0.7837779841119344], [8564563, 0.7685572602801539], [8564570, 0.759587899841552], [8609531, 0.7787489660894966], [8628068, 0.7542033949286974], [8628467, 0.7433398049923766], [8636954, 0.7380050219592179], [8636971, 0.7054630779245933], [8685970, 0.7149537135323061], [8686225, 0.7063652472494932], [8792004, 0.7133676962083773], [8792603, 0.7055328588373259], [8920888, 0.7890215186094051], [8926611, 0.7892310958523423], [8953590, 0.7473245324695942], [9021085, 0.7939059017050496], [9033264, 0.7564542029996613], [9033687, 0.7449349357012942], [9052602, 0.7503069745653633], [9084393, 0.738977374313621], [9212168, 0.7850109450757466], [9212335, 0.7832167821095541], [9250206, 0.712515880079188], [9357393, 0.7691408332024682], [9419298, 0.7819592787070535], [9558599, 0.800542385289236], [9560144, 0.7961270493308287], [9560371, 0.7902963339708343], [9560434, 0.7673669987824423], [9582721, 0.7877764959734003], [9599796, 0.797105898143597], [9617435, 0.7767527340319954], [9651358, 0.8160655771085606], [9653739, 0.8179804429601032], [9671862, 0.8094534788023996], [9675579, 0.6796352016664726], [9681308, 0.6735586423697173], [9707875, 0.7328891197445239], [9709586, 0.7319744730683058], [9724599, 0.7383818571203432], [9771746, 0.7912260045048922], [9771893, 0.7591512062380841], [9771900, 0.7579490124843422], [9772787, 0.7501488074272956], [9777206, 0.7465475817152444], [9777215, 0.7271293220885614], [9787566, 0.7606649453756776], [9807905, 0.8020199076066955], [9814972, 0.7782838386070706], [9814975, 0.7492786449592136], [9828564, 0.8077339785490155], [9832403, 0.7297644060461489], [9874768, 0.8042592131509047], [9874827, 0.7424576070597363], [9894170, 0.7975920672056945], [9894183, 0.7785660476873343], [9910310, 0.7955298641434908], [9918785, 0.8091000894078331], [9924922, 0.816493129089757], [9928769, 0.85161951116531], [9929462, 0.7684932507156738], [9942199, 0.7398019829501642], [9943686, 0.7189284778722834], [9948383, 0.7782631424401966], [9948394, 0.7486111106784172], [9956627, 0.7704542489705197], [9958236, 0.7698477728625646], [9964121, 0.740704825022205], [9965524, 0.7626211716060177], [9965645, 0.7595792711974005], [9970843, 0.6814713753242764], [9975608, 0.8090262839122502], [9976321, 0.7205284191360941], [9980702, 0.7000688457320401], [9985347, 0.8365970836186155], [9985430, 0.7320072385648871], [9985439, 0.7241708227680225], [9986414, 0.6741976503859751], [9987057, 0.7019080794099488], [9987210, 0.7025529588887568], [9987217, 0.6543811703082951], [9989650, 0.806569330611566], [9989767, 0.7331225190042344], [9991372, 0.7650942001406464], [9992061, 0.7881773334693218], [9993474, 0.8690043702888408], [9993903, 0.8162398215564002], [9993906, 0.766181721562006], [9994178, 0.7000833285136624], [9994179, 0.6791370259660409], [9994472, 0.6247203987626655], [9995105, 0.7049635854746504], [9996086, 0.817902604798558], [9996321, 0.8043183202196311], [9996342, 0.5871138401859733], [9996345, 0.5657903989912995], [9996410, 0.5620647839370189], [9997527, 0.7885302542096504], [9997552, 0.7404046338251762], [9997693, 0.6877984806771861], [9997718, 0.6861973527803319], [9997813, 0.6895690921400344], [9998332, 0.7755905454452201], [9998623, 0.7627023682265524], [9999439, 0.6683933258953754], [9999776, 0.5017321896870451], [9999817, 0.4990509574078418], [9999880, 0.7474736196414014], [9999881, 0.6696097887580982], [9999888, 0.5856876262205128], [9999939, 0.7328406090426786], [9999940, 0.6287742453732215], [9999959, 0.6858975391103209], [9999966, 0.6844739925449466], [9999979, 0.6081382135640331], [9999986, 0.763666922524701], [9999989, 0.8355058224887806], [9999996, 0.7206217694845772]]}