{"seed": 483722160, "N": 10000000, "alive_speed": 0.9540837138057626, "non_threatened_speed": 0.9540838092141339, "survivors": [[0, 0.9540838092141339], [823, 0.7726933590229973], [4195736, 0.7577259210518069], [9565735, 0.7522991644575482], [9810420, 0.7326773392670357], [9823827, 0.7306357113527743], [9990090, 0.6939523779376038], [9999187, 0.6913571488568774], [9999902, 0.45029410453041874], [9999997, 0.3525599398536441]], "still_alive": [[73768, 0.7335958907275832], [566203, 0.7573512399262932], [620904, 0.7332102607797853], [621555, 0.7202393098647383], [946710, 0.7295263639278338], [1187313, 0.7436729890801187], [1984902, 0.7944886919468911], [2602585, 0.7709865675587432], [2609714, 0.7698448394853211], [2885943, 0.7829390447192265], [3490504, 0.8154749632517563], [3665453, 0.7741135223052277], [3666314, 0.7622506736327407], [4010169, 0.7806477882307069], [4299791, 0.7502440769510108], [4583262, 0.7872230314971684], [4759959, 0.7458316593065737], [4908122, 0.7608762840725023], [5020159, 0.7157733105792061], [5285858, 0.7438826760054937], [5502375, 0.7777536873572629], [5503708, 0.7211131883600511], [5989075, 0.7746890247779153], [6067494, 0.7376011968963192], [6283767, 0.738439046761256], [6312126, 0.737848332571823], [6457945, 0.7662730556556049], [6458908, 0.7442438698352646], [6495343, 0.7518363072351487], [6565984, 0.7593221345461895], [6651911, 0.7617101888921267], [6733054, 0.7619441976210837], [6913057, 0.7530485711913847], [7232500, 0.7889654488898741], [7320149, 0.7639252687128449], [7442014, 0.7787362667133801], [7457525, 0.7585909039417134], [7462344, 0.7288492197420926], [7620433, 0.7703262152329174], [7741846, 0.7778433542131985], [7742443, 0.7414799530627132], [7858898, 0.7319154034889965], [7877323, 0.7355811774649863], [7928694, 0.7439521368550168], [8020175, 0.7655201496108718], [8049064, 0.7745498677118496], [8049573, 0.7270123758292557], [8114302, 0.7020676014056173], [8218675, 0.7228299543648412], [8426404, 0.7875384664584645], [8428187, 0.7192690512833142], [8428244, 0.7024937320685435], [8428891, 0.7019263793395383], [8528204, 0.734261793662076], [8591621, 0.7509179459642773], [8591910, 0.7428530752945892], [8654157, 0.7612526926961733], [8654206, 0.7450215102674118], [8655457, 0.7240508296118063], [8821052, 0.8181265653248974], [8892845, 0.7587431480165941], [8892852, 0.7450379749001056], [8949211, 0.7373825612898128], [9056714, 0.7583366798059562], [9059073, 0.7567259913358692], [9059074, 0.7548111293637273], [9145485, 0.7450732033598167], [9148134, 0.711854488722242], [9217897, 0.748110071442105], [9292706, 0.7647320465264316], [9294977, 0.7444642114830705], [9363880, 0.7871057720617586], [9363931, 0.7758679578624875], [9365992, 0.7354021950782291], [9418213, 0.7824134911065647], [9423474, 0.7600318653524384], [9475623, 0.7738562558882408], [9478766, 0.765748915012847], [9478831, 0.7347886302277714], [9524252, 0.7815525587987464], [9524793, 0.7468196451812351], [9526430, 0.7343703553740866], [9542801, 0.7570392373428981], [9559884, 0.7602141009236368], [9579652, 0.772878019589697], [9616513, 0.8451533847478485], [9617066, 0.7531304283782326], [9617067, 0.7232111193944699], [9632440, 0.7269373968358105], [9639385, 0.7260499020106244], [9687580, 0.8277366574452573], [9709417, 0.8141866904598877], [9719820, 0.7948876392044603], [9721077, 0.7710780504974908], [9721912, 0.7674023182921865], [9728317, 0.7824800928521285], [9752680, 0.7259249165768248], [9759795, 0.6769008539849957], [9810236, 0.825612897510003], [9810411, 0.77316533301961], [9823828, 0.7250804683561408], [9844053, 0.7413207674411714], [9844240, 0.730426861448784], [9855073, 0.7331087273708746], [9868886, 0.739563662117664], [9881055, 0.7333193580079542], [9894252, 0.7586126024027098], [9903545, 0.7171127592499557], [9904270, 0.6922891697661512], [9913819, 0.7525688325573733], [9914546, 0.7570063962488209], [9914701, 0.730812369585719], [9923542, 0.630248962607787], [9936429, 0.7371347036591582], [9942140, 0.7927668604269767], [9945133, 0.8268875615080916], [9948824, 0.7536204352116822], [9955681, 0.7973847029231786], [9961542, 0.8877899757434626], [9961545, 0.8329361887473321], [9963284, 0.8597892947504857], [9964443, 0.8620065144954959], [9964448, 0.7755131310069647], [9964543, 0.7359840360468404], [9969214, 0.7247132099149511], [9972439, 0.7680302107559097], [9972524, 0.7180145555938731], [9975763, 0.8114194198104411], [9975856, 0.7702829385503195], [9978821, 0.875835470158559], [9978932, 0.7509394410946536], [9981187, 0.6626965516153092], [9981232, 0.6578983506090249], [9984349, 0.7692169820427155], [9985446, 0.8260018224669726], [9986217, 0.7823150172346935], [9989904, 0.7890757255194172], [9990025, 0.7362725664411606], [9990109, 0.6856297377689017], [9993130, 0.7792804567055022], [9993197, 0.6517718449705003], [9993220, 0.6224798300748848], [9994045, 0.65626169203632], [9996410, 0.6829598588012968], [9997001, 0.7917453611464887], [9997126, 0.7236175651898186], [9997331, 0.7377969890655817], [9997586, 0.798887112859407], [9997589, 0.6529455456042075], [9997590, 0.6196338238063349], [9998525, 0.9408386548506085], [9999152, 0.7474821128548055], [9999324, 0.7488610667527994], [9999401, 0.8384777903092647], [9999408, 0.7718213673159054], [9999561, 0.9082019911800363], [9999624, 0.5728823738079841], [9999767, 0.4766338042651521], [9999842, 0.6205916342383064], [9999899, 0.5773627200165234], [9999973, 0.5206704906265811], [9999984, 0.6781612653285158], [9999993, 0.681513194101326], [9999996, 0.7042606659250616]]}