{"seed": 928126271, "N": 10000000, "alive_speed": 0.9903347298079918, "non_threatened_speed": 0.9903350269084701, "survivors": [[2, 0.9903350269084701], [35, 0.8689000262389102], [44, 0.8658079815052631], [36049, 0.7885469692480919], [36112, 0.7811019385096664], [1820593, 0.7656068015299453], [1848396, 0.7604702884578226], [5404233, 0.7576297006186673], [5913572, 0.7440880265367822], [6338047, 0.7376223208701986], [6619248, 0.7373621199051453], [9999081, 0.6684427758800972]], "still_alive": [[95429, 0.7565374265504926], [410798, 0.7608066056441646], [422151, 0.7325655912629342], [854478, 0.7656880005898342], [1231323, 0.7655820397198455], [1801390, 0.7664563651462588], [1865991, 0.7416985166784342], [2291104, 0.7503753243924752], [2539349, 0.746108828911865], [2656586, 0.7490644001370335], [3130409, 0.7805863189396213], [3166188, 0.7740827413996009], [3166649, 0.7615141751916572], [3566018, 0.7802633095599192], [3584709, 0.7797787414577003], [4013370, 0.7539886236040664], [4018347, 0.7423946984628171], [4656576, 0.7690197627969729], [4810479, 0.7669906975848589], [4812468, 0.7594152157575077], [5165091, 0.75550588953821], [5332656, 0.7722995231576566], [5737310, 0.7438196285079475], [5832239, 0.7491809164132482], [6652231, 0.7343200018835624], [6657996, 0.7324872995400765], [6846335, 0.7650658213065891], [6926152, 0.7262776912365658], [7201285, 0.7417870577955314], [7265042, 0.7492067479538737], [7353197, 0.7258060311869577], [7647538, 0.8015116904296569], [7648369, 0.7508074840675762], [7670128, 0.7453484753323117], [8099385, 0.7570404360897951], [8102066, 0.7471784930992339], [8146235, 0.7554338691981928], [8198264, 0.7650908425213698], [8394795, 0.7948180657942372], [8398798, 0.7786741760522862], [8426413, 0.7740637327715227], [8426422, 0.7414864471615019], [8427939, 0.733835695136645], [8522754, 0.7714370310713982], [8523619, 0.7708134022033832], [8538014, 0.767831542476318], [8538055, 0.734700811880918], [8609794, 0.6958414928513389], [8758669, 0.7687730336255769], [8765700, 0.7482429944813721], [8803111, 0.7676143249155654], [9018160, 0.7817137230730579], [9082909, 0.7486781073179616], [9138564, 0.7572287037955997], [9233333, 0.8047980863966215], [9234794, 0.7542396993060836], [9256241, 0.69380780713305], [9257498, 0.679141814872526], [9306313, 0.7132807439990764], [9324928, 0.7297357546858292], [9389439, 0.7230674810805925], [9397052, 0.6935081868393723], [9502589, 0.8219063951972851], [9505482, 0.8240050662586075], [9505567, 0.8046443926909674], [9505568, 0.7785552183541588], [9506325, 0.7742735308456284], [9536434, 0.7419654668031823], [9537295, 0.6857591083436132], [9657234, 0.7690380434106305], [9657861, 0.7648460766669869], [9660458, 0.7203101798758927], [9661193, 0.6985509009901628], [9682328, 0.7410684711253891], [9726573, 0.6961593582046406], [9741502, 0.7324757361424933], [9763137, 0.7592237348583625], [9796764, 0.8113490928190557], [9796765, 0.7662255219376265], [9798310, 0.6954303930918841], [9798311, 0.6739869886280121], [9842568, 0.7961847036416441], [9853151, 0.8340335885005137], [9859186, 0.6677887573825949], [9870695, 0.7131640322092933], [9895422, 0.8170573097640428], [9895437, 0.7983654153948802], [9895454, 0.6450660036974871], [9895897, 0.6476105914810318], [9902250, 0.6794214942526298], [9922513, 0.7789268698799471], [9928958, 0.7368420072495316], [9932633, 0.7443159954856733], [9934784, 0.7601568107731301], [9938349, 0.7945514093022278], [9938612, 0.7104078455151029], [9945975, 0.7746941738671161], [9945986, 0.7654477820284774], [9958695, 0.8093004025321037], [9960772, 0.8231426883182019], [9964777, 0.8425331960980379], [9964872, 0.7869446361648863], [9970531, 0.8359173339272147], [9971544, 0.7842886778704999], [9972367, 0.6854610292088784], [9972368, 0.6814939814812074], [9972435, 0.6798441606822059], [9976508, 0.7566254067983613], [9979293, 0.7004259360493664], [9981072, 0.7294619224911101], [9982101, 0.6670231144536429], [9982102, 0.6600970212223407], [9986673, 0.8476027108465308], [9988776, 0.7614240641324883], [9989263, 0.7237897190966627], [9990570, 0.6026286571653576], [9992231, 0.6526953026347418], [9994156, 0.7933458928571748], [9995733, 0.7045062640822072], [9996712, 0.8133976324365285], [9996957, 0.8257663502669926], [9997036, 0.8071840862041442], [9997055, 0.7852237770040422], [9997826, 0.777814210352073], [9997963, 0.7077386579942214], [9998626, 0.7153984034045554], [9999592, 0.790580954506495], [9999703, 0.8656484167812053], [9999704, 0.7681850891332364], [9999751, 0.776250498143201], [9999752, 0.7661757746552675], [9999763, 0.782840712769039], [9999818, 0.8514675785124707], [9999863, 0.8871249826592655], [9999866, 0.7867268299142618], [9999959, 0.827465271204923], [9999984, 0.2724975206603317], [9999997, 0.6283893597463754]]}