{"seed": 928126106, "N": 10000000, "alive_speed": 0.8911409728659444, "non_threatened_speed": 0.8911412402082897, "survivors": [[2, 0.8911412402082897], [5, 0.8291962599527176], [12, 0.7759444751057394], [757181, 0.7699627898709799], [876054, 0.7571017195602052], [3689265, 0.7562152744025084], [9991890, 0.718309215300293], [9994907, 0.7003176243926825], [9999998, 0.6447277665044701], [9999999, 0.08813253289576561]], "still_alive": [[67815, 0.766592637594267], [744924, 0.7803885646014224], [1039023, 0.7087178166056485], [1039062, 0.7035222573691813], [1504237, 0.725049246872278], [1989600, 0.7365487910503953], [2226627, 0.728984553389365], [2858850, 0.7907497778411925], [2859937, 0.7762238822308631], [2863556, 0.7560454928806267], [2948707, 0.7372853200263646], [3435422, 0.7814264708865714], [3555831, 0.7880117305655482], [3586022, 0.7782568832189497], [3678651, 0.7817301897408933], [3689264, 0.7569264027109142], [3693764, 0.7204831882369634], [3832755, 0.7249712871509943], [4050098, 0.7357194965892498], [5030741, 0.7671234170724172], [5341072, 0.7955967691474244], [5476325, 0.7511757664854851], [5477556, 0.7445758743216688], [5705211, 0.761103214280824], [5816778, 0.7253328447982914], [5816833, 0.7165335476336507], [6006078, 0.7144884453579524], [6168647, 0.7266979618971647], [6673760, 0.7713068821028873], [6676955, 0.7640716233899427], [6676960, 0.7434598656862828], [6680639, 0.7408352679838178], [6757670, 0.7453255029559369], [6757873, 0.7393774303657493], [7007398, 0.7630317570467583], [7007423, 0.7409618343150377], [7048832, 0.7500166249104068], [7054567, 0.7366056722074354], [7054956, 0.7287416112628166], [7214781, 0.770354124393986], [7214782, 0.7662672476914797], [7262419, 0.7673905947193475], [7262458, 0.7597514457709246], [7304915, 0.7666694676940385], [7424402, 0.7362595090561119], [7573609, 0.7482167524943606], [7820616, 0.7438098610639292], [7820617, 0.7293688655257932], [7850494, 0.7273001696737872], [8096719, 0.7179545098157191], [8200004, 0.7229698715879569], [8279357, 0.7508457193925056], [8360540, 0.7215438673252207], [8470189, 0.7469101079431419], [8589770, 0.7969788925027766], [8651083, 0.7626729547426101], [8653668, 0.7533104516499322], [8695581, 0.7435750585698044], [8826700, 0.777431355080203], [8852355, 0.7880564543067382], [8890050, 0.758610149911733], [8892909, 0.7478408363241502], [8986822, 0.7910868122797895], [8986831, 0.7907605676184866], [9033024, 0.8035843232941929], [9076397, 0.7822522786143719], [9078096, 0.7773707244360866], [9093675, 0.7590518669824793], [9171060, 0.7994624379326427], [9182081, 0.7436920336408513], [9236262, 0.7442110199085884], [9316677, 0.8012611751479372], [9318600, 0.7814398955054722], [9382893, 0.8070027014751429], [9382894, 0.775613458627312], [9415443, 0.7492603641624501], [9416082, 0.7310487319294602], [9422923, 0.6954537567919349], [9429406, 0.6887133632094213], [9439283, 0.6908268826711871], [9502420, 0.7519715022767284], [9502991, 0.7165466036166258], [9508120, 0.7183738608343411], [9536171, 0.6932887072605393], [9661972, 0.8123200562789405], [9663591, 0.7947709719006038], [9664480, 0.7847099854620752], [9664547, 0.7614850835639678], [9698918, 0.7467098432282233], [9698963, 0.722863620753086], [9700056, 0.696676713557945], [9713709, 0.6586459400752024], [9760418, 0.7756546850919266], [9778893, 0.793889864333661], [9779344, 0.784482378954332], [9809395, 0.8254356538723736], [9820592, 0.7776340846071204], [9829809, 0.7830154602430348], [9840540, 0.8173928402005335], [9840547, 0.7483027304395923], [9854184, 0.760386504716091], [9875383, 0.7605190680850619], [9878362, 0.7740401577417058], [9880905, 0.7243387180176029], [9887856, 0.7060015847167836], [9889937, 0.7166775328969175], [9898486, 0.6899452914456466], [9916011, 0.8029872407961093], [9916688, 0.7665292895878819], [9916743, 0.7223474382852045], [9928620, 0.7899993662528385], [9929455, 0.6587436911307234], [9941628, 0.7911720023649053], [9941947, 0.7363430712301712], [9945146, 0.7624414154772631], [9950885, 0.7450077908582857], [9957090, 0.8157638149913662], [9958423, 0.783017521064983], [9958974, 0.7867270425778682], [9958995, 0.7773351928094332], [9959054, 0.6955557148031283], [9959055, 0.6853781292806559], [9968232, 0.8205875765170031], [9968249, 0.7495709194470355], [9968482, 0.720577488452859], [9972259, 0.7333422523610603], [9973608, 0.6595580071935925], [9975673, 0.7151994254864358], [9977632, 0.7083766929561006], [9981237, 0.803316472814401], [9982676, 0.860727885311061], [9982691, 0.7581892267939682], [9983590, 0.79715761641086], [9983591, 0.7288633426290227], [9983842, 0.6909864538412958], [9986787, 0.7075159868201292], [9986952, 0.6821145137250251], [9990675, 0.7868649952882303], [9991242, 0.8191690711216622], [9991253, 0.7164851892435202], [9991870, 0.7701147649559085], [9991887, 0.7269561064550725], [9992091, 0.7086249846274748], [9993536, 0.6989091578933941], [9994063, 0.736033257242401], [9994082, 0.699832383672317], [9994207, 0.713033038294451], [9994876, 0.7230411984622591], [9995002, 0.6661961567283375], [9996397, 0.7525256570397724], [9996670, 0.692509231146919], [9997979, 0.8220275787642264], [9998174, 0.8823400235511671], [9998515, 0.8093469398231906], [9998582, 0.5999862722828257], [9998801, 0.6582025566464461], [9999230, 0.7053007705765306], [9999425, 0.7432167516470025], [9999488, 0.8049620652268494], [9999569, 0.800424456294533], [9999578, 0.6831864509236946], [9999903, 0.8309128645657173], [9999904, 0.6128847186157264], [9999951, 0.9211659341096232], [9999958, 0.39540435842673927], [9999979, 0.6631471901881077], [9999984, 0.6836479731477692], [9999987, 0.708539128276415], [9999988, 0.34511636573776405], [9999995, 0.6072209674220723]]}