{"seed": 483722159, "N": 10000000, "alive_speed": 0.9065613804521968, "non_threatened_speed": 0.9065623776707126, "survivors": [[10, 0.9065623776707126], [17731, 0.8059971847586094], [8892888, 0.7723803891613005], [8993631, 0.7712929164131819], [9591936, 0.7600567896178582], [9999949, 0.690769711671231], [9999968, 0.658725971943158], [9999981, 0.5004348370930782], [9999986, 0.49784563721852604], [9999999, 0.2968261919221131]], "still_alive": [[20808, 0.7678063879205776], [521251, 0.7734273003750926], [619750, 0.7664604711396286], [619753, 0.760107104864375], [1111512, 0.7867286409824432], [1113839, 0.7794587116804477], [1136478, 0.753578886449724], [1295849, 0.7666565584434079], [1296396, 0.7603049393593826], [1296463, 0.755908208522436], [1415364, 0.758012659228625], [1921095, 0.7837900790481], [2269680, 0.7496019477660592], [3264225, 0.7900615397215883], [3323530, 0.7808315104480871], [3376635, 0.752089001333827], [3435718, 0.7585737702540232], [3747461, 0.728497141717961], [4281030, 0.7694488727114558], [4600219, 0.7606345809209157], [4794448, 0.7635473943350524], [4807951, 0.753919921513464], [4807966, 0.7225778701895658], [5149897, 0.7526599580697184], [5155820, 0.7439413494799492], [5228175, 0.7347251552610717], [5459056, 0.7532163825445554], [5875841, 0.7643535030033579], [5876542, 0.7264504508734149], [6459553, 0.8031637967940904], [6542048, 0.7729271861984579], [6543131, 0.7521983114222959], [7033064, 0.7543597580157639], [7460313, 0.7709400422420413], [7696292, 0.7705937891197178], [7696459, 0.7634652646158803], [7729998, 0.7449999268390152], [7833427, 0.750417206293685], [8045464, 0.8139957427990078], [8168209, 0.7841545755618978], [8392694, 0.7535899472561556], [8487491, 0.7776032108884432], [8523670, 0.7955617128687428], [8536369, 0.7811530726483188], [8689300, 0.7660441276020266], [8696627, 0.7684886085595195], [8705846, 0.7398979126828159], [8747559, 0.7582071388796346], [8748766, 0.7552076212968419], [8884751, 0.7925709058865547], [8886056, 0.7820447665657666], [8887215, 0.7764184373569402], [8892889, 0.7573650373111881], [8892898, 0.7401195820409899], [8958971, 0.7738091692489271], [8966852, 0.7760070649081632], [9011424, 0.7502196481055582], [9093109, 0.7169650193477594], [9093164, 0.6881368589323972], [9173649, 0.7482036169643812], [9232780, 0.7161309582780067], [9260809, 0.7404579699430388], [9325946, 0.7516340896472529], [9441493, 0.821534822770244], [9467898, 0.8011120789554549], [9468259, 0.7706912664207901], [9472688, 0.774813996429598], [9504791, 0.7750696312701677], [9592213, 0.7561205060228436], [9646640, 0.7609287630147087], [9674127, 0.7930382959123895], [9682230, 0.8109609773035141], [9707955, 0.7168163160705142], [9707956, 0.709652580038531], [9731599, 0.7442665794425462], [9732034, 0.7351921262184374], [9769741, 0.757415758779673], [9790946, 0.806374643470468], [9793647, 0.7999890057026111], [9793660, 0.7621329999848134], [9793901, 0.6820549455416121], [9834706, 0.7855636593000241], [9852929, 0.7345871820992474], [9855546, 0.7449175988191741], [9867963, 0.7594611712350997], [9885898, 0.8014944003182616], [9886521, 0.7972462421003371], [9889790, 0.7964504325237866], [9897489, 0.8504972045875753], [9899206, 0.8363557761637448], [9902239, 0.7951457238946489], [9909580, 0.7731481130095124], [9917663, 0.765537266987642], [9933374, 0.7879406202459318], [9936617, 0.7978094080471706], [9938552, 0.7689370496787421], [9945795, 0.7264267530915038], [9954406, 0.7569574732085692], [9954739, 0.7355054477281349], [9954760, 0.7208321014355533], [9958963, 0.7322458084479955], [9959286, 0.6956809081598188], [9959357, 0.6922838930248931], [9959524, 0.6617071549463416], [9962975, 0.701761705695399], [9968018, 0.7012724914314733], [9971331, 0.7483353354979809], [9973630, 0.7756347817605165], [9973891, 0.7776668391002153], [9973932, 0.7646337501174175], [9973933, 0.7510090651363551], [9977238, 0.7217071629232039], [9978745, 0.7682987213144076], [9978746, 0.767986277926282], [9978927, 0.7730134584386984], [9978928, 0.763873287272332], [9980907, 0.8384359198373627], [9980940, 0.8106977271697693], [9985169, 0.7926460811906352], [9991904, 0.7853417189011763], [9992267, 0.7944202579747358], [9992270, 0.7001387102274996], [9992289, 0.6384278794533359], [9993872, 0.6959554930279476], [9994507, 0.6974560616695823], [9996188, 0.7788866092208948], [9996617, 0.7374466814318578], [9996882, 0.7737382962288624], [9997179, 0.7973010444899259], [9997340, 0.7062898008570244], [9997341, 0.5909105838605873], [9997922, 0.7509966352165187], [9998073, 0.7910406494346228], [9998274, 0.7713683930030054], [9998313, 0.6585200667837836], [9998360, 0.5255518172177452], [9998977, 0.8391585614864217], [9998978, 0.8381931158242549], [9998979, 0.7683042478052561], [9999170, 0.8880658289770694], [9999201, 0.8821624839788949], [9999222, 0.8440713518788683], [9999223, 0.8386084506744821], [9999226, 0.7744158048306906], [9999421, 0.9021229771660187], [9999440, 0.738928858904581], [9999693, 0.981135049342311], [9999852, 0.9644726974643554], [9999867, 0.4853811980356961], [9999902, 0.5814273612495113], [9999993, 0.5346928324957587], [9999998, 0.8921212652175092]]}