{"seed": 177791801, "N": 10000000, "alive_speed": 0.877628376332152, "non_threatened_speed": 0.8776288151465156, "survivors": [[4, 0.8776288151465156], [73, 0.8509272452627764], [101856, 0.7525010280928484], [7452729, 0.7412777993326639], [8328444, 0.7271111486343402], [9999719, 0.7056444424663092], [9999720, 0.6892404163381856], [9999987, 0.5294349500817063], [9999998, 0.09387890437421231], [9999999, 0.07621329334044857]], "still_alive": [[101873, 0.743246940612622], [165498, 0.7310339161220919], [296199, 0.7400196450886177], [320278, 0.7406979380550399], [320361, 0.7308731165065315], [406398, 0.7313344387071373], [982121, 0.7329901388726648], [1261342, 0.750412961856118], [1476519, 0.7649718116403542], [1504506, 0.7492416440945608], [1504873, 0.7373320714384552], [1699034, 0.7411976081080358], [1702493, 0.7354198501104677], [2968848, 0.762443442656881], [2990343, 0.7551462238114262], [3518668, 0.7989017778849221], [3628101, 0.7754916057747089], [3928748, 0.8011885103493559], [3928791, 0.7965321946130269], [3977146, 0.7842430865171914], [3977759, 0.7150892788248769], [4232780, 0.709096029556502], [4746089, 0.7625077357195641], [5007244, 0.7355039340009176], [5217253, 0.7624925291338293], [5220542, 0.7606317760628335], [5255011, 0.7570066575810795], [5388928, 0.7646658391457568], [5472605, 0.7684570532649725], [5631650, 0.7840280065827508], [5876975, 0.7761356735255798], [6063540, 0.7554066095811055], [6304785, 0.7874672056431267], [6304786, 0.7755243405376794], [6304795, 0.7644419987405389], [6335166, 0.7470652752419475], [6463381, 0.7654834846485914], [6490326, 0.7623091591465936], [6618623, 0.7602093840281529], [6726648, 0.7817824862402936], [6975525, 0.8037381628782269], [7151558, 0.797281639976838], [7191615, 0.8079868800630589], [7242530, 0.7631939404165878], [7452824, 0.7247136455489346], [7913343, 0.7774471920747468], [8047098, 0.8116669059844343], [8142213, 0.7829452146041315], [8202466, 0.8091711316285721], [8203465, 0.7643027270273347], [8338621, 0.71550088025025], [8338622, 0.7091047094660058], [8344077, 0.6874606803065636], [8358918, 0.6778646678935094], [8422645, 0.6998603184596679], [8573226, 0.7296534916086599], [8573233, 0.7149954349410733], [8580334, 0.7121030434004993], [8634667, 0.7164587168431512], [8664040, 0.7300964513222484], [8730501, 0.7347504507953927], [8795026, 0.7598740230402536], [8797007, 0.7577414526523255], [8849312, 0.7770955868611086], [8865475, 0.7469637175654064], [8865482, 0.743507904212116], [9002853, 0.7717305472935363], [9040034, 0.7932782932675042], [9040085, 0.7860715479789417], [9043118, 0.7389187729866699], [9124695, 0.7086412767508715], [9171840, 0.6987941706619337], [9253471, 0.7459799996799628], [9305470, 0.7891128930008757], [9326599, 0.7307399661532605], [9358048, 0.7432889138389824], [9425315, 0.8002808333098931], [9425336, 0.7436359035410308], [9449609, 0.7485660634753499], [9478338, 0.7645623568195064], [9478353, 0.730497469460512], [9478494, 0.7052373509775458], [9481803, 0.6810088897930932], [9528164, 0.7236259604365413], [9534511, 0.7275656977201529], [9594454, 0.7596889027026663], [9620569, 0.78310556770526], [9623910, 0.7547524354413593], [9624783, 0.7345951814940759], [9636734, 0.6869470208582392], [9689659, 0.7865795494635751], [9689700, 0.7817031997579228], [9711355, 0.8391146493628072], [9711746, 0.8090310129600496], [9728795, 0.765065207236807], [9743798, 0.785506871946029], [9769369, 0.7954861177924106], [9786428, 0.7451066860727296], [9825899, 0.8116195379113396], [9834310, 0.8013340245336156], [9855449, 0.8168504216434712], [9868856, 0.7524865156896418], [9868917, 0.7420012160267512], [9875462, 0.7512595877892154], [9876101, 0.7211378039960511], [9903134, 0.76311396974269], [9903883, 0.6917542124773937], [9923336, 0.8587606196783654], [9927991, 0.8063479354316339], [9928066, 0.8054456466808958], [9930031, 0.7587338609535782], [9941192, 0.7637976171171874], [9945631, 0.8006749764057702], [9955324, 0.7611045312264509], [9959895, 0.7493648647253552], [9968648, 0.7495214863008828], [9968663, 0.7389086768900437], [9968664, 0.7101359672270322], [9974721, 0.6820634567853205], [9982420, 0.9103547037219294], [9985743, 0.7807620136695147], [9988910, 0.7209625603457982], [9988915, 0.6633032579534405], [9990592, 0.7155168583791678], [9992471, 0.8303376783390667], [9992498, 0.7950973490719334], [9992515, 0.6981402315468094], [9993608, 0.7563601196821382], [9994241, 0.7895766878771633], [9994344, 0.753450937505459], [9994489, 0.7696373124593547], [9995368, 0.8008683933463032], [9995373, 0.7675198714931164], [9996438, 0.8122568062397867], [9996489, 0.7947415457509515], [9997104, 0.821187075381198], [9997681, 0.7692130459315637], [9997682, 0.759871078968596], [9997975, 0.7620356250290999], [9998468, 0.5595978771506521], [9998831, 0.7226929320222908], [9998896, 0.668409883625121], [9999041, 0.7397855183258852], [9999326, 0.8095930681139925], [9999459, 0.9675863492366371], [9999460, 0.9151439611781086], [9999521, 0.8379592466116168], [9999522, 0.7362699299759382], [9999621, 0.7618426448222357], [9999718, 0.8092645086048534], [9999963, 0.792422789716768], [9999968, 0.6447164505927443], [9999977, 0.8159481413757603], [9999986, 0.9456854823798251]]}