{"seed": 483722446, "N": 10000000, "alive_speed": 0.7299956338912441, "non_threatened_speed": 0.7560208055549701, "survivors": [[377524, 0.7560208055549701], [396485, 0.7551540340027998], [7380706, 0.7455555238241591], [9961899, 0.745247533926778], [9999982, 0.6932816914265247], [9999999, 0.1908976730385099]], "still_alive": [[525064, 0.7449653025109697], [527297, 0.7429905743690393], [550256, 0.7280944634041708], [597571, 0.7316717523500632], [659558, 0.7308737906173077], [724401, 0.7227112271231283], [1706600, 0.8039978066489925], [1819259, 0.7773802931530824], [1819390, 0.7753981803158848], [1827449, 0.7529280503398535], [2303238, 0.7808365799875077], [2303333, 0.7782074663235525], [2314774, 0.7475239381231814], [2350821, 0.7459284997331744], [2369014, 0.7474814118471369], [2417487, 0.7483104042830457], [2635484, 0.7638474106784272], [2636101, 0.7540566918964346], [2755172, 0.7407902329539225], [3611367, 0.7784400859875293], [3862988, 0.7961361867662601], [4618025, 0.757232744010456], [4776872, 0.7250382604670409], [5193717, 0.7394181746493849], [5443214, 0.7758223803919636], [5643263, 0.75761149669541], [5790026, 0.7442869495460283], [5806773, 0.7381985615613476], [5927244, 0.7453167372249608], [5970719, 0.7472789322124539], [6230570, 0.7655951866493586], [6326301, 0.764550972854686], [6398500, 0.7269983335538476], [6711991, 0.7470337991311414], [6871522, 0.7647856193745127], [6873545, 0.7330812440973394], [7095576, 0.7735024882894118], [7125759, 0.779530168306765], [7127746, 0.7731580700484999], [7232779, 0.770584614584179], [7244916, 0.7698718354600912], [7379185, 0.7928776610677936], [7471367, 0.7429210208817898], [7572080, 0.7535157987422058], [7643833, 0.7685243521756597], [7685854, 0.7484005976211991], [7701487, 0.752700244562969], [7735694, 0.7565845576521572], [7737279, 0.7457340023402402], [7737284, 0.7246175520747343], [7759831, 0.726729821871845], [7798356, 0.7267970875030665], [7798521, 0.7111155497887673], [7979388, 0.7608765354456554], [8035451, 0.7609600833318984], [8038982, 0.7148639320271439], [8218875, 0.7570485775111685], [8226984, 0.759126777250542], [8283569, 0.7709013010285302], [8284798, 0.7560504399657919], [8522433, 0.7763065892960684], [8674162, 0.8123492329833142], [8682555, 0.7724912666524294], [8722726, 0.7895182760359156], [8722833, 0.7809572020269416], [8726190, 0.7634044654370479], [8740379, 0.7680115964719763], [8808114, 0.7600874084270826], [8829587, 0.7379086195389362], [8911544, 0.7836177393780083], [8916361, 0.7664643698814116], [8934214, 0.7553576049941294], [8946299, 0.7330044392598095], [9130130, 0.817437761976958], [9130135, 0.7813880021704642], [9141190, 0.7883403212680861], [9141191, 0.7586545589418908], [9190632, 0.7355988387216265], [9190645, 0.7315617376794835], [9291002, 0.7962061857274366], [9334337, 0.7722707622200404], [9357984, 0.7133344755076108], [9451367, 0.7252451521739643], [9455642, 0.7096439665477282], [9455651, 0.7009314619958091], [9474424, 0.7168565369903407], [9534975, 0.7706122312340119], [9541648, 0.6853958652456669], [9624929, 0.7880416554938655], [9627330, 0.7705872103311652], [9663023, 0.7862895378785243], [9663068, 0.7714992627861791], [9670347, 0.7634064416386257], [9670348, 0.7553688766438368], [9671439, 0.7080275930758383], [9674994, 0.7150993088929507], [9704805, 0.7831246273049761], [9709026, 0.752832582943945], [9726299, 0.7451531894135671], [9726896, 0.745679831320182], [9728853, 0.6930916742594442], [9728866, 0.688485001450804], [9734547, 0.6798612035741375], [9769298, 0.7697988948186913], [9789105, 0.7425087540007562], [9789204, 0.7403775185189276], [9789443, 0.7249016724216505], [9825802, 0.7198385402315258], [9849849, 0.7719370979670853], [9852610, 0.7786346081131339], [9878575, 0.765114497322486], [9890862, 0.8510437284612414], [9892179, 0.8191766740681884], [9892210, 0.8105170267086877], [9895455, 0.8137287906682379], [9895538, 0.7843143835521206], [9898373, 0.8029837305290336], [9902840, 0.7693733279713997], [9902841, 0.7564287095141577], [9915894, 0.7275052113234863], [9916491, 0.7160568892368453], [9918838, 0.7331372861216475], [9933493, 0.8192330773977903], [9940654, 0.8106495551243124], [9940775, 0.7788527146953557], [9951632, 0.8925511945432096], [9951633, 0.8243955646984072], [9952606, 0.78248805814254], [9964070, 0.7251112898289321], [9966263, 0.7479764001669694], [9966302, 0.6609803489098943], [9972211, 0.7289222410292611], [9973748, 0.7397844112332448], [9978021, 0.7753986788446604], [9978906, 0.784446966872665], [9978969, 0.7518383431254998], [9981408, 0.7740476651356466], [9981409, 0.7455373657847392], [9984950, 0.8320211377957416], [9984951, 0.6917148305186], [9985186, 0.6710793388086631], [9985763, 0.6882192165089539], [9986560, 0.7119297001004773], [9986719, 0.6343322457806114], [9991034, 0.7516896345499466], [9991527, 0.7363539669448651], [9991798, 0.6209223901054896], [9993625, 0.7350995120125441], [9994364, 0.7640854126825106], [9994587, 0.7853744606228812], [9995636, 0.7950843206110063], [9995975, 0.7384710218353792], [9997350, 0.6846007522880934], [9997921, 0.7672229499198749], [9997922, 0.7556849023649356], [9998539, 0.8880439548834885], [9998638, 0.7473265954774737], [9999073, 0.6454909983659782], [9999260, 0.6623702155145701], [9999419, 0.8016590084622964], [9999460, 0.6586888789816506], [9999725, 0.9305858873222796], [9999734, 0.8560804417888236], [9999755, 0.8961526537566036], [9999790, 0.9534569273975938], [9999803, 0.9506116575256376], [9999804, 0.8745703764288779], [9999805, 0.8389215315883822], [9999808, 0.7645524531800074], [9999847, 0.9417708154662316], [9999890, 0.523814826330018], [9999893, 0.5332421820216929], [9999894, 0.39010531493936673], [9999897, 0.3471004823246011], [9999958, 0.6397288357354666], [9999967, 0.6887754054667303], [9999983, 0.32421683732628603], [9999994, 0.9076133939599269]]}