{"seed": 928126153, "N": 10000000, "alive_speed": 0.9356092124626599, "non_threatened_speed": 0.9357803666746092, "survivors": [[1828, 0.9357803666746092], [6268063, 0.7679103606784579], [8673120, 0.7540645696306256], [9807723, 0.7224127196872201], [9807732, 0.7114514802176882], [9998727, 0.6592441343129124], [9998908, 0.6338882633011818], [9999993, 0.3697333399053728]], "still_alive": [[1877, 0.8213909369153828], [538066, 0.8270814248113441], [561681, 0.7473347014844153], [967780, 0.7492348837510469], [1592363, 0.7906620474608066], [1613564, 0.7826398768826586], [1987719, 0.7619105670225371], [1987760, 0.7463755399764502], [1990263, 0.7212715847943921], [1990550, 0.7147965677050708], [1991939, 0.703646345285417], [2618398, 0.7101343661807401], [2967973, 0.7451750101436545], [3017366, 0.7079207448903361], [3272059, 0.733777104883781], [3642020, 0.7591399901598341], [3656939, 0.7593800229317759], [3663744, 0.7594893088891986], [3915389, 0.7647567611022142], [3928954, 0.764649791129591], [4516201, 0.8001626166047675], [4516256, 0.757641853588972], [4560297, 0.7333540633622294], [4891708, 0.755906145513002], [5467021, 0.7654960494099432], [5817362, 0.7430812715186842], [6072743, 0.7689410150009695], [6267708, 0.7703321510068631], [6332026, 0.7525563939760498], [6349803, 0.7482003752438443], [6596834, 0.7719539063073713], [6657613, 0.7787307634745094], [6673430, 0.7755960885927347], [6676809, 0.7593498676868736], [6710646, 0.7353304451570152], [6818099, 0.7044989997128017], [7271864, 0.801773265135781], [7289131, 0.7161097594201843], [7306134, 0.7062871683950301], [7640655, 0.7763796703641944], [7744490, 0.7666437830994838], [7825059, 0.7366075603615172], [7954082, 0.7141904416400964], [8017585, 0.7320317121143367], [8150406, 0.7260661476120183], [8310607, 0.7715150978001607], [8310658, 0.769861201120077], [8356241, 0.770076516002275], [8367062, 0.7280885987178061], [8467445, 0.7388190113443891], [8494260, 0.722453521820318], [8593345, 0.7617885274370833], [8633646, 0.7696497166738437], [8640375, 0.753156427997163], [8673123, 0.7428920439175847], [8684322, 0.7374412860133573], [8692519, 0.735619235905218], [8777614, 0.7708185114504472], [8781591, 0.7677268169608316], [8792550, 0.7364448301606842], [8864871, 0.7433990231453608], [8921374, 0.7800367204769092], [8926131, 0.7683263179677216], [8963756, 0.7541943781583381], [8992939, 0.7619668890977056], [9018636, 0.7252996582319968], [9065661, 0.7322114758480578], [9133850, 0.7259668780104789], [9141121, 0.7092872534392143], [9294556, 0.7934708451649947], [9296221, 0.7739505390164823], [9336756, 0.7655481065976454], [9475441, 0.8103708206654954], [9475500, 0.8092970088223072], [9478359, 0.7944358850554704], [9483864, 0.763723810372783], [9503063, 0.7397068038537613], [9504086, 0.7344267702291452], [9598781, 0.8066881368036537], [9602456, 0.7508671131977589], [9664847, 0.7258970640075435], [9695782, 0.765476192092621], [9696399, 0.7568493021234975], [9724444, 0.826260900600302], [9736087, 0.8003134460009371], [9742972, 0.7433186287028991], [9758115, 0.7559732446819936], [9765846, 0.7196421760727495], [9770541, 0.7334689653922445], [9775814, 0.7404517728158747], [9815569, 0.706159482440591], [9817686, 0.6942095599679887], [9827885, 0.6792146207364277], [9857038, 0.7356760161198953], [9861427, 0.7579742900468237], [9885730, 0.8705070865909412], [9887463, 0.714087222578686], [9889304, 0.6944449208811242], [9906459, 0.7300078354004713], [9906460, 0.6968253592666029], [9925993, 0.8226558648752071], [9928084, 0.79277493223955], [9934027, 0.7666181321463887], [9938198, 0.7303316965148446], [9942477, 0.7535947952826865], [9943024, 0.69415259335685], [9943057, 0.6476559045600322], [9948978, 0.6993986965911732], [9956625, 0.7986591201555717], [9956884, 0.7814036894232502], [9961257, 0.7362625308893265], [9964390, 0.6690038421994394], [9974931, 0.8530438656195307], [9977452, 0.6922168827171366], [9977525, 0.6540223587696261], [9982970, 0.8278694977727956], [9985895, 0.8292791724808347], [9986048, 0.8111015616497278], [9986381, 0.7360680563201607], [9988726, 0.8404062342838018], [9989563, 0.7943486411284701], [9989564, 0.6791675561585523], [9990701, 0.6602803815193953], [9991138, 0.6894112177972199], [9991923, 0.7434117261636295], [9992076, 0.6637384265216287], [9993021, 0.7356068105694886], [9993242, 0.7194140211161841], [9994477, 0.8469668089288603], [9994512, 0.8170275075737699], [9994527, 0.7835460877041991], [9994746, 0.6989037798580496], [9996253, 0.7681327399181008], [9997104, 0.8442614688634136], [9997167, 0.8213903013580687], [9997410, 0.7202116054967398], [9997611, 0.7014126920473255], [9997962, 0.719971702466927], [9998271, 0.8103965863669172], [9998702, 0.8670632592030436], [9999131, 0.6737772663370386], [9999288, 0.6188924264936472], [9999543, 0.7524932046517656], [9999638, 0.6875385190935376], [9999717, 0.822697271130007], [9999730, 0.8154104590233324], [9999753, 0.6515393171519263], [9999768, 0.6050424461443219], [9999867, 0.8544602124583185], [9999898, 0.7710665024069637], [9999905, 0.5019810156764554], [9999978, 0.8216974109071928], [9999979, 0.8122655318354232], [9999984, 0.8292661524403893], [9999987, 0.8595288742074481], [9999988, 0.8795529114598704], [9999989, 0.6743600685126422], [9999992, 0.8465274988274729], [9999994, 0.2784137339321916], [9999999, 0.6451509702578427]]}