{"seed": 177791942, "N": 10000000, "alive_speed": 0.7505977863524699, "non_threatened_speed": 0.7525668773902523, "survivors": [[26164, 0.7525668773902523], [8628505, 0.7500278268620718], [8650346, 0.7498808841274117], [9999999, 0.3715615748873137]], "still_alive": [[122719, 0.7457129226928211], [677406, 0.7470070444939539], [701655, 0.7446732980625809], [944054, 0.7203310137484197], [1422623, 0.748688675776702], [1428132, 0.7451936935731133], [1496417, 0.7397837328332995], [1518920, 0.7414458897599585], [1642525, 0.7420530991619031], [2037768, 0.7523335362329189], [2038431, 0.7507493093808553], [2275298, 0.7543525784611376], [2466367, 0.7226542616352329], [3019430, 0.7784550910323411], [3019529, 0.7402455593586015], [3611374, 0.785494891769604], [3611387, 0.7742328081167397], [3708464, 0.7757710637411381], [4071633, 0.7322509944692], [4556072, 0.776729518108098], [4592859, 0.7583165199155972], [4832686, 0.767919959495951], [4887547, 0.7460738083953563], [4889140, 0.7423322931682965], [5477957, 0.7675402073992307], [5610632, 0.735410754631217], [5769685, 0.7582077611682564], [6460396, 0.7907075312014417], [6495611, 0.7752106064034731], [6508786, 0.7711607838835418], [6585759, 0.7629313127043927], [6814668, 0.7448408298125283], [6885817, 0.7376490894122563], [6888592, 0.7380020490984108], [6912201, 0.690606359809631], [6912342, 0.6845027238990415], [7107615, 0.7206766129444009], [7635140, 0.7824396327218544], [7681845, 0.7648704555768424], [7681874, 0.7505364924530304], [7736531, 0.7512911840097058], [7746412, 0.7491813850223951], [7883333, 0.7540918648584384], [7916382, 0.7583196907966462], [7929049, 0.7389145081163921], [8168630, 0.7928904546315639], [8168645, 0.7558144772981993], [8168652, 0.7492222076513408], [8217677, 0.7679826798030384], [8248074, 0.7563701348428123], [8248643, 0.7554962113214452], [8336630, 0.7772486510555392], [8408197, 0.7845048401261824], [8409016, 0.7461756556558333], [8409017, 0.7328317420231617], [8496972, 0.7704034122798439], [8509311, 0.7722209186946031], [8509316, 0.747888820386729], [8605071, 0.7782136348613369], [8618468, 0.7793396256478068], [8618487, 0.7550766378616706], [8622716, 0.7523220639103816], [8678735, 0.7202683107975053], [8844892, 0.749000750378571], [8877695, 0.744016398735514], [8922226, 0.7681312644849445], [8982787, 0.752841764844716], [8989966, 0.7362179506106714], [9042943, 0.7495430570691922], [9054864, 0.7218513607070492], [9155393, 0.7770951641531535], [9156436, 0.7366379535693219], [9176927, 0.7128127756663358], [9272728, 0.770354481776035], [9275413, 0.7640550452090165], [9334024, 0.7982637778877735], [9336383, 0.7977802981466393], [9412356, 0.783922802749907], [9415089, 0.775526586380231], [9470018, 0.8107492537000652], [9510499, 0.7425320518278811], [9514870, 0.7231747674331126], [9516943, 0.713782240501722], [9574872, 0.77937565672703], [9608073, 0.7464003923106173], [9621480, 0.7507886504509631], [9631349, 0.7471360775143819], [9637040, 0.7090895321623103], [9688463, 0.8185254552233721], [9699862, 0.8330262254452567], [9700321, 0.7912220244815173], [9703152, 0.7605571080445029], [9704439, 0.7544994071405293], [9718748, 0.7621341319611284], [9751937, 0.7696427268751794], [9752086, 0.7524260703094535], [9772745, 0.8105250320226228], [9785840, 0.7244719181060513], [9810913, 0.7553366165282412], [9819204, 0.7667323590323986], [9819419, 0.7634792898857894], [9821086, 0.7664655934321779], [9828199, 0.7827105093233121], [9829072, 0.7523713380615743], [9861863, 0.8567960578688729], [9863954, 0.7560569657199289], [9864137, 0.7188263829212598], [9864154, 0.711839026616104], [9873071, 0.7464811676349171], [9873980, 0.697177181538675], [9880811, 0.7304539535627594], [9891596, 0.7699588767734421], [9891633, 0.7389433030833054], [9904752, 0.7450339324512152], [9908095, 0.720027077165079], [9911300, 0.7004430550765592], [9917467, 0.7425652146349858], [9935266, 0.8456829579042725], [9935275, 0.8348565149473736], [9939750, 0.7887383198436285], [9939821, 0.7750945114277075], [9947432, 0.8048878451876307], [9949383, 0.8175261499461158], [9954152, 0.7477424026222378], [9969993, 0.7292483984470933], [9970006, 0.7263389520056291], [9972371, 0.7782360829719298], [9972422, 0.7625814000851722], [9978359, 0.6922997712080177], [9981046, 0.7677311844454963], [9983635, 0.8182526095559757], [9983636, 0.8119300706013968], [9983637, 0.8038061301971535], [9984838, 0.8458943019869851], [9986549, 0.6058460128818843], [9988060, 0.672248098915365], [9989655, 0.7659760810504818], [9990782, 0.8379536431989324], [9991109, 0.7680834343263366], [9991540, 0.7657973610045362], [9991571, 0.7169179031945302], [9993222, 0.80943642493603], [9993261, 0.7681238986402563], [9994204, 0.8111794682503674], [9994345, 0.8002972887497078], [9994798, 0.756584596019851], [9994807, 0.6850540544248496], [9994826, 0.6582670735778994], [9995023, 0.6475990573074649], [9995088, 0.5814172317023464], [9996485, 0.7566480702969358], [9996844, 0.8346671440751384], [9996899, 0.805951625900424], [9996910, 0.8029552052846426], [9997093, 0.8072602831822449], [9997222, 0.7993198665440135], [9997479, 0.7581292969745229], [9997946, 0.7394461338498801], [9998013, 0.7557046843155097], [9998016, 0.661274399396589], [9998033, 0.6527728957727603], [9998294, 0.704941872159341], [9998333, 0.708093052008434], [9998862, 0.7297122907083942], [9999059, 0.8117066906906213], [9999084, 0.7407402772368026], [9999309, 0.90920508408973], [9999342, 0.8862579148274555], [9999361, 0.85548503278944], [9999504, 0.7758479264433699], [9999569, 0.5803745611669913], [9999630, 0.6161150755803998], [9999641, 0.6203431628102779], [9999772, 0.8179203076308941], [9999773, 0.7231357411546309], [9999782, 0.7513899450906227], [9999813, 0.6880566317768061], [9999816, 0.6757176796995781], [9999937, 0.7366116397690163], [9999938, 0.5736966540312222], [9999965, 0.6725415252657319], [9999976, 0.9268350953782908], [9999977, 0.8903362983750251], [9999978, 0.7277412727266226], [9999997, 0.7080059935514595], [9999998, 0.7793534564022584]]}