{"seed": 470582562, "N": 100000000, "alive_speed": 0.8893123951589413, "non_threatened_speed": 0.8893123951589413, "survivors": [[716, 0.8755568808554081], [618099, 0.7667354471050923], [48175962, 0.7605394653994857], [49149473, 0.7582481203257483], [50593842, 0.7577520797714924], [57714423, 0.7571642109218003], [99621302, 0.7398696995227122], [99992421, 0.708585798971073], [99992716, 0.6470898799331964], [99999957, 0.5567822032871184], [99999998, 0.17036382655706372], [99999999, 0.16037561316738091]], "still_alive": [[993552, 0.7641423293097216], [5281285, 0.7647763737536576], [6805016, 0.7514269653103782], [6838349, 0.746017258082529], [9496212, 0.7587197886597163], [10209241, 0.764394341083508], [10238226, 0.762766522394256], [10307821, 0.7546447092015011], [11234908, 0.7547948773086386], [11904285, 0.7573218561395927], [15631128, 0.7624780601747818], [15631133, 0.7555345726129362], [15988220, 0.7516317864539174], [17584501, 0.762301360063267], [17639642, 0.7456458784204103], [18165837, 0.7473847063493444], [19193034, 0.7523101724992569], [19194203, 0.7502956149355294], [19475594, 0.7491148651908387], [22052877, 0.7707496234904144], [22910996, 0.7728407522314213], [22910997, 0.7631315858625706], [25554604, 0.7438082068996308], [27820517, 0.7514746702975478], [28469684, 0.7574491384957638], [33008093, 0.7524754152446658], [33008098, 0.7481019787842201], [35144957, 0.7681974794872893], [35267382, 0.7453909305911647], [38693687, 0.7553494552302783], [41161796, 0.7541941144772659], [41161879, 0.7385451161550382], [44240540, 0.7679791515659885], [45568199, 0.76760192807924], [48639273, 0.7635749543951956], [49149204, 0.7707129712867308], [50707775, 0.7553411604960806], [52625270, 0.7511657749178657], [54219963, 0.7596221499418673], [54843882, 0.7575240600952275], [55485209, 0.7556178083933272], [57538098, 0.7696448665351583], [58624484, 0.7613637061716949], [58967971, 0.7633818374179038], [59015622, 0.7535377101941785], [59543551, 0.7573577379468934], [59548830, 0.7539046721186384], [59566905, 0.7511121855201729], [59625790, 0.7470077359490034], [61783129, 0.7767896007221586], [61805750, 0.7436013909395355], [61887357, 0.7386387400945769], [64715348, 0.7679280711611883], [65883089, 0.7665788302138553], [67732602, 0.7829314332755406], [67843491, 0.7614616081184146], [69763476, 0.7851088799183047], [69846429, 0.7369919005400642], [71250864, 0.7449263507806467], [73429011, 0.7873884613030142], [73429018, 0.7754114390195953], [75758233, 0.775308431409215], [75769882, 0.7642397584197929], [75850939, 0.7558355184586247], [75851352, 0.7531942349477686], [76879561, 0.7499041026965294], [77570572, 0.7640614861518459], [79949585, 0.7802784814706596], [79949612, 0.7630046977531512], [80300075, 0.7427198807453299], [81052588, 0.7604066987550943], [82500307, 0.7993598625433147], [82653306, 0.7561151569610215], [83121463, 0.7622681789218976], [84278578, 0.7631174900341289], [84513881, 0.7597074348642268], [84595090, 0.7393351708870964], [84886741, 0.7491083867741847], [85116006, 0.7572840830888556], [85117995, 0.7542808564531663], [85462018, 0.7271656422181695], [86533545, 0.7602926984109156], [86598198, 0.7621802792967364], [87156855, 0.7692884588591574], [87169128, 0.7605784830821385], [87445385, 0.7687376566891968], [87446038, 0.7675767748938601], [87971407, 0.7302920245110073], [88456776, 0.759165511621939], [89485689, 0.7809815749553547], [89485692, 0.764502363538938], [89489187, 0.7562399827491751], [89553206, 0.7355413370231644], [89553207, 0.7232822865822341], [89672390, 0.729085469309712], [89691765, 0.7277611842869703], [89767648, 0.7321550486170189], [90189997, 0.7570207283248716], [90222432, 0.7511097878446485], [90780617, 0.7733849588496562], [91107328, 0.7855778549885302], [91108589, 0.7641449397934755], [91198234, 0.7677468107657363], [91296223, 0.7595218520511071], [91307012, 0.749510723638788], [91596571, 0.7593283607724268], [91610514, 0.7575824056344391], [91936947, 0.7833278123022952], [91940524, 0.7811989156716106], [92074623, 0.7811568063644879], [92123378, 0.7596285663104944], [92615169, 0.8087479256223831], [92617958, 0.7990330831981225], [92620933, 0.7579421979205948], [92847732, 0.7390309429506915], [92848853, 0.7370475313975838], [92881096, 0.7390138228008376], [92973927, 0.7479153731261275], [93631182, 0.758593249574289], [93709473, 0.7600379034282672], [93750292, 0.764705961167953], [93769357, 0.7650842309977895], [93967060, 0.7810087887972254], [93968553, 0.7537633297824633], [94050900, 0.7475834221167621], [94381945, 0.7335587290532484], [94648610, 0.7324320112173227], [94968085, 0.7684002946216265], [95081866, 0.7470117662918652], [95289365, 0.7425842864385788], [95478062, 0.7616083049330385], [95478637, 0.746977175818126], [95756116, 0.7597745284120947], [95995819, 0.7677172365849899], [95995830, 0.7661379918693935], [96363791, 0.7524856557079788], [96699560, 0.7972895230351486], [96738901, 0.7821918297883595], [96738902, 0.7672881655340145], [96884807, 0.7587852702236763], [97246906, 0.7922225055855988], [97374611, 0.7951031580003638], [97374696, 0.7728146837009126], [97452437, 0.7707006857966433], [97469426, 0.7400658446420497], [97542439, 0.7346939888823204], [97600858, 0.7498243819849498], [97675497, 0.7476253973563073], [97978664, 0.7407281474556766], [98078941, 0.7418203853281197], [98173714, 0.762619999987475], [98190721, 0.747567972349533], [98477744, 0.7327895020934209], [98521195, 0.7273538289117388], [98580508, 0.7366139158188525], [98705703, 0.7950520721659475], [98780516, 0.7529512275871083], [98782463, 0.7210753093298253], [98864354, 0.7590637940935255], [98868537, 0.7576759616738893], [98869154, 0.7541973084364572], [98981661, 0.806171846523043], [98986010, 0.7505172455054978], [98990715, 0.7315476943414213], [99107496, 0.8046965433289512], [99184453, 0.7729796680253449], [99273672, 0.7477081738060929], [99363573, 0.7208687789188145], [99381856, 0.734985840426931], [99432151, 0.753840244812727], [99461048, 0.7318905494511494], [99501473, 0.7233464509621133], [99502164, 0.7194187088631676], [99554843, 0.780376131149372], [99567108, 0.7968580093462034], [99577233, 0.815350258336079], [99577260, 0.7697603997326696], [99620443, 0.7602477684034249], [99622567, 0.727198668018564], [99645382, 0.718437631322269], [99699281, 0.7473999809041291], [99702684, 0.71231242064987], [99738189, 0.7299070189487662], [99748460, 0.7370701202556099], [99771749, 0.7565077470722628], [99836278, 0.8454375019909892], [99865115, 0.7386403018318027], [99865864, 0.7079101829646891], [99878333, 0.7264135633705565], [99891066, 0.7957835890514912], [99891767, 0.7223489987334375], [99906630, 0.740014568637372], [99918811, 0.741810678150398], [99920006, 0.7195221408533311], [99923053, 0.7168685145405261], [99932666, 0.7386505086372998], [99936899, 0.7824656623455376], [99940446, 0.6491771530613684], [99949653, 0.734691300463514], [99958296, 0.8118345969801504], [99966383, 0.7494072869702639], [99969898, 0.7202143030825131], [99971239, 0.7455378078522209], [99971242, 0.6618052657024404], [99980433, 0.7535389441503341], [99981530, 0.7528567847246731], [99981531, 0.7432246697191841], [99983822, 0.7010652052888214], [99984909, 0.7286791280382512], [99984938, 0.6694123424454882], [99990537, 0.8228951148403446], [99990656, 0.779381707311161], [99993717, 0.7114089108532322], [99994652, 0.7907437529376429], [99995135, 0.7137248499597373], [99995326, 0.7319205022780921], [99995591, 0.6030115672605877], [99995638, 0.5548826745563074], [99996663, 0.6786743421559961], [99996918, 0.6276605122021761], [99998397, 0.9068076139649862], [99998420, 0.5241243887363322], [99998815, 0.6662862973144658], [99999088, 0.8474729691270503], [99999267, 0.7700787719200436], [99999304, 0.5589076424809443], [99999591, 0.7496261499267718], [99999644, 0.8026066641669121], [99999653, 0.6071215091276074], [99999800, 0.6620054358821376], [99999803, 0.648687992400618], [99999804, 0.5653895024677555], [99999895, 0.9261480927865794], [99999896, 0.6714689410034029], [99999925, 