{"seed": 928126025, "N": 10000000, "alive_speed": 0.7733770377966586, "non_threatened_speed": 0.7733916548974744, "survivors": [[188, 0.7733916548974744], [8517563, 0.7638666241549571], [8573820, 0.7448093006190004], [9105545, 0.7416027215884186], [9477512, 0.7322716412875607], [9993283, 0.7168055985717391], [9999856, 0.6112509812801327], [9999873, 0.5968350575771996], [9999956, 0.58700729395834], [9999995, 0.49786400501151207]], "still_alive": [[49675, 0.7623422801712333], [370656, 0.7676980967422274], [386107, 0.7576095335195245], [573926, 0.7457292488527005], [802587, 0.7238701777666695], [810468, 0.7229116446468282], [822973, 0.722964722016747], [1487846, 0.7436384476561881], [1795751, 0.716873899368879], [2265274, 0.7496129173037874], [2301523, 0.74621847154175], [2407066, 0.7358115508701705], [2564587, 0.7317191152258944], [3153616, 0.7815590761300828], [3265151, 0.7535887279341004], [3372060, 0.7577851854514056], [3380225, 0.7495810927086785], [3785784, 0.7822317776466038], [4124185, 0.7508957517834609], [4374268, 0.7754454031149863], [4393385, 0.7320867679312176], [4545374, 0.7481163711839415], [4572945, 0.7411088563138358], [4574094, 0.7334933672720891], [4923799, 0.7696607975511649], [5044096, 0.774270156039877], [5044097, 0.7665138549938882], [5435996, 0.8076011084723479], [5436211, 0.7726425144771168], [5878050, 0.7469225614272943], [6019793, 0.7414570822499966], [6019984, 0.7253029241278018], [6241749, 0.7535006213336249], [6244508, 0.7284924068237293], [6558795, 0.7666303287955649], [6575586, 0.7607633663523504], [6576225, 0.7374296390854654], [6735508, 0.7440633551221486], [7007823, 0.7751869551017341], [7168444, 0.7734926025225253], [7370815, 0.7858959902691274], [7397278, 0.7839673509868713], [7397301, 0.7822370794550793], [7426062, 0.7519416370897639], [7552919, 0.7676801485997804], [7553434, 0.7421055959476233], [7559535, 0.7363048547236741], [7560026, 0.7270190901006085], [7647297, 0.7443597765398132], [7768170, 0.7588652686778741], [7851509, 0.7423446087032602], [7858276, 0.7403395674712019], [8035683, 0.7463768035078274], [8127576, 0.7647926667646546], [8197309, 0.7789820946321631], [8202866, 0.7683338641263263], [8220907, 0.7668178196317659], [8226802, 0.7535002064121259], [8408615, 0.7740336350315141], [8408618, 0.7675773977431232], [8642829, 0.7422437546073536], [8799470, 0.8180591443485453], [8807021, 0.741613542032123], [8873244, 0.7656073893224982], [8876775, 0.7563687620294943], [8964334, 0.7935814532671107], [8964341, 0.7467071690318536], [9065162, 0.7555802791965325], [9065163, 0.741962917740826], [9065168, 0.7354716558823008], [9080879, 0.7442139099367361], [9105536, 0.7438372259267297], [9145282, 0.7288852361339526], [9316227, 0.7377198351096087], [9378254, 0.7660555164716928], [9409355, 0.766728765566017], [9409372, 0.7518840518285802], [9443025, 0.7935073203890216], [9444120, 0.7816278956225885], [9444599, 0.7638633663995146], [9520141, 0.7232741366616753], [9562382, 0.7427710448119093], [9562643, 0.743108578625113], [9562768, 0.742356664555734], [9581831, 0.7690667010287395], [9593652, 0.7909405006987411], [9597389, 0.7593322864675991], [9649372, 0.7362686614997161], [9718099, 0.7553160627762997], [9721660, 0.7003737206294021], [9748327, 0.7704873563456442], [9766748, 0.7693069466315969], [9780739, 0.7978907474482517], [9780740, 0.7844245939758869], [9784179, 0.7670893688165675], [9803102, 0.7540502970540623], [9803103, 0.7484948485237466], [9814074, 0.7891826760446864], [9814143, 0.7711774724023027], [9814146, 0.7338713257120234], [9826335, 0.7795994163367356], [9838182, 0.8214899199539625], [9841425, 0.7700053969341747], [9853406, 0.7608109676950191], [9867923, 0.790486765113931], [9867924, 0.737987181172074], [9888843, 0.8509487891334248], [9891950, 0.7689980784949717], [9894373, 0.7838955827064747], [9895140, 0.7488855381037322], [9897173, 0.7507706883583565], [9897386, 0.7396331748314756], [9906361, 0.7249969861980806], [9906696, 0.7172083408984298], [9909595, 0.705662933865666], [9919734, 0.6997740223618027], [9936605, 0.8388169280087836], [9937748, 0.8210440496802632], [9939199, 0.7677411001915759], [9946736, 0.8070503046612282], [9946863, 0.7975533116922462], [9951610, 0.7513615761362205], [9953023, 0.7428758936088562], [9955404, 0.7801137515049685], [9958875, 0.8355113807425694], [9959932, 0.7974054455387998], [9969907, 0.7410689261021537], [9971186, 0.7132846924174312], [9975787, 0.7655067176781162], [9980856, 0.7959057099044354], [9981001, 0.7861234037947806], [9981670, 0.6342047178248154], [9981753, 0.5918127575320017], [9988896, 0.7850505080885235], [9989513, 0.8052080542488597], [9989516, 0.7861998452825367], [9991219, 0.6869758402823823], [9993238, 0.8236097302960109], [9993354, 0.6735167585629457], [9993825, 0.6541430213809752], [9994918, 0.7369304908311272], [9995413, 0.7788575475051966], [9995424, 0.6190078424995304], [9995971, 0.6712253218446351], [9995980, 0.6082720645477567], [9996737, 0.6775057670786687], [9996906, 0.707791208699109], [9997595, 0.6897127797968744], [9997914, 0.6297787325000382], [9998409, 0.6300702695519131], [9998548, 0.47183914092261914], [9998801, 0.5350356300289931], [9999206, 0.7819080141054182], [9999389, 0.6763783007043402], [9999996, 0.3581008322958047], [9999999, 0.5807744473479189]]}