{"seed": 928126018, "N": 10000000, "alive_speed": 0.8325786308506442, "non_threatened_speed": 0.8330370510940193, "survivors": [[5502, 0.8330370510940193], [7272223, 0.7772302657701506], [7615714, 0.7695298196265755], [9970663, 0.7522436683855915], [9970664, 0.7244875579610579], [9994609, 0.7149028431731737]], "still_alive": [[188975, 0.7505102272286852], [771994, 0.7347689576584976], [1273943, 0.7492492352723314], [1273944, 0.7423935095969985], [1274159, 0.7371552261836557], [1766716, 0.7805047278056177], [1782193, 0.7426218646217515], [1931498, 0.7405559864042452], [2737697, 0.7838785370622761], [2741260, 0.7692362532853002], [3069913, 0.7808282650154192], [3376726, 0.7563439077601496], [3484419, 0.745634143091007], [3920784, 0.7495055265636047], [3962211, 0.7446884454736027], [4440334, 0.7698711519386877], [4572825, 0.7819318677964133], [4662634, 0.7810125732047443], [4668725, 0.7803103661366545], [4746946, 0.7740841141679086], [4961623, 0.7486349198304786], [5372162, 0.7051580997929152], [5609563, 0.7412851255904477], [5850722, 0.764074271577826], [5853119, 0.7356681272859394], [6017808, 0.7462242657651664], [6046193, 0.7238118054828788], [6046384, 0.7190323566920024], [6335115, 0.7370429052486728], [6427820, 0.7490283467065078], [6462677, 0.7447688666604387], [6673212, 0.7888301121847688], [6860331, 0.7881899216428879], [6860710, 0.7868659494380803], [6860809, 0.7397582815582645], [6944486, 0.7586264013897056], [7244429, 0.7841635686690135], [7251754, 0.7798685223492002], [7310348, 0.716632764250967], [7457901, 0.7423866469204238], [7615741, 0.7460015338575477], [7615742, 0.7279836468045752], [7755949, 0.7500890510775636], [7829492, 0.7380993658983714], [7955167, 0.7552285514589678], [8054330, 0.7754178417300118], [8055687, 0.7322308146224521], [8055690, 0.731175354070709], [8150081, 0.7582127893764098], [8164012, 0.7461430350663303], [8165799, 0.6929713595473587], [8345512, 0.758509668743777], [8389933, 0.7529802287993619], [8390764, 0.740272259561906], [8392867, 0.7349238342303018], [8610180, 0.8233323284138654], [8672441, 0.7871569911364322], [8711050, 0.7907223627380554], [8716125, 0.7566366268626791], [8788880, 0.7564948550045979], [8814413, 0.7681857931957744], [8923580, 0.744718078960082], [8991669, 0.7570097074419703], [8993568, 0.6887372402177397], [9092399, 0.7565763049667316], [9095910, 0.7540965518836497], [9151545, 0.7712715549061475], [9245820, 0.8033179291960005], [9245823, 0.7766226427450856], [9278408, 0.7560316232663968], [9314827, 0.7793363492410257], [9394086, 0.8192906946681153], [9459645, 0.79575687095936], [9459840, 0.7812267228723841], [9459915, 0.7709054918619046], [9459930, 0.759661723617698], [9460509, 0.7203878701362284], [9481082, 0.7480053655278263], [9521735, 0.783253310932599], [9536640, 0.8031921848976294], [9540131, 0.7662366222730119], [9558064, 0.7387674489005318], [9605391, 0.7219157546835274], [9685964, 0.8121289068397584], [9685981, 0.7574469957054099], [9730812, 0.8124787035895696], [9731099, 0.7749628456377909], [9731344, 0.7422086147681423], [9731445, 0.7398348454289739], [9732568, 0.736102091959026], [9735047, 0.7118269436450659], [9735124, 0.7110866563515017], [9741485, 0.7267585647820104], [9766638, 0.7663362650641851], [9796597, 0.7668625488610579], [9799722, 0.7505274759425475], [9825355, 0.774311160183039], [9827536, 0.7707499580758246], [9829415, 0.6978350254675839], [9838990, 0.7342575704018505], [9867539, 0.7742790987046253], [9867626, 0.773981538205856], [9871229, 0.7433243010436273], [9876380, 0.7692662338641889], [9878883, 0.695423185045725], [9880174, 0.6981951610104945], [9895469, 0.6598390971041792], [9916278, 0.7844615532972581], [9921847, 0.7814742264039669], [9928700, 0.793898864393637], [9930263, 0.6895990791786903], [9942034, 0.6642864158088542], [9951975, 0.7831741906133229], [9952138, 0.7173935134083426], [9963383, 0.8144569023281749], [9967004, 0.7825586212192613], [9967009, 0.7226704382482328], [9970656, 0.773994856423052], [9978587, 0.7223579648726246], [9980798, 0.7272666852596127], [9980935, 0.6965393083385872], [9982988, 0.7643365971100705], [9984351, 0.7064069837840941], [9984800, 0.7121034595644026], [9986055, 0.6827417031385198], [9987410, 0.7008973971008535], [9990787, 0.7846070299318527], [9991588, 0.7824104375678909], [9992567, 0.7484080176642056], [9994300, 0.8349711805972297], [9994305, 0.7643548769789519], [9994552, 0.7230138516382292], [9994996, 0.6920934819271521], [9997833, 0.8007515128122139], [9998124, 0.7422706242690205], [9998307, 0.7572324598675007], [9998308, 0.7181111318220778], [9998547, 0.8143734551194954], [9998760, 0.7504440314067774], [9998789, 0.6899406144343312], [9999128, 0.8470837081401411], [9999295, 0.6476219855619973], [9999298, 0.5404815490974169], [9999811, 0.9652853251165694], [9999812, 0.7483466595837093], [9999841, 0.7095252925135014], [9999864, 0.7808959625306224], [9999877, 0.552549414219056], [9999932, 0.7220651046273578], [9999939, 0.7971685626814181], [9999950, 0.8174746303082738], [9999951, 0.7632807616939411], [9999952, 0.6724662976435513], [9999979, 0.6755365682800296], [9999980, 0.2136953565713372], [9999995, 0.5581388308522011], [9999996, 0.5463431597584973], [9999997, 0.6510007829035666]]}