{"seed": 483722445, "N": 10000000, "alive_speed": 0.8659923090001386, "non_threatened_speed": 0.8659925687978833, "survivors": [[2, 0.8659925687978833], [187, 0.8073359998423107], [634440, 0.7896734710780144], [752385, 0.7802415339468108], [1446214, 0.7639144386034737], [1486907, 0.7614894889644744], [9998408, 0.7124254742721077], [9998595, 0.7064729980995057], [9999958, 0.5043060696722952], [9999989, 0.34161886420213117], [9999990, 0.2179544064099702], [9999991, 0.14383159291837966]], "still_alive": [[752462, 0.7587626858225552], [1322427, 0.8001111980999489], [1486908, 0.7523099209905557], [1643293, 0.7467794276028311], [2213558, 0.7860777755111759], [2246827, 0.753083540284137], [2246828, 0.7463622168416927], [3002715, 0.7719620911525057], [3047282, 0.7638415562045017], [3047283, 0.7634996076758523], [3047360, 0.7591172839269951], [3077987, 0.7263055756003347], [3197244, 0.7338183452878206], [3462455, 0.7213607293147504], [4226226, 0.7825917949592878], [4321775, 0.7545215695877683], [4468384, 0.7344228367034326], [4474561, 0.7310403230211301], [5121522, 0.7914425605027063], [5121531, 0.7792587032822847], [5341030, 0.7739093255699431], [5341417, 0.7645839709716695], [5380008, 0.7265835961035224], [5447731, 0.7173612502011151], [5462700, 0.715324571999956], [5482663, 0.7136956212670239], [5494034, 0.711446879173306], [5544529, 0.7193587628306093], [5555624, 0.7078857565910557], [6075195, 0.7725586009606017], [6186022, 0.7742922560337748], [6466449, 0.8062932040698942], [6488214, 0.7608590964463726], [6489635, 0.760585317951584], [6552188, 0.7645786562445888], [6659415, 0.763461113645985], [6890140, 0.7961506066057195], [6893955, 0.7799177591020514], [7050402, 0.7707327843731275], [7055197, 0.7671166289419104], [7055218, 0.7595229531807683], [7070509, 0.7603026891043392], [7175716, 0.7335334922277367], [7176351, 0.7329903246169411], [7176382, 0.7073959077236943], [7263441, 0.7253500458672845], [7393850, 0.7360596841704773], [7409145, 0.7326845957917202], [7411236, 0.7294912416509312], [7599423, 0.7656096312802602], [7726882, 0.765663638263945], [7735391, 0.738420748991417], [7736142, 0.7359369289316632], [7845679, 0.7456598588154171], [7959342, 0.7467413772396894], [8076663, 0.7671921547355879], [8076710, 0.7596323291189158], [8289531, 0.7889766916736363], [8290282, 0.763479337605314], [8626613, 0.7752070121775783], [8642182, 0.7504382770762947], [8785125, 0.7591492212510914], [8903654, 0.7427862214353947], [8934123, 0.7589557671227948], [9007806, 0.801120986840119], [9008235, 0.8008814210885019], [9008264, 0.7201323061710911], [9124427, 0.8108929089222797], [9138790, 0.760528820884427], [9285329, 0.7395580023652923], [9292830, 0.7017726473634391], [9335969, 0.7320328100475871], [9441780, 0.7753887558233153], [9441781, 0.7725393072495884], [9462058, 0.7796616502208226], [9496063, 0.785775451560034], [9506648, 0.7819756890928138], [9533395, 0.8153268608406145], [9534114, 0.7406232915323474], [9630087, 0.7765644405114788], [9645378, 0.7785561260827896], [9645379, 0.7747580276870103], [9645464, 0.7344627009938389], [9681783, 0.7896984712569637], [9717226, 0.7945775601695064], [9741905, 0.7974770246647337], [9742706, 0.709600503850163], [9755865, 0.7347619337513731], [9756752, 0.7039034326296676], [9790911, 0.7984969740788829], [9807300, 0.8047808049372813], [9813701, 0.7653952448009808], [9828648, 0.7636227987101031], [9833247, 0.7295714491911137], [9860620, 0.786907883374559], [9883291, 0.813349073030034], [9890668, 0.7425465161961444], [9890675, 0.7076419651852536], [9903576, 0.7250831816212401], [9920897, 0.7266046797384965], [9923628, 0.7502482703389635], [9923631, 0.706783389004008], [9947736, 0.9061242427298707], [9948101, 0.8571318776876021], [9948246, 0.788943501079293], [9948247, 0.7243089258616294], [9960808, 0.7628238014145999], [9965011, 0.8168572573857907], [9968812, 0.8592805415269354], [9972489, 0.8232967500320018], [9976538, 0.8680424755822644], [9976543, 0.8521922938990151], [9980070, 0.8063394554623802], [9980071, 0.7600260537743051], [9982992, 0.7714838399848797], [9984283, 0.8156026579889046], [9984286, 0.7709868708334711], [9985683, 0.8004384996281724], [9986502, 0.7811428298551258], [9987329, 0.80280592935109], [9987390, 0.658721350285368], [9988355, 0.6955346045376429], [9990700, 0.8693255838798157], [9991737, 0.8093512154706974], [9992068, 0.8190594050580989], [9992077, 0.7267052949412576], [9993866, 0.7875916249560676], [9995143, 0.8414551758352892], [9995390, 0.7803482820169706], [9995857, 0.8497997149624694], [9996036, 0.8737648745022744], [9996039, 0.7340648856273647], [9996406, 0.7778288798618564], [9996837, 0.8092427910232475], [9996842, 0.8016522185049259], [9997369, 0.6796805079936055], [9997748, 0.7608502546013193], [9998301, 0.7464131979341566], [9999128, 0.49735959434042], [9999389, 0.7006054172959997], [9999450, 0.5157675127576429], [9999703, 0.92777566291535], [9999728, 0.6620505362619353], [9999769, 0.5589516326202575], [9999788, 0.5910669469817429], [9999821, 0.6167024680612421], [9999898, 0.5812363110449261], [9999929, 0.7731190952988737], [9999948, 0.9192943721327709], [9999951, 0.8951335062926242], [9999965, 0.4812031060344717], [9999978, 0.543206973260018]]}