{"seed": 483722381, "N": 10000000, "alive_speed": 0.8633071771900278, "non_threatened_speed": 0.8633071771900278, "survivors": [[295296, 0.7580345632085936], [1011919, 0.750109574968906], [2438576, 0.7432580311506604], [9999107, 0.7176973331609635], [9999606, 0.673776508433973], [9999861, 0.5786010814356224]], "still_alive": [[1099950, 0.7200635356532108], [2200101, 0.7317367455404088], [2438146, 0.7523819456573277], [2438487, 0.7450191243008342], [2438727, 0.7424933204939661], [2439144, 0.7009373215324779], [3201953, 0.7464176339564943], [3205654, 0.7428991678154099], [3232611, 0.7355151107283139], [3907548, 0.7504831116627046], [4431021, 0.7678077442130257], [4659280, 0.7522558218472427], [4673033, 0.7507799365028589], [4717986, 0.7551970564584735], [5324957, 0.7495479672199125], [5325392, 0.7494182425188213], [5662777, 0.7675121613371395], [5703702, 0.7710361334972156], [5886205, 0.7818051768740418], [5907058, 0.7830001003308255], [6104453, 0.7697087097426206], [6216610, 0.7498107917999887], [6251767, 0.7408485283947449], [6574392, 0.7727862100067686], [6585265, 0.7591022407423453], [6711430, 0.7782198200837326], [6711451, 0.7591228315371166], [6785578, 0.7664622141990511], [6798007, 0.7566818048740604], [6801492, 0.7558436083610653], [6811975, 0.7367710467852419], [7189192, 0.8171410121759122], [7238895, 0.8115392042012295], [7239182, 0.8018232338496003], [7425453, 0.7793781301981624], [7434526, 0.7401872138399719], [7562825, 0.7333602743385217], [7761118, 0.773484361060402], [7764159, 0.7570348783197575], [7764560, 0.7527343258004392], [7811467, 0.745145699302232], [8008686, 0.7735878152606156], [8187109, 0.7652243265307209], [8213798, 0.7548147432722505], [8393439, 0.7798291871179119], [8393746, 0.7644789022646886], [8529629, 0.7342060142497469], [8648514, 0.7645846156259802], [8649781, 0.7595342431370412], [8665216, 0.7682107518026213], [8703247, 0.7667515062368926], [8733174, 0.7841800659587554], [8734149, 0.7729747865011628], [8837824, 0.7566134232684049], [8919621, 0.811136237156962], [8929428, 0.7455657454158958], [8970227, 0.7627611357437408], [9014446, 0.7094269427342409], [9089129, 0.7402614641671219], [9190120, 0.8133287097562766], [9192499, 0.8135138508706651], [9223568, 0.7459303832771171], [9223643, 0.7073881133977191], [9299462, 0.7538917888812915], [9325865, 0.7549445153014306], [9345506, 0.7772065928161138], [9346305, 0.7565015901387058], [9370804, 0.7619576375113556], [9405461, 0.6975843198811281], [9463428, 0.7371727439314302], [9463435, 0.7347352207690299], [9520220, 0.8176125239452846], [9582437, 0.7837678938816126], [9591512, 0.7861215945983956], [9597413, 0.7882707559730596], [9597436, 0.7536787509778555], [9597463, 0.7494769389336035], [9598276, 0.746804320918388], [9598487, 0.7067267998764768], [9638314, 0.7644668380932289], [9652403, 0.7834435562147133], [9652882, 0.7642737578023114], [9691665, 0.7596299477296141], [9693150, 0.7463659194198331], [9708693, 0.7800133880859826], [9708780, 0.7588839308676023], [9717299, 0.7539080492851334], [9762648, 0.8209808447405043], [9765617, 0.8272803892771742], [9766846, 0.7720437187842819], [9775143, 0.7546607761294403], [9788182, 0.7044980881244858], [9802831, 0.7064667042653716], [9807992, 0.7140598044695593], [9816497, 0.71828289371545], [9823080, 0.7442359772014289], [9825421, 0.6927383119611494], [9853078, 0.8065727556187968], [9866481, 0.7926809793089039], [9885426, 0.8373632165380169], [9889185, 0.8394683711157958], [9895208, 0.8016661269971366], [9917075, 0.7262789758259937], [9917206, 0.6826341100882686], [9932359, 0.7696355634176979], [9932360, 0.7272228109573409], [9932427, 0.7226606241735439], [9947054, 0.6791045848018766], [9950723, 0.6407645801765406], [9961548, 0.7541395258864354], [9968939, 0.8729055296076874], [9968940, 0.842415304144573], [9971047, 0.8271018111125704], [9971048, 0.819978991549269], [9971229, 0.8190702990177398], [9974042, 0.8593698242291631], [9979015, 0.7389935141371681], [9979138, 0.7372326597293186], [9979175, 0.6680634434254606], [9979732, 0.6679294793706061], [9984755, 0.7272616949884335], [9984910, 0.7143191861407764], [9986971, 0.8003092925581989], [9987108, 0.7949772035499438], [9988621, 0.6717667567614019], [9990488, 0.7424792794645121], [9991547, 0.7777370454146955], [9991588, 0.7359130321695304], [9992535, 0.7092542290598497], [9993458, 0.6976338084699587], [9993851, 0.7201949991832457], [9995590, 0.7288991227624869], [9996341, 0.708879948654346], [9996692, 0.7317217278768621], [9997433, 0.7945992306338067], [9998040, 0.875739336112147], [9998045, 0.8444787907390222], [9998356, 0.6523749547127098], [9998441, 0.6641199988920227], [9998518, 0.693497028231615], [9998635, 0.6974176311079022], [9999106, 0.7366443180551305], [9999134, 0.6970916988232685], [9999423, 0.9536994201499073], [9999651, 0.6309335623219487], [9999808, 0.8867218776685809], [9999888, 0.578762290720864], [9999889, 0.5506387070751407], [9999928, 0.66454313616637], [9999977, 0.7536197295918216], [9999982, 0.5630097404764198], [9999985, 0.35234220492712875], [9999994, 0.6279113095960315], [9999997, 0.6632581435101472]]}