{"seed": 928126214, "N": 10000000, "alive_speed": 0.7828237042757292, "non_threatened_speed": 0.7828237042757292, "survivors": [[61596, 0.7691637097188553], [61803, 0.7566739934028472], [2745718, 0.7479481437919372], [8194231, 0.7324924618044948]], "still_alive": [[61898, 0.753174904817459], [551887, 0.7611594958749731], [814898, 0.7646628965486965], [965867, 0.7576710396612288], [1391652, 0.79412728000686], [1911217, 0.7900861444946019], [1920728, 0.7546832253951257], [1934827, 0.7558952215017438], [1935674, 0.753062539724149], [1945583, 0.7489691102141527], [2221328, 0.7599748545413876], [2235039, 0.7332033088511566], [2640992, 0.7668658216019806], [2740651, 0.7627091763470074], [3012499, 0.7451333120860295], [3076914, 0.7207846437403725], [3791463, 0.8027397772833558], [3870502, 0.7736279463687639], [4146709, 0.7469905017764097], [4164958, 0.7309955550561175], [4648005, 0.7424868356691332], [4650930, 0.7262823727742794], [5102701, 0.7280831098840506], [5103088, 0.7166212345471457], [5341281, 0.7461178487598569], [5637314, 0.7917976301638725], [5637385, 0.760281179400081], [5928786, 0.8013307741740912], [5928843, 0.7586881449703221], [6147218, 0.7842777511569125], [6147227, 0.7742206118703673], [6224826, 0.7585156425384804], [6350999, 0.7328262649048907], [6751030, 0.800682585137285], [6751095, 0.7779226093919387], [6861712, 0.7819975690125203], [7053269, 0.811635191430099], [7053468, 0.8035852511784968], [7114111, 0.7482241183587108], [7115340, 0.7258216322972045], [7157867, 0.7133230674225716], [7231416, 0.7281103194855436], [7233105, 0.7182817409684796], [7257480, 0.7084209637301934], [7565947, 0.7793217834119777], [7604192, 0.7806335278767056], [7653733, 0.7733203514077582], [7678792, 0.7724471802020099], [7678869, 0.7614725002817437], [7719680, 0.7704012606944517], [7735295, 0.7492230571710704], [7745834, 0.7475641747884663], [7772885, 0.7566338900681714], [7800680, 0.75803723834042], [7861801, 0.769229695401867], [7912266, 0.7765730800195565], [7912319, 0.771819523304777], [8062010, 0.7902057000850493], [8141379, 0.7738968959068434], [8142442, 0.7552897482592265], [8163115, 0.7536160749077779], [8167880, 0.755028219597217], [8194240, 0.7218997675360026], [8528519, 0.7365716107301152], [8621858, 0.762374361702463], [8629963, 0.7299306597223227], [8761352, 0.7932478963632764], [8885491, 0.7926730097043573], [8890442, 0.733639647336924], [8990545, 0.7538072291437776], [9015116, 0.7023993148882972], [9026639, 0.7096396172207978], [9049010, 0.6987410190783471], [9142045, 0.7602190502564756], [9143138, 0.7457325855429794], [9151673, 0.742193707643371], [9200214, 0.7692948340561256], [9213597, 0.7113336888962757], [9317490, 0.7819908059054119], [9349675, 0.761982236747257], [9404028, 0.7811392988118001], [9406965, 0.7691498385125002], [9482508, 0.80976941723195], [9506825, 0.7321380570174566], [9548518, 0.7224189984906855], [9548915, 0.7140402670853212], [9603000, 0.7840588052199812], [9603597, 0.7652776819260967], [9651890, 0.7713602093553114], [9657037, 0.7383845390104844], [9670104, 0.7533424314314923], [9700735, 0.770629664664832], [9700764, 0.7670105215235111], [9701333, 0.6696100805832621], [9733412, 0.7228694716050291], [9738055, 0.7314201740026129], [9763470, 0.7833771030263346], [9771197, 0.7854544995912288], [9789586, 0.81082621807503], [9814083, 0.8208686839226899], [9829404, 0.7501605972550589], [9830889, 0.7138605548127847], [9869344, 0.7844123212878221], [9872509, 0.7360458398253745], [9893000, 0.8319275835780773], [9899391, 0.7966184260459097], [9901242, 0.8073872469239562], [9901599, 0.773084652880294], [9901624, 0.7731113327838899], [9901707, 0.7617448159519142], [9902742, 0.7137699220269522], [9904653, 0.6335700379874676], [9923896, 0.7763423375775028], [9925523, 0.7722197413941335], [9940116, 0.8438226011438626], [9940147, 0.7258859646396068], [9950168, 0.7224253923270234], [9951445, 0.7256168381363016], [9959764, 0.6910994720881979], [9970725, 0.8827799034251274], [9971418, 0.8283106034045066], [9971465, 0.7199373495195666], [9978686, 0.8017821109032379], [9981053, 0.8181573403395688], [9981998, 0.833461573611895], [9982055, 0.6671965004638939], [9986216, 0.6842663366713887], [9990655, 0.8724072784533097], [9990660, 0.7934685922600404], [9990985, 0.815057105749567], [9991896, 0.7728922942248632], [9991933, 0.7505414061831811], [9991944, 0.7139728435717186], [9992417, 0.748150399654884], [9994182, 0.6499460431694155], [9995137, 0.7440931916544299], [9996558, 0.6195440154662833], [9996861, 0.6317916973320427], [9997248, 0.6281306499880349], [9997259, 0.624575073165307], [9997296, 0.6279060377314662], [9998295, 0.8327643430235625], [9998296, 0.812174213776048], [9998329, 0.8267381527554486], [9998420, 0.7566470873179869], [9998423, 0.7252677111720807], [9998568, 0.7274781973688413], [9998571, 0.7288302810069099], [9998778, 0.5592949543663268], [9999139, 0.61066221726343], [9999160, 0.5024462278879788], [9999571, 0.46090452331108256], [9999584, 0.4661503311917776], [9999709, 0.6189452233509904], [9999742, 0.6444499368645742], [9999841, 0.6557293523224316], [9999882, 0.8319286396406975], [9999883, 0.8251464556131246], [9999898, 0.5841679218556115], [9999907, 0.559564169466442], [9999958, 0.8817033710370912], [9999961, 0.559828900857594], [9999962, 0.4903392059471353], [9999975, 0.7023332292688127], [9999988, 0.9231334824456803], [9999997, 0.6543527699949411], [9999998, 0.32425600863574433], [9999999, 0.3733050328803723]]}