{"seed": 177791845, "N": 10000000, "alive_speed": 0.7951548891128825, "non_threatened_speed": 0.7952400593147181, "survivors": [[1070, 0.7952400593147181], [3173869, 0.7761165780072095], [4164236, 0.75349688209369], [9523639, 0.7461284853188881], [9523984, 0.7408102489917434], [9643501, 0.7398840901847465], [9991120, 0.721105250967523], [9999953, 0.5908486764252068], [9999998, 0.4805913096354246], [9999999, 0.3708723332032563]], "still_alive": [[1901, 0.7538825754159213], [29242, 0.7557124901488537], [1094371, 0.752275806172688], [1094746, 0.7362483486442707], [1108425, 0.7330727006105209], [1523622, 0.7594677116750415], [1523667, 0.7513272358314859], [2468770, 0.7858642533777889], [2475469, 0.764334632027026], [2476048, 0.755084019467571], [2485029, 0.7401633864727877], [2542364, 0.7448506925260547], [2726303, 0.7627933874196703], [3008272, 0.780322261910328], [3172951, 0.7938622600529645], [3173752, 0.7766656325458541], [3213968, 0.7524747720903013], [3398071, 0.7615527145914684], [3404090, 0.7403120792495407], [3821049, 0.7554359629407139], [4079558, 0.7782115293287021], [4150259, 0.762437195960384], [4171867, 0.751406284007136], [4171870, 0.733592753892942], [4427315, 0.7482487610141361], [4460418, 0.7439641713443902], [4508505, 0.7487152313953416], [4508688, 0.744717779609189], [4664185, 0.7561598661273339], [4704152, 0.7511040494660299], [4704301, 0.7495441473829727], [4838902, 0.7621031664704918], [4864947, 0.7562330756104966], [4865368, 0.7464249509458147], [5004817, 0.7661199412931927], [5081284, 0.738315691071955], [5240661, 0.7491561856815211], [5477644, 0.7775278738149575], [5561953, 0.7885772209869797], [5567642, 0.7619181387937107], [5567701, 0.7542674859150615], [5572072, 0.7481667120091433], [5775567, 0.7406617300302515], [5848308, 0.7492810322832856], [5933025, 0.7624634514039923], [5942376, 0.7636743674767015], [6160197, 0.7879619811587029], [6185850, 0.7512452491095846], [6185853, 0.724647672295551], [6196284, 0.723845684207247], [6250381, 0.7243360249545704], [6412882, 0.7233691306731637], [6545063, 0.7260943460450217], [6675348, 0.7520395854354085], [6863423, 0.7886422589544163], [6868928, 0.7857506558873818], [6869251, 0.761052223279883], [6869366, 0.7562596055280424], [7019029, 0.7818558529584629], [7091924, 0.7854299447739361], [7100477, 0.7829438734917813], [7101282, 0.7770483274669936], [7123153, 0.7770980518141509], [7141158, 0.7582195934229528], [7162293, 0.7355180765795781], [7179988, 0.7326207628171073], [7196477, 0.7327185779246196], [7316534, 0.7458160356244392], [7318943, 0.7379281461359385], [7487442, 0.7757537146003917], [7494803, 0.7176857905822221], [7668896, 0.7376113916409265], [7729129, 0.7504191135403584], [7729310, 0.7489691303779906], [7737373, 0.7433945945468479], [7766586, 0.7147694198452615], [7949969, 0.7556656680628343], [7950056, 0.707415995013972], [8279697, 0.7794128533661892], [8307144, 0.7560473860118828], [8368803, 0.7449793768212376], [8374572, 0.7376787975488256], [8380863, 0.7250947699971676], [8465068, 0.7396108028954677], [8520955, 0.7282747354487846], [8690976, 0.7543300224958347], [8693627, 0.7120005182542376], [8769470, 0.7466841076723753], [8885007, 0.7802681933002328], [8937260, 0.7193531813386534], [8943255, 0.7149535167630079], [9086550, 0.7868108292530103], [9108527, 0.7807210995362409], [9113154, 0.7736724225913958], [9113727, 0.7521840719347715], [9161258, 0.775910118319792], [9161273, 0.7595525894743295], [9212408, 0.7959663477584544], [9212413, 0.7633079725285806], [9235642, 0.7757480959818188], [9267803, 0.7411617133715808], [9310440, 0.7765351649629408], [9315477, 0.748107823550971], [9317692, 0.7070152316523358], [9358861, 0.7476750288542544], [9409012, 0.7675093560406628], [9409429, 0.767647053908292], [9462632, 0.7831398651833786], [9464719, 0.7629453702709299], [9468118, 0.7464671367373745], [9491987, 0.7286305441351866], [9519396, 0.7617419640824914], [9524977, 0.7300815139687389], [9526748, 0.7087164079581957], [9578241, 0.7756615922452811], [9582894, 0.7736057977479894], [9617253, 0.8166598287034865], [9642354, 0.7478694272230875], [9650296, 0.7375769361552525], [9698727, 0.7399201457563193], [9714826, 0.7434672037160803], [9714915, 0.68228674027905], [9741500, 0.722500321113518], [9758677, 0.7247260123574649], [9807476, 0.8769424972332913], [9807749, 0.8545330949679074], [9807806, 0.80684343815348], [9808057, 0.7574657062677335], [9809440, 0.7035298087897977], [9812965, 0.7012170317423939], [9824388, 0.6910582907405842], [9835239, 0.732127887023813], [9843606, 0.7425756755315212], [9868317, 0.7420059634138918], [9868348, 0.6654919172779492], [9883299, 0.7301730105265027], [9893216, 0.7345701286673588], [9893681, 0.7206407696533833], [9923910, 0.8313419708762086], [9924349, 0.8268031338069828], [9927670, 0.6732186364759704], [9933161, 0.7197636998735549], [9933978, 0.6852937597422087], [9947377, 0.8532985117488462], [9950490, 0.8048740331278039], [9955727, 0.7971545407046331], [9959264, 0.7243766376026161], [9967071, 0.8207626146464642], [9967072, 0.7061868332470115], [9970435, 0.7415392383420787], [9972902, 0.7594728651895344], [9972935, 0.6698088716309132], [9972936, 0.6507907655562656], [9980673, 0.7450606212145137], [9983598, 0.7811898630865161], [9985069, 0.7530349556295866], [9985114, 0.7399798332045686], [9988359, 0.8640448536581651], [9988744, 0.8505121154811877], [9988965, 0.8308333148612963], [9989454, 0.8296398344184225], [9990213, 0.7485552226411835], [9991135, 0.7154788660897056], [9991138, 0.6919528381810809], [9991931, 0.7203077021331711], [9993332, 0.7348501882781815], [9993333, 0.6561673770909325], [9994854, 0.8136503357549727], [9996203, 0.9599814803067654], [9996346, 0.7157913489854508], [9996461, 0.7171564024861726], [9996656, 0.7531817488774871], [9996667, 0.6660743539673823], [9997204, 0.7610523093110577], [9997205, 0.6619125984466557], [9997766, 0.7220004604024622], [9998523, 0.7518243097331138], [9998572, 0.7129058384044714], [9999191, 0.8313400162094503], [9999368, 0.9038203269414563], [9999421, 0.8144574793406812], [9999506, 0.7720518432035698], [9999513, 0.44200140704536195], [9999762, 0.6316496726144294], [9999839, 0.6325849032136162], [9999906, 0.7591830016445177], [9999931, 0.9473251061970196], [9999934, 0.6963702474404766], [9999941, 0.6245113178427509], [9999948, 0.6978588290631804], [9999986, 0.5910894399242067], [9999991, 0.5895051583113763], [9999994, 0.6890241685152433], [9999995, 0.6640217800238475]]}