{"seed": 928126285, "N": 10000000, "alive_speed": 0.9831416454829051, "non_threatened_speed": 0.9831419404254577, "survivors": [[2, 0.9831419404254577], [9802915, 0.7585389327721809], [9805762, 0.745610485478019], [9808057, 0.7176850244341552], [9980172, 0.7146846939518395], [9999965, 0.6732746302292043], [9999968, 0.6685798519957982], [9999969, 0.6316097854793103], [9999978, 0.5519408008280171], [9999999, 0.09678599834151846]], "still_alive": [[35913, 0.7497324386446522], [862744, 0.763877831079246], [965239, 0.7621299026580273], [970764, 0.7572502988293512], [971291, 0.7397481317369307], [978264, 0.7338372118870111], [1502813, 0.7725420380310202], [1512108, 0.7540789228220306], [1517401, 0.7524662372305854], [2036694, 0.753395465463369], [2038205, 0.7497347112036048], [2337826, 0.7763915900095247], [2449613, 0.7772579501573682], [2449810, 0.7566170831016616], [2449829, 0.7541942923656019], [2717096, 0.780488126062182], [2717471, 0.7801746509327481], [2732724, 0.7682632045975364], [2738335, 0.7678464780172789], [3169708, 0.7582297808287642], [3320167, 0.7560523536728233], [4086170, 0.7895405217188138], [4506079, 0.8047035732408352], [4801040, 0.818843812221819], [4814787, 0.8013646074594164], [5292554, 0.7677990276685319], [5327157, 0.7640006576627255], [5327230, 0.7569140061005136], [5643845, 0.761167721461128], [5646648, 0.7597904121750152], [5652601, 0.7395320525277499], [5772794, 0.7486534263618103], [5775401, 0.7392898650855028], [6024546, 0.7798094096548053], [6075739, 0.7702810082147119], [6288190, 0.770924966181415], [6307927, 0.7718006874437664], [6706708, 0.7490225358243019], [6829827, 0.7415563798219472], [6846744, 0.7420490495819211], [7048337, 0.7647418617224556], [7146802, 0.7828516874008091], [7146915, 0.782265287330835], [7147612, 0.7813207790184529], [7282267, 0.7150554176137084], [7305950, 0.7158081608631114], [7812793, 0.7391412576197712], [8034860, 0.7989107635214381], [8113773, 0.7535383162867562], [8256040, 0.7673661466440557], [8261945, 0.7624721914840467], [8288592, 0.760136123563331], [8348835, 0.7431162081441838], [8413222, 0.7319768001213873], [8541929, 0.7879099229754918], [8548886, 0.7652360159212322], [8627505, 0.7562598651485458], [8672176, 0.7406766359278046], [8746715, 0.770891265381467], [8746752, 0.7699048564697096], [8834829, 0.727642840113451], [8885244, 0.7378650344668953], [8918795, 0.7346582281394775], [9002968, 0.7798625898694062], [9002987, 0.7642150498622498], [9007194, 0.7496844399238475], [9018817, 0.7317381762274037], [9088284, 0.77384604250043], [9105241, 0.780331900141825], [9105292, 0.7290681463041755], [9180523, 0.7735459286484957], [9180544, 0.7577921770192038], [9183495, 0.7499390713721875], [9314080, 0.7723118623237348], [9348815, 0.7684271505270842], [9348988, 0.7660366602521224], [9379833, 0.7073211735428786], [9441694, 0.7349249118217275], [9442345, 0.7176720322690769], [9444898, 0.6932393131138498], [9444903, 0.6823982568635723], [9533480, 0.7850578614880968], [9536925, 0.7420358952138423], [9536996, 0.7151862944842806], [9621527, 0.7387432402339565], [9629652, 0.7356560148382977], [9630029, 0.7036976438943338], [9630032, 0.6729939235926062], [9712867, 0.7897655013265797], [9724528, 0.771735037611293], [9730209, 0.7644625965934003], [9730210, 0.7489803334621937], [9737177, 0.7649005192272763], [9738376, 0.7394088341612063], [9751755, 0.7722858167316289], [9754150, 0.7760204321738062], [9768429, 0.8036443851884141], [9769126, 0.7911513157496801], [9770677, 0.7843040863067301], [9801220, 0.7789817130190582], [9811988, 0.7156539177458906], [9846397, 0.7468546396938202], [9850476, 0.7289380146447489], [9851993, 0.6936586577381896], [9871508, 0.7705492655808401], [9883267, 0.8106062656607088], [9883724, 0.790224761143409], [9886355, 0.7225943030810894], [9900692, 0.8035987967594987], [9901495, 0.7170684595496656], [9902854, 0.7166752307716274], [9902873, 0.7109456044417174], [9923884, 0.7152040012391615], [9934523, 0.7845048381186226], [9934548, 0.7738422399674023], [9950305, 0.7793082034853376], [9952738, 0.8104647371168741], [9963831, 0.8453153742251931], [9965082, 0.8679106301801021], [9965235, 0.8562397521600703], [9965252, 0.8541227884107688], [9979945, 0.8776213841703454], [9980197, 0.6992372252863189], [9980466, 0.6327405410999833], [9986045, 0.7985724410645856], [9987906, 0.7641576802618176], [9989473, 0.7931827778299098], [9989978, 0.6782051490151781], [9992953, 0.8528877998536987], [9992978, 0.7958503983439623], [9993285, 0.8026962668281301], [9993296, 0.6732613311731683], [9994463, 0.7780652296440806], [9994524, 0.747303098339537], [9994849, 0.703494095677189], [9994864, 0.6803658008533178], [9994869, 0.6429941662193595], [9996058, 0.7604079472454908], [9996991, 0.8221417983854578], [9997740, 0.8480763958156907], [9997971, 0.7813716674099136], [9998302, 0.7595563794425981], [9998993, 0.6082005586492594], [9999348, 0.7075804532304649], [9999749, 0.9860847060221798], [9999802, 0.925760617206035], [9999811, 0.8623182964211537], [9999846, 0.9899431710564482], [9999849, 0.8511924663424456], [9999900, 0.8514909525743309], [9999905, 0.8475056363535235], [9999912, 0.7620283389848649], [9999915, 0.5383967958924817], [9999934, 0.5996262656867581], [9999955, 0.6915042263901308], [9999960, 0.7397043252968699], [9999987, 0.2056006259372184], [9999998, 0.8687952565229973]]}