{"seed": 983, "N": 10000000, "alive_speed": 0.8645301369183174, "non_threatened_speed": 0.8645303962774102, "survivors": [[2, 0.8645303962774102], [107, 0.8576785907522266], [9404, 0.8231670165928093], [13611, 0.818968147888984], [17512, 0.7835136942095304], [47095, 0.7809236839488257], [50282, 0.7734998270879182], [1706565, 0.751755258151237], [7024166, 0.7507998658480067], [9999995, 0.7016270661482672]], "still_alive": [[177041, 0.7477761366758366], [177042, 0.7439499700583831], [560365, 0.7516397122023263], [562738, 0.7476688460827746], [595583, 0.7436983129251241], [1161210, 0.7687901481102561], [1354653, 0.7683159866616267], [1385296, 0.7551856250153475], [1391053, 0.7524725559250844], [1706562, 0.7532719588203961], [1706568, 0.748179561366759], [1728767, 0.741583312373445], [1741904, 0.7340600609575738], [2971955, 0.7397376832259197], [2976866, 0.7353767325380535], [3395123, 0.7733539152082628], [3453558, 0.7553720831289399], [3778473, 0.7906608212190298], [3792378, 0.7681392618438011], [4254111, 0.7752869887635524], [4254330, 0.7447400785619707], [4582081, 0.7540837907725243], [4825544, 0.7655616023574153], [4886325, 0.7392907222618406], [5057844, 0.7600598973866889], [5077121, 0.7545412048174495], [5077162, 0.7532762951668466], [5522309, 0.7673331863281425], [5726252, 0.8001487341695022], [5726307, 0.7710976225413346], [5732722, 0.7515333286454728], [5796057, 0.7588144135071236], [5796166, 0.7585438255576945], [5796189, 0.7491121542067433], [6047580, 0.7212963614502653], [6589399, 0.7677711744733761], [6592014, 0.7606841254537202], [6673813, 0.7561701020073214], [7126439, 0.7475383333812732], [7289332, 0.7706258137070461], [7524327, 0.7394025853270507], [7791248, 0.7215600744241385], [7876121, 0.7374721056663501], [7885994, 0.723805942203148], [7988625, 0.7486574552268108], [8000170, 0.7260116623257805], [8000181, 0.7247069931667033], [8111124, 0.7320744745870604], [8286259, 0.7758274469428584], [8342194, 0.7830827864900844], [8355661, 0.7645218760321273], [8533818, 0.787287409110114], [8586189, 0.7719173128971091], [8703798, 0.7790745758902042], [8765117, 0.7854953477454928], [8846110, 0.7392781221676786], [8846535, 0.7308457265720272], [8961152, 0.793813349458701], [8962917, 0.7692754156294309], [8963024, 0.7446549890901175], [8970591, 0.7434616491969662], [8979468, 0.740199486205104], [8981423, 0.741409807085121], [9060778, 0.7868417765418172], [9081241, 0.7762734662889414], [9092092, 0.7640559294654501], [9096535, 0.7471626991282804], [9101396, 0.7398926586758664], [9101401, 0.7138280437632429], [9250506, 0.7387564305029677], [9251403, 0.7388139544851048], [9363702, 0.7385650184246898], [9374637, 0.7499282077719681], [9405624, 0.7889633045001104], [9429837, 0.8013469090819374], [9434556, 0.7930876857548615], [9437445, 0.7603894904983516], [9452146, 0.7200829714341304], [9493189, 0.6958646897997371], [9534632, 0.7411548096313567], [9593011, 0.834017720878326], [9593072, 0.8329133185498458], [9613747, 0.7798384248412402], [9644094, 0.7951783374286424], [9644101, 0.779781230069104], [9660646, 0.7812645464403779], [9660859, 0.7488710516378366], [9680666, 0.7436823760438432], [9687467, 0.752936389804488], [9715766, 0.7512338971136878], [9755851, 0.6892713926834462], [9769336, 0.6969475669247156], [9769991, 0.6912839746252756], [9794640, 0.7713435798842523], [9806143, 0.780462929121281], [9812300, 0.7691192614542753], [9812307, 0.7631337868018432], [9832294, 0.7156834496887217], [9854747, 0.7664602941747094], [9858570, 0.7829705456840981], [9858571, 0.7742656952510294], [9858974, 0.7726418032078204], [9863295, 0.7807660396472885], [9865560, 0.7499405816551155], [9900993, 0.7509777680541817], [9913884, 0.7918394690968984], [9925751, 0.8113824710977479], [9926226, 0.7703966156814698], [9926365, 0.7299736635712089], [9935598, 0.825784081848409], [9935695, 0.7713484037248504], [9935772, 0.7229905236062815], [9940161, 0.7678212083727397], [9953540, 0.7484708889810268], [9961851, 0.848160212900752], [9961886, 0.8270083199543997], [9969395, 0.8179933636867224], [9974140, 0.8313384973065076], [9979917, 0.7185469068159297], [9984200, 0.8184694141782545], [9984541, 0.6246794642880322], [9985894, 0.6322245136375239], [9987567, 0.6927170586652359], [9991482, 0.8640481113769836], [9992523, 0.6874291720576267], [9992778, 0.6726588470624068], [9994549, 0.7233994052245287], [9994744, 0.7266474834575491], [9995183, 0.727174898381195], [9995676, 0.7401508468974832], [9996809, 0.762562303391437], [9997454, 0.8411123788179463], [9997459, 0.7667938150267866], [9997676, 0.7435395002296268], [9997793, 0.7701719792993312], [9997812, 0.7482979739808087], [9998605, 0.5993708412726994], [9999324, 0.8691087487482811], [9999447, 0.7623591555784276], [9999450, 0.5725857036294792], [9999695, 0.8563551996994956], [9999734, 0.8837357545550718], [9999745, 0.8991241415957136], [9999802, 0.5130544567155908], [9999887, 0.7810458878185407], [9999934, 0.8836671539356925], [9999935, 0.6787261716786654], [9999942, 0.6119964013142395], [9999987, 0.8012192264348512], [9999988, 0.7704678440091416]]}