{"seed": 483722193, "N": 10000000, "alive_speed": 0.9560723094580412, "non_threatened_speed": 0.9560723094580412, "survivors": [[6630, 0.8406670230287937], [213417, 0.7992295714543358], [213442, 0.7984552586713412], [214521, 0.7833186643790295], [5058532, 0.7735258645552151], [5061061, 0.7693996348031206], [5117104, 0.7599716887332691], [5152345, 0.7548810432102263], [8107822, 0.7478499974267282], [8107825, 0.7370695183479395], [9962536, 0.7018486602815519], [9999647, 0.5648627283583549], [9999986, 0.5249038679533937], [9999999, 0.05808831167102024]], "still_alive": [[324308, 0.7487377556688948], [961991, 0.7704257496657264], [1027954, 0.7214401132643319], [1027955, 0.7100055897861123], [1841390, 0.7663981527467576], [1841391, 0.7446657844510709], [2032712, 0.7296159256690175], [2574283, 0.7759767144302855], [2922942, 0.8003849089062096], [2941247, 0.7971849014838396], [3284806, 0.8148137045615559], [3294075, 0.7746282720227472], [3337428, 0.7657866462835893], [3460867, 0.7522690512479974], [3818256, 0.7695401199975519], [5058527, 0.774309604395943], [5294148, 0.7416079451523212], [5723631, 0.7467103096684261], [5725120, 0.7316159902355228], [6190841, 0.7638478016249274], [6191686, 0.749795176602197], [6349333, 0.7255070728953499], [6582832, 0.7504992667711006], [6584483, 0.7356977826322709], [6647024, 0.7471610068341177], [6699983, 0.742874567091585], [6810090, 0.744752045182689], [6930425, 0.7122136362742201], [6930706, 0.6866009522820207], [7165403, 0.736242176591988], [7178374, 0.7354810430832817], [7178837, 0.7306904689870436], [7409274, 0.786859409387105], [7410087, 0.7621896742767729], [7501244, 0.7839355469511547], [7527717, 0.7545340837944116], [7532912, 0.7469309842621364], [7539801, 0.7226216120287259], [7727632, 0.7787490764266001], [7735643, 0.7780756696204617], [7812068, 0.770993673333596], [7827747, 0.7707835324981346], [7828040, 0.7689374499293397], [7989275, 0.7663828487159052], [7989600, 0.7550617186398111], [8107773, 0.7571448327954284], [8306450, 0.7297445055271692], [8318729, 0.7214690828927257], [8332866, 0.7136626744634434], [8548637, 0.7535678654431459], [8631662, 0.7871461170821656], [8752937, 0.8138983764340421], [8753014, 0.800846872269279], [8766227, 0.7347987003857914], [8777448, 0.709485440806014], [8930953, 0.7807137934527651], [9004784, 0.7650276431874813], [9038297, 0.7732662149613045], [9040420, 0.7552259078295553], [9096529, 0.7640846613573353], [9111656, 0.7746909591165562], [9113273, 0.7639920911867427], [9113282, 0.7399152074922027], [9259453, 0.7733190898119109], [9286384, 0.7502563143190416], [9288491, 0.7514839833465863], [9329968, 0.7376562724930663], [9333729, 0.7091723048768608], [9435256, 0.7902063693952655], [9446335, 0.7901425398866051], [9486216, 0.7912088398197044], [9517843, 0.7834793441731929], [9565086, 0.809102567169112], [9567967, 0.7419813913876986], [9575752, 0.7259213254134985], [9613801, 0.7898746344017452], [9614364, 0.7862760951252263], [9615865, 0.7449277379623355], [9615968, 0.733706614295038], [9650889, 0.7523788684644596], [9656032, 0.6964343973923431], [9673029, 0.6851154657813682], [9678178, 0.6549762592957032], [9708639, 0.6911843510251714], [9740016, 0.7640248090123559], [9756837, 0.7510412645152439], [9762990, 0.7676551442808163], [9769283, 0.7126388363767723], [9769418, 0.6819496219045514], [9814077, 0.7762828941042758], [9814328, 0.757925744886336], [9821281, 0.7768056429045697], [9824594, 0.774674345994401], [9833113, 0.7750893753389212], [9834536, 0.7529357149239598], [9854713, 0.8540931256503341], [9854716, 0.846246347669381], [9854757, 0.8349437932641148], [9855272, 0.835380895316793], [9855399, 0.826523202907116], [9867352, 0.8316252387233274], [9867825, 0.7852383759510401], [9882176, 0.8411658271327361], [9883933, 0.829485837784945], [9899498, 0.8037906497481941], [9899771, 0.7222471350225874], [9913430, 0.8327654549147989], [9913435, 0.733857309432504], [9914882, 0.7381976620430704], [9914927, 0.6656782538391636], [9921848, 0.6466516849836578], [9930351, 0.7105475186230699], [9946134, 0.8207330272892448], [9950865, 0.7079146526732446], [9951296, 0.6932548406355531], [9952223, 0.7048759476251142], [9955812, 0.735373581863855], [9962535, 0.7546919152392413], [9963397, 0.6911077798918047], [9966226, 0.709132164327077], [9968369, 0.7428387557833304], [9968436, 0.7378153644609863], [9968437, 0.6925935476559805], [9968736, 0.6763505986391437], [9971357, 0.6827766662158371], [9972474, 0.6713570459029912], [9976877, 0.7246991962931144], [9976884, 0.66304743014858], [9976923, 0.6545652342086765], [9981776, 0.7421501198085205], [9987221, 0.7135943815762837], [9989232, 0.7451445080683737], [9989627, 0.6480645810236232], [9991292, 0.7378642167111076], [9991599, 0.7176410600712781], [9991798, 0.732205193855147], [9991923, 0.6584520721154346], [9991924, 0.5811794058986159], [9994299, 0.812495538571247], [9995846, 0.8892396544903981], [9996455, 0.722213058668792], [9997184, 0.8289142661204413], [9997603, 0.7067313356884946], [9997798, 0.6658852844850306], [9998079, 0.7137012833393548], [9998170, 0.6688250970976448], [9999151, 0.8294874568056959], [9999348, 0.796124385888608], [9999397, 0.8104841106147923], [9999400, 0.8061456904544898], [9999623, 0.7371373661658592], [9999626, 0.7196288799658183], [9999720, 0.5667035130759605], [9999773, 0.5449386606200484], [9999818, 0.660613530098392], [9999883, 0.7512058333980506], [9999884, 0.7099704302177423], [9999887, 0.6002747161395683], [9999940, 0.9854680310583177], [9999969, 0.9336515319341858], [9999991, 0.2673645080266144], [9999992, 0.29160292792520526], [9999997, 0.6192057999690063], [9999998, 0.5505992813386884]]}