{"seed": 928126064, "N": 10000000, "alive_speed": 0.7809939794371501, "non_threatened_speed": 0.7809940198108659, "survivors": [[132056, 0.7785022069110026], [4065041, 0.7692834797268132], [9886558, 0.7094711448438351], [9999363, 0.6799511649222387], [9999958, 0.47891650426085697], [9999995, 0.43730040420074046]], "still_alive": [[0, 0.780994057536548], [132039, 0.7860072940748335], [148691, 0.7419010431501917], [564652, 0.7525453202735815], [564787, 0.749247315322923], [888984, 0.7719287365578698], [986883, 0.7683277287158958], [1017302, 0.7407492359595448], [1431849, 0.7660977994380761], [1936888, 0.7694137206172502], [1996645, 0.767757008431172], [2198032, 0.7285604928121617], [3188751, 0.7810591089720834], [3260950, 0.7878904362909818], [3293469, 0.7827336743382218], [3293938, 0.7549288452991239], [3397981, 0.7621747161459848], [3401996, 0.7225605394834745], [3869441, 0.7770797892083219], [4019944, 0.7759572156407043], [4066532, 0.7524388122503595], [4066581, 0.747699344178677], [4067608, 0.7464788316841016], [4392431, 0.7642265264816233], [4434090, 0.7470231734868044], [4862541, 0.7709746258207645], [4911818, 0.7532608389585618], [5057549, 0.7432592011193653], [5062444, 0.7321288566676815], [5367407, 0.7735840996980595], [5367436, 0.7587657589017821], [5491567, 0.7606623974714761], [5519138, 0.7593195208636392], [5555745, 0.7542559482600562], [5556106, 0.73835093678593], [5781469, 0.775738855422761], [5784100, 0.7598890742865724], [5795493, 0.7497622842747437], [5971858, 0.7520641040675223], [6279715, 0.7851100654028248], [6295210, 0.7414099845798934], [6393205, 0.7224805812822189], [6623310, 0.760401525285407], [6633535, 0.7562656228938518], [6633550, 0.7485094243125684], [6921393, 0.7450502598000501], [7011842, 0.7482722125724959], [7313679, 0.7623676039122157], [7346936, 0.766974658102993], [7527983, 0.7623211006303663], [7609414, 0.7805322706025336], [7633593, 0.7606993809088861], [7636816, 0.731479980983031], [7727985, 0.7478423958276679], [7882366, 0.7797059980584591], [7882447, 0.7265527375873448], [8035838, 0.7246577103068751], [8299009, 0.7844934979596699], [8452798, 0.805304474261444], [8458159, 0.7758700623143743], [8461978, 0.7428464298901941], [8472077, 0.7471988100870773], [8563422, 0.7632941908800067], [8649903, 0.7753927431751361], [8650102, 0.7731953085218579], [8650769, 0.7677277311756477], [8652394, 0.7369301801145154], [8788347, 0.7392332871134872], [8799848, 0.7263452107896388], [8799909, 0.7243841907920938], [8822792, 0.7080818104814056], [8824837, 0.6991018503663541], [9041714, 0.7781949210378674], [9054485, 0.7732915890340386], [9070680, 0.7270423713736184], [9213425, 0.7757306591970822], [9219116, 0.7726127136771771], [9305375, 0.7275909462065557], [9365432, 0.7511434896434136], [9368489, 0.7527629485095947], [9368848, 0.7526171095001093], [9378597, 0.7417494733154713], [9382054, 0.7451709001207326], [9398197, 0.7585881344193611], [9401450, 0.692802877545162], [9445489, 0.7398123345292595], [9473956, 0.7654446219899678], [9474615, 0.7238773011498729], [9494604, 0.7517011875183268], [9497629, 0.7286711967323037], [9507220, 0.7291454886077628], [9508507, 0.7146051889838262], [9513482, 0.707391357500165], [9568341, 0.7692683856154553], [9602130, 0.7521693601740188], [9622191, 0.7473074204048945], [9647420, 0.7812567664371906], [9647463, 0.7747844119296506], [9647518, 0.7282668195456581], [9663303, 0.7453815083168771], [9676580, 0.7270864400634665], [9697843, 0.7709357013183639], [9699454, 0.739428327415687], [9715755, 0.7237435173171052], [9728876, 0.7417827272432193], [9731975, 0.7400758737869549], [9747124, 0.7796132075278911], [9748343, 0.7801205354103882], [9765302, 0.7329183292709179], [9785395, 0.7580295353806742], [9792894, 0.7618779700868976], [9793011, 0.7396186616528536], [9815652, 0.7703957894061677], [9816871, 0.7514972504194318], [9833448, 0.7322176285072497], [9866127, 0.7610703138261621], [9883892, 0.8187456375660103], [9886355, 0.7967283092541079], [9887275, 0.692973272782623], [9897486, 0.699272390808073], [9902623, 0.673572718914873], [9902624, 0.6686277387500641], [9910331, 0.7034422993187882], [9916278, 0.7059756135163617], [9928063, 0.7438755428097142], [9934552, 0.7249408728645153], [9940845, 0.7192576119602838], [9943434, 0.720537210954498], [9945697, 0.7498635905126244], [9953406, 0.7870976115358569], [9953415, 0.7427949854415636], [9954448, 0.7238367807862364], [9954453, 0.6955298962641335], [9954454, 0.6938638927313874], [9959881, 0.7802909842968028], [9959906, 0.7336681416099059], [9960281, 0.7071291022547225], [9975224, 0.8054590100779628], [9975399, 0.7802750626737185], [9975402, 0.7084739336206834], [9978995, 0.7617358619045564], [9979160, 0.7215266792650762], [9979211, 0.7033562370723455], [9982146, 0.606478378338491], [9986681, 0.7094681402369761], [9989384, 0.8340704433770122], [9991355, 0.7050923445718195], [9992120, 0.6459226750516184], [9994287, 0.8894959243845418], [9994954, 0.7976008005676534], [9995213, 0.7518853107104302], [9995880, 0.7487744881525623], [9995895, 0.6634134357091889], [9996636, 0.7485868126278901], [9996715, 0.6741409979021389], [9996934, 0.6529437453797281], [9997185, 0.6070180532583419], [9997198, 0.5834998789912658], [9997453, 0.6337330766429314], [9998174, 0.7159037665142491], [9998175, 0.6255902325035662], [9998376, 0.6132655411810929], [9998963, 0.9496345963963138], [9999056, 0.9110275886559759], [9999245, 0.8410728186844573], [9999246, 0.8322571729184081], [9999364, 0.47314701496678935], [9999799, 0.5552530780355319], [9999874, 0.7905947577958693], [9999923, 0.9064838709304173], [9999967, 0.4748216400799927], [9999988, 0.6543108710632668]]}