{"seed": 483722164, "N": 10000000, "alive_speed": 0.9534695784414803, "non_threatened_speed": 0.9534761574263086, "survivors": [[68, 0.9534761574263086], [197, 0.936911115372007], [454, 0.8334280406674819], [7011, 0.8016442348252477], [9246994, 0.7562731263556777], [9347209, 0.7524235402971116], [9806492, 0.7470158680699751], [9998153, 0.7452362000164854], [9999928, 0.7399654169813309], [9999993, 0.1848770519586025], [9999996, 0.17404497089051274], [9999999, 0.17305925837066705]], "still_alive": [[513108, 0.7464552918585802], [513315, 0.7361259814375966], [1314516, 0.7749757595635648], [1540253, 0.770349527372977], [1540274, 0.7598436159732741], [1741901, 0.7384171259061784], [2416026, 0.7500033492408272], [2576411, 0.7582975714379441], [2788050, 0.7803535298355244], [3178211, 0.7837493779207378], [3178270, 0.7808680193531511], [3675115, 0.7765696880855427], [3725300, 0.7172883848295145], [3764603, 0.7152081737495435], [4133304, 0.7502776736855399], [4206771, 0.7507619341990299], [4276840, 0.7475961534900385], [4847475, 0.7765938868465113], [5137500, 0.7299936328615221], [5777191, 0.7655498003389545], [5869304, 0.753994799621854], [6019563, 0.7445107983725247], [6085368, 0.7415843659015292], [6264621, 0.7328469862360971], [6746990, 0.7888087775151459], [6747015, 0.7795827768627027], [6747476, 0.7681746171657542], [6805439, 0.7565831334426544], [6970726, 0.767941480610535], [7073537, 0.7773714743572433], [7174072, 0.7738540285386221], [7174229, 0.7535398137951769], [7212524, 0.7591805778396254], [7320879, 0.7559468561835719], [7322698, 0.739634685070552], [7322785, 0.7251912409858682], [7544200, 0.7641835496689244], [7629469, 0.7687278681633736], [7629982, 0.7630732869139311], [7640299, 0.7592843820287853], [7820712, 0.8098941290781032], [8018361, 0.7872535616087093], [8018402, 0.7754985991299056], [8075157, 0.7428038842814615], [8076948, 0.7348775197780162], [8164549, 0.7209077890994343], [8260428, 0.7542072404698756], [8378107, 0.7481163646762912], [8606864, 0.8219828739529724], [8607079, 0.7616840928721726], [8649398, 0.7768005937311614], [8649475, 0.7604401065212317], [8688412, 0.7619420077012885], [8758041, 0.6937091174226812], [8764528, 0.69334460581641], [8843285, 0.7401329950836726], [8843362, 0.7346706863799678], [8921761, 0.7856414826186043], [8921762, 0.7679270105809345], [8973251, 0.7568965989349639], [9000002, 0.7728775135394296], [9000003, 0.7638655565988794], [9058616, 0.7661041303241181], [9134605, 0.7995557141610609], [9134752, 0.7464063610372085], [9198775, 0.7682671271001373], [9199538, 0.7459601935464442], [9245743, 0.7719398240706329], [9290403, 0.734111740582513], [9340474, 0.75281047462516], [9360750, 0.7242779942552796], [9389887, 0.7414703540056335], [9465344, 0.7196788472543713], [9465347, 0.7147549575330756], [9481290, 0.7324717072738476], [9481637, 0.7311263832425409], [9543272, 0.7733916883769293], [9543729, 0.7043303139758017], [9568316, 0.7281198071856518], [9584729, 0.7504806802615575], [9629414, 0.8002998994752516], [9646155, 0.7893848737045607], [9657160, 0.7222570464627893], [9658165, 0.714930305750318], [9689188, 0.7478748360684817], [9693945, 0.7261693776879192], [9718206, 0.7056685146137799], [9749067, 0.7436434847599658], [9782054, 0.8288460010804469], [9782055, 0.8009178467869139], [9794284, 0.7905188493960338], [9799673, 0.7482934096524143], [9810227, 0.7279698461892677], [9821256, 0.7209407409684669], [9834437, 0.7500318194203243], [9839528, 0.758156012608193], [9841613, 0.6843685890564328], [9872676, 0.7044914423340093], [9882105, 0.6976612194158684], [9898038, 0.772127742703038], [9905511, 0.795648825867365], [9916268, 0.7210421843545325], [9933439, 0.7601940288882677], [9950932, 0.8340935977338209], [9951833, 0.7390642778215126], [9952106, 0.6710344255410057], [9962183, 0.836019817276967], [9962188, 0.8153641168396155], [9962451, 0.8192510779486026], [9963882, 0.8139131417034515], [9964441, 0.7272537530508331], [9964614, 0.7044692714199432], [9964621, 0.6937084591661276], [9967404, 0.7309197746488161], [9969311, 0.7185832254590249], [9970116, 0.7241319684963056], [9972503, 0.7035682527830708], [9972736, 0.6938440057306327], [9975625, 0.7708303928571555], [9979028, 0.8226628146667656], [9979037, 0.7928954709414516], [9979356, 0.7781268005916946], [9983753, 0.7555859821345596], [9985856, 0.7125105478280386], [9985869, 0.712000612684028], [9989602, 0.7557635102602948], [9990979, 0.6948441229893989], [9991370, 0.6500069303536142], [9993065, 0.7460707244577087], [9993924, 0.70199726777877], [9995077, 0.7970559853361685], [9995484, 0.8359992980905896], [9995485, 0.808150320068219], [9995980, 0.8094212510081443], [9996969, 0.8157424472428062], [9996970, 0.7620567639747988], [9997321, 0.7458910460754666], [9997754, 0.8633236078776647], [9997821, 0.8590397462152968], [9998070, 0.7971516615488676], [9998350, 0.6405413076522208], [9999051, 0.6821578739126025], [9999066, 0.6170460018719411], [9999069, 0.59581477381376], [9999408, 0.8105823483379245], [9999411, 0.7696377364224746], [9999412, 0.7612989107404454], [9999461, 0.7986636785857617], [9999534, 0.7681337672120074], [9999563, 0.7696238400660134], [9999580, 0.7675050999097028], [9999613, 0.8059378759460867], [9999642, 0.7066703845995809], [9999749, 0.9781728096206287], [9999764, 0.9144657467766142], [9999765, 0.8829755234647256], [9999834, 0.5523889223113324], [9999923, 0.9488135378406073]]}