{"seed": 828, "N": 10000000, "alive_speed": 0.761653075269248, "non_threatened_speed": 0.7632048114050655, "survivors": [[5796820, 0.7565382974166884], [8841201, 0.7406640427596528], [9968616, 0.7144712794329908], [9995891, 0.6811352308053293], [9999982, 0.6603918600956548], [9999995, 0.6281950463923094]], "still_alive": [[21470, 0.7632919392280781], [116469, 0.7555787217870362], [794886, 0.7814298472991442], [794887, 0.7664437307377929], [1075042, 0.760252151168033], [1580457, 0.7909563008604279], [1853984, 0.8132088940881299], [2024065, 0.7577045616055298], [2230626, 0.7736473648359795], [2473895, 0.7806693380382066], [2679868, 0.7361490987622298], [3560043, 0.7772172592858526], [3661828, 0.7833591971268699], [3663907, 0.7703467499455231], [3795274, 0.7422940790361052], [4087469, 0.7468022156497163], [4439052, 0.7681504963473953], [4522943, 0.7742073039660912], [4838712, 0.8008276296708713], [4852649, 0.7856833558483733], [4962838, 0.7527705667134184], [5276537, 0.7755906848990928], [5818773, 0.7483927506620706], [5824868, 0.7424355850824089], [6150447, 0.7700852308771673], [6150452, 0.7584491848441102], [6305343, 0.7668219597229216], [6306232, 0.7449254583146188], [6306307, 0.735784753146546], [6348010, 0.7384619692293843], [6349773, 0.7142371818092568], [6761568, 0.7363356621282656], [6762181, 0.731594678643372], [6849528, 0.7470700522732177], [6939787, 0.7324491151729244], [6940766, 0.7247534968510815], [7161609, 0.7623452997474462], [7341242, 0.7870584925633717], [7434507, 0.7628492423487351], [7445172, 0.7573662460655753], [7529599, 0.7723463320367978], [7529606, 0.7656303087032836], [7611179, 0.777388356743824], [7611958, 0.7294978821207528], [7632839, 0.7141210659109112], [7807538, 0.7543904336252758], [7857431, 0.7537465119462893], [7868376, 0.7343271072894417], [8021637, 0.7305590204753384], [8023548, 0.731007004911597], [8031291, 0.7247485053837869], [8229182, 0.804424494742139], [8246621, 0.7534979374964911], [8266788, 0.7530221746287354], [8266789, 0.7492660531752036], [8284010, 0.735858863636237], [8386529, 0.7519017659239056], [8590774, 0.7374291377617767], [8698737, 0.7454732672250806], [8798326, 0.8002572320793216], [8834061, 0.797446525668146], [8839790, 0.778029659472344], [8883618, 0.6955880551355885], [8951041, 0.7337105512074956], [8952612, 0.7304397365513906], [8979913, 0.6991307448057443], [9071148, 0.7659135653671815], [9071177, 0.7356951872426395], [9137832, 0.7672226314540753], [9176835, 0.8017593721723416], [9212636, 0.752664397844402], [9287603, 0.7437522495975], [9299570, 0.7332238841280281], [9299725, 0.7123693033423911], [9316528, 0.6965649850257586], [9317633, 0.6724557558364431], [9458062, 0.8046003141918188], [9467237, 0.7258345047259281], [9492390, 0.7507298527630477], [9504171, 0.7450596318645293], [9518718, 0.7418197660942428], [9535997, 0.7661733280309703], [9541666, 0.7361221926708731], [9542307, 0.7206191069474387], [9577696, 0.761955729482663], [9599251, 0.7173020256139069], [9641836, 0.751366519516719], [9645527, 0.7232116966259521], [9648236, 0.6756847285616062], [9721221, 0.7823794286862379], [9721222, 0.7466742493011421], [9721225, 0.7464429824696653], [9772496, 0.7318302525025779], [9794139, 0.7957541863342716], [9796272, 0.7712634600731778], [9803355, 0.7539705720825238], [9803366, 0.7212318336216716], [9829611, 0.7099230987822759], [9850072, 0.775126757912662], [9860477, 0.8123943470058803], [9863822, 0.8273359822019828], [9863995, 0.8112698549221836], [9877962, 0.7618582375043059], [9878089, 0.6719346788395887], [9900330, 0.7724449180202091], [9900635, 0.7540219445455911], [9910182, 0.8035370390238737], [9910189, 0.7986942660616652], [9910190, 0.7776377138417339], [9923725, 0.6688850150267026], [9938448, 0.7193710929927132], [9954953, 0.7813511800383133], [9954956, 0.7764079637789313], [9957721, 0.7910235058022692], [9965314, 0.8281298687428745], [9966403, 0.8131018921886248], [9968474, 0.8529620917780412], [9968615, 0.7983466690779562], [9968657, 0.6964369994358066], [9972298, 0.721199260492452], [9975469, 0.753667849690114], [9984264, 0.7693695385655666], [9985973, 0.6557082376161573], [9986094, 0.6602129943799221], [9988497, 0.7526266903285497], [9992498, 0.8653967352210394], [9992779, 0.7886163281982723], [9992860, 0.7501924850711618], [9993891, 0.8682785249194637], [9993904, 0.868942201594465], [9993905, 0.7005238308930541], [9994420, 0.7071473497750225], [9994527, 0.6909015250347522], [9995582, 0.7063889510174584], [9995585, 0.7065001403462388], [9995890, 0.722384905977332], [9995892, 0.6371368773613003], [9995895, 0.6272741239611852], [9996600, 0.6171597893280573], [9996609, 0.5986820301803751], [9998004, 0.9165394377850363], [9998593, 0.7679839252799732], [9998994, 0.899265907899062], [9999439, 0.9779952175871179], [9999470, 0.821098238867283], [9999493, 0.798753656535617], [9999496, 0.7336307379658165], [9999787, 0.8829534562525508], [9999790, 0.5185698819646333], [9999793, 0.5038642991351521], [9999862, 0.6186569300040383], [9999865, 0.6193174833278271], [9999906, 0.6901029020386756], [9999909, 0.6447023779119716], [9999968, 0.965724462243768], [9999969, 0.7638879145046694], [9999978, 0.9293499993207496], [9999981, 0.848016729505436], [9999983, 0.6171453290302046], [9999990, 0.8348775181914707]]}