{"seed": 942755601, "N": 100000000, "alive_speed": 0.9903954103649041, "non_threatened_speed": 0.9903954202688583, "survivors": [[0, 0.9903954202688583], [67, 0.8066344702364127], [11776, 0.7947201064133917], [9712417, 0.7675954144013001], [99999548, 0.7056521759393758], [99999961, 0.641336600165491], [99999970, 0.5807506973595093], [99999991, 0.47479090489292686]], "still_alive": [[20795, 0.7588822583516912], [2390478, 0.7698767416686647], [5104337, 0.7612128313013347], [5898976, 0.7625350512385904], [11088694, 0.7604542283576471], [15849143, 0.7649073904322004], [16738360, 0.762140545084281], [19576489, 0.7569389667209234], [20100652, 0.7604914717274646], [20101329, 0.7520433728388839], [21875872, 0.7454569334905536], [26854829, 0.7805373715767958], [26862682, 0.7723851501237654], [26877619, 0.7645826724996931], [28097198, 0.7763691707633149], [28097225, 0.7662014515659518], [28799474, 0.762506023098148], [31688195, 0.7535351949062047], [32320990, 0.755524992338948], [32350015, 0.7535247138402373], [32392608, 0.728915577984231], [35911837, 0.7670746732857757], [36570446, 0.7180424983608839], [42473649, 0.7897169327325707], [42496008, 0.7684742931329713], [42988021, 0.7541283412594697], [42989052, 0.7365334925996389], [43282629, 0.7328255729613222], [44142346, 0.7420152403743479], [45124581, 0.7488264499656436], [46256298, 0.7626308025684418], [47861883, 0.7690891949221406], [47864072, 0.7615894699606226], [49149753, 0.7565225529747046], [49437608, 0.7597858094187537], [51598965, 0.7673470847489651], [51871164, 0.7704642087738631], [52373053, 0.7603150592114644], [53840702, 0.7808186261122205], [54101927, 0.7815990344790888], [54107350, 0.7781461384105389], [55848361, 0.763977631833169], [55893508, 0.7462982141391938], [55893511, 0.7366566223846208], [55896266, 0.7337749044278552], [57428511, 0.750758428753326], [59132000, 0.7438356571783564], [59796491, 0.7308901661098194], [59955714, 0.7249518665535325], [60667375, 0.7306112646868032], [64868414, 0.7687437497354136], [65637141, 0.7583328744891934], [65942362, 0.7477621773343897], [65947247, 0.7418451924940478], [66441366, 0.7467158654148275], [67170477, 0.7375772879811068], [68688546, 0.7621427085107488], [68692219, 0.7441401404036718], [69826504, 0.7561370459796473], [70498955, 0.7668953642389624], [70498956, 0.7611404154543472], [70498991, 0.7468199831083502], [70507982, 0.7442187572134887], [71712485, 0.76278079682884], [71712490, 0.754073440712423], [72130431, 0.741455716042217], [72431342, 0.7467747201620456], [72851067, 0.7394736054435032], [73074624, 0.7397945254922796], [73790939, 0.7442079462991753], [73794238, 0.7401797894508885], [75500767, 0.7602015143827694], [75504250, 0.7600154296913095], [76249321, 0.7824345233802855], [76305150, 0.7763515480759138], [76305181, 0.7738532189261716], [76308362, 0.7695779675670457], [77047657, 0.758813243515809], [77061314, 0.7469780190108739], [77219033, 0.7480460293077814], [78180326, 0.7643833679500966], [78201885, 0.7436325810692016], [78724206, 0.7614219691098983], [79688311, 0.7920222689299184], [79688722, 0.7659545668499136], [79689169, 0.7556972410603058], [79689782, 0.7406566203253495], [81990899, 0.7763400023645038], [82379830, 0.7430019218235726], [82776511, 0.7506390044045317], [83405114, 0.7713332340393789], [83422213, 0.7668711721165987], [84132108, 0.7822809537968239], [84256585, 0.7660907910196774], [84875488, 0.7716238461201612], [84877409, 0.766066358196193], [85365588, 0.7486720772654709], [85365603, 0.7468004731955313], [85365604, 0.7283585540582209], [85891575, 0.748207598444189], [86057370, 0.7535623343081543], [86402485, 0.7194340179774836], [86815848, 0.7371385909451181], [87273713, 0.7562000245950321], [87438254, 0.7594782150116025], [87438841, 0.7317678077009843], [88407852, 0.7826904970378838], [88465833, 0.7498319234998427], [88468108, 0.7455437777462606], [88554785, 0.7404663004921386], [89621562, 0.7728121172338197], [89721153, 0.7670689356621803], [89721542, 0.7587008652582864], [90045497, 0.7521279717293089], [90124268, 0.7326352802504896], [90170369, 0.735117212223869], [91451152, 0.7680193574838655], [91614021, 0.763062586285418], [91616042, 0.7531488360231484], [91624505, 0.7476051245184202], [91941442, 0.7577750584166185], [92285887, 0.716881786398866], [92848158, 0.7041442106600727], [93252719, 0.7347041800652802], [93814254, 0.7790722965394735], [94299675, 0.7667125939359167], [94308618, 0.7671755752082755], [94320891, 0.7586878417290095], [94551172, 0.7491550643679501], [94871057, 0.7943512758638702], [94888472, 0.7945647682360163], [94901065, 0.7958967413306934], [94938908, 0.7996414546282188], [94946367, 0.7855917387084701], [95106452, 0.7734113527014762], [95125105, 0.7686480890647536], [95130788, 0.7279691610520163], [95518087, 0.7696513190980742], [95548524, 0.7563253596475118], [96201251, 0.7473045904308416], [96249806, 0.7055426762697039], [96395091, 0.7308550103505423], [96495614, 0.7411460810721687], [96551205, 0.7384752243658979], [96553594, 0.7228250828451142], [96749371, 0.7236330328364988], [96901014, 0.7447434058274837], [96941779, 0.7439725452669153], [97236860, 0.7262508524698571], [97237387, 0.724538996182547], [97480822, 0.7661945801323908], [97483779, 0.7524068442831948], [97552044, 0.7679291363689891], [97580669, 0.7527993891045249], [97592024, 0.7433284361843169], [97782891, 0.7924391247277336], [97784554, 0.7581829113636384], [97793003, 0.7507309937434926], [97848378, 0.7651968067119599], [97878545, 0.726165952081728], [98013330, 0.7401647489831691], [98019443, 0.72825214000195], [98171534, 0.7748625619285823], [98227507, 0.7267529721984364], [98243078, 0.7290791215201958], [98383135, 0.7852150733144467], [98383228, 0.7655273132560028], [98410059, 0.7702714183101199], [98416994, 0.7728432330914046], [98471773, 0.7868368948969253], [98472172, 0.7726144817041538], [98485821, 0.738937815317045], [98568916, 0.7682816765528633], [98633103, 0.785949009130701], [98633110, 0.7815533598346526], [98638509, 0.7566950104218992], [98655212, 0.7659499181748463], [98655257, 0.7513778208524615], [98729792, 0.7608275600243073], [98785281, 0.7864485073430966], [98785282, 0.7791817772984482], [98797373, 0.7565745311313609], [98930850, 0.7457547399836212], [98942827, 0.7494026220504159], [98975024, 0.7697049330562689], [98994343, 0.7489333739354984], [98994386, 0.7482457271138971], [99017735, 0.7625566331431423], [99034092, 0.7680403191902992], [99135755, 0.769033010954425], [99136802, 0.7663262525564919], [99149183, 0.74766479739066], [99149242, 0.7437559587329767], [99149243, 0.7207099428407819], [99189910, 0.7361959409116154], [99197433, 0.7298502916918301], [99251184, 0.7606326231497365], [99259105, 0.7241708600998144], [99259346, 0.7198555370542745], [99295107, 0.7551915439716278], [99363394, 0.8156596912591904], [99440957, 0.7737649189069702], [99465268, 0.7823754190669188], [99504593, 0.7577039379120549], [99507446, 0.7389239965246173], [99550361, 0.7873113304977685], [99626156, 0.7661196762888475], [99639015, 0.7693198979696344], [99639254, 0.7670088832946427], [99651803, 0.7692749593150467], [99651888, 0.7442728019833916], [99680145, 0.7394653910630558], [99680146, 0.6848108496593611], [99684221, 0.6491304375636608], [99730298, 0.756351423103895], [99767725, 0.7076614967233424], [99803942, 0.7517881455730694], [99821781, 0.7295431887090741], [99850878, 0.7798111247267696], [99880243, 0.87896334578406], [99880304, 0.8494343702907825], [99880615, 0.795661644209187], [99896402, 0.7920358704207339], [99906637, 0.7425477272520082], [99906644, 0.7370280372437874], [99916399, 0.7876756358611923], [99921340, 0.8016350926019233], [99921341, 0.7564773007381809], [99921346, 0.7435806462899388], [99922959, 0.6972914609065806], [99926882, 0.6843409151617665], [99932373, 0.6703806093869409], [99932374, 0.6679623652472988], [99936839, 0.6693075130313652], [99942656, 0.7347913033165789], [99946617, 0.7536799660086615], [99959214, 0.8089076613736045], [99959545, 0.7752106987501685], [99968306, 0.841098749390289], 