{"seed": 177791891, "N": 10000000, "alive_speed": 0.7849125602877127, "non_threatened_speed": 0.7850172030704178, "survivors": [[1332, 0.7850172030704178], [299375, 0.7738883905720741], [299928, 0.7564294236844517], [309503, 0.7515720869433303], [9949800, 0.7392733728079748], [9999999, 0.5054546062590091]], "still_alive": [[312938, 0.7336144702295618], [1356929, 0.7344729258731493], [1937090, 0.7786964811541222], [2038503, 0.7358794128602203], [2523146, 0.7396757826781564], [3069925, 0.7807592577294362], [3175492, 0.7455625524424929], [3699399, 0.7858873945945052], [3700506, 0.74721907099702], [3971537, 0.7605934173182963], [4085286, 0.7589161155429945], [4131639, 0.7595768486631055], [4131670, 0.7563588839663523], [4325311, 0.7413649301319734], [4499978, 0.718976453077527], [4501001, 0.7135968326863503], [4530586, 0.7158968763912676], [4782249, 0.724452421947738], [5492220, 0.7716849914395633], [5633391, 0.7736410435535084], [5772732, 0.7623304678070074], [5804171, 0.7660868567253049], [6032734, 0.7499445254067797], [6334947, 0.7771086926725788], [6440532, 0.7883797038133812], [6670971, 0.7568889479767003], [6705348, 0.7552490791333286], [6705679, 0.7444763244130332], [6816042, 0.7442036145874791], [6963027, 0.7638564500768246], [6963048, 0.7535957694043465], [6963053, 0.7453239162105315], [7190850, 0.7262677949402747], [7235971, 0.7266684208185258], [7356450, 0.7578074579137403], [7357049, 0.7526267459949928], [7357340, 0.7497971205585201], [7394327, 0.7449027327306124], [7527354, 0.7606442901309739], [7543663, 0.7604080036225863], [7619554, 0.7440348361055126], [7717661, 0.7588344648358367], [7730916, 0.7565468289519752], [7834739, 0.7348591162635152], [7844862, 0.7350488829608786], [7902409, 0.725702772330831], [8236660, 0.7480769402099021], [8302119, 0.7701122945819828], [8324670, 0.7547506528021357], [8438265, 0.738619318603676], [8509726, 0.7282873695459303], [8510573, 0.7094006146731376], [8735752, 0.7639039384461784], [8736235, 0.7591837171952177], [8758380, 0.7719865548654299], [8758903, 0.7442658985960262], [8875356, 0.7348943219588521], [8979771, 0.7677252273641183], [8979772, 0.7671786441200744], [8994787, 0.7588458698950795], [9056028, 0.7501967377612012], [9127933, 0.7538080437484876], [9180406, 0.7662124055034992], [9193843, 0.7433394951488781], [9210318, 0.7403669884946787], [9248773, 0.6929957603795821], [9315348, 0.7397523849985247], [9318939, 0.7337391712222001], [9425362, 0.8027829729557803], [9425363, 0.7673281682341987], [9544494, 0.7973223728859862], [9574381, 0.7663945393881413], [9575032, 0.7479421072100761], [9612041, 0.7307024932780102], [9612142, 0.7216419343255819], [9623689, 0.7215481824015083], [9625440, 0.7181178563282844], [9652257, 0.7547968549276866], [9653976, 0.7511178369225501], [9674981, 0.7657196023718743], [9692072, 0.7161723245395153], [9741155, 0.7976361333273226], [9741328, 0.7231007587842792], [9741383, 0.7098657645339245], [9763142, 0.7256986030324775], [9792769, 0.7624088759099776], [9803042, 0.7679590933189707], [9805623, 0.7661621808622082], [9813746, 0.772322568616231], [9836351, 0.7991448088885154], [9836450, 0.7686789476501801], [9839995, 0.7455230455316737], [9872184, 0.8431873811734448], [9875497, 0.7691753362907171], [9875784, 0.7091862025014151], [9884203, 0.6933685649899414], [9901400, 0.6979543458732181], [9921525, 0.817691336171711], [9921576, 0.8007015014594279], [9937739, 0.8124326491924571], [9940562, 0.8306245137940326], [9940699, 0.7565290704971455], [9953329, 0.7160927593758064], [9971522, 0.7623817951334365], [9971889, 0.7418881204367742], [9973056, 0.7506164786336228], [9974969, 0.7810096480092259], [9975786, 0.6727232832255321], [9975801, 0.6530547053441986], [9976142, 0.6508826924903767], [9982955, 0.8495649955921472], [9986376, 0.8778407216319266], [9986419, 0.8784624562408484], [9986444, 0.8346633602317639], [9988529, 0.8148605700740971], [9989170, 0.779475016534786], [9989171, 0.7745762113463339], [9989190, 0.7703794247399751], [9990483, 0.7029568973259125], [9991086, 0.7310872607921568], [9992821, 0.8138933516361204], [9993604, 0.6345134790742937], [9995259, 0.8091607379645599], [9996468, 0.7955382878996351], [9996509, 0.7258092947549513], [9996970, 0.7082104994467487], [9997431, 0.7832826442729569], [9997466, 0.7709669984747994], [9997675, 0.7981963732558157], [9998132, 0.7856704775687166], [9998325, 0.6021748347105981], [9998750, 0.7966464431624128], [9998795, 0.6409201358794044], [9999032, 0.6308690812954442], [9999471, 0.8007570931969025], [9999718, 0.6927576978467945], [9999855, 0.8081535331659441], [9999876, 0.8434747955471398], [9999877, 0.7082906460637614], [9999934, 0.7952081034000388], [9999949, 0.24237155905200092], [9999998, 0.8290947328403948]]}