{"seed": 177791889, "N": 10000000, "alive_speed": 0.8356484034823225, "non_threatened_speed": 0.8360338986744518, "survivors": [[4610, 0.8360338986744518], [7231615, 0.77633618850054], [7239460, 0.7626411119057904], [7474921, 0.7605507584407664], [9959992, 0.7347600075166308], [9960795, 0.7134766596245796], [9999308, 0.6931144580504873], [9999999, 0.24574456981980952]], "still_alive": [[7417, 0.7387773527868217], [972642, 0.7406397422962877], [2252853, 0.7833473479170273], [2254338, 0.7781157799022764], [2254343, 0.7778780987484214], [2743532, 0.816209611507988], [2752791, 0.7470286508770044], [2752854, 0.7384906647448227], [2970473, 0.7561650812389553], [3429420, 0.7766329433307808], [3432249, 0.7437331540291584], [3572666, 0.7441268226999878], [3838859, 0.7513586512050148], [3839928, 0.7436037579394434], [4303053, 0.7636911880706274], [4403188, 0.7552683854807442], [4628321, 0.7365320104060906], [5206326, 0.7881976128236794], [5244015, 0.7216998574749958], [5449606, 0.7287944838478955], [5449639, 0.7285754283976548], [5555376, 0.7420777635738846], [5679423, 0.7499374018455488], [6009696, 0.754079936291086], [6010377, 0.7462151014535171], [6304604, 0.7565406978431441], [6309989, 0.7530481066182082], [6347314, 0.7413950875292397], [6393267, 0.7497784571735276], [6650774, 0.7415992803964503], [6890397, 0.790922782526946], [6890430, 0.7700497338693219], [6956519, 0.7452588208654949], [7192276, 0.7988476350168144], [7556624, 0.7580013006196139], [7572525, 0.7327790803070423], [7596200, 0.7364352098794856], [7773107, 0.7765073589448002], [7851200, 0.7665499598793951], [8228441, 0.7862786767191187], [8253366, 0.7582724966827147], [8275079, 0.7495098144573927], [8350806, 0.7603611662100143], [8357277, 0.7578787129002261], [8436580, 0.7776601848987909], [8436591, 0.7380542304179891], [8460564, 0.7291472330619412], [8523003, 0.7591709071466047], [8537760, 0.7638970336191948], [8640703, 0.7970225462287898], [8641866, 0.7582797492522556], [8665297, 0.7214349902909228], [8729906, 0.747422423423716], [8826557, 0.7490887261008808], [8828932, 0.687208274880437], [8912949, 0.719584686506904], [9035118, 0.7775847551361683], [9076465, 0.7212362119873297], [9095360, 0.7272421499968099], [9097611, 0.7255814807192601], [9119012, 0.7388609245862763], [9120351, 0.7356990103424906], [9140892, 0.7395378620327353], [9197311, 0.7763890037491549], [9197388, 0.7697774807493951], [9206807, 0.7782023604122247], [9207716, 0.777985908613957], [9221937, 0.7787514384889305], [9234630, 0.7592430843175617], [9366863, 0.828309026232414], [9371994, 0.7786767554801433], [9405919, 0.7717723944440117], [9416460, 0.7633683046017976], [9416461, 0.7594792194884393], [9418750, 0.7204884338276757], [9449503, 0.7603699140056706], [9465352, 0.7206168111260594], [9488083, 0.7442954779100747], [9500482, 0.7530372400748485], [9526305, 0.781461197749759], [9543766, 0.7988506334966258], [9545645, 0.7832177953350725], [9565130, 0.707641543044464], [9610743, 0.7711460363339937], [9613116, 0.7372463365958601], [9613179, 0.7326122194404373], [9618668, 0.7295360625645209], [9655447, 0.8019592757437944], [9677412, 0.8532331242727992], [9677415, 0.8375821963123995], [9678396, 0.8223727003427267], [9698105, 0.772045978129432], [9735562, 0.7897953030877785], [9735869, 0.719094151719727], [9766742, 0.798077751989216], [9766765, 0.7317785079197789], [9801176, 0.7751062895671694], [9823585, 0.8305770655571946], [9823678, 0.7590961008684577], [9842899, 0.7049319752162947], [9866506, 0.7731382921275591], [9867191, 0.7682308386640685], [9867300, 0.7595063168112626], [9870953, 0.7645560820990616], [9871004, 0.7371497172388763], [9871057, 0.6916664523338347], [9882412, 0.7035842618097407], [9883421, 0.699539659670187], [9883422, 0.6768237291091145], [9896259, 0.7316454079944104], [9899200, 0.718172848388199], [9906529, 0.7185955369522713], [9917128, 0.8001236159614102], [9920921, 0.766920199996771], [9925424, 0.7598454009359972], [9930953, 0.7235529569133337], [9944304, 0.8376928729177887], [9944791, 0.7965764001778488], [9944792, 0.7630403552643507], [9948911, 0.8076544560038129], [9950544, 0.7844603448968489], [9950611, 0.7696438473179574], [9955882, 0.7706094184574147], [9959765, 0.7680593824023126], [9961192, 0.7114284693241169], [9961207, 0.6905792261876567], [9965706, 0.7251912026852176], [9966307, 0.6739222850899548], [9968614, 0.7205651892658136], [9968619, 0.6872432629136983], [9980220, 0.837697146733819], [9980661, 0.7439573722490982], [9980880, 0.7316033515338476], [9986537, 0.7907023675309888], [9988808, 0.8524875900988036], [9989141, 0.8369653274956941], [9989300, 0.7056108736397948], [9991025, 0.8189935044089424], [9991728, 0.8133040476021723], [9992151, 0.7382069406040934], [9992446, 0.7469650922733287], [9994751, 0.7953906542688389], [9995924, 0.9159804084315979], [9996351, 0.6973344366455453], [9996736, 0.6724345448821717], [9997001, 0.7288987315562429], [9997532, 0.6872411832406204], [9998039, 0.7724898560977833], [9998112, 0.7779670114506059], [9998137, 0.7696488774791301], [9998348, 0.6695537605644354], [9999123, 0.8423062825627894], [9999130, 0.6157389926435416], [9999283, 0.7005320477051845], [9999481, 0.7066753882919097], [9999618, 0.9568085626295242], [9999621, 0.76713397415023], [9999642, 0.6161212687153939], [9999735, 0.7192660609465578], [9999736, 0.6943772402429751], [9999779, 0.7571644299975111], [9999806, 0.5048519466423603], [9999811, 0.5149154890556427], [9999970, 0.9021459594309672], [9999971, 0.35119411075569984], [9999990, 0.6273292814176622]]}