{"seed": 873, "N": 10000000, "alive_speed": 0.7895318658388092, "non_threatened_speed": 0.7920476465268945, "survivors": [[31762, 0.7920476465268945], [48591, 0.7912288256827326], [207592, 0.7777009834759824], [208199, 0.7751916346614692], [208202, 0.7604831123093633], [222665, 0.7546110010759094], [9972790, 0.7398216057722927], [9999567, 0.6794335338252883], [9999850, 0.6518235389773506], [9999989, 0.6389283559872387], [9999990, 0.38802716112932534], [9999993, 0.3294859567415376]], "still_alive": [[222686, 0.7539281792495772], [406499, 0.7455509565068404], [832572, 0.7488473079366802], [1146935, 0.7296315994488327], [1290886, 0.740935577502738], [1752063, 0.7349688391839991], [2164910, 0.7575934800900805], [2175029, 0.7384883777112864], [2265614, 0.7368009971141997], [2744383, 0.7205513019971534], [3492980, 0.7746298184648417], [3492981, 0.7583979586487545], [3493128, 0.7562847766248382], [3493135, 0.7374437656462645], [3770872, 0.7644509502954341], [4451481, 0.758940976952254], [4497030, 0.7475832177294074], [4517145, 0.749267077962199], [4536090, 0.7382392793624537], [4614145, 0.7369088318167316], [5646514, 0.7926903650314653], [5730955, 0.7662143746520222], [5740532, 0.7325341854174436], [5789653, 0.7393643890298521], [6063058, 0.7445543946813473], [6159779, 0.7467890964410723], [6357426, 0.764202919146611], [6379487, 0.7653610405944653], [6592332, 0.769800877140891], [6621825, 0.7329819122745733], [6663494, 0.7286044778889584], [6865967, 0.7544877783098173], [6990764, 0.7612870529695737], [6998753, 0.7446843573403229], [7178556, 0.7247426653697637], [7382475, 0.7782691356716475], [7430040, 0.7629233249747147], [7431941, 0.7578266431402333], [7535466, 0.7672291989328456], [7562973, 0.7710222475179649], [7808444, 0.7747298860015629], [7930995, 0.7960928279004882], [7934132, 0.7922781935640806], [7970613, 0.774540153614331], [8021682, 0.7391600996721785], [8023697, 0.733781681206698], [8120866, 0.7250927760948471], [8499335, 0.7610432469180965], [8521300, 0.7274205609673281], [8540655, 0.7208582056734668], [8602120, 0.7231563716910077], [8671793, 0.7446254274662945], [8801582, 0.7992610521229021], [8802055, 0.7715801328038114], [8894620, 0.7725992071902815], [8896559, 0.7580322918954088], [8923522, 0.7186768519238855], [9018153, 0.7493734727050727], [9021436, 0.7291513281115166], [9037815, 0.7303926235798789], [9039686, 0.7207091187572514], [9171927, 0.7554210533093693], [9188732, 0.7625257507514821], [9218215, 0.7743995083190488], [9293274, 0.7647718607442833], [9319639, 0.7927758976699742], [9342584, 0.771018036271931], [9415073, 0.7744607404591188], [9462184, 0.8185962397450078], [9573007, 0.8318949479706077], [9575494, 0.6635921959088882], [9648931, 0.8003981239147498], [9654290, 0.8006833003973844], [9656767, 0.7484970761601337], [9656778, 0.7478858066886269], [9666079, 0.763955817776408], [9714476, 0.7918761207517562], [9719001, 0.8030912238158935], [9726142, 0.7593363338515505], [9726541, 0.7118138274387731], [9748254, 0.7540102847405467], [9748261, 0.7394355806241657], [9779988, 0.6826997708797796], [9817209, 0.7405335293715268], [9842850, 0.8349930655359679], [9843221, 0.8144361812720444], [9843304, 0.8051290942419191], [9843347, 0.7668376216605239], [9843478, 0.71127978917472], [9876453, 0.7365947727527671], [9881678, 0.6666798540921656], [9904627, 0.8252088006971389], [9904702, 0.7246889943529311], [9907259, 0.7290189576275785], [9911896, 0.7266832866098061], [9912417, 0.7196048089941943], [9912754, 0.7047890630774862], [9941813, 0.7626932051431112], [9950480, 0.7735709967423479], [9952431, 0.7536082635588458], [9955170, 0.6783494786487546], [9957335, 0.666152269580477], [9963472, 0.7521469294784141], [9965521, 0.7729493793768869], [9965810, 0.7764985863124255], [9970505, 0.7807288705866666], [9970506, 0.7577243652757458], [9972751, 0.7563292421922845], [9975605, 0.6786146640158529], [9977374, 0.7234104813940423], [9977787, 0.7203927804676591], [9982444, 0.759707424429643], [9984109, 0.7758395162261628], [9986636, 0.8585782902692569], [9986637, 0.8521654450508086], [9989410, 0.9645785604922452], [9989413, 0.8928470734142697], [9990280, 0.6592802899477855], [9991269, 0.7057920326825067], [9991334, 0.652841906364307], [9992615, 0.7575875864205995], [9992620, 0.700876052864055], [9993829, 0.716851180405834], [9994832, 0.7076997859088561], [9994963, 0.6634912994592778], [9995112, 0.6417229509087228], [9996317, 0.8328910030517381], [9996774, 0.9338858156680998], [9996777, 0.7772905009378677], [9996780, 0.7355275950246072], [9996937, 0.757751101250394], [9997158, 0.7648557591140966], [9997163, 0.7578926142365631], [9997288, 0.7304964968294334], [9998113, 0.656690519753517], [9998522, 0.6098501239722193], [9998957, 0.7852520962429071], [9998960, 0.747153982277885], [9999249, 0.6079025604347729], [9999532, 0.7612678743483372], [9999680, 0.6367191271167402], [9999699, 0.6519541486312284], [9999708, 0.5436216563182701], [9999753, 0.5964012994332896], [9999851, 0.6221631882644622], [9999908, 0.745450216845654], [9999933, 0.9813465961853971], [9999946, 0.6751028329305147], [9999975, 0.4777384929267535], [9999988, 0.8264843689038637], [9999998, 0.41022315435037837], [9999999, 0.7104568622431539]]}