{"seed": 928126117, "N": 10000000, "alive_speed": 0.8234845814558646, "non_threatened_speed": 0.82423026249978, "survivors": [[9046, 0.82423026249978], [5873893, 0.7713719801887512], [5973828, 0.7551430013426812], [9434515, 0.7426294651166964], [9434524, 0.7256009113502685], [9999989, 0.5800305330274854]], "still_alive": [[78847, 0.7667586044247613], [157922, 0.769553735051915], [324153, 0.7712580429676245], [344412, 0.743504414356996], [449969, 0.7453797523162176], [691056, 0.7641393067488713], [950541, 0.7420916930246948], [961794, 0.7428273866688192], [1036289, 0.7388470345658482], [1684100, 0.7769416045088221], [1696525, 0.7761652563574896], [2162088, 0.716145062874874], [3057311, 0.7756549796244385], [3086296, 0.7684067163651513], [3184843, 0.77764352579467], [3186726, 0.7615655931143402], [3376309, 0.7653085539343385], [3407056, 0.7642209563764333], [3581757, 0.7677046819862067], [3846550, 0.7865201007262669], [3849527, 0.7741728844554338], [3855668, 0.7426002295891924], [4445047, 0.7785388533591711], [4563044, 0.7952709575879354], [4621827, 0.7929822506293575], [4626728, 0.7743052659995113], [4814403, 0.7402211943895354], [4869568, 0.742640068165724], [5053475, 0.7575593867358472], [5089316, 0.7242205962140437], [5195979, 0.7321600845617817], [5410110, 0.7551468794247774], [5723637, 0.7850284408789672], [5723716, 0.768273007555967], [6042359, 0.7435766363424205], [6285464, 0.7621375558900836], [6406131, 0.7467464445884696], [6446142, 0.7475758010059389], [6485471, 0.736961439852329], [6625676, 0.7263978245345643], [6836437, 0.7550823282199711], [6877778, 0.7581352253835635], [6877881, 0.7519693227844156], [6942230, 0.7548574326626409], [7019891, 0.7605563578529739], [7019892, 0.7405485265666993], [7344391, 0.791729006731818], [7378582, 0.7395063897343943], [7379063, 0.7392026468566065], [7433912, 0.7318226653903019], [7580335, 0.7756723045924779], [7650046, 0.7808571552723749], [7674393, 0.7714083414784272], [7705038, 0.7529029784744063], [7713195, 0.7297286637596778], [7713932, 0.7261114749475246], [8087271, 0.7551375276365345], [8250596, 0.8182722100365076], [8281725, 0.7853991114488081], [8284306, 0.769199497254818], [8363309, 0.780115783993478], [8367758, 0.7772511763642886], [8469961, 0.7736645314844512], [8551426, 0.8035712733350211], [8551439, 0.7505381662781586], [8636774, 0.7192358138396004], [8666939, 0.73058274955292], [8702432, 0.7340135110870472], [8725865, 0.7438242782566997], [8738966, 0.7082940298297941], [9049993, 0.7912584910373731], [9050010, 0.7519972726268466], [9063329, 0.7490615820444885], [9063656, 0.7484565969924065], [9063919, 0.734787046616606], [9135714, 0.7756336581849517], [9169487, 0.771766807622366], [9186700, 0.7744333742820088], [9196815, 0.7408811849689428], [9198776, 0.7419697875559094], [9214683, 0.7312955333213996], [9264076, 0.7750968080021885], [9343571, 0.779899183248597], [9352588, 0.7797854537189078], [9352589, 0.7749109850897942], [9355042, 0.7666462625283322], [9486443, 0.730827726675626], [9486860, 0.7284799970129647], [9511865, 0.7439432565525608], [9512754, 0.7420365351900863], [9512763, 0.7343517751606431], [9534644, 0.7376717088573297], [9553971, 0.7626188749219036], [9579202, 0.8052905679478941], [9582339, 0.7656053620707662], [9583002, 0.7558157424849709], [9600763, 0.735555603397419], [9601742, 0.7341688575205864], [9602465, 0.7342969456829627], [9620570, 0.7320887205891634], [9620649, 0.6811888832869041], [9642260, 0.7105446632903173], [9644807, 0.7044124196732899], [9720808, 0.8049375621387114], [9721723, 0.7500726462121439], [9760056, 0.7262729556131801], [9774483, 0.7636091383560767], [9779394, 0.7710184556882732], [9789617, 0.7204375056148951], [9789620, 0.7095120346707999], [9799857, 0.7420205503340024], [9830456, 0.7630780143496755], [9831999, 0.7015937826849561], [9833614, 0.6933379483438112], [9871561, 0.827261317005656], [9879390, 0.8062999212746587], [9881441, 0.7425802828254033], [9885138, 0.7357898716334096], [9894171, 0.7058531622367419], [9904892, 0.7559377894664715], [9926057, 0.8780281575551748], [9926058, 0.8054653879436054], [9926581, 0.7989194771698388], [9927464, 0.7893184029789425], [9936469, 0.80596936625498], [9938816, 0.7882551914731286], [9942519, 0.6545959290318968], [9944636, 0.6088139238423341], [9956379, 0.716151103850195], [9966278, 0.7274212501790893], [9971847, 0.7320819490763147], [9974012, 0.7229030289667512], [9974039, 0.6660273284723915], [9979544, 0.8215008814012382], [9981437, 0.7923840453753536], [9982322, 0.8033198752562567], [9982361, 0.7923119684573431], [9982488, 0.7199602025192591], [9982489, 0.703902284279444], [9982490, 0.6672742426106473], [9987997, 0.8206338506255659], [9989384, 0.7800811282597399], [9990959, 0.7822891598842429], [9992304, 0.8147011259914322], [9992307, 0.7948056136107009], [9992308, 0.7400865751818674], [9992333, 0.7166989940808163], [9993522, 0.8388052530107573], [9994607, 0.8290265293158273], [9995112, 0.7651669777947745], [9995121, 0.7468994180367508], [9995294, 0.7705411693884898], [9995333, 0.7240919368393169], [9995388, 0.6754888149369688], [9996641, 0.7106040842426459], [9997230, 0.7180866202779496], [9998129, 0.8360942926247203], [9998376, 0.7575565355613594], [9998495, 0.6022797860795217], [9999298, 0.8199034716382193], [9999369, 0.8169318532995046], [9999380, 0.7567071262122135], [9999383, 0.7466021722412143], [9999384, 0.6630264937358051], [9999523, 0.7368726407678731], [9999524, 0.5107496841518879], [9999685, 0.7148142857521498], [9999778, 0.9350408240544905], [9999863, 0.7061423609500904], [9999910, 0.8447798597362923], [9999965, 0.8388056878103661], [9999966, 0.7944273187949058], [9999967, 0.5210384479587421], [9999982, 0.6022910602598337], [9999994, 0.8156329614878073], [9999995, 0.9083582184825819], [9999998, 0.25100198130356943], [9999999, 0.41163686191914595]]}