{"seed": 928126169, "N": 10000000, "alive_speed": 0.7966665688567598, "non_threatened_speed": 0.7966665688567598, "survivors": [[1560, 0.7808796911494353], [9298035, 0.7382729975781382], [9301448, 0.7358379439637265], [9999767, 0.511004223796478], [9999998, 0.4108947981707448], [9999999, 0.3657922001537124]], "still_alive": [[219317, 0.7545184478198653], [607384, 0.7563089145395239], [970433, 0.7609143138308228], [995932, 0.753588251473999], [1286125, 0.7240402656408631], [2134520, 0.783788133379206], [2167145, 0.7668980889957047], [2740224, 0.7853395774784789], [2740459, 0.7751746524876606], [2740714, 0.7696596172144375], [2808469, 0.7406725669713651], [2917338, 0.7402032669926952], [3429139, 0.7949967667673875], [3432268, 0.784153952927938], [3436863, 0.7794781114149307], [3503306, 0.7489214430618842], [3512527, 0.7460132581812607], [3513138, 0.7270574045603441], [3853317, 0.7598603180062177], [3920670, 0.7451877631654769], [3977245, 0.7345130044746049], [4373166, 0.7486854175670873], [4375031, 0.7455550089261851], [5070682, 0.7911406999101631], [5103009, 0.7837561439574657], [5103014, 0.7805774270208676], [5105421, 0.7683029896565724], [5145984, 0.7306867186420815], [5310247, 0.7253704184106532], [5328930, 0.7182485785542939], [5634277, 0.7525455962569417], [5795926, 0.74382492000171], [5796329, 0.7359592675749668], [5809388, 0.7365934122429287], [5944441, 0.7540301936454644], [5959766, 0.7524283009964504], [6226969, 0.7567310875752239], [6345352, 0.7452291003940653], [6707115, 0.7496149230283293], [7057932, 0.7738561426215399], [7093953, 0.7405118508468937], [7355848, 0.810679948558859], [7363419, 0.7726591422820068], [7363432, 0.754069845791449], [7573885, 0.8025865890568868], [7707082, 0.7302863710209169], [7891693, 0.7212684706018991], [8053352, 0.775658916982899], [8053357, 0.7625852756981247], [8137716, 0.7469356217795002], [8180495, 0.7574515048532194], [8180500, 0.7512879490801344], [8402235, 0.8014245571939124], [8433348, 0.7375443380004393], [8439583, 0.7381724104209247], [8584252, 0.7521675159819237], [8643331, 0.7650195249703137], [8678636, 0.7128095638120747], [8873079, 0.7945331159480538], [8873182, 0.7604664831512566], [8917299, 0.7657017810962674], [8998500, 0.7680344163308029], [9000389, 0.7159956573045624], [9161510, 0.8064041865652569], [9200709, 0.7643982309624296], [9297356, 0.7820885493085132], [9297365, 0.7559926225228633], [9297546, 0.7553236024561099], [9301485, 0.7301243282769505], [9326096, 0.6985782128769131], [9326447, 0.6767846457508099], [9424068, 0.7675782840009195], [9464375, 0.7953314868871129], [9486702, 0.7404017704282367], [9488511, 0.7316921633366513], [9526574, 0.780192836368436], [9578481, 0.7199684387302743], [9578794, 0.7112820049065708], [9581555, 0.6964128184275191], [9582080, 0.6757523812644328], [9582803, 0.6634850542903258], [9678124, 0.7589006715704602], [9680497, 0.7445294840052036], [9716860, 0.7058238892028533], [9737261, 0.7295818146536915], [9762472, 0.7659043684769521], [9764765, 0.7675835269848575], [9788530, 0.7211277651609111], [9788867, 0.7190505115544867], [9791522, 0.7255867407432512], [9814461, 0.7719534141525282], [9827664, 0.7991435965679864], [9827665, 0.7942674792654097], [9833104, 0.7442087777569965], [9833271, 0.7427136355412641], [9851420, 0.8127162625835057], [9881175, 0.7030413537475884], [9891970, 0.7230079734800893], [9903923, 0.7797177907418197], [9915618, 0.752484324020065], [9919641, 0.7718703253560371], [9925806, 0.7424809193988182], [9925817, 0.720312438329861], [9937364, 0.8314977035821316], [9938191, 0.8304715025406687], [9938518, 0.8089383405685752], [9938521, 0.6960910615312893], [9938592, 0.6923772412664085], [9943445, 0.6988972307233273], [9957974, 0.808556926726823], [9958097, 0.7738163870505373], [9958232, 0.6816998440817967], [9958341, 0.65242145450161], [9964126, 0.7376181559407226], [9970721, 0.839037370578664], [9974828, 0.9153341629004379], [9974883, 0.8032831982685882], [9975480, 0.7857433179255344], [9978239, 0.8113523441478447], [9981312, 0.8900264343715727], [9981319, 0.7543860812216291], [9981868, 0.7382865582607873], [9982007, 0.7082052734723021], [9984284, 0.7042449155841772], [9986533, 0.7832688027844523], [9987320, 0.8149725710353852], [9988705, 0.7891738697135795], [9988802, 0.787539279438178], [9988805, 0.783801650202112], [9988814, 0.6825289325820776], [9989651, 0.730152709876333], [9990014, 0.7109002326678232], [9990831, 0.7526495019887611], [9991786, 0.7235551174488467], [9992693, 0.7842516486233551], [9993924, 0.7373242799549178], [9994081, 0.7240585523293663], [9995028, 0.7410505021583907], [9995903, 0.7790845595329692], [9995950, 0.7562328976643276], [9996973, 0.7116929837704151], [9997060, 0.725130368042893], [9997245, 0.6446012774441165], [9997406, 0.6604445027017496], [9997431, 0.5944703505546922], [9998398, 0.7119787917210181], [9998733, 0.8049418115805355], [9998782, 0.7738856576270937], [9998783, 0.689182422082527], [9998844, 0.6684283414241642], [9999381, 0.962029637459179], [9999382, 0.8961490540776873], [9999439, 0.6856538685828473], [9999644, 0.9791453870676131], [9999794, 0.4610272404445145], [9999799, 0.39451911979184373], [9999924, 0.837306937847048], [9999997, 0.6081314753162947]]}