{"seed": 928126062, "N": 10000000, "alive_speed": 0.8706619776920674, "non_threatened_speed": 0.8706620647582651, "survivors": [[0, 0.8706620647582651], [1249, 0.849198862815623], [11838, 0.8441354041126528], [52633, 0.8250365768986407], [163140, 0.7927226412235687], [9828687, 0.7230001780864075], [9836616, 0.7112980127373724], [9999653, 0.6371458633943383], [9999986, 0.390861340184648], [9999987, 0.3109600709559215]], "still_alive": [[530313, 0.7753254332048799], [532188, 0.7718663750037003], [791113, 0.7668337312168282], [960714, 0.7727953718729305], [979549, 0.7416914379218779], [1513160, 0.7445039348968865], [1657999, 0.7563719005399309], [1778268, 0.7632922729904196], [2188985, 0.803229711338144], [2308996, 0.8014798303411395], [2326297, 0.7884914996303415], [2344778, 0.786275395823755], [2345087, 0.7684537581048672], [2550684, 0.7723869820460082], [2805643, 0.780750302615606], [2807706, 0.7687142620745405], [2897033, 0.7619097556176364], [2905388, 0.7598373534870024], [2977373, 0.7201024271162895], [3380468, 0.723290707964145], [3745059, 0.7552358628690471], [3846210, 0.7506037507813141], [3909057, 0.7535032102516315], [4108372, 0.7549394169598891], [4294413, 0.7679713891633861], [4404326, 0.7781656895355414], [4405063, 0.7712829212813953], [4421540, 0.7695673290725861], [4499119, 0.7782080472152433], [4571088, 0.7375492986752951], [4571147, 0.7360962669345605], [4719138, 0.755596272342363], [5027129, 0.726082190047945], [5545260, 0.757481720400073], [5736809, 0.7512309800522121], [5933240, 0.7420477915406098], [5940217, 0.7370570211930503], [5986422, 0.7422263259322237], [6293461, 0.7785054538592568], [6312000, 0.7650683952228042], [6349239, 0.7406835152946423], [6517470, 0.7585432363988253], [6517475, 0.7279737528571325], [6757600, 0.7513684118271424], [6889613, 0.7664655681250415], [6891610, 0.7667235453726746], [6891995, 0.7470979706865012], [6892024, 0.7339557779321605], [7051311, 0.7562751708153586], [7059726, 0.7512180919438738], [7490061, 0.7233543566293573], [7629810, 0.7528453585865341], [7735001, 0.7797497761786693], [7745836, 0.7769863348517349], [7885625, 0.7662044353578913], [7954986, 0.789293124691357], [8164139, 0.766220088616438], [8164768, 0.7549988711927599], [8166087, 0.7490626458575151], [8230804, 0.7658816390348768], [8304945, 0.7320525751565863], [8444974, 0.7761090103252444], [8503445, 0.7740142383769145], [8524904, 0.7317705880968272], [8656087, 0.7643052917727333], [8663202, 0.760694784796509], [8726573, 0.7808912302940898], [8762780, 0.7560177476743722], [8796241, 0.776178700304922], [8796532, 0.7664411003013428], [8798065, 0.7616161927705443], [8809328, 0.7513489112223063], [8949705, 0.7641836705370044], [8955994, 0.7012367248218971], [9111487, 0.7622463066625792], [9135050, 0.7743351390792835], [9180605, 0.762737884237103], [9187518, 0.7597611745031241], [9231669, 0.7628376851417421], [9231810, 0.7221167609995905], [9247991, 0.6950409945434206], [9318510, 0.7464305864523841], [9376097, 0.759939513148778], [9432782, 0.7646616695087344], [9433943, 0.7458521452026124], [9434304, 0.7235983656824029], [9447369, 0.7312548958624457], [9447584, 0.6574961415832569], [9580931, 0.7647603319660339], [9581790, 0.7213016676932912], [9685625, 0.7672399233605107], [9685794, 0.7492156673183626], [9686469, 0.743360837586997], [9743994, 0.7829510203350707], [9744739, 0.7649564789931549], [9759082, 0.7604011986128838], [9759145, 0.7545947950659692], [9761242, 0.7376173859175809], [9785967, 0.7810940038891893], [9787168, 0.7672721315210005], [9816727, 0.8452989097348741], [9827080, 0.8210669322640992], [9828962, 0.6882447012621769], [9834327, 0.7051209942336055], [9837191, 0.6985676198323169], [9876406, 0.7891604508463703], [9877773, 0.7132949290595043], [9892250, 0.7489457360217663], [9911395, 0.7257473196878427], [9912212, 0.7133335560445113], [9912397, 0.6995468517944036], [9912414, 0.6803390066552278], [9938497, 0.8132366113685245], [9938688, 0.7841754608293516], [9947055, 0.8124108478393279], [9948718, 0.7481916170518487], [9953605, 0.7520421601584136], [9953710, 0.6948953579475592], [9958807, 0.7679154714508002], [9963814, 0.8002672687397846], [9963847, 0.7502694022126768], [9966802, 0.7190826399050773], [9970657, 0.7545482145466398], [9972746, 0.763286108415344], [9978043, 0.875581924134134], [9978064, 0.8518671178852307], [9979817, 0.8348989765488487], [9982928, 0.8553274053116537], [9982931, 0.8485941954923409], [9982962, 0.796495478188242], [9982963, 0.7335668748943999], [9984598, 0.7519223131050933], [9987829, 0.720612137949821], [9987836, 0.6952618926411168], [9987847, 0.6659312779886102], [9988062, 0.6204015133688907], [9989597, 0.7057432417981953], [9989598, 0.6757675692556806], [9990819, 0.7328852320802891], [9991280, 0.6542977366623295], [9993665, 0.8244194534186088], [9993908, 0.7094328365447284], [9994463, 0.7382602379319353], [9995372, 0.7279966382374881], [9996105, 0.7004550563911395], [9996830, 0.7399422395659095], [9997509, 0.8637688468206952], [9998162, 0.8059374707122446], [9998227, 0.8225939772674319], [9998554, 0.8345776157407995], [9998559, 0.7759165370661695], [9998758, 0.6715382352391495], [9999151, 0.8624249784328737], [9999172, 0.8453152540600819], [9999267, 0.7411831105580904], [9999270, 0.7380363920679935], [9999271, 0.7205676409860976], [9999292, 0.7221271324860419], [9999493, 0.8723344317115538], [9999498, 0.8784207249554524], [9999643, 0.992494192468325], [9999646, 0.8875717889494803], [9999788, 0.7026656744155909], [9999821, 0.5186194049549807], [9999904, 0.8630679675697658], [9999919, 0.9388074476846047], [9999922, 0.9489595758908217], [9999923, 0.8392974261471795], [9999950, 0.7434932045188785], [9999953, 0.603816995559834], [9999970, 0.8802107077757529], [9999975, 0.872700652078304], [9999976, 0.7195315394566846], [9999981, 0.875597282952259], [9999998, 0.33703404018112904], [9999999, 0.4973303740045423]]}