{"seed": 948, "N": 10000000, "alive_speed": 0.8044920754363332, "non_threatened_speed": 0.8044920754363332, "survivors": [[2217438, 0.7683793372241371], [6383867, 0.7551061075601049], [9999784, 0.6865508920205061], [9999837, 0.6822782869758828]], "still_alive": [[554650, 0.7571928167843692], [1072123, 0.7849703781425368], [1159842, 0.735713575040338], [1569333, 0.7511746743073712], [1578550, 0.7504193512161982], [2017149, 0.765050741285854], [2223741, 0.7502429838326827], [2268202, 0.7347906659576312], [3115251, 0.7664769773054615], [3123510, 0.7634398908554964], [3123843, 0.737407211609551], [3135682, 0.7187946535304798], [3981083, 0.7532348860441129], [3984506, 0.7410926865741249], [4275961, 0.7743403769634827], [5454190, 0.7745993833586539], [5454277, 0.7480291227746596], [5461552, 0.7296772433586134], [6040323, 0.7635662585701911], [6261520, 0.7566293170367773], [6384000, 0.7538231663526949], [6384441, 0.7299250940534028], [6473316, 0.7482944422751205], [6534217, 0.750584850115323], [6543942, 0.7102535359777761], [6633097, 0.7283529087967235], [6803646, 0.7352573873561873], [6915443, 0.7574082352175201], [7067512, 0.7718022971206475], [7190447, 0.7767823995218909], [7200870, 0.74672523386052], [7200891, 0.7449509755471302], [7206294, 0.7447303529398077], [7212167, 0.7421646323203875], [7462536, 0.7817915045160405], [7507981, 0.7775608645889693], [7554990, 0.7572040177046732], [7735713, 0.7859669804473258], [7840482, 0.7164660793024374], [7936241, 0.7235060680470042], [8070180, 0.7674398488719194], [8144895, 0.7821730374578163], [8179018, 0.7174837395678458], [8335511, 0.7640545128461753], [8335848, 0.7563414090513444], [8473251, 0.7657484871709611], [8486264, 0.7571459276947887], [8772771, 0.8073616270339924], [8774520, 0.8032257017820661], [8780153, 0.7458890131792104], [8835184, 0.755441995819555], [8920955, 0.8047142723340088], [8995354, 0.7132146364067332], [9150291, 0.7259614646375901], [9205286, 0.7484397663248625], [9213085, 0.7295328858192813], [9272032, 0.7855692832924417], [9272051, 0.7740270010233606], [9334486, 0.7730109495101485], [9341951, 0.7580787012471405], [9341974, 0.7364059900595022], [9346343, 0.7341202937905755], [9375124, 0.7169482145476264], [9420399, 0.7316376584305181], [9470102, 0.7945030059841501], [9481823, 0.7438848390630812], [9516238, 0.7101729453760354], [9563975, 0.7146221341179195], [9578990, 0.7217424264291329], [9609437, 0.7002531242827795], [9690828, 0.7524398337955461], [9731463, 0.8165008607567807], [9731560, 0.7887211882412759], [9776067, 0.811701510804291], [9776644, 0.7929202330432888], [9776825, 0.7792769745158779], [9776826, 0.7536452194332262], [9802099, 0.7827554048524651], [9821204, 0.7618795989199296], [9826181, 0.7576009494090568], [9831640, 0.7390880301807052], [9838261, 0.7356644715181208], [9850740, 0.7323172394932373], [9867679, 0.7491243725661582], [9869056, 0.7464077094575645], [9873197, 0.7248968014517589], [9883644, 0.735352606044612], [9908213, 0.8373640103647346], [9910288, 0.7578351212972433], [9911817, 0.7672236390016286], [9912964, 0.7536991200255302], [9923379, 0.8035308176628567], [9924274, 0.7951841575562202], [9924277, 0.7794969610329161], [9925358, 0.7106426814724552], [9925375, 0.6868334477300542], [9932256, 0.7558314813189643], [9932263, 0.7450355593399792], [9940328, 0.8026841630431564], [9940337, 0.7559851873261544], [9943186, 0.7628026317130757], [9955119, 0.8458325492166097], [9957652, 0.7942269550992048], [9959473, 0.8200138436499758], [9959836, 0.7873145695128687], [9961465, 0.7795712893797775], [9962148, 0.747033470019434], [9965993, 0.7082177257048813], [9977532, 0.8576719464982945], [9977553, 0.846374694654488], [9979736, 0.8684961303483693], [9979943, 0.8183173278325675], [9979948, 0.695151917445726], [9980291, 0.6699093701627111], [9984076, 0.7974874282070872], [9984081, 0.7863318199022717], [9985240, 0.8381490515852645], [9985287, 0.7692870285831404], [9985362, 0.7127546645918619], [9985923, 0.7181774356823011], [9990264, 0.7615039725185541], [9990529, 0.7749293653430211], [9992706, 0.8836554067278006], [9992769, 0.8674001541643881], [9993130, 0.8434850053046389], [9994249, 0.7931342547919622], [9994252, 0.6992594914266164], [9995279, 0.7398045811759582], [9995686, 0.7615122618642115], [9995705, 0.7057341625812517], [9995892, 0.6310489261581795], [9996391, 0.6714985349249173], [9997472, 0.8437333504783152], [9997919, 0.8190295520717008], [9998002, 0.8266365811136385], [9998757, 0.8663733105513137], [9998768, 0.607284030562036], [9999223, 0.8199973289102463], [9999254, 0.8451607998179104], [9999255, 0.5305776637376991], [9999688, 0.7089425218295458], [9999739, 0.6930943696922818], [9999754, 0.7321812625309588], [9999771, 0.7121087663608084], [9999838, 0.659392105193403], [9999885, 0.8251121487646941], [9999914, 0.539407544487627], [9999945, 0.5816388789652039], [9999966, 0.9361723964602482], [9999969, 0.8541754535827503], [9999970, 0.8643832548889707], [9999977, 0.8802635082587569], [9999984, 0.4039468240775539], [9999997, 0.7369173106414921]]}