{"seed": 469401949, "N": 100000000, "alive_speed": 0.7935513014660617, "non_threatened_speed": 0.7943668540759804, "survivors": [[102666, 0.7943668540759804], [1988663, 0.7736151174556531], [99993708, 0.6904989482734496], [99999753, 0.6351293571351425], [99999816, 0.6204301674285423], [99999989, 0.4410827462938961], [99999990, 0.23273477571524748], [99999999, 0.16228271500461344]], "still_alive": [[261975, 0.7654664828728238], [1972570, 0.7747467768807098], [1990628, 0.7552096312929287], [2214157, 0.7532460903096622], [3447760, 0.736599396800506], [10612919, 0.7560039741456929], [11527478, 0.7475112028519275], [11637195, 0.7387377765788147], [18593608, 0.776272813415249], [20806987, 0.7470372348814627], [23083420, 0.7544515241070014], [24654679, 0.7654200359614993], [26736028, 0.7723798350181744], [26737251, 0.7720462816762341], [30069628, 0.7850135131978568], [30115413, 0.7492748153427338], [32852338, 0.7796080242971465], [32906739, 0.7593325163740925], [33018622, 0.7516403132312879], [33019167, 0.7478119649372315], [36101222, 0.7541880957072242], [36363015, 0.7259671485257768], [39796738, 0.7586161005261978], [40926965, 0.7678078702136156], [40927380, 0.7630272958270781], [41034303, 0.7590614795573974], [41034368, 0.7574193927985364], [41156021, 0.7431705852486453], [41156942, 0.7279855806366097], [42541689, 0.7432723434351525], [43487492, 0.7374105187411326], [47285389, 0.7449366567056959], [50532118, 0.7567275024009623], [51603427, 0.7520881949481847], [58092234, 0.7420647765676498], [58183789, 0.743612730961382], [58431810, 0.7464144062585928], [58701279, 0.7498772150258454], [59395188, 0.7383244614396121], [62112453, 0.7755023552073576], [62151082, 0.7721293118163918], [63882935, 0.780399173376667], [63975774, 0.739471470155705], [64015535, 0.7373412535210948], [65893848, 0.7621825636157875], [65940703, 0.7579194702797], [65981456, 0.7455096611382832], [66333265, 0.7484621737282837], [66383992, 0.7430597884617479], [66471099, 0.7388696520776814], [68107540, 0.7600437425334283], [68139345, 0.7449538057528436], [68139680, 0.7384215716074489], [68257889, 0.7289763177122431], [70181450, 0.7656924426342941], [70181499, 0.7504234281350924], [71167754, 0.7707591012269728], [71362135, 0.7663357758915686], [71461134, 0.7417924438919128], [71926637, 0.7526392660067438], [72472516, 0.7590237087682695], [73486005, 0.7693550719912323], [73715346, 0.7729816397278731], [73850147, 0.7627685434813957], [74647718, 0.7696288935595331], [74654251, 0.7658294959202184], [74956018, 0.772936174632165], [75000209, 0.754351659775909], [75623536, 0.7487843088495979], [75698907, 0.7495384306445347], [76701342, 0.7588947518647161], [76702755, 0.7486619334691517], [76706142, 0.7455672788441596], [77474735, 0.76525491060819], [77807142, 0.7626902628052119], [77832881, 0.7583327978464688], [78914754, 0.7809744406385447], [79108911, 0.7430880975250105], [79650674, 0.7592107181376093], [79650691, 0.7529896829035684], [80387380, 0.7750560887193446], [80388947, 0.7506243270661109], [81844902, 0.7516145469513997], [83011969, 0.7886788415696774], [83937628, 0.7545134613802685], [84635273, 0.7760932585948642], [84773908, 0.7803251546375009], [85685575, 0.7643753961437678], [85685602, 0.7602137372862008], [86337871, 0.7759597565512294], [86378766, 0.740515245405613], [86484081, 0.7456105335326609], [86534940, 0.7410172023499562], [86869171, 0.7418398761522758], [87200990, 0.7524169898644036], [87744067, 0.7480511032134938], [88144820, 0.7554849551919623], [88248491, 0.7551817460064195], [88601756, 0.76423129812169], [88940591, 0.785617754246406], [88940682, 0.768352399174851], [89688343, 0.737693918854231], [90672242, 0.7822282136465694], [90673535, 0.7616280201154834], [90721940, 0.7620436883421167], [90862507, 0.7594794046354721], [91146840, 0.751787469779884], [91713023, 0.7506430031253732], [91962538, 0.7734323865628148], [92199665, 0.7528699297371721], [92550060, 0.7721212472199885], [92712585, 0.736708378314521], [92889238, 0.751815116244915], [92969399, 0.7426992907754365], [93571044, 0.7818046779331047], [94129591, 0.7731586969064639], [94146986, 0.7702945196517512], [94147495, 0.7655142251941147], [94856206, 0.7945630492520109], [94919707, 0.7676982459682754], [94939454, 0.7697098619716226], [95172289, 0.7566019407204305], [95307182, 0.7488858587267301], [95307249, 0.7272760363894327], [95540948, 0.7380703089405184], [95995255, 0.7386557696337757], [96052854, 0.7431598289972035], [96266219, 0.7761591008411116], [96401100, 0.741204689682891], [96545397, 0.7704709346251233], [96553882, 0.7677612101321976], [96563013, 0.7652112979285441], [96582244, 0.7548555408104293], [96867755, 0.7619699550700755], [97009514, 0.7058331276706564], [97235699, 0.7629827119442445], [97236180, 0.7571853484027372], [97236747, 0.7415110525960199], [97240160, 0.719790468730001], [97240163, 0.7116679703917077], [97381924, 0.7381692342643434], [97514353, 0.7270899074235009], [97564316, 0.7082286626886101], [97627285, 0.6979293507573514], [97899494, 0.7787598822547812], [98041169, 0.7985553573814321], [98111252, 0.7506290137333396], [98259535, 0.8087162149024872], [98259540, 0.8053574611743252], [98260111, 0.7821421815327078], [98389114, 0.7384502485660738], [98426477, 0.7341722206797279], [98696908, 0.764742651171167], [98738219, 0.7582925125471008], [98807274, 0.7519654643526897], [98809863, 0.7507754865255786], [98812722, 0.7341397555354388], [99017971, 0.785523519184307], [99024972, 0.7691346426714579], [99025035, 0.7651473241218771], [99032816, 0.7378701408579358], [99032885, 0.7235682054850949], [99036008, 0.7249681957591729], [99124045, 0.7733704261147493], [99155162, 0.7192990368927994], [99237373, 0.7847669481351582], [99316840, 0.7912320142076494], [99326103, 0.7902421735474501], [99328692, 0.7590669069506892], [99345915, 0.7693254748472141], [99349254, 0.7537555986604935], [99380745, 0.768739023102722], [99381876, 0.7689805473316594], [99408601, 0.7643364240363668], [99428528, 0.7411816744743612], [99468199, 0.7413345532210022], [99469288, 0.7069638456302597], [99506281, 0.7419879049215687], [99518534, 0.7460400358172804], [99528177, 0.7605923574646393], [99583454, 0.8133937671037705], [99588541, 0.7775017826583234], [99590152, 0.7620176926631433], [99609987, 0.7681297513047581], [99609992, 0.7505944763393738], [99618463, 0.7540456928954888], [99618466, 0.7436093200373576], [99644091, 0.7709280991773481], [99651552, 0.761913614216323], [99672789, 0.8033515752477636], [99672792, 0.7475231513238993], [99729363, 0.7466874602553022], [99768230, 0.7877723195858689], [99797853, 0.8484026770320912], [99798480, 0.7132554345450628], [99798493, 0.7123156513205958], [99816210, 0.7800132511118075], [99816373, 0.7729530776667501], [99816520, 0.7422046362124344], [99837173, 0.812724847732167], [99842406, 0.7866872658061069], [99843055, 0.7541397183880467], [99852152, 0.783280601824298], [99868647, 0.8726500011361517], [99869272, 0.8121122759576876], [99870559, 0.7565924868457387], [99879232, 0.7873128198552835], [99906467, 0.7983264800703057], [99908064, 0.7190575745772001], [99909897, 0.728649403577525], [99912478, 0.7402712401862002], [99919443, 0.7709353161658982], [99925422, 0.8222676245361933], [99926971, 0.708404186698256], [99934000, 0.7425009934891127], [99934437, 0.7035311230741418], [99936362, 0.6821488565122018], [99949117, 0.767539512417641], [99949728, 0.7735019700299005], [99951013, 0.756745481807996], [99952572, 0.7672147466569631], [99955903, 0.796496751694223], [99956186, 0.7830463055818718], [99956187, 0.7791849951700697], [99956800, 0.7338736501461463], [99956817, 0.686502994317777], [99965660, 0.7574034593891689], [99971375, 0.8338993839779918], [99971376, 0.8299048081750423], [99975173, 0.6461826747585507], [99978918, 0.7342299891681432], [99982289, 0.7284823538443063], [99984700, 0.7934908346481433], [99986043, 0.7061834426645655], [99988504, 0.7485373861159768], [99988505, 0.7401074987847742], [99988906, 0.6995721096222285], [99991391, 0.8575153911907404], [99992212, 