{"seed": 470582566, "N": 100000000, "alive_speed": 0.910705634055758, "non_threatened_speed": 0.9107056431628143, "survivors": [[0, 0.9107056431628143], [23, 0.8833809240862689], [8774, 0.81942808304584], [89123069, 0.7454610770171024], [99997640, 0.7335018023320796], [99997653, 0.6870417810803265], [99999398, 0.654270187552736], [99999423, 0.6111714423001698]], "still_alive": [[197407, 0.7581132960317063], [510836, 0.75289633773878], [3124835, 0.7678753930332515], [3136720, 0.7608955121395264], [3702859, 0.7596197066776511], [8052648, 0.7784312213286706], [8495699, 0.7814353037277103], [8682512, 0.7640276059190424], [10843439, 0.7499801878041671], [15128394, 0.7539577144665419], [15128619, 0.7516329101252973], [15128758, 0.7398101687159087], [18763189, 0.7447800520795733], [21022504, 0.746507928110902], [23138063, 0.7666839104347212], [23353802, 0.757188015323964], [25801873, 0.779862187884738], [26235164, 0.7592322325211331], [27882501, 0.7648332414913225], [28753240, 0.7645508912630896], [28768449, 0.7574076382639777], [30748668, 0.7638450981577692], [30968013, 0.7477744885658727], [32784328, 0.715857843329486], [37470627, 0.7599974086827246], [38543118, 0.7593368163328791], [40051271, 0.7725972539234985], [41108930, 0.7463331845137152], [41944533, 0.7554440106210987], [42699584, 0.7577291782204422], [43016981, 0.7616477821100607], [43453466, 0.7607128112303995], [44886605, 0.7604730753336403], [45461576, 0.7624992868943608], [46964053, 0.763089716303336], [47147874, 0.7625026792426578], [47743369, 0.7645377519287039], [47827826, 0.7564085711588989], [47934937, 0.7476323612839706], [50464946, 0.7649564749319758], [50467239, 0.7611976644770777], [50993016, 0.7534161822751029], [51549509, 0.7509343215133366], [53012438, 0.7718479685480664], [54197071, 0.7324946925538472], [55554890, 0.7455443875315225], [55641919, 0.7414949309856009], [55644584, 0.7390817968590815], [56922031, 0.752111988464426], [57149926, 0.7464829497265023], [57313397, 0.7481243323586322], [57630304, 0.7493381833575375], [59643959, 0.777290578169187], [59704532, 0.7715077244990808], [59707013, 0.7686702604831863], [60365688, 0.7599696063672128], [61642545, 0.772850256839178], [61842914, 0.7600046735787924], [62953969, 0.7625109251240039], [64348466, 0.7773674931245189], [64354395, 0.7642606691715975], [65550970, 0.7881380218632159], [65632913, 0.7673207223471818], [68846630, 0.7784646178061108], [69304377, 0.76560260608696], [70161022, 0.7742421703207046], [70636839, 0.7637549214082546], [70650836, 0.7596379676699142], [71880147, 0.7563058455786176], [72952902, 0.7687409102175985], [73206931, 0.7598277076764566], [73309380, 0.7490106098843208], [76402507, 0.7716891342764381], [76508218, 0.76679454212325], [76580225, 0.7647816298475487], [77307872, 0.7835191157730502], [77665555, 0.7761752295137633], [78041538, 0.7583742260019076], [78166423, 0.7548039036265362], [78290728, 0.7586075890750549], [79351897, 0.7922596295202184], [79480548, 0.7853863131184153], [79534381, 0.7772644188170584], [79544210, 0.7525957821457836], [79906487, 0.740442051069353], [79912754, 0.7359004331769841], [80692227, 0.7643210115557928], [80837748, 0.7499143706829786], [81949309, 0.7625356486605156], [81954110, 0.7442682679074688], [82461841, 0.7462526511729057], [82619888, 0.7450184017865354], [82621607, 0.7322677439411339], [82831250, 0.7259831217979875], [83915383, 0.7530184084480666], [83948490, 0.7517039822613567], [84061209, 0.7506600942757249], [85120640, 0.7823916226750238], [85161277, 0.7659914930495051], [85478484, 0.7464152250551269], [85499049, 0.7472736676343282], [85499448, 0.7363062640610284], [86589483, 0.7175338113309332], [87206672, 0.7470278170730557], [88135023, 0.7892226171235904], [88135156, 0.7563406699887655], [88195231, 0.7585022570863413], [88523258, 0.763700399664722], [89218920, 0.7389090611628061], [89415757, 0.7201284340125172], [89916860, 0.7455661977228442], [90344619, 0.7458621711548569], [90794828, 0.7722768946984183], [90814111, 0.7647607418140414], [90941284, 0.7430586741823058], [90941459, 0.7376913692663074], [90941580, 0.7187914456008667], [91779147, 0.7769550418455515], [91918900, 0.7513279438238827], [91919429, 0.7477082793561384], [91928262, 0.7382948181653226], [91928285, 0.7323262128598201], [92318720, 0.7682277954234512], [92390403, 0.7521699768058273], [92606562, 0.7335298162960288], [93775229, 0.7693421453182268], [93775230, 0.7587036759090465], [93850321, 0.7462078341371193], [93891358, 0.7262638366641704], [93897741, 0.7098311878786949], [94343022, 0.7629776998466731], [94348457, 0.7326866649559033], [94504504, 0.7517960951165317], [94726737, 0.7352754373575798], [94733694, 0.7346092605898465], [94762393, 0.7338779415235845], [95225300, 0.7996090315114611], [95293249, 0.7473867570573245], [95489648, 0.7436824511581839], [95513479, 0.7473942503509279], [95513786, 0.7251821697119252], [95663915, 0.7420087664084044], [95696990, 0.7315385107905122], [95850649, 0.755484670594386], [95856314, 0.7536294098867862], [96291263, 0.721449256407487], [96519594, 0.7500711231771923], [96707973, 0.7922879121532881], [96718546, 0.750346763971909], [96723367, 0.7491461296625644], [96734672, 0.7422712613445307], [96740827, 0.7385305404113849], [96814478, 0.7469637985704826], [97028345, 0.7489193445255011], [97225956, 0.7809689559594297], [97228173, 0.7555697801933895], [97351334, 0.7556142311582981], [97351375, 0.7267391599207048], [97559816, 0.7590264117158779], [97571167, 0.7454434763240646], [97606472, 0.7421945562708673], [97606509, 0.7386508307117393], [97712652, 0.7646344957753975], [97715953, 0.7409917800359178], [97831892, 0.7588178746849785], [97978099, 0.7548539746415939], [97983486, 0.7180931317185317], [98083549, 0.7192104722019769], [98140720, 0.7150619667905884], [98142885, 0.7008493441869624], [98412996, 0.7758880657232269], [98655937, 0.7270160378555824], [98717228, 0.7556412962913259], [98737213, 0.7553938403856546], [98787622, 0.7601341625603912], [98787627, 0.7479619399342405], [98848546, 0.6935178333856464], [99001281, 0.7710243460230275], [99079142, 0.7823602691611842], [99097819, 0.7805589845163372], [99116450, 0.7634825370842606], [99123727, 0.7320881732654986], [99233724, 0.7970323709025423], [99244663, 0.7290907641583201], [99340190, 0.7950748117555023], [99340205, 0.7698386518410584], [99340210, 0.7565048011890972], [99340801, 0.6974266870845279], [99371812, 0.731815222568808], [99500331, 0.7923661826155529], [99500386, 0.7724463562127267], [99500387, 0.7271991432000379], [99523762, 0.7413192341660413], [99528681, 0.6915972283233991], [99548682, 0.7195273493323212], [99576371, 0.7623380418546929], [99576624, 0.7613782504576257], [99576631, 0.7339510741822571], [99621510, 0.7453191168557257], [99653295, 0.707665808742265], [99707146, 0.749241828590691], [99725953, 0.7687376682095093], [99787646, 0.7393039020380427], [99791741, 0.7247567639387651], [99826604, 0.7409306226162177], [99863651, 0.7310053646959999], [99880142, 0.7524918597371543], [99889947, 0.8121355759304126], [99890120, 0.7458364143908746], [99906871, 0.7914538182956747], [99907202, 0.7229550633742293], [99914419, 0.7705146403534284], [99926824, 0.8840931444901178], [99926845, 0.6909610594945728], [99928328, 0.6690139964316552], [99929217, 0.658653221735889], [99929358, 0.6226610522631183], [99939047, 0.7105387245972564], [99942288, 0.7437267757298873], [99951667, 0.8352404768609571], [99954730, 0.7457209814668084], [99969309, 0.6366470072043686], [99978606, 0.7802183344034983], [99978623, 0.7434401451362208], [99979626, 0.7739318660814073], [99985623, 0.8776451935161946], [99986354, 0.8165654624394317], [99986443, 0.7292623704600281], [99986992, 0.627243954657723], [99991133, 0.8101389000829972], [99991668, 0.775296908836564], [99991669, 0.7633259494159932], [99991750, 0.7333309701135358], [99993883, 0.6568992860947185], [99995850, 0.9178067484988552], [99995867, 0.763596436422525], [99996226, 0.7519274811506533], [99997263, 0.7591819518524551], [99997312, 0.7568760174688087], 