{"seed": 483722323, "N": 10000000, "alive_speed": 0.9182889280142478, "non_threatened_speed": 0.9182890198431406, "survivors": [[0, 0.9182890198431406], [361, 0.8653756506673753], [388, 0.8425653911325478], [8864321, 0.7334252452524751], [8893420, 0.73175325533133], [9961669, 0.7193897399240823], [9999992, 0.51984049741164], [9999993, 0.39180248129506634]], "still_alive": [[701671, 0.7631622317664291], [1536892, 0.7788468189754574], [1572803, 0.7429848428879607], [1631068, 0.7374902022867209], [1777417, 0.7328442294881774], [2239564, 0.7496400703404887], [2385289, 0.7606011436602051], [3122734, 0.7809007042429803], [3380501, 0.7799501554288439], [3458246, 0.7633893592870563], [3458283, 0.7551705898785055], [3458284, 0.7472512642953661], [3616481, 0.7478005572290845], [3619602, 0.730745445394746], [3622629, 0.7082114002207552], [4234312, 0.760203620060306], [4350063, 0.7537474609925087], [4424236, 0.734302607922856], [4680323, 0.7599022448012868], [4694874, 0.745405422252615], [4695051, 0.7394161082822789], [5001610, 0.7419785668822382], [5004957, 0.7421985689969227], [5309690, 0.7669030941608989], [5418523, 0.7526930967802846], [5418858, 0.733115417453835], [5669739, 0.7550492104278856], [5737490, 0.7612395108086987], [5767269, 0.7476010617140277], [5968702, 0.7558658660606817], [6120245, 0.7567705362414905], [6121102, 0.7450975569163386], [6121103, 0.7398018602465101], [6526520, 0.7492608927652813], [6653523, 0.733086915377315], [6669354, 0.7331548808922475], [6724315, 0.7207709490598168], [7058986, 0.7549384539396027], [7161263, 0.763532180156493], [7189226, 0.7099530726159374], [7244397, 0.7087695899768022], [7475362, 0.7696661229921078], [7614353, 0.770356720631159], [7865204, 0.8210667905853137], [7874297, 0.8019564673647844], [7874504, 0.79884420427826], [7895855, 0.7301336933919977], [7993762, 0.7480483032183295], [8101541, 0.7842982940939244], [8138942, 0.7620086309362205], [8138943, 0.748214092922555], [8187724, 0.7628411061215812], [8304271, 0.7418208594354311], [8367512, 0.7693918045906869], [8401741, 0.7646764405051083], [8401994, 0.761169988893978], [8437699, 0.7660223695589757], [8447500, 0.7660946985426018], [8484199, 0.7776011383888362], [8538734, 0.7344559978564605], [8554185, 0.7289592480151051], [8704698, 0.7641283789142322], [8822657, 0.7620804841094825], [8825842, 0.7618668694304395], [8868706, 0.7358465064109344], [8888607, 0.7488661160703084], [9082399, 0.740401192417251], [9189118, 0.7323061634506455], [9307095, 0.7607111442024607], [9313812, 0.7669841276770233], [9313839, 0.7526480113675247], [9326292, 0.7046930126306641], [9340933, 0.6894330239886672], [9415438, 0.7276079146409791], [9482877, 0.8134205982119871], [9540330, 0.8228131612363504], [9541377, 0.7676202347543731], [9552862, 0.7654512029276104], [9553071, 0.7585850082685002], [9584950, 0.7728522711867308], [9586319, 0.7601607898276124], [9594684, 0.751134631764548], [9646671, 0.821106930392843], [9646674, 0.7687898344946832], [9661515, 0.7886062023255551], [9662086, 0.7668786658981707], [9664561, 0.7692031136241446], [9664562, 0.7637565242248715], [9706037, 0.7817207665675115], [9731158, 0.8332899296967298], [9783791, 0.7501737865250472], [9798640, 0.7561300828790354], [9807907, 0.7459482804460663], [9813748, 0.7645698857954003], [9816115, 0.7700071177306397], [9818244, 0.7751621214627493], [9818277, 0.7601529825934705], [9865742, 0.8225372922986498], [9867209, 0.7400121086354097], [9892422, 0.7221738994220115], [9912039, 0.7942893883224091], [9912082, 0.7614394758687231], [9926859, 0.8208162917785544], [9937634, 0.713249002830629], [9943025, 0.779969411828468], [9943284, 0.7809285224199194], [9946551, 0.8117801900114383], [9958850, 0.7612164146881704], [9961702, 0.6512227939537921], [9962255, 0.6381979873317367], [9972288, 0.7114799839757103], [9972305, 0.6571605985768679], [9975282, 0.7164696094783141], [9975891, 0.6893301194279788], [9976322, 0.6869073136173556], [9979043, 0.7041874865772826], [9981438, 0.7453524373002944], [9983257, 0.7979064918447107], [9989264, 0.7957361389672717], [9990285, 0.7914630042150509], [9991116, 0.8126331952595334], [9993889, 0.6620337495302873], [9994822, 0.7000301778288648], [9995055, 0.6874045264018834], [9995330, 0.6876341585251474], [9996941, 0.8308021447527533], [9996942, 0.8085418742212425], [9996971, 0.749635014918023], [9997320, 0.8393522118540803], [9997413, 0.7290806777629759], [9998084, 0.7598204685275293], [9998483, 0.7088645970978269], [9998900, 0.8057469080661398], [9999353, 0.715264705991366], [9999426, 0.740283709051743], [9999693, 0.8459139572647718], [9999714, 0.866670162264571], [9999721, 0.8801924648781672], [9999724, 0.7342226019156937], [9999797, 0.5135892299051645], [9999826, 0.559477692217837], [9999897, 0.48721331602058093], [9999968, 0.9300307050136124], [9999979, 0.808111131373247], [9999990, 0.9561602918000545], [9999991, 0.9280702600855046], [9999996, 0.3239456299077146], [9999999, 0.8332445029225917]]}