{"seed": 928126104, "N": 10000000, "alive_speed": 0.9834043453996363, "non_threatened_speed": 0.9834044437400709, "survivors": [[0, 0.9834044437400709], [55, 0.9103018801870916], [56, 0.8243901597906603], [65, 0.8129936074023342], [15184, 0.8006578139789154], [41693, 0.7769740454549692], [8012352, 0.7701107998531047], [8425951, 0.7642442344940006], [9897552, 0.7464495398475188], [9999527, 0.714764580938241], [9999528, 0.7116201070600772], [9999967, 0.4705822437235433], [9999996, 0.4024903959766598], [9999999, 0.16197922734968306]], "still_alive": [[72922, 0.7662002009456564], [74445, 0.763044553074088], [123416, 0.7645007085322284], [550875, 0.7788011413865726], [797456, 0.774593290669688], [1052711, 0.7748480169832309], [1225744, 0.7659054638363505], [1228777, 0.7539725143258428], [1437258, 0.7443605403502007], [1623407, 0.7480947573368043], [2020088, 0.7850345855195587], [2020391, 0.7608237558332968], [2110116, 0.7687195213432355], [2165679, 0.7666598136160357], [2631628, 0.7736099741434169], [2719887, 0.7746779319774524], [3024452, 0.7559155439539188], [3120389, 0.7382061341867485], [3120392, 0.7210547786432948], [3341959, 0.7401787318549887], [3413444, 0.7425129912905655], [3493943, 0.7516492756843599], [3883974, 0.7531786741577565], [4159749, 0.7431288889499401], [4207698, 0.7252371795550326], [4280499, 0.7297765122140846], [4369732, 0.7171635403160177], [4372919, 0.7066102099835155], [4765920, 0.7444102592706933], [4932931, 0.7370783272986244], [5248778, 0.7680930744369849], [5557879, 0.7756340756695063], [5558268, 0.7665944707389664], [5851729, 0.7939367799838467], [5929272, 0.7767201914460048], [5983869, 0.7624304228003959], [5983892, 0.7437114656954956], [6106287, 0.7564801338231585], [6389032, 0.775147588601628], [6406087, 0.7575700223445647], [6551778, 0.7573443540159273], [6944873, 0.7917369276500049], [6967558, 0.7898909333998816], [6968243, 0.7856550239238121], [6975178, 0.786842375372017], [7032661, 0.7886028103218693], [7120420, 0.739417410284734], [7350893, 0.7636392413003948], [7564348, 0.8244131982260683], [7564957, 0.7854999367209369], [7564958, 0.7810679571608987], [7625939, 0.7714790449407914], [7628302, 0.7501503666515171], [7628537, 0.7490630096282344], [7933382, 0.8296904837583224], [7935205, 0.8238909545119786], [7971384, 0.8223878609173414], [7971395, 0.8080496968377396], [7974514, 0.7715574704525735], [7999647, 0.7751700319563317], [8201551, 0.729514897095683], [8201562, 0.7176788575167121], [8421329, 0.8011596273829383], [8425950, 0.7696201778809504], [8469796, 0.755489897414004], [8506421, 0.757839631141701], [8510080, 0.759590248314182], [8541967, 0.7287849704572016], [8550464, 0.7168444217802391], [8701719, 0.758428152741144], [8741898, 0.7665477843740909], [8741903, 0.7397777151240089], [8831262, 0.7554885860323001], [8969847, 0.7841438458916683], [9032888, 0.8029539566163743], [9033043, 0.7607967221144641], [9033656, 0.7551384640276806], [9072091, 0.7384240059724747], [9114176, 0.7442868631345239], [9203167, 0.810094169495319], [9221032, 0.8068148595836652], [9272601, 0.7763239505963055], [9272602, 0.7641605940379518], [9418093, 0.7961150737280589], [9420018, 0.7651497159012277], [9432835, 0.7158509511879615], [9496452, 0.7084016222699011], [9577083, 0.7606649632122255], [9577482, 0.7324388196453614], [9621815, 0.7980077815947161], [9667874, 0.8073524381880423], [9667879, 0.7711447764692646], [9667918, 0.7575651656162435], [9678739, 0.6991558538294891], [9739382, 0.789772856355289], [9744633, 0.7780196311361719], [9755660, 0.7771353062939368], [9761727, 0.7066133701407297], [9826608, 0.820547530824542], [9826659, 0.7993704558925375], [9835410, 0.7268330776700411], [9847055, 0.7672122732904838], [9849924, 0.7780824346058836], [9873031, 0.7935801536689965], [9873424, 0.7562912168615973], [9882223, 0.768849257257887], [9890080, 0.7428075556116079], [9896003, 0.7472839165840702], [9903429, 0.723450486084942], [9905412, 0.7266633341415877], [9929789, 0.8308604808451076], [9929802, 0.7950642499675049], [9931021, 0.8036721599377818], [9933850, 0.754107785714394], [9936747, 0.6520594946261751], [9944760, 0.7026936549076179], [9955651, 0.8593687110769999], [9955652, 0.8541635311926208], [9957921, 0.8015657682635486], [9957922, 0.7436639252113376], [9958291, 0.7382038715191057], [9958900, 0.6385423648001981], [9960413, 0.614065677183177], [9967818, 0.7445286427924614], [9974455, 0.7146114929538463], [9974466, 0.7007035453913283], [9974669, 0.705440744533989], [9975836, 0.7016305380328007], [9977887, 0.6795487580445885], [9978312, 0.6914927469803692], [9981765, 0.8027718984142382], [9984550, 0.7804176772049408], [9985577, 0.7824993422170748], [9988002, 0.791553423838164], [9988071, 0.7164673994297488], [9988448, 0.6934331758304606], [9990381, 0.7902109596842204], [9990870, 0.7549020663882577], [9991247, 0.6949944366085434], [9991490, 0.6553093487561317], [9994415, 0.8141801182478495], [9995884, 0.8384426269093568], [9995885, 0.7853148773488564], [9995886, 0.7410395730412205], [9995899, 0.6155903113130063], [9996354, 0.6284134627495798], [9996943, 0.7359496134381069], [9996950, 0.7021680685376066], [9997467, 0.7055689497358766], [9997814, 0.5864986472531927], [9997957, 0.601260501049202], [9998402, 0.7192891829823974], [9998951, 0.8088986592347818], [9999184, 0.8183985017028359], [9999207, 0.6541078590527168], [9999440, 0.9135321041248893], [9999511, 0.9252768779885044], [9999514, 0.8801246247578739], [9999517, 0.872046398628312], [9999520, 0.8743220097149585], [9999625, 0.7652346464981431], [9999718, 0.9968593249560371], [9999771, 0.6563323708093732], [9999778, 0.4735464241440883], [9999877, 0.721112515514458], [9999892, 0.7040823596600698], [9999907, 0.7595228619715818], [9999918, 0.8399137393273083], [9999965, 0.7611765949078544], [9999966, 0.7210591356759094]]}