{"seed": 483722210, "N": 10000000, "alive_speed": 0.912304385211509, "non_threatened_speed": 0.9123349484292251, "survivors": [[334, 0.9123349484292251], [379, 0.9000394549020414], [392, 0.833915530824226], [13681, 0.8101625224605624], [13698, 0.8010313756905757], [4431439, 0.7760852872612706], [4432156, 0.7579276521835154], [8309375, 0.7491670114337686], [9978192, 0.7439886005382985], [9994515, 0.7275372184422696]], "still_alive": [[20693, 0.7698682915961276], [539768, 0.7808477629034377], [587811, 0.7658053926718619], [665432, 0.754772684383398], [743637, 0.7568799964862319], [923658, 0.769531933525232], [939183, 0.7700876436808884], [1099496, 0.743689211963398], [1218475, 0.7403728238812599], [1953360, 0.7612326803835461], [2691521, 0.8063397898856196], [2830174, 0.7729244297097528], [2830371, 0.7689145297414346], [2876264, 0.7571749493295564], [2947465, 0.7635264726573212], [3038968, 0.7695061935939581], [3440719, 0.7886752566716685], [4382526, 0.784170488624217], [4432157, 0.7207692304381875], [4838520, 0.7318364044089534], [4845723, 0.7156567349530096], [5219412, 0.7482924218288675], [5223511, 0.7364542271925026], [5289240, 0.7401227029728837], [5489835, 0.7664542161547695], [5805658, 0.7713969421525505], [5969613, 0.7647937780985303], [5972620, 0.7526253254710414], [5994903, 0.7524064316964397], [6115148, 0.7679266572847758], [6180595, 0.775331530290143], [6359720, 0.7779767438755835], [6439901, 0.7493776112108933], [6867448, 0.8103539976072093], [6868917, 0.7952101557093906], [6870510, 0.7815924847077851], [6984881, 0.776674868549072], [6984902, 0.759235523479669], [7153855, 0.799839783675868], [7153882, 0.7784203605545564], [7153931, 0.752845289090905], [7354032, 0.7802466998044458], [7357043, 0.7458479027355862], [7451364, 0.7675936515148791], [7451377, 0.734505952387952], [7550194, 0.7437311589115893], [7576187, 0.7358287276325061], [7613168, 0.7357247088573763], [7621591, 0.6977831525584169], [7669650, 0.7120162361387343], [7832925, 0.7646258173872359], [7832930, 0.7633284321893617], [7836417, 0.7386539433158635], [7838076, 0.7326808906422461], [7841691, 0.6824628953628846], [8150722, 0.7830021624585508], [8173719, 0.7710450511851793], [8174598, 0.741216122954712], [8309317, 0.7754488320330453], [8309374, 0.7638433844765287], [8380530, 0.7349289987258804], [8407713, 0.7301425737595675], [8418426, 0.7347343935990854], [8418799, 0.7346251612796418], [8630164, 0.7587790196307097], [8632569, 0.7431365103472155], [8632752, 0.7295041920907508], [8681459, 0.7377423572803252], [8733096, 0.740752305722395], [8759243, 0.7535289206107655], [8760280, 0.7538660479434481], [8772375, 0.7554437217048326], [8873512, 0.8081045490700681], [8877715, 0.7739519945280117], [8918918, 0.7603919723246544], [8946421, 0.7793224794584352], [8949330, 0.7619332808684193], [8964339, 0.7643043688201058], [8995826, 0.7514788987682856], [9012137, 0.7633305205192306], [9047576, 0.7845106103318632], [9059461, 0.7390031823504234], [9080766, 0.7416767734838309], [9085267, 0.721837903146215], [9163224, 0.7068088266346366], [9207021, 0.7288040329632436], [9215694, 0.728507146011465], [9305725, 0.7892132849900029], [9305936, 0.7818779804046776], [9347909, 0.7495762332527155], [9417462, 0.7466858884919813], [9434189, 0.7672856542919144], [9434190, 0.7152508660209286], [9532181, 0.7471433999381936], [9572098, 0.7370418294173838], [9590699, 0.7625036664998635], [9599870, 0.7605502869212697], [9601649, 0.7469982002041977], [9602868, 0.7474579719328431], [9602973, 0.7242296440441391], [9603936, 0.7212122709578257], [9603991, 0.7025470983876368], [9632824, 0.7417678068586835], [9653719, 0.7720656847809668], [9660974, 0.7056504915606122], [9681283, 0.7438420138786841], [9704604, 0.7553032566710256], [9728197, 0.789082404530507], [9730362, 0.792686283267927], [9731555, 0.7704443659299038], [9732862, 0.7501188481324406], [9740743, 0.7621921426124549], [9746416, 0.7237662339727438], [9780369, 0.7475934245941298], [9788870, 0.7565562258683115], [9788895, 0.7311311137147233], [9822234, 0.8065122694863477], [9822245, 0.7976196290303842], [9824650, 0.740428628529001], [9848027, 0.7907031861026621], [9857062, 0.7366165259640854], [9871389, 0.8035304479988123], [9882136, 0.800772468021419], [9882239, 0.7795181189061676], [9894226, 0.7568586373237698], [9902853, 0.8104899199885163], [9904252, 0.7921385861043189], [9918119, 0.766244349436138], [9918164, 0.76645363102583], [9928471, 0.7729723989139947], [9931532, 0.7519201318440135], [9933145, 0.7611100530416418], [9933152, 0.72569133472005], [9951285, 0.8080565765116867], [9952326, 0.822705673516567], [9952327, 0.7678649435830146], [9952646, 0.6683276184327676], [9955663, 0.6646108148527621], [9962874, 0.7047238950682163], [9962895, 0.6991318203623503], [9965212, 0.7136294564225678], [9965927, 0.6797588532976432], [9965976, 0.6649613228635954], [9972661, 0.7852713746206555], [9973942, 0.785547817720629], [9976397, 0.7898111055831144], [9978931, 0.7214604151424335], [9979642, 0.7111060770901434], [9982635, 0.7250768250009548], [9983478, 0.758464325150287], [9984421, 0.7564464739637639], [9989698, 0.8370234735547158], [9989983, 0.821427659109284], [9990050, 0.6728341914932057], [9990761, 0.7193566900671121], [9991154, 0.7447610327908584], [9992301, 0.8261514342226864], [9992302, 0.8181149198821949], [9992585, 0.6982271975386384], [9992978, 0.735545910572713], [9997766, 0.7469630436543537], [9997901, 0.7717728632478921], [9997940, 0.7212328725014966], [9998685, 0.7693008667925356], [9998902, 0.5250282111056744], [9998903, 0.5187222667410719], [9999212, 0.7217481973490776], [9999453, 0.6541595653500127], [9999468, 0.5827295828856048], [9999593, 0.7131828812333664], [9999700, 0.5776210156296158], [9999847, 0.8867334669245576], [9999896, 0.5325473146063904], [9999901, 0.5525058341354121], [9999914, 0.619964822173233], [9999931, 0.7245667820891868], [9999946, 0.5506470379681507], [9999951, 0.5668127053488], [9999952, 0.5272982961627211], [9999953, 0.46090849766903774], [9999970, 0.63091456711869], [9999977, 0.592242243749654], [9999980, 0.5004538871074101], [9999991, 0.3904137906449443], [9999996, 0.7703401341727083], [9999999, 0.5111389469584462]]}