{"seed": 928126223, "N": 10000000, "alive_speed": 0.8490668369360584, "non_threatened_speed": 0.8491438542759396, "survivors": [[906, 0.8491438542759396], [1239, 0.762063143996417], [9995054, 0.6820460781793316], [9999997, 0.6326543706085703]], "still_alive": [[5566, 0.752870386940442], [94691, 0.7557363534762478], [113368, 0.7193310936569135], [292323, 0.7316201496033852], [778700, 0.7482143443633591], [867147, 0.7538959089238643], [867254, 0.7514823546731544], [867275, 0.737984127319205], [868418, 0.7338811689101992], [888013, 0.7351934029737095], [1585728, 0.752323109883422], [2203175, 0.7476138465983969], [2643040, 0.7581736935897575], [2669421, 0.7516846270671622], [2711418, 0.736988589946461], [3043579, 0.7497669442465498], [3266976, 0.7637829426437729], [3717681, 0.7623900753653167], [3743600, 0.7470062846706385], [3836871, 0.7405540767757188], [4426030, 0.7444482862496836], [4562249, 0.7431241565348234], [4569672, 0.7413432633146392], [5195211, 0.7833066014574268], [5284122, 0.7387969917527156], [5567619, 0.777748050479196], [5757382, 0.763623870375332], [5949931, 0.7546162052050133], [5968746, 0.7387735600934342], [6103691, 0.7033612633273756], [6429998, 0.7643211931691715], [6558281, 0.7731601102116982], [6558282, 0.7706715690004673], [6575015, 0.7184588268145768], [6883796, 0.7711691947198387], [6883799, 0.7633895544346909], [7187196, 0.7598462865430439], [7270885, 0.7565181885299347], [7323262, 0.750704161331583], [7510563, 0.774749960966256], [7515120, 0.7339104708232574], [7528529, 0.7371431623116568], [7605054, 0.745966759817308], [7827139, 0.7840586913808625], [7896526, 0.7727583595103714], [7985353, 0.7610281404958441], [8126212, 0.8121058859536414], [8215971, 0.7514326986404243], [8233932, 0.7408143019065758], [8362493, 0.7871505830728083], [8410894, 0.731944063415186], [8627765, 0.7922016888178163], [8627778, 0.7531203575276578], [8639219, 0.7548018659816549], [8684838, 0.7741048270864502], [8729767, 0.7731465187893239], [8797174, 0.7857790313831892], [8797327, 0.7740275345137263], [8798258, 0.7622489095607602], [8840809, 0.7889261517494236], [8841932, 0.7638055596034229], [9053397, 0.807553379015868], [9080438, 0.7806417850545667], [9080747, 0.7520214390615926], [9086678, 0.7553712249513188], [9086699, 0.7402093284193144], [9086710, 0.7276688405524688], [9182679, 0.7194919930274105], [9203308, 0.7064546460199925], [9270951, 0.7318393242955185], [9271132, 0.7294520458183481], [9271185, 0.701781670974381], [9346512, 0.7441795410175832], [9347073, 0.7425623143244386], [9348576, 0.741723986554788], [9469879, 0.7841448719357819], [9499364, 0.7699501493557787], [9499367, 0.7481014422236111], [9515984, 0.7732012273908144], [9517979, 0.7625484230800632], [9517980, 0.7449314791645072], [9541745, 0.7655261290881606], [9547820, 0.7375355197645364], [9591389, 0.7800738108376469], [9643836, 0.7163249792964701], [9646317, 0.7059605070224192], [9688732, 0.7358536662325418], [9704153, 0.7348459224197768], [9713490, 0.6901582045963006], [9765713, 0.8233850976011364], [9780398, 0.7966285316595186], [9781595, 0.7527415033518742], [9782146, 0.7322696651309971], [9782207, 0.7232792768403787], [9799278, 0.7487615196085189], [9813231, 0.7622953054901331], [9814148, 0.7532603796054477], [9821625, 0.7531923409401104], [9823282, 0.6968895241611566], [9835575, 0.7111184147724969], [9838066, 0.7070293789970806], [9841807, 0.7044512276103863], [9845988, 0.6963666110276384], [9873443, 0.7394216232531166], [9873872, 0.7081954680302689], [9879965, 0.73612617824817], [9885054, 0.7442699951223533], [9892765, 0.7277707546954991], [9910280, 0.7925046510287412], [9910427, 0.7933501271653016], [9910892, 0.7579191079698485], [9913611, 0.7257872391342137], [9921400, 0.7931888702370806], [9924311, 0.7359296350115152], [9924312, 0.7254981096743769], [9929253, 0.7667037090238886], [9936094, 0.7492540720110589], [9941587, 0.7212738970679918], [9941784, 0.6752822537288261], [9955245, 0.7358771930713017], [9955268, 0.7116987374801892], [9956495, 0.6867688247668174], [9956510, 0.6350432340131129], [9961901, 0.6973599535365357], [9961904, 0.6711728241532878], [9964457, 0.6948486700985891], [9967428, 0.7388550247604236], [9968583, 0.7025280626407477], [9979650, 0.7457063315045352], [9979779, 0.7396440694227082], [9982030, 0.8088863605285268], [9982077, 0.687622310720222], [9982784, 0.7025170873518758], [9987441, 0.8701405786390475], [9989874, 0.8579641726309896], [9990299, 0.6752031345231206], [9991286, 0.7017023901909161], [9993015, 0.8123012611361284], [9993122, 0.8119660145861106], [9994081, 0.717607374324996], [9994654, 0.7398483427858594], [9995043, 0.7911569002278533], [9995489, 0.6525158317885371], [9995490, 0.5643887266628161], [9996909, 0.7311143552620579], [9997158, 0.7846013154230173], [9997307, 0.7973988416052151], [9997328, 0.7116883614474985], [9997773, 0.7757782559159064], [9998530, 0.7438131082214393], [9998961, 0.7928040383817816], [9998964, 0.7908788478829278], [9998975, 0.700114138934052], [9999012, 0.6759304975794362], [9999063, 0.6708179376475889], [9999186, 0.5954021350852887], [9999377, 0.7637772025524568], [9999388, 0.5988925983110456], [9999405, 0.6120496919329335], [9999492, 0.5396176513337797], [9999669, 0.8232858042128772], [9999800, 0.9114439027996399], [9999875, 0.8359464111280928], [9999900, 0.7665451423060448], [9999925, 0.5360654097186393], [9999986, 0.9519796063527727], [9999998, 0.5916832895020188], [9999999, 0.8176677620498837]]}