{"seed": 928126204, "N": 10000000, "alive_speed": 0.782134305320837, "non_threatened_speed": 0.7872253700020709, "survivors": [[64670, 0.7872253700020709], [1237321, 0.7519489342871458], [2735332, 0.7477612964083287], [9953761, 0.7185213890491445], [9992902, 0.6818674895417379], [9999989, 0.6685009930013799], [9999994, 0.6397433945427022], [9999999, 0.14294868338805677]], "still_alive": [[438229, 0.7367701674646536], [895976, 0.7600754040892087], [1239684, 0.7464925475086757], [1492685, 0.7624572394561171], [1604718, 0.7267119691381754], [2735309, 0.7509729553844507], [2959103, 0.7396048801841812], [3421944, 0.7432996416462458], [3551403, 0.7488879049586231], [3551468, 0.7400225230181899], [3980777, 0.7815809318328063], [4009300, 0.7505908385375261], [4123111, 0.7574112410429511], [4229422, 0.7369447553221297], [4325915, 0.7411434097954783], [4335526, 0.7395123927198536], [4493243, 0.7318341367386294], [4507198, 0.7282290988283096], [5095499, 0.7995111103853392], [5095582, 0.7822085853099557], [5543751, 0.7581202450563146], [5682092, 0.7613965527755288], [5822029, 0.7607319089832639], [5886596, 0.7660958306288097], [5886597, 0.7324553290143413], [5922296, 0.7265439656063475], [6280697, 0.7799290488896192], [6284472, 0.7345022593303037], [6453227, 0.7323098901707031], [6688304, 0.7502818626205274], [6764139, 0.7472707706820169], [6860458, 0.751333325686078], [6887741, 0.7520407929528601], [6947618, 0.7321154456565464], [7216119, 0.7599589514377024], [7216340, 0.7503034403370122], [7552647, 0.7608923736580071], [7552758, 0.7264507674985469], [7624867, 0.7349834471220789], [8011840, 0.7542051429225027], [8013809, 0.7438656986647902], [8030198, 0.7493459184703852], [8031567, 0.7323686776523994], [8224852, 0.7738207301048359], [8225101, 0.7739075891064865], [8226116, 0.7738200983726241], [8232965, 0.7640634022684772], [8288464, 0.7804726469545087], [8350705, 0.780339948515997], [8379634, 0.7750820205916095], [8404379, 0.7728238365425193], [8408626, 0.7592593557180752], [8465801, 0.7366984621160324], [8471432, 0.7143176587372875], [8756089, 0.7711499760246052], [8789968, 0.7778249319316637], [8803683, 0.7636450092261987], [8820356, 0.7462269172404817], [8869427, 0.7659469660562767], [8886182, 0.7508217193898483], [8886183, 0.7411112350753917], [8909070, 0.7484455035218589], [8917051, 0.7411939472392267], [8921326, 0.7194087020689577], [8975373, 0.7297821274458347], [9015102, 0.741775141950298], [9037829, 0.7579905448506568], [9076606, 0.7430730991920205], [9180525, 0.7108720380715048], [9186376, 0.7105806660016067], [9261363, 0.7361329414916156], [9314894, 0.7787232580214771], [9374749, 0.8032794072009906], [9374768, 0.766747891338189], [9431511, 0.769683352265374], [9432914, 0.7602903504328127], [9505373, 0.7390933209594311], [9505604, 0.7074161400688582], [9548539, 0.7426886248202972], [9548540, 0.6947425303995082], [9597585, 0.7014741024586212], [9650874, 0.7539695534056605], [9654107, 0.7419080196808621], [9745960, 0.7922926445934739], [9745979, 0.7856098759248817], [9760032, 0.7979074794989384], [9761187, 0.7779562775473937], [9780180, 0.8369195069486972], [9780183, 0.8262258074399664], [9786368, 0.7699961422545847], [9824005, 0.8080685213428702], [9825346, 0.8106915049895089], [9825363, 0.785435837696496], [9858564, 0.9399371204529131], [9858567, 0.8798848422333767], [9858806, 0.7364105172532299], [9862033, 0.7482725247329647], [9870002, 0.686760609128697], [9884147, 0.7395352899189681], [9885574, 0.7147130052546625], [9895855, 0.7164780832727005], [9904732, 0.729143248773284], [9915945, 0.7076229253359705], [9919182, 0.7167571808772045], [9946109, 0.789900129605269], [9948890, 0.7539344751927497], [9949755, 0.6898019328490105], [9949762, 0.684427607839349], [9951107, 0.7018331562238792], [9953760, 0.7211708793834005], [9964072, 0.6559668807985763], [9964123, 0.6405777596386509], [9971002, 0.7234693460452867], [9973613, 0.778151566781386], [9977532, 0.8420354571436378], [9978431, 0.798639644547344], [9978690, 0.7661235236150525], [9978719, 0.7548685904280524], [9980412, 0.7522223021600419], [9981183, 0.7284189609683124], [9986078, 0.817255125456966], [9986701, 0.8462079097899438], [9988310, 0.7371618071814388], [9989733, 0.8286727427932029], [9991342, 0.920636474589263], [9992345, 0.9033220272713116], [9992526, 0.8825246897130756], [9992893, 0.8599757156732879], [9992903, 0.6166315183103879], [9994998, 0.6183059771689384], [9996005, 0.6568909315685502], [9997242, 0.6461933051808827], [9998203, 0.8204456887106425], [9998888, 0.8153768675145656], [9998893, 0.7383097648102673], [9998918, 0.6238761097877773], [9999155, 0.7795763900523935], [9999192, 0.8056283314218202], [9999275, 0.6145517740283633], [9999528, 0.7019721021835669], [9999673, 0.6207035254828801], [9999786, 0.621144640835887], [9999839, 0.7657204766321949], [9999882, 0.7367004351500099], [9999949, 0.729112780761331], [9999964, 0.8239203684423264], [9999965, 0.6987297350799644], [9999970, 0.6839052492041462], [9999971, 0.6184643193633597], [9999972, 0.5943071378502616], [9999983, 0.6738486834600853], [9999988, 0.6960877996373867]]}