{"seed": 483722154, "N": 10000000, "alive_speed": 0.7930631569975722, "non_threatened_speed": 0.7952313550703518, "survivors": [[27264, 0.7952313550703518], [8763901, 0.7709435928317827], [8825160, 0.7495161403985325], [9999957, 0.6188597376821612], [9999982, 0.5797425555142275], [9999983, 0.5717992041786784], [9999984, 0.5436978737359425], [9999997, 0.31385565414870176]], "still_alive": [[218217, 0.7477305785203567], [288352, 0.7439565173239664], [374653, 0.733552726161968], [530734, 0.7225447330305826], [1711053, 0.773225258312326], [1906882, 0.7866697808351304], [1907147, 0.7718162232487505], [2768764, 0.7637373525684074], [2768927, 0.7588001678332762], [2906166, 0.7492485484049093], [3332521, 0.7576702447633906], [3352222, 0.7428048426911547], [4103219, 0.7656441563152356], [4103552, 0.7593656069899091], [4574489, 0.7767196999043594], [4596924, 0.7649040795068974], [4596925, 0.7577701876016762], [4603428, 0.7409609360704456], [4609615, 0.7354186750068501], [4995330, 0.7468094333748766], [5327523, 0.7695053732190105], [5360130, 0.7580397238831376], [5530479, 0.7541316565057108], [5606130, 0.7497689980921537], [5618621, 0.7360647555607787], [5779472, 0.7589756963708982], [5783729, 0.7437087022047265], [5874568, 0.7504717524604348], [6154853, 0.7839465380908643], [6154854, 0.7766468759426433], [6154897, 0.7719654583323649], [6300874, 0.7684292401691187], [6531835, 0.7786836828065518], [6531836, 0.7751826382402233], [6559411, 0.7403491921776185], [6598326, 0.747054575767227], [6599673, 0.7399372608927801], [6603458, 0.7223559390300267], [6603701, 0.7192325936076174], [6719906, 0.7436841318790024], [6968251, 0.7456462793836973], [7138304, 0.7520699167551013], [7249073, 0.7761359096131225], [7255188, 0.7752079609774254], [7255827, 0.7733309544604379], [7499276, 0.7895775975929409], [7756659, 0.7878572495030746], [7771416, 0.7768544704985886], [7843015, 0.7803595486508997], [7850834, 0.753752078434891], [7927111, 0.7629842622892307], [7956320, 0.7652636102353917], [7956323, 0.7410534239996467], [8076126, 0.7461472881788594], [8139671, 0.7351559395971861], [8395080, 0.820415983463867], [8411297, 0.8121032084775548], [8425984, 0.8186025488629278], [8430165, 0.7971365311586525], [8465372, 0.7931799613741005], [8465391, 0.7836974829658229], [8466508, 0.7721816718640787], [8556073, 0.7392265611811758], [8650494, 0.7653382580700302], [8661445, 0.7269308457301236], [8736488, 0.7688149945147417], [8843239, 0.7284876586877335], [8845338, 0.7174910639681719], [8876383, 0.7262873506658425], [8889228, 0.7269634619893368], [8948005, 0.7308324940173164], [8959006, 0.6959930384734148], [9018085, 0.7125038121008908], [9120788, 0.7924412641866886], [9149875, 0.7895051108599558], [9159248, 0.7735316471716893], [9183571, 0.7336069228080525], [9186374, 0.7348652427388846], [9230725, 0.7707398323078418], [9254394, 0.7071902924089033], [9334161, 0.7848089710542042], [9337232, 0.7868882569825805], [9338643, 0.7248819357283828], [9338662, 0.6960154808564702], [9379865, 0.7298605134188727], [9455932, 0.783892748400939], [9463431, 0.7310545677641209], [9463436, 0.7150664406727203], [9464535, 0.7084813783699279], [9494274, 0.7153418074917469], [9531469, 0.7706278133153487], [9531490, 0.7218404615970376], [9572095, 0.7739429944363784], [9592396, 0.791030432881995], [9630729, 0.7723121539626872], [9651720, 0.8092608127045479], [9651851, 0.8087103583870288], [9652122, 0.7603488477141147], [9653857, 0.7128754194090093], [9655852, 0.7151939082334822], [9662853, 0.7224405250852979], [9668190, 0.7233115525043087], [9698133, 0.7897145349275574], [9708928, 0.6908785623606956], [9710925, 0.6827344202158735], [9742670, 0.749699533318593], [9753105, 0.7698539062713196], [9758700, 0.7369473464733497], [9791673, 0.7742065347725757], [9795002, 0.7273079486797709], [9811277, 0.764393986898501], [9831350, 0.8277740447344898], [9839215, 0.7835882410013766], [9839222, 0.7615446289467012], [9865793, 0.819636115599747], [9873018, 0.8105823313781676], [9895127, 0.8404056262891768], [9907046, 0.7837584581132387], [9915059, 0.7757712571957377], [9924238, 0.710980840088488], [9928673, 0.719311879782537], [9938378, 0.7338328790012872], [9939263, 0.7277299320765337], [9942478, 0.7476342198161932], [9946509, 0.7447253691584964], [9949308, 0.737026431151529], [9953049, 0.7902550682626357], [9953118, 0.6974467358531958], [9953219, 0.6933057546618981], [9967612, 0.6936085884512782], [9972527, 0.8138244154053145], [9973244, 0.7579656201623842], [9973679, 0.6857043443306944], [9975722, 0.6813615996357947], [9980645, 0.7472070919859982], [9984402, 0.6418855339304417], [9987921, 0.792363686479499], [9989648, 0.8083431502805525], [9989649, 0.7505696469033908], [9992706, 0.8082852700462503], [9992847, 0.7122365498031002], [9993014, 0.7289318093626488], [9994153, 0.8590048217838211], [9994166, 0.826307024131078], [9994169, 0.7578531303838052], [9997802, 0.874944428307308], [9998119, 0.8268505683292176], [9998222, 0.8489652232457401], [9998389, 0.7819755998999208], [9998762, 0.8147414644872965], [9998855, 0.6625170564503738], [9999162, 0.8301686270654075], [9999163, 0.8036174571921324], [9999262, 0.7216109300102187], [9999527, 0.8899718464219355], [9999566, 0.8289043444079253], [9999655, 0.7987072989715919], [9999746, 0.7588203236598952], [9999807, 0.7470981711490072], [9999862, 0.8148755755664502], [9999893, 0.6571147300444166], [9999956, 0.847683275114336], [9999968, 0.5441716321980369], [9999981, 0.6092511347614726], [9999985, 0.5279508401125294], [9999996, 0.5957573397570883], [9999998, 0.20335129785784], [9999999, 0.2842385556081578]]}