{"seed": 957, "N": 10000000, "alive_speed": 0.8981450242522171, "non_threatened_speed": 0.8981450242522171, "survivors": [[12, 0.8066077538407371], [3345671, 0.7685317368946202], [4701676, 0.7465324369787761], [9997099, 0.6944288620318311], [9997100, 0.6546443237545088], [9999995, 0.44879816177921494]], "still_alive": [[764477, 0.7343560475501265], [901894, 0.7417077448293664], [1377083, 0.7361090097711762], [1674878, 0.7433856390844478], [2282551, 0.7833917664271257], [2291506, 0.775336195909968], [2291961, 0.7383881009085589], [2781104, 0.7870504501508062], [3802464, 0.733046324141944], [3802481, 0.7245987126765675], [4018740, 0.7464820120419414], [4019515, 0.7384763507982228], [4538528, 0.7973109915482128], [4541377, 0.7621547199383643], [4765257, 0.7450610236600279], [4765396, 0.7253073754565571], [4835731, 0.7293230374884646], [4843534, 0.7282836639173383], [5146479, 0.7629184925053347], [5149370, 0.7544640986716868], [5351741, 0.7329388607803178], [5644030, 0.7456934297810537], [5880743, 0.7432944946878125], [6039304, 0.7694184668181169], [6255727, 0.7797075724458623], [6292432, 0.7390814720956266], [6442457, 0.7331943890511655], [6631230, 0.7470932998599237], [6631499, 0.7438943810537357], [6954032, 0.7704191661956058], [6954045, 0.7664634776842696], [6954254, 0.7398436255986867], [7096221, 0.7756355670371224], [7103880, 0.721071965723188], [7375509, 0.7477957795785364], [7375656, 0.7343954300479039], [7376057, 0.7331306545983688], [7376674, 0.7232202850276283], [7655067, 0.7537504616447598], [7845006, 0.7766807751680636], [7848833, 0.754763193934897], [7848834, 0.7451820228779439], [8047525, 0.7681387952004443], [8168416, 0.7412719192459788], [8447025, 0.8195195681010511], [8455556, 0.7795355825294203], [8456475, 0.7798606851270232], [8530702, 0.7899644323829864], [8535341, 0.7522660556561003], [8544238, 0.7486360979321448], [8628339, 0.7814636497018972], [8628362, 0.7644013818253039], [8628775, 0.7611091407262581], [8633730, 0.7411832154459373], [8766755, 0.7291863750041918], [8861390, 0.7377889680786088], [8872277, 0.733433754805518], [9021522, 0.8231377095856991], [9021523, 0.7864234754356051], [9024148, 0.7807737190593769], [9074603, 0.7507452976161076], [9085948, 0.6554667035695093], [9086009, 0.65131472402396], [9197524, 0.7393311752061188], [9272643, 0.8074881223882943], [9274206, 0.7578985221962052], [9279151, 0.7597318562092815], [9279704, 0.7581372988687273], [9285165, 0.7634587447559987], [9293490, 0.7357358165482757], [9375481, 0.7734084207985236], [9433684, 0.7784517833463016], [9451321, 0.7940558944861134], [9453948, 0.7847401709324414], [9454207, 0.7730887012242766], [9515966, 0.7845959071919055], [9564557, 0.792526299691999], [9578260, 0.7562280770418666], [9579463, 0.7504263449898285], [9615660, 0.7691290848347256], [9659797, 0.8070958391062016], [9660450, 0.6816987838502956], [9702775, 0.7562254295514067], [9726760, 0.7870079781634529], [9727271, 0.778337771510589], [9733820, 0.7497133999260248], [9752333, 0.7585152342847206], [9779664, 0.8106883249648437], [9844281, 0.8305848823198925], [9844592, 0.8271633394948271], [9865037, 0.7994075426510459], [9871878, 0.7794794459827119], [9881335, 0.7834869217044241], [9883664, 0.7591333017013129], [9895365, 0.7943258399449636], [9909194, 0.8553529375444151], [9920631, 0.8613891403120942], [9920702, 0.8251841486687881], [9920719, 0.8202985052997122], [9920864, 0.8033060441726289], [9921143, 0.7707028177698487], [9922780, 0.7705920872210887], [9931429, 0.7318862433742019], [9933988, 0.7332036656807623], [9933989, 0.7153964420766968], [9947488, 0.8110149300259138], [9949459, 0.7211376576400426], [9949704, 0.6987538525594392], [9955543, 0.7567232310493341], [9959398, 0.6624605445304038], [9968493, 0.7969259910436723], [9968494, 0.7056545059256037], [9973273, 0.8049099448425805], [9978108, 0.7298384923701263], [9981455, 0.7456769554369469], [9981460, 0.6976994539799031], [9984757, 0.7630069906400181], [9984758, 0.7358022012139542], [9988241, 0.6977567772961011], [9988878, 0.6144008801786343], [9988879, 0.5975458010096986], [9988882, 0.595641473737251], [9988887, 0.5932701964610975], [9995578, 0.9297503809821352], [9995609, 0.9216172560991612], [9995752, 0.8258127996541038], [9996327, 0.7522707376010922], [9996846, 0.7514112813318223], [9997109, 0.6534175681797787], [9997370, 0.6835203355166669], [9997867, 0.6430918733486726], [9997914, 0.608751571574748], [9998697, 0.8920376314592715], [9998710, 0.820907725053886], [9999127, 0.9931423667364113], [9999356, 0.5302993231733301], [9999653, 0.7345070550085672], [9999772, 0.7126166898932715], [9999777, 0.6537841265501673], [9999814, 0.7380774790147612], [9999829, 0.6494898341790157], [9999862, 0.690644822318419], [9999863, 0.6066375868723123], [9999966, 0.8618163840665942], [9999967, 0.816135288173844], [9999976, 0.7451418803367168], [9999977, 0.7687892843187436], [9999978, 0.7168593965590898], [9999985, 0.75353868353138], [9999990, 0.8405954756923761], [9999996, 0.4181983777164564], [9999999, 0.42868928811594176]]}