{"seed": 928126269, "N": 10000000, "alive_speed": 0.862099489266554, "non_threatened_speed": 0.862099489266554, "survivors": [[328, 0.8370312000738663], [767, 0.8282854876806592], [33066, 0.8262675607592388], [1307571, 0.7794766613043849], [7154206, 0.760378152947419], [9995123, 0.7260517298979238], [9996010, 0.6502028293486152], [9999993, 0.5675139333457355]], "still_alive": [[36559, 0.7784845024143184], [110044, 0.7786169781055179], [110079, 0.7670050076267264], [540036, 0.7377086304168501], [1180253, 0.7835370833165989], [1307558, 0.7858812061010205], [1521674, 0.7682401324739085], [1523435, 0.7449185724887896], [1820992, 0.7567160074873336], [1847105, 0.7562575551832701], [2070516, 0.7530130525448666], [2671793, 0.7651607869807192], [2680320, 0.7498306418012002], [2681033, 0.7439420188503425], [2843418, 0.7555787389218712], [2844649, 0.7414848488053206], [2852478, 0.7322654073121161], [3445407, 0.7956185172605974], [3660490, 0.8069885804462651], [3722151, 0.7778732280452497], [4044420, 0.7720520584987222], [4045233, 0.7704007702655916], [4056864, 0.759711518838882], [4087269, 0.7569391110712911], [4087320, 0.7260561932362921], [4356661, 0.7388129711902934], [4366686, 0.7174775828328879], [4406827, 0.713940087021217], [4407148, 0.710014420399351], [4472371, 0.7168916040279988], [4653258, 0.7259593849080699], [4886033, 0.7438244480186604], [4886140, 0.7321920878849484], [5174775, 0.7482390172550983], [5200384, 0.7477832960111618], [5387377, 0.759517531531248], [5759708, 0.7695062692615], [5816275, 0.7481504416438787], [5957456, 0.7688459507978094], [6111215, 0.7607312630988305], [6111242, 0.7503183541852042], [6260429, 0.7751183665853599], [6262448, 0.7607188321507407], [6698387, 0.8190040690600969], [6789064, 0.803832864921751], [6789273, 0.7849957840946189], [6797474, 0.784030276342612], [6833721, 0.7802920076240238], [6846874, 0.7785739856574094], [7017205, 0.773649764506441], [7143468, 0.7788145896514118], [7154091, 0.777685069953753], [7394631, 0.7402041606732764], [7394634, 0.7279849057189623], [7474817, 0.7510791598513804], [7671364, 0.7516123899143694], [7799763, 0.7536646286283853], [7799820, 0.753237434500705], [7913513, 0.7271982251943394], [8046986, 0.766999977149211], [8226481, 0.8152637831527144], [8233922, 0.7525016645531443], [8399919, 0.7751065343995398], [8469366, 0.777014620165366], [8571063, 0.7592475693527958], [8594538, 0.7453665526360741], [8594873, 0.7434133144205703], [8640848, 0.7379382468818442], [8680959, 0.7589290693787993], [8711108, 0.7612100300193863], [8711111, 0.7260837845581724], [8796462, 0.7536469016340113], [8923467, 0.7682913182135012], [8971094, 0.7363845840781137], [8976681, 0.7205173054847613], [9042328, 0.7560183736426538], [9128197, 0.7760947694659052], [9151010, 0.7680239467910877], [9170807, 0.7761106995290962], [9180524, 0.7320478591595734], [9240879, 0.7655643557928826], [9303894, 0.8024274682795353], [9304977, 0.7905816205773438], [9319758, 0.7545190022126648], [9320667, 0.7546222484539548], [9334124, 0.7448448456199595], [9347301, 0.7255080167502276], [9392080, 0.7688075079336142], [9392137, 0.7675971594212594], [9434312, 0.7291719120240093], [9523753, 0.8216812733117386], [9523852, 0.7411681243023851], [9537077, 0.7253379189210873], [9537554, 0.7186097724424652], [9551151, 0.7199498897757123], [9589150, 0.785722761962689], [9589197, 0.748544986127178], [9589222, 0.6920054064257043], [9624303, 0.7190395920210807], [9673462, 0.7651071100102804], [9680029, 0.754372829066577], [9692212, 0.7693884538712725], [9693423, 0.7595109402550029], [9696870, 0.7619867630957239], [9699883, 0.6910089481596613], [9706938, 0.6953974510668682], [9707193, 0.6958985189022914], [9768220, 0.8265152948868023], [9768279, 0.8198879043130157], [9768892, 0.7479138784467674], [9768977, 0.7347414754080462], [9780656, 0.7617190286362845], [9780705, 0.717929586994751], [9781106, 0.7050448950979222], [9816423, 0.7085449292913271], [9816450, 0.6798747098579673], [9842965, 0.7920017744889892], [9846900, 0.8022835996878946], [9855751, 0.7893347256644442], [9858744, 0.7760574609411056], [9870237, 0.7552975573623268], [9874746, 0.729069785263772], [9877273, 0.72069498140045], [9904316, 0.7911386052737098], [9905937, 0.7172667009444462], [9940128, 0.8386303355583984], [9945421, 0.8090592996567629], [9947612, 0.676146669216818], [9951147, 0.7236993815411841], [9955454, 0.7927231094830343], [9956355, 0.7230368095036891], [9956360, 0.7077540943823747], [9969421, 0.8303480865351444], [9971688, 0.8459285140631735], [9971895, 0.774415768254701], [9974166, 0.7446143842238794], [9976109, 0.7325456894081467], [9983708, 0.7730176453506387], [9983991, 0.7537952290453872], [9986758, 0.8378994086574167], [9987281, 0.7315330761280175], [9987282, 0.6713940322631756], [9991729, 0.8446988586962502], [9991850, 0.8019546273075512], [9992551, 0.813725375574071], [9992648, 0.823866133846599], [9992657, 0.7609299994547087], [9992658, 0.7259569660425826], [9994285, 0.7775814004025252], [9994286, 0.7595654862686928], [9997145, 0.6475098059920181], [9997992, 0.7871524006203325], [9998031, 0.7951390065737796], [9998272, 0.7105128566749187], [9998981, 0.7890426028977008], [9999110, 0.7178351681872248], [9999167, 0.7125179537547423], [9999258, 0.7671158249528692], [9999559, 0.9579710643677087], [9999560, 0.6237572644911814], [9999617, 0.6956201611047573], [9999622, 0.5780480933843551], [9999677, 0.663767133852425], [9999678, 0.6469944806567449], [9999705, 0.6718089709740592], [9999710, 0.4951969509326172], [9999845, 0.8501460007971329], [9999870, 0.7039758227329832], [9999921, 0.9934586279045866], [9999922, 0.5918919551090943], [9999953, 0.8139903211211906], [9999962, 0.8861819056197431], [9999969, 0.8040728574424272], [9999972, 0.7659571886436887], [9999975, 0.8509965886076208], [9999978, 0.8510129544002863], [9999983, 0.7843625236489052], [9999986, 0.9471760381715372], [9999996, 0.7083599160090355], [9999997, 0.8614001745306711], [9999998, 0.6237752528164424], [9999999, 0.7451873894362423]]}