{"seed": 877, "N": 10000000, "alive_speed": 0.9424742610506065, "non_threatened_speed": 0.9424792561901648, "survivors": [[52, 0.9424792561901648], [127, 0.8703098481567327], [21672, 0.8220790824156459], [35715, 0.7860635945111343], [71070, 0.7715740560732917], [213429, 0.7624057266223783], [4644778, 0.7506350512788414], [8870505, 0.7407943748767598], [8881930, 0.7255644814789907], [9657325, 0.7082015040220095], [9998016, 0.7004649249076715], [9998463, 0.6949459346175153], [9998484, 0.6347562652666406], [9999175, 0.5859869714893067], [9999996, 0.575087975495696], [9999997, 0.44523917576751804]], "still_alive": [[342272, 0.7538837723508549], [1015475, 0.7587321802287068], [1621552, 0.7707128474024538], [1623251, 0.7613972594975977], [1623454, 0.7553258098359092], [1891361, 0.7730818345001863], [2277822, 0.7603102052476693], [2423537, 0.7634585508729866], [2933832, 0.7989203376419883], [3340901, 0.7613472755507992], [3356844, 0.7519108455836928], [4076569, 0.7436020304574297], [4644632, 0.7952869623290284], [4644639, 0.7718383359093328], [4691215, 0.7444419450867871], [4691216, 0.7437253007672961], [4971047, 0.7523234530177704], [4972018, 0.740105957811953], [5097941, 0.7478930333210224], [5263992, 0.7305831582750368], [5369681, 0.729135333305209], [6026924, 0.7641286812175759], [6026977, 0.7076072413141128], [6488308, 0.7560477220118892], [6580503, 0.7283469125734877], [6611590, 0.7227031607594273], [6689351, 0.7304015755306518], [6751526, 0.7366968433118808], [6934013, 0.7499880887659143], [7122230, 0.7278483296404665], [7392983, 0.7655021484005847], [7460702, 0.7681413436006551], [7487261, 0.7535277100554176], [7522280, 0.7503529878649586], [7522281, 0.7461229438665777], [7648456, 0.7601377413535394], [7710829, 0.7257465164675617], [7957124, 0.7429922241920556], [7959747, 0.7125920042525787], [8132634, 0.7698179263802912], [8226951, 0.7833399887802981], [8233394, 0.7552338616746513], [8276075, 0.7560774998891863], [8276402, 0.7296761766899411], [8389905, 0.7495856170710403], [8402808, 0.7407217916097631], [8493835, 0.7680424272833921], [8675306, 0.8124310546369218], [8709061, 0.7754536177087641], [8749284, 0.7101676277260532], [8857683, 0.7585284062292882], [8857684, 0.7460482177663047], [8907539, 0.7181034422790006], [8907710, 0.7125033136918719], [9027707, 0.7281608317319448], [9141384, 0.7681785123376823], [9173917, 0.7899063540047054], [9175420, 0.7282497107928776], [9176375, 0.7276572755330029], [9176378, 0.7044473583106485], [9310379, 0.8157842546433881], [9310384, 0.7764178573960167], [9338451, 0.7748021318492837], [9338474, 0.7607151030061896], [9339281, 0.6940280796242208], [9399404, 0.7599632542283081], [9401297, 0.7294384706972964], [9531576, 0.7833250444207626], [9532013, 0.7666111338084988], [9569324, 0.7694805686608928], [9591797, 0.7564715731288375], [9600124, 0.7710324892120464], [9600443, 0.7425907586695596], [9642400, 0.7722950218967897], [9647643, 0.718531704611457], [9656384, 0.7252440199442939], [9660350, 0.6555381144970027], [9669003, 0.6546912895994006], [9705866, 0.7272534295843047], [9733051, 0.7996233784294347], [9735760, 0.7600625066016669], [9735863, 0.7279860989326993], [9769214, 0.7420016599855817], [9776333, 0.6481303015824081], [9836294, 0.8688060242974985], [9855263, 0.7910590101500866], [9869690, 0.8030203832299905], [9871147, 0.758295431328524], [9895926, 0.8058034864418359], [9897181, 0.8112749178397463], [9897370, 0.8025090173490715], [9898627, 0.7974841524761118], [9899484, 0.7275994716461249], [9907903, 0.7395744166327752], [9912158, 0.7641763207782514], [9912237, 0.7304934364664253], [9924608, 0.7520093309821646], [9928801, 0.7746818549181637], [9929868, 0.7578779273478781], [9930569, 0.711296743550304], [9933350, 0.6854991162759136], [9949201, 0.813123570366237], [9949968, 0.79521243302292], [9950179, 0.7731200998849772], [9961720, 0.8422971065399805], [9965117, 0.7074397924475618], [9972554, 0.8474453924335638], [9973001, 0.731258756250156], [9973656, 0.7352331602671], [9973705, 0.6641712709293852], [9975858, 0.6646844967307273], [9981209, 0.7350557250065985], [9982418, 0.7640039430885827], [9986549, 0.8785688715681803], [9986834, 0.8132540770424586], [9986841, 0.7399455325181676], [9987270, 0.6858120366038736], [9987543, 0.6882911752463856], [9988560, 0.6922325904187254], [9990689, 0.6647125958476079], [9992636, 0.8388178568353991], [9992653, 0.773714166031556], [9993482, 0.6826501620724578], [9993507, 0.6787496550889034], [9995354, 0.8403218786423956], [9995361, 0.8301158950562677], [9996340, 0.6708826436252048], [9996977, 0.7970756009790514], [9997042, 0.7821098914776469], [9997079, 0.7643197888468114], [9997080, 0.7479887452679463], [9997447, 0.7324494069313888], [9997800, 0.8461981541751546], [9997813, 0.8191881879675532], [9998723, 0.6416122585138578], [9999158, 0.6588800346162829], [9999208, 0.550027684407081], [9999251, 0.4765754004835797], [9999532, 0.745968411031799], [9999639, 0.4971909634589974], [9999740, 0.6901145232990478], [9999931, 0.4819452607904078], [9999972, 0.6779063067119976], [9999981, 0.763753543954805], [9999994, 0.8332113095804748], [9999995, 0.610506895153394]]}