{"seed": 483722300, "N": 10000000, "alive_speed": 0.8629430435836355, "non_threatened_speed": 0.8629430435836355, "survivors": [[85686, 0.8379565944695895], [85705, 0.7877854717474242], [1126456, 0.758864519155523], [9849535, 0.745704287890878], [9849588, 0.7429850855623441], [9883303, 0.7005643258831684], [9999920, 0.6152668924971434], [9999999, 0.377224034680826]], "still_alive": [[326906, 0.7639959441418787], [526401, 0.7780474501120059], [2652523, 0.7569240407545327], [2656310, 0.7555177645628647], [2656521, 0.755371110454576], [3060942, 0.7569011270809328], [3061727, 0.7431864064235527], [3347254, 0.7552807901949511], [3347441, 0.7324662297037424], [3744030, 0.7727085991236707], [3776193, 0.7494264871072017], [3991050, 0.7194706157765408], [3995313, 0.7192985534108455], [4306694, 0.735317243489875], [4672591, 0.7730058598140167], [4903822, 0.7621892678550813], [4905013, 0.7622047723309061], [5025694, 0.7682585541405148], [5059025, 0.747469907477302], [5467638, 0.7459471461788447], [5656701, 0.7683410012785393], [5726904, 0.7565759738603033], [5795901, 0.7658644799399268], [5939528, 0.7928953695847438], [5940673, 0.7868545904303658], [6041470, 0.7893226103542417], [6053463, 0.768938126068128], [6310626, 0.7736788516555093], [6436389, 0.7676594455298564], [6809972, 0.7860650795688553], [6852703, 0.7654852462438613], [6973754, 0.7654874999043443], [7029077, 0.7608467183750214], [7111258, 0.7705223994079826], [7149799, 0.754716399130133], [7263650, 0.7591047214264075], [7305731, 0.7501674748659759], [7310000, 0.7483101033071632], [7659827, 0.7306473745862959], [7916324, 0.8123580333314916], [8022113, 0.7910290383555779], [8261502, 0.741866207282023], [8425457, 0.7954061612526641], [8453052, 0.7412650870994182], [8453073, 0.728036078857592], [8690024, 0.7641485991973371], [8690035, 0.7457852785926895], [8826652, 0.7848562744661268], [8827101, 0.7425475055551695], [8848332, 0.7460089951001836], [8848549, 0.734346883590004], [9080218, 0.8255774736981253], [9080455, 0.8060922478175143], [9083886, 0.8005458543596976], [9090245, 0.7697993237157543], [9090306, 0.727034026486852], [9164655, 0.7800140703778089], [9165222, 0.7689041234271423], [9167323, 0.7367646750531575], [9199438, 0.7453814568115007], [9219207, 0.7417067087311537], [9246792, 0.731789037186156], [9260671, 0.7409960183415353], [9272368, 0.748377970240496], [9329643, 0.7730379989785446], [9349378, 0.7923608958861053], [9366501, 0.7678417157623965], [9378048, 0.7546742004138398], [9402119, 0.7778298638763792], [9478394, 0.7537896349717748], [9489763, 0.7649189530077906], [9539018, 0.7686220971394427], [9539243, 0.7628436977563091], [9571658, 0.7483354970433553], [9580673, 0.7187362369138043], [9632164, 0.7692248503929026], [9653905, 0.8056134727686165], [9656794, 0.8069017436061251], [9663383, 0.8160785451255846], [9663392, 0.780539510747474], [9737489, 0.8225752906454252], [9737548, 0.7751492177790971], [9746449, 0.7638494443420564], [9771436, 0.8213506677514202], [9771465, 0.773095302410696], [9771486, 0.7630859550506225], [9788619, 0.7893593290508644], [9798766, 0.7289734967807265], [9832317, 0.7719725910064376], [9833112, 0.7626085790318595], [9833231, 0.7570254089230494], [9833452, 0.7375373686567697], [9838383, 0.752737637921877], [9843636, 0.7582484604247559], [9874597, 0.7828753015304325], [9882946, 0.8000488402145809], [9884382, 0.6738092516221835], [9920195, 0.6945421437650356], [9920550, 0.6835148807625651], [9925479, 0.6906909946496298], [9945174, 0.8457785134153096], [9945341, 0.6757155616181943], [9958168, 0.8081647477262371], [9960825, 0.8325879913405332], [9968062, 0.811818953337195], [9974003, 0.7748192592323953], [9977036, 0.8000856873993382], [9977631, 0.7421992075131002], [9979874, 0.6755385717772254], [9980871, 0.6703857027255563], [9983030, 0.7371237808796396], [9983103, 0.6905032176291894], [9986366, 0.7228504590058928], [9986375, 0.6846752339866073], [9986770, 0.6933827229883939], [9987631, 0.6806385896211538], [9987638, 0.6328940999588065], [9990729, 0.8146703367089844], [9991084, 0.745056899318617], [9991521, 0.666988938961839], [9992206, 0.6507424865831616], [9993315, 0.6898913019399563], [9994394, 0.6606185457235482], [9994849, 0.6871660203659242], [9996130, 0.7429834100201997], [9996131, 0.7203699849912977], [9996134, 0.6766955549058078], [9997419, 0.6984273318925643], [9998094, 0.8064076913007882], [9998469, 0.7367598022034091], [9998718, 0.7858188397346441], [9999191, 0.6525907880942773], [9999416, 0.8478415106264061], [9999487, 0.8056283701315927], [9999578, 0.8415137037150571], [9999623, 0.9344057850396552], [9999628, 0.8836463103690686], [9999629, 0.6085378696654578], [9999670, 0.5305339616370638], [9999789, 0.7817119835492691], [9999888, 0.8950571834043802], [9999899, 0.7133188622847138], [9999927, 0.5868382789269011], [9999934, 0.5299778282239879], [9999957, 0.6435745573276551], [9999970, 0.6536725155639145], [9999975, 0.6945697485956998], [9999978, 0.6565051998378562], [9999989, 0.32654544747274494], [9999996, 0.4686437223090011]]}