{"seed": 942755600, "N": 100000000, "alive_speed": 0.9545247973486441, "non_threatened_speed": 0.954524845074886, "survivors": [[4, 0.954524845074886], [549, 0.9320993088841304], [151680, 0.8046340873144051], [10654259, 0.7666521489837058], [99928568, 0.7346507483995091], [99928569, 0.717081907422909], [99999998, 0.5460005218230402], [99999999, 0.006223936043809886]], "still_alive": [[3621149, 0.7578964203694915], [7352874, 0.780448140444356], [11017842, 0.7504654898585666], [14538427, 0.7493680399970304], [17563134, 0.7578782305110972], [19501011, 0.77539892552435], [20563770, 0.7565457149742748], [20698079, 0.7415699499470622], [23003482, 0.7628673007803947], [23146395, 0.7443842178616057], [27884530, 0.7712345735450808], [27885171, 0.7678500780509462], [28377332, 0.7502336079009029], [35349269, 0.7554794975171929], [35774258, 0.7535629891764702], [37205879, 0.7508840074811313], [37326570, 0.7478238631616376], [39424117, 0.772867165070497], [41011554, 0.7871492627503183], [41900197, 0.7611384865025065], [41910112, 0.7568332504246529], [44142759, 0.7629927555734988], [44578520, 0.7668635985754134], [45680185, 0.7776327753273825], [45680196, 0.7518789283946435], [46603785, 0.7624387026807777], [47907040, 0.7770744286296722], [48181013, 0.7590361449916868], [50217366, 0.7594847251004403], [52317945, 0.7618977842639428], [54498042, 0.7671465488842585], [54498045, 0.7549973251731992], [54813608, 0.7471079570244235], [54886869, 0.7477006287161612], [56406202, 0.75972631139477], [56628019, 0.7429290895401516], [56937846, 0.7342038430133393], [57747345, 0.7436591504720685], [59182972, 0.7592939691010246], [60315921, 0.7434218351505532], [60327522, 0.742209106057], [60436785, 0.7435252738058243], [61685538, 0.754311815331139], [64412369, 0.7879843797700673], [65243036, 0.7616969367248237], [65500833, 0.7405443012965672], [67531966, 0.7469529968937171], [67532415, 0.7388622773646059], [69693044, 0.7530310659924735], [69804239, 0.741258106813821], [69805562, 0.741227258251633], [69856123, 0.736018454420336], [70004172, 0.7376169982179089], [71713891, 0.7545289643600515], [72230192, 0.75940192437518], [73025485, 0.7494690887710339], [73590502, 0.7643780630997113], [73590821, 0.7514307126004711], [73605542, 0.7270254931125871], [74645791, 0.7435277499657448], [74645792, 0.7344092245584857], [76692903, 0.7403280982783764], [78219954, 0.773893505665463], [78598863, 0.7481938619175047], [79972904, 0.7688298389375331], [79972907, 0.7427508117257772], [80306982, 0.7196528057270309], [81678729, 0.762988111379901], [81716448, 0.7638810490173044], [82586789, 0.7505481487789755], [82586790, 0.7282123892304456], [83549417, 0.7489407122665083], [83594110, 0.7366241022404608], [84084505, 0.7430074381543889], [84097492, 0.7425666253625689], [84101735, 0.7321874680453864], [84757930, 0.7580011248849422], [84759319, 0.7460192031992252], [85184658, 0.7514220344932169], [85429369, 0.7390141293550063], [85847422, 0.7553115578675847], [86072631, 0.7612860961382459], [86072678, 0.7482338738353318], [86072699, 0.728514011320395], [86674562, 0.761005429974251], [86776619, 0.755575654970065], [87161148, 0.7694825061191706], [87172859, 0.7678843711091947], [87644050, 0.7907177198578882], [87784235, 0.789536514398365], [87791888, 0.7859360523340255], [87793863, 0.7675952154920842], [88652664, 0.7866220155449737], [89446955, 0.7605174650711649], [90347278, 0.7828271376799661], [90347283, 0.7717953229024355], [90370502, 0.7675426170546521], [91321179, 0.738859641508315], [91597298, 0.7412070815476177], [91892839, 0.749587090366162], [92453306, 0.7508289991203738], [92684163, 0.7635129418347293], [93269344, 0.8192861369518739], [93469959, 0.8239777392896158], [93497626, 0.759327669764179], [93637589, 0.7479410979410452], [93762196, 0.755863557851693], [94231639, 0.7735351584626666], [94327972, 0.7690536634893167], [94447877, 0.7596904837033808], [94523108, 0.7535942825495573], [94523713, 0.7440761861348281], [94613110, 0.6991378219386855], [95649689, 0.7999826533719762], [95649698, 0.7846840180757615], [95802379, 0.7896834096668734], [95838798, 0.7892443745571915], [95992991, 0.7782577901771496], [96138156, 0.7836269882055642], [96148845, 0.7573159041385747], [96148850, 0.7568723846746648], [96248719, 0.7464722397228822], [96256044, 0.7326134599368626], [96256059, 0.7269709818253438], [96359280, 0.7225377910956416], [96554911, 0.7338945133153956], [97022700, 0.7770282525637985], [97382051, 0.8013737334925971], [97395814, 0.7554455014639615], [97395817, 0.7262911679082661], [97404132, 0.7178811937145807], [97604705, 0.7696415168910914], [97704046, 0.7695390051272847], [97731853, 0.768565654537907], [97825014, 0.7874016933262348], [97911475, 0.8060936984160205], [97993120, 0.7802106282446611], [97993697, 0.7488487918925005], [98107996, 0.7861451094157523], [98108095, 0.7690063688204597], [98124270, 0.7590111142381925], [98228313, 0.7878572669747773], [98251366, 0.7642471446135436], [98375043, 0.7579446848552869], [98389430, 0.7270912204252038], [98428957, 0.7352342757810697], [98626034, 0.7928159352365983], [98627373, 0.7854552255933012], [98656092, 0.745287932680491], [98658253, 0.7188359280781568], [98682326, 0.725373304324204], [98748371, 0.7328360672642257], [98748372, 0.7173245782287164], [98836401, 0.7703401223247901], [98836876, 0.7564455005054596], [98938005, 0.8084805590833227], [98938052, 0.8028159327381187], [98938633, 0.7615202097573198], [98938682, 0.7381724795384805], [99073051, 0.7343218407677242], [99089678, 0.7414141251379147], [99128205, 0.7663311319457502], [99133336, 0.7326007646190854], [99178999, 0.7536796396146287], [99239804, 0.733463974593195], [99329229, 0.7766099384167795], [99412256, 0.7855929355606145], [99445141, 0.7395543638296159], [99512778, 0.7578800888361444], [99515935, 0.7605607364083452], [99542340, 0.7609671161158221], [99548525, 0.7405656004354295], [99563822, 0.7264634591312046], [99580779, 0.7405381876493786], [99582396, 0.741579816370165], [99582625, 0.7348043907489159], [99675736, 0.7502145958161769], [99701267, 0.7866486709537024], [99702840, 0.7514670139219793], [99717253, 0.7331128724647599], [99728652, 0.7462901609934358], [99760075, 0.8062503122031647], [99765908, 0.7580808773839934], [99766691, 0.7502446194706919], [99767486, 0.7256786708864325], [99777129, 0.7384814039833943], [99794604, 0.78017640734761], [99794663, 0.7620217650273082], [99796192, 0.740425468650634], [99796303, 0.6947332189377048], [99826734, 0.7485426569343713], [99833563, 0.7505857328957088], [99845118, 0.7759904774054618], [99846349, 0.7782266729661255], [99849944, 0.7382762804634416], [99852277, 0.7144493132854285], [99852852, 0.7158794616458105], [99854005, 0.6900708988882087], [99863884, 0.7336081485584287], [99863895, 0.6581036970596248], [99891162, 0.7995951713281088], [99897765, 0.718214600793996], [99898084, 0.7001089861620542], [99898631, 0.694101900564225], [99914176, 0.7971225476362742], [99916317, 0.7979015420119318], [99916456, 0.7940714131434965], [99921783, 0.8203987398876176], [99925494, 0.7963507931272653], [99927035, 0.7472142087954696], [99933974, 0.6902357830430639], [99935483, 0.6636385670518425], [99935880, 0.6343601618044961], [99944327, 0.7234297526042521], [99951208, 0.8146344994252238], [99951383, 0.7083225487079002], [99953570, 0.7248181046796933], [99953689, 0.712414348871467], [99955390, 0.7177835291884002], [99956577, 0.7359524353074691], [99965148, 0.7126060261374645], [99966411, 0.736205337199371], [99966682, 0.6606643523102652], [99976225, 0.8043116393568557], [99976226, 0.7450701359853269], [99979983, 0.7595009736063819], [99984100, 0.8254612653464297], [99984601, 0.7763302092526028], [99984652, 0.76114820157665], [99984655, 0.7242354476749846], [99984662, 0.6877450939457657], [99986209, 0.752611344604175], [99986570, 0.7212096147856265], [99987053, 0.7144040715062724], [99992470, 0.8758235818787042], [99992775, 0.7153809065700759], [99992972, 0.7287057540947243], [99993595, 0.7293009852725327], [99993598, 0.7152702033445665], 