{"seed": 483722449, "N": 10000000, "alive_speed": 0.7515931129218208, "non_threatened_speed": 0.7655773906228117, "survivors": [[5028938, 0.7655773906228117], [8243425, 0.760547175286134], [9898560, 0.7324209879481856], [9998949, 0.7087381157777665], [9999776, 0.6344351879302375], [9999999, 0.0415999129256307]], "still_alive": [[155084, 0.7431152973889212], [202671, 0.7239617996705495], [682300, 0.7598510740655167], [1475251, 0.7292924269493571], [2643358, 0.7758889089295994], [2805161, 0.7403830881103647], [3387692, 0.7967775094827042], [3610731, 0.7411812553520851], [3751624, 0.7541716543658786], [3753719, 0.7475744936019876], [3833460, 0.7305737889514023], [4274887, 0.7573036616464536], [4320008, 0.7371032037031429], [4769223, 0.7905738842070182], [4826694, 0.7732761921227219], [5026067, 0.7731359424621375], [5151659, 0.7520219727519144], [5425924, 0.7528046886094402], [5425927, 0.7253045999076919], [5790776, 0.7723356711536491], [5859519, 0.7623202473793236], [5921942, 0.7115167122484088], [6242871, 0.752592439195787], [6697552, 0.7728111444344052], [6720591, 0.7472930024219867], [6828534, 0.7565246690962064], [6839627, 0.7404473009767342], [6952636, 0.7663077885584065], [6958795, 0.7314787260949603], [7017882, 0.7233787365533789], [7278217, 0.7833354448458644], [7372724, 0.7854664493645408], [7376181, 0.7660354073480508], [7399404, 0.7616488949472018], [7399405, 0.756228019847831], [7594320, 0.7902027819019428], [7594795, 0.7162862130714036], [7795848, 0.7326005690775041], [7831041, 0.7345196016606481], [8009848, 0.7994857235147047], [8011193, 0.7859491505515004], [8013100, 0.7753352967475469], [8015421, 0.771571804093098], [8030138, 0.7674418161802974], [8051027, 0.7513701701052298], [8055626, 0.7507899977915847], [8118679, 0.7634552707057392], [8240342, 0.7880411770277943], [8531406, 0.7264325218688167], [8532365, 0.7252979955629373], [8532594, 0.7171895062071852], [8681799, 0.7738162780587227], [8759410, 0.7754355784602078], [8807667, 0.7259730728852548], [8875490, 0.7188603923568706], [8961415, 0.7422962129021313], [9038730, 0.777178437088802], [9041915, 0.7585986445769283], [9077458, 0.7480352947174613], [9083687, 0.7469485208423071], [9182188, 0.7661219103157757], [9277155, 0.7719561410170271], [9277378, 0.7363130886945708], [9300829, 0.7445011624427571], [9301024, 0.7351676959606271], [9309913, 0.7062093892472318], [9314490, 0.7065705199333754], [9372629, 0.7647251149159207], [9417550, 0.7602057848684531], [9421443, 0.7495323002399319], [9458294, 0.7905453313752346], [9461297, 0.7919412170867572], [9461558, 0.7833094084577195], [9502389, 0.7526623029307892], [9545842, 0.7097243469766489], [9629131, 0.7636618662164396], [9630096, 0.7511834121672275], [9637861, 0.722791711132499], [9645066, 0.688662914760816], [9649653, 0.6935830713351492], [9691866, 0.7848873566252054], [9693053, 0.723467666463016], [9757798, 0.8271577482160148], [9761845, 0.7785106960522065], [9774994, 0.730889281385489], [9818655, 0.7690441420877624], [9818656, 0.7572495653760969], [9823727, 0.646503465979517], [9835984, 0.6853083137958385], [9847789, 0.7078680094343056], [9865918, 0.7665060577221701], [9872611, 0.7517741608390985], [9872618, 0.7457183254574629], [9872729, 0.7304383995492368], [9875674, 0.7241784939173362], [9895063, 0.8153664662406533], [9895068, 0.8022901798275727], [9895313, 0.7735375773209326], [9900827, 0.7175098814315203], [9907028, 0.7378105474416494], [9932629, 0.6835198025681657], [9944458, 0.7152840172414737], [9945255, 0.7234360685330229], [9946236, 0.7218062772981199], [9948821, 0.69409237961205], [9958604, 0.7389008996203731], [9964623, 0.8538033204301636], [9964666, 0.8318560755591669], [9966541, 0.7912221146981906], [9974066, 0.7111358831573571], [9977889, 0.6605954275709751], [9982422, 0.7980132236726524], [9982469, 0.7922256419872418], [9983702, 0.7799414822534328], [9983769, 0.774278222784035], [9987894, 0.8077187549624741], [9988027, 0.7463663087794099], [9990432, 0.7792447257085731], [9990567, 0.7404151848910339], [9990568, 0.7051695861289491], [9991305, 0.6797300740727767], [9991372, 0.5862659757855949], [9995111, 0.9427080505114024], [9995250, 0.8496998400650987], [9995263, 0.7556178763898859], [9995716, 0.6950641066699006], [9996789, 0.834399647106952], [9997150, 0.8662402051294865], [9997509, 0.8957229614364951], [9997514, 0.8335153481066641], [9997719, 0.8894879553604562], [9997724, 0.7608427664709188], [9998731, 0.8029485308216298], [9998948, 0.759502464554864], [9998966, 0.6865487026640781], [9999007, 0.6445465209720246], [9999240, 0.7353363957536466], [9999317, 0.751589025709288], [9999332, 0.7223121212870756], [9999335, 0.6942664981183194], [9999600, 0.9400617973736259], [9999695, 0.9668739578391352], [9999752, 0.7070414728578974], [9999771, 0.7607145676020715], [9999777, 0.6083829560060825], [9999870, 0.6315641925642501], [9999871, 0.5682451076972058], [9999942, 0.9004781747483347], [9999981, 0.8962858747532374], [9999984, 0.8510753859837052], [9999993, 0.4047291442975055], [9999996, 0.6211147059744547], [9999997, 0.6748001824216415], [9999998, 0.7466265900433539]]}