{"seed": 177791952, "N": 10000000, "alive_speed": 0.8013220757696422, "non_threatened_speed": 0.8013226366954318, "survivors": [[6, 0.8013226366954318], [4151, 0.7840294000049354], [111520, 0.7805381569342817], [1359993, 0.7772063850472922], [1418244, 0.7649823710503958], [4081235, 0.7638136159934031], [9177336, 0.741131794566473], [9177443, 0.7407261646200441], [9982630, 0.7192126737810467], [9999999, 0.5561908430940297]], "still_alive": [[111565, 0.7410914981106395], [347506, 0.731126950432665], [843945, 0.7584228449697871], [1342806, 0.7826464944463473], [1592837, 0.7218895409826435], [1592958, 0.717070987916343], [2250859, 0.7452612154554634], [2634684, 0.7458862233354143], [2707529, 0.7197082836598082], [3487592, 0.7426629312922539], [3798345, 0.7752454310934113], [3881330, 0.7745116608401742], [4070687, 0.7910564046822175], [4071478, 0.7670633315650071], [4081428, 0.7194909692562258], [4081429, 0.7146907723835146], [4618684, 0.7668222382303762], [4776799, 0.7583976242268312], [4776804, 0.729164516649019], [5199781, 0.7234188682038509], [5538728, 0.762996751938235], [5673141, 0.7595378609215315], [5678442, 0.7600442657682066], [5871289, 0.780500607120185], [5873186, 0.7313307293144646], [5925413, 0.7289073582157694], [5937402, 0.7265053818407954], [6026833, 0.7424862833824142], [6523578, 0.7666095381081562], [6596273, 0.7591653486921457], [6598704, 0.756412895431146], [6598761, 0.7561553103878398], [6797100, 0.7880798599464419], [6841027, 0.6892899723480366], [7214708, 0.7735814344991718], [7601857, 0.7599186903972711], [7658702, 0.7539265934196951], [7718867, 0.7398640381910658], [7902744, 0.7649459941704949], [8010201, 0.746246260903143], [8025588, 0.7518556373918284], [8104551, 0.7729559956383839], [8113530, 0.7357414568309336], [8199519, 0.7699083165396742], [8271616, 0.7584471273983245], [8276225, 0.7425542167045301], [8306570, 0.7221049242974146], [8398291, 0.7415642292610822], [8472188, 0.7693316955019326], [8472209, 0.7536014142346623], [8653274, 0.7660923785014365], [8653319, 0.7656126266273123], [8690434, 0.7517818299417182], [8786299, 0.7525474257551329], [8852382, 0.7429702248151147], [8926783, 0.7485022598605079], [8994392, 0.7723090880009915], [9014369, 0.7803778012610926], [9014468, 0.764047195270577], [9024885, 0.7578367574660273], [9169954, 0.7483350401228932], [9176807, 0.7497914818985061], [9202924, 0.7304056627472069], [9202949, 0.7296318546984046], [9247100, 0.7505761300931381], [9260707, 0.7522653925476437], [9280430, 0.7685092361483389], [9286309, 0.7137642211136207], [9329210, 0.724323081342059], [9333427, 0.7127245479590074], [9374716, 0.720372133412549], [9524735, 0.7443690747029101], [9533256, 0.6708106453143291], [9631625, 0.7988049534286337], [9692070, 0.7894203726268736], [9704933, 0.7483714930235642], [9748170, 0.849662449011881], [9766137, 0.7608317882211052], [9766152, 0.7162635092706555], [9767331, 0.7008622147653688], [9800816, 0.8171118974020126], [9812897, 0.7853048659816666], [9812900, 0.7153913175848029], [9833089, 0.7606662724139852], [9869916, 0.7923814417297907], [9869917, 0.7901527189193457], [9870064, 0.7288778832340405], [9890681, 0.7782358680004329], [9901590, 0.6906176917951281], [9918537, 0.7423712095085606], [9926854, 0.783979239360422], [9944469, 0.746984123209511], [9944550, 0.6626816190487336], [9951679, 0.7389469530857256], [9952016, 0.7278443455013915], [9952027, 0.7264212553280092], [9952150, 0.690718575793438], [9954695, 0.7241731947872576], [9960716, 0.8014845793337831], [9962723, 0.8028857412588195], [9965616, 0.7931370084168063], [9970223, 0.8518301031979058], [9970412, 0.8413161079070459], [9972697, 0.7804960063259075], [9980634, 0.7966301032602925], [9980847, 0.7187775962025432], [9982733, 0.6925614266522503], [9987488, 0.8660061139399919], [9987493, 0.7097877763196816], [9987524, 0.5989923515716438], [9988227, 0.6308129584242923], [9988644, 0.6403864615628821], [9990739, 0.7276185950643305], [9993270, 0.7976229678307526], [9993675, 0.6986638955398025], [9994126, 0.7425970636282082], [9995025, 0.709730663045809], [9995418, 0.6915263589972714], [9995603, 0.685749316612342], [9995892, 0.6249562754253826], [9996971, 0.744056922798752], [9997286, 0.8191756153593315], [9997287, 0.7445886318412883], [9998240, 0.9353446742231418], [9998265, 0.9306024884546772], [9998358, 0.8929587680832132], [9998479, 0.8418974608775374], [9998580, 0.8145807147669453], [9998833, 0.9189515312054467], [9999110, 0.7682166870898073], [9999123, 0.7085608034237919], [9999564, 0.8768025541010308], [9999597, 0.8766661811431704], [9999716, 0.9151572672543747], [9999717, 0.9152437081859326], [9999750, 0.9790495098028851], [9999785, 0.7672808699382452], [9999850, 0.9930100672505014], [9999861, 0.9868600978883694], [9999938, 0.9049816253856336], [9999951, 0.35519089202513665], [9999974, 0.5283951815203886], [9999991, 0.3827028279385093], [9999994, 0.5475134623680558], [9999995, 0.5787261766040592], [9999998, 0.9394019246347448]]}