{"seed": 483722442, "N": 10000000, "alive_speed": 0.9176386659723386, "non_threatened_speed": 0.9176738128758569, "survivors": [[382, 0.9176738128758569], [1213, 0.899056711203869], [5582, 0.8261505773469509], [5689, 0.7888528631812526], [29932, 0.7804740110568348], [2467939, 0.77490522232355], [2534558, 0.7730028524274549], [2535029, 0.7696051352595262], [9679316, 0.738160521081023], [9848875, 0.7297813472771745], [9989766, 0.7256737185986729], [9999979, 0.7218929178862057], [9999992, 0.6963932242853297], [9999999, 0.6752736968331159]], "still_alive": [[37597, 0.7418342264795735], [498362, 0.7662949152468258], [498597, 0.7644566791248555], [776108, 0.7662335013108429], [776997, 0.7620204223199712], [933132, 0.751400059155749], [1569475, 0.7812344527415154], [1628444, 0.7836546912656464], [1629443, 0.7707343701633165], [1878726, 0.7284968626978406], [2410395, 0.7790986487678179], [2467918, 0.7814649013337878], [2535148, 0.7563522905699216], [2535149, 0.7561248029246694], [2535156, 0.7560442307431241], [2759975, 0.7507606878689193], [2876552, 0.7606423186312774], [3019311, 0.7487378237153082], [3628096, 0.7731294458642171], [3628197, 0.7705994133702289], [3750988, 0.7764175728418476], [3751005, 0.7584397863527237], [3751466, 0.7574079005993972], [3815579, 0.7335637407955241], [4226714, 0.7848806136739455], [4661355, 0.7560084934017973], [4868594, 0.7393216837850868], [5011919, 0.7567441304167046], [5127888, 0.7693777972569406], [5138795, 0.766579766054177], [5191668, 0.7517207133362316], [5482789, 0.796774656144304], [5547276, 0.7714197369952892], [5550811, 0.7564426621092175], [5655602, 0.7540248247726494], [5868695, 0.7487977616601882], [6028138, 0.7709054068774628], [6386187, 0.7592270619415961], [6386214, 0.7439638334346425], [6386219, 0.7375619104159873], [6386684, 0.7186266480572571], [6675577, 0.7273904387343251], [6882150, 0.7691365513184634], [6919443, 0.7526175074621775], [7002932, 0.7606216761982764], [7008095, 0.72440781268458], [7265354, 0.7402364043072236], [7304585, 0.7434389341224493], [7487624, 0.7499103544626539], [7735113, 0.779269585562048], [7817430, 0.7581705221820577], [7828201, 0.7482668659569385], [7906328, 0.7546077414577904], [7916675, 0.754440528792423], [7916706, 0.7352379162478333], [7945443, 0.7379225030692871], [8047528, 0.7749679630564493], [8105327, 0.7580179769787458], [8110556, 0.7203729785469108], [8124155, 0.7141703817476794], [8132466, 0.704047264621247], [8157957, 0.7052907720090791], [8240544, 0.7291215556895467], [8247137, 0.731190083301093], [8430650, 0.8047268431552882], [8431639, 0.795479969795189], [8516502, 0.8226925867261556], [8522313, 0.7795859689399314], [8563710, 0.7842342369564228], [8569249, 0.7238923621059473], [8571232, 0.705075609220626], [8734309, 0.75837464322773], [8807124, 0.7748126483196248], [8830813, 0.7852410719728465], [8871780, 0.7946495764675905], [8871847, 0.7899366908515157], [8892812, 0.7993302925341477], [8907733, 0.7852160166634993], [9071650, 0.7748691897100043], [9125175, 0.7653947286033704], [9125242, 0.7346257551815073], [9240621, 0.750996543972535], [9240628, 0.7008457859259234], [9240661, 0.6922996557203902], [9386898, 0.7634929953168861], [9437513, 0.8090933474210478], [9459306, 0.7776420010171207], [9536093, 0.809278784985832], [9538852, 0.7881843543199629], [9544171, 0.7591005002882422], [9587688, 0.8059937168089695], [9589137, 0.8049056448079791], [9595738, 0.7851405804521252], [9613111, 0.8190893991918239], [9613260, 0.775141313250373], [9661683, 0.7449643395179543], [9703059, 0.7401225060964457], [9708554, 0.7433944951691327], [9744505, 0.7593626853638494], [9781104, 0.840701994366747], [9788721, 0.7587709294045059], [9804748, 0.8072831619394223], [9804765, 0.7440836747283952], [9806802, 0.7273600399769234], [9819867, 0.7461899533196884], [9848290, 0.7828147846494989], [9862554, 0.6815706756497535], [9870771, 0.684316398964423], [9876078, 0.6802166749740454], [9885655, 0.696796495456459], [9899300, 0.7509092278617767], [9911447, 0.7854163179815086], [9922584, 0.8176552034874263], [9923267, 0.7380288331643516], [9924734, 0.738011570749549], [9944457, 0.789454685704628], [9944460, 0.7798864972742344], [9944783, 0.772449937396459], [9946350, 0.7260894966156908], [9955611, 0.7359558383868186], [9957056, 0.7578883945207316], [9957067, 0.7359616975186098], [9961790, 0.7628054299951738], [9961799, 0.7594878168189276], [9961806, 0.7456346162954023], [9978343, 0.7824974463644614], [9978900, 0.7690647881159719], [9978905, 0.7638233754070862], [9978906, 0.7578960291339533], [9979627, 0.7308465201739857], [9983204, 0.806623479339034], [9984135, 0.8200130015400748], [9987092, 0.838311511064938], [9987093, 0.8100144587057372], [9987118, 0.7878676013912634], [9989419, 0.8906054546105229], [9993415, 0.811818697623759], [9993614, 0.8237650234703462], [9993925, 0.7062092395217312], [9994658, 0.7692505411075365], [9994661, 0.7511227435039018], [9995178, 0.7909809828697995], [9995819, 0.7903714406134621], [9997150, 0.8310495320145773], [9997237, 0.832400516772211], [9997552, 0.8691942463586021], [9998177, 0.7523494809119881], [9998604, 0.8109021099452537], [9999011, 0.5436836032408566], [9999330, 0.5962730713726954], [9999535, 0.7793846403709261], [9999578, 0.7264980175281665], [9999587, 0.7250436429873446], [9999650, 0.7168831505968375], [9999719, 0.7291532102918147], [9999750, 0.8155558334269303], [9999851, 0.8521267781125362], [9999854, 0.7595414560012943], [9999919, 0.9569548594673707], [9999920, 0.9640817351945995], [9999931, 0.713899400969824], [9999946, 0.8335129674508952], [9999961, 0.7887868857249725], [9999964, 0.8221662465483823], [9999995, 0.8340025896979146], [9999996, 0.9492337992269031], [9999997, 0.5217978070410968], [9999998, 0.7115641993931067]]}