{"seed": 483722222, "N": 10000000, "alive_speed": 0.9238034907057106, "non_threatened_speed": 0.9238043221295172, "survivors": [[8, 0.9238043221295172], [745, 0.8562025365278764], [1488, 0.7659168783812389], [789789, 0.7618727628082764], [1036992, 0.7598812854152545], [2093473, 0.7593348884441722], [4787342, 0.7340798156912679], [9999977, 0.6441745681514168]], "still_alive": [[1703, 0.7659101513683995], [2020, 0.7471705971382633], [706189, 0.7823994169415982], [781854, 0.784821454792801], [2007347, 0.757451659831221], [2023216, 0.7585561253338712], [2178460, 0.7402863931533625], [2192797, 0.7300889523466157], [2662740, 0.7685655942772982], [2699511, 0.7499098401637077], [2699558, 0.7406059941130807], [2699559, 0.73162294606213], [3230534, 0.751263054869731], [3231503, 0.7448126504142184], [3583896, 0.7752103791530432], [3586933, 0.7715089698089239], [3887042, 0.7396932609789698], [4271053, 0.7890230280882132], [4375688, 0.8032073786393635], [4375693, 0.7603750114701755], [4830925, 0.7178031968594007], [4834956, 0.7146014221045565], [4893727, 0.7162643123391664], [4983106, 0.7260530845310237], [5006835, 0.7222008276061621], [5558238, 0.7628392259119444], [5618157, 0.7237992077422148], [5687414, 0.6904403174928395], [6104155, 0.7424710471822998], [6386282, 0.782748552027745], [6675291, 0.8175610485828594], [6677150, 0.7663077922202286], [6852919, 0.7837403428981651], [7027670, 0.8013454024136214], [7070093, 0.7525039561765788], [7205320, 0.7690622522255502], [7249121, 0.766003035151208], [7249142, 0.7341508436547791], [7488075, 0.7751231031538948], [7488172, 0.7664131646125585], [7545183, 0.7525445434098608], [7609210, 0.7592639786250227], [7616837, 0.7337788818944335], [7680902, 0.7484838818827472], [7680903, 0.7441851087275325], [8008328, 0.7762366713586638], [8069807, 0.7440376313445957], [8240128, 0.7871675813502662], [8255625, 0.7539022594308887], [8271918, 0.7550259305608797], [8353403, 0.782601008841981], [8383088, 0.774817057493764], [8383093, 0.747885718905466], [8383094, 0.7467493793235277], [8398611, 0.7446290989299651], [8471486, 0.7570486797394516], [8561841, 0.7773088821368568], [8585892, 0.779138979271498], [8590439, 0.7503817637203339], [8682958, 0.779210129668874], [9013081, 0.7539195302843293], [9025642, 0.7513655897439696], [9091337, 0.7304813354054714], [9184716, 0.762365503020367], [9237345, 0.7472041096126348], [9298642, 0.7818256688163966], [9299789, 0.7312661736249924], [9348460, 0.7753355889972444], [9406731, 0.7198853273016719], [9479358, 0.8157008694457878], [9479523, 0.7407735634349499], [9516662, 0.7338610494227185], [9535877, 0.7343250044680613], [9561386, 0.7518063262481253], [9574013, 0.7222958702129112], [9611000, 0.7905317962991402], [9613643, 0.7916390207619507], [9614254, 0.7348012020288527], [9643891, 0.7418428128552015], [9646420, 0.7447308234119299], [9691111, 0.765818004559443], [9694396, 0.7547338153867658], [9722675, 0.7995844012954901], [9727892, 0.760588418028594], [9733155, 0.7251539850085561], [9737524, 0.733202303490454], [9746745, 0.7093361211167908], [9746748, 0.7028766285209741], [9774929, 0.7630669191616647], [9791082, 0.7618999117821221], [9802181, 0.7588316125601098], [9804922, 0.7371916240782093], [9824545, 0.8084565600709963], [9824550, 0.7259853430377273], [9832927, 0.7242406413536737], [9845990, 0.775553483391599], [9845997, 0.7751868049874167], [9856080, 0.7795972657148657], [9856087, 0.7775554504737034], [9857478, 0.7177154389257945], [9884425, 0.8135316350255359], [9884558, 0.7948082768364674], [9910143, 0.8013377280576358], [9910496, 0.7060344956938368], [9921307, 0.7942594536123773], [9921394, 0.7717375360227633], [9923981, 0.7626762401128877], [9925650, 0.7632494066602021], [9925947, 0.7366427854489931], [9927066, 0.693770242095556], [9927903, 0.6976802879925511], [9929234, 0.6807072433831834], [9929235, 0.6767534216569684], [9938848, 0.78042916844424], [9938903, 0.7773163996722163], [9939176, 0.7474186789994957], [9941507, 0.7281996215779685], [9943682, 0.7131950047358224], [9953247, 0.7659156054106186], [9955764, 0.7484720171732965], [9955789, 0.7117122151318978], [9968694, 0.7733697789570618], [9968777, 0.7633753259269356], [9969246, 0.7552014364324037], [9969379, 0.7287080191336932], [9973620, 0.6639120003761223], [9975161, 0.6424932406709519], [9976938, 0.6624596916034683], [9977737, 0.6569954163740434], [9981816, 0.7530629442058739], [9983341, 0.6761024502136525], [9987578, 0.8575299708641764], [9990423, 0.8651763284431978], [9990424, 0.7565052340772482], [9992783, 0.8327891087659406], [9993096, 0.7264516387745129], [9995035, 0.8743964618691045], [9995040, 0.7699244892005029], [9996907, 0.9310676170631431], [9996956, 0.9050461160959947], [9997035, 0.8411697052594633], [9997196, 0.7601114635468335], [9997321, 0.6998511576376784], [9997602, 0.7162765481051437], [9997639, 0.6849093788432008], [9998094, 0.8259615252034657], [9998095, 0.7111974797578655], [9999278, 0.7570658639587817], [9999287, 0.5901203363238844], [9999304, 0.5623779662825327], [9999447, 0.6783688138991569], [9999448, 0.6571807318881638], [9999631, 0.87428120044446], [9999640, 0.59712968809846], [9999817, 0.7422391855827206], [9999892, 0.7174768142482759], [9999897, 0.5444407085916599], [9999962, 0.7176953704287874], [9999973, 0.7390267928733405], [9999976, 0.6683140412004268], [9999978, 0.46253157502537257], [9999987, 0.659747527525073], [9999998, 0.5856826378766767], [9999999, 0.8198114031203789]]}