{"seed": 177791867, "N": 10000000, "alive_speed": 0.9290667205008759, "non_threatened_speed": 0.9290943145992601, "survivors": [[296, 0.9290943145992601], [871, 0.8196224977819817], [294260, 0.7748941879299118], [9523987, 0.7396496316427807], [9999904, 0.6672495632552836], [9999943, 0.5335020997231503]], "still_alive": [[383487, 0.7551030651515555], [384330, 0.7479819958926989], [430663, 0.7398893226723686], [1285784, 0.7583319940624541], [1394147, 0.7633520808164357], [1485740, 0.7664531494942955], [1555839, 0.7514344955781891], [1556506, 0.7385700950244448], [2143711, 0.7726744505717488], [2371460, 0.734766518476317], [2602479, 0.7518025809536255], [2779128, 0.7417793818449646], [3327083, 0.7664043523103709], [3623334, 0.7796440123378059], [3623569, 0.771546111156586], [3801592, 0.7746695898077167], [3810895, 0.7683595642185952], [3956992, 0.7799787808498483], [4411867, 0.821432559385055], [4510014, 0.7683049718420689], [4641519, 0.7742902162428162], [4990724, 0.743701639569612], [5261809, 0.7355911825745649], [5304280, 0.7329062556886745], [5304299, 0.7085195947002623], [5562530, 0.7472442684214013], [5617151, 0.7563736980061729], [5705124, 0.7369762914448058], [5706799, 0.721560447004707], [5910964, 0.7465737140448866], [6109617, 0.7624057233523567], [6124034, 0.7575835097540627], [6124245, 0.7456960027733801], [6311924, 0.7594051537581354], [6440139, 0.772556028642335], [6463174, 0.7577964597554527], [6684819, 0.8078273658497662], [6690096, 0.7905322538330346], [6690435, 0.7744997884560336], [6704000, 0.7570053582016604], [6720269, 0.7542396943993589], [6806854, 0.755517692020873], [6832221, 0.7505380151922628], [7049954, 0.8021347687967161], [7057717, 0.7713156050205456], [7101148, 0.7543825118972803], [7190015, 0.7452523298034778], [7194118, 0.7388816675660091], [7339467, 0.7584220926519503], [7455964, 0.7931394695517109], [7514067, 0.7731664294876542], [7749582, 0.7967105441936047], [7764235, 0.7716541789502378], [7764244, 0.7698705254953028], [7945931, 0.7757902746308319], [8113850, 0.7471631710136531], [8147743, 0.7575040274923458], [8150694, 0.7405743535747024], [8150709, 0.7201446647872245], [8217540, 0.740646189665079], [8217575, 0.734723088725839], [8505116, 0.7871728335688396], [8571489, 0.7750948399380568], [8723254, 0.7352414723683482], [8806903, 0.7588377118724406], [8807190, 0.7536797569926641], [8887361, 0.7628077590677895], [8887422, 0.7515462347923486], [8975871, 0.8067954876018316], [8976686, 0.7386458736028149], [9065509, 0.7784590594556222], [9065728, 0.7109485299522726], [9183923, 0.8042773183696644], [9204432, 0.7790741340657057], [9205489, 0.768985004800607], [9208988, 0.7305673190988109], [9276969, 0.7115934475081823], [9337588, 0.7421350517311406], [9356451, 0.7474184692091431], [9397428, 0.7853594119507593], [9418727, 0.7862554417335736], [9424642, 0.7707205262760739], [9452667, 0.7862296229455129], [9455656, 0.780576964375224], [9465189, 0.7489318357505522], [9513476, 0.8059723331611482], [9513583, 0.8022575276853833], [9513926, 0.7690175935317849], [9524086, 0.7254708158219013], [9524681, 0.7016104461386001], [9566774, 0.7624287770386972], [9571947, 0.7589355998630021], [9600644, 0.7298183611938405], [9642341, 0.7193628905503696], [9642780, 0.7122047588084089], [9643797, 0.695943674749858], [9682292, 0.7683207704513682], [9697139, 0.7992661532046318], [9700670, 0.808441441612828], [9748645, 0.7464694803383516], [9769576, 0.7810904883087844], [9777731, 0.682424443620892], [9828748, 0.756488252565142], [9868771, 0.8104314939979997], [9869796, 0.7695757154106062], [9869967, 0.7410591543165602], [9871958, 0.7215790207976052], [9889957, 0.7891932120353694], [9891312, 0.7934029122037431], [9898467, 0.8357453251847851], [9898550, 0.791552813996271], [9902813, 0.727337174953408], [9913194, 0.7868882432541539], [9924515, 0.7877421872750595], [9924516, 0.7752110819078629], [9924817, 0.7350447216852214], [9933692, 0.7904031681310042], [9946157, 0.7713209230744438], [9950692, 0.6966323404905946], [9955251, 0.7268178366065181], [9967022, 0.7258051430636571], [9969179, 0.7562114628554644], [9969342, 0.75914104852679], [9972701, 0.8471140254509844], [9972858, 0.7575008981923897], [9974533, 0.6985615551472851], [9974952, 0.676796085179485], [9979689, 0.7642388107313611], [9979868, 0.7454258518037176], [9986001, 0.7653535671904674], [9988714, 0.7817720982062216], [9989451, 0.7329546052486046], [9991664, 0.832726805143567], [9991711, 0.824546875687084], [9991716, 0.8177653237380256], [9991751, 0.7951168124799565], [9992984, 0.7041771452821123], [9993313, 0.5895692970709684], [9993974, 0.5924079685367306], [9995383, 0.6520539620939925], [9995430, 0.6284520743919944], [9995539, 0.5970745005417508], [9995956, 0.6578831886284446], [9996023, 0.652526309614025], [9997718, 0.7679525433173071], [9997719, 0.7473239734328212], [9997808, 0.7604790458239784], [9998131, 0.8588460939224306], [9998132, 0.7587448616186754], [9998217, 0.7557233706530525], [9998276, 0.7775773099445009], [9998545, 0.7596968423793675], [9998586, 0.6697685282647495], [9998975, 0.7602458915568886], [9999026, 0.7640882365669369], [9999121, 0.7669237629040946], [9999178, 0.7432828789032631], [9999243, 0.7790235943895688], [9999246, 0.6887832862752903], [9999419, 0.6796891496469633], [9999426, 0.6439123521542727], [9999537, 0.769985984734936], [9999684, 0.8365874548814773], [9999725, 0.8723122371021392], [9999760, 0.7864588051412641], [9999875, 0.7440257023449193], [9999905, 0.5790944729149191], [9999940, 0.7391411792188524], [9999964, 0.7690400429287549], [9999971, 0.9438538054113251], [9999974, 0.7215096245893132], [9999985, 0.8896987404839553], [9999990, 0.6551059115623301], [9999997, 0.8034612986490798]]}