{"seed": 483722268, "N": 10000000, "alive_speed": 0.9268375322632203, "non_threatened_speed": 0.9268378103145355, "survivors": [[2, 0.9268378103145355], [13, 0.852667483727453], [3886, 0.8177556508654471], [775083, 0.7973848627991813], [775610, 0.7801362440536056], [825217, 0.7769274799343928], [2489300, 0.7522905689258228], [9999909, 0.6507777704557616], [9999940, 0.6262998363587186], [9999981, 0.48824801065058965], [9999990, 0.3807384184612812], [9999997, 0.3129515672477976]], "still_alive": [[92033, 0.7955941554539391], [109360, 0.7961829230776637], [122677, 0.7513746598956089], [288778, 0.7628034966641677], [872580, 0.7375179962883778], [1322147, 0.7477342004007208], [1462888, 0.7136458576129223], [1733335, 0.731877456435829], [1733588, 0.7245239851950638], [1941057, 0.7413193570799961], [2508553, 0.7418741430393849], [2776844, 0.7423767059966678], [2776853, 0.7248080526780633], [2801504, 0.7205909786905988], [3269257, 0.7435383908312053], [3332076, 0.7311484957949113], [3658997, 0.7655182545965507], [3659406, 0.7578936357917553], [3799537, 0.7473787961730647], [4213688, 0.7865759953382415], [4213705, 0.779778622348077], [4213708, 0.7763082716949063], [4344693, 0.735077624668982], [4344940, 0.7214196002856608], [4367759, 0.7237052349947192], [4651754, 0.7549971634820034], [5111627, 0.7591966990219233], [5142234, 0.7530559822350543], [5142343, 0.740209535347396], [5577992, 0.7932146254952823], [6065527, 0.791525762374167], [6091508, 0.793470737232826], [6091511, 0.7749878780532989], [6406744, 0.7998830848642243], [6406747, 0.7527595490555923], [6429050, 0.7039837403910877], [6429097, 0.7027552586992406], [6700800, 0.7512380157330645], [6780717, 0.7652541213209689], [6790188, 0.7522926995349177], [6822123, 0.7365948490513984], [7083962, 0.7638724293655172], [7085171, 0.7580177817047987], [7189074, 0.7319342464758367], [7416517, 0.7593808247568257], [7598112, 0.7754012699216954], [7635725, 0.7665518753018218], [7685500, 0.7570134821306096], [7753307, 0.7634227443362982], [7757572, 0.753099623295657], [7757573, 0.7503398589245602], [7790780, 0.7421902886648446], [7947859, 0.7511852441775261], [7982854, 0.7216354774278732], [8163125, 0.7748699088653346], [8163248, 0.7449796886349052], [8569029, 0.7970992822424151], [8576462, 0.7722692056452461], [8639901, 0.7561435733171215], [8657276, 0.747302445440193], [8679127, 0.7514987237027012], [8679128, 0.7422251594872938], [8767651, 0.7496820463874069], [8768638, 0.7421315225305786], [8870039, 0.766614454520448], [9082384, 0.8391751907857419], [9088283, 0.828031141537142], [9092180, 0.8000138553955535], [9093799, 0.7764630223898442], [9121824, 0.7247042239361077], [9226245, 0.7695469417363081], [9345258, 0.8180774838718261], [9383567, 0.8497546283383536], [9384364, 0.8055615231626837], [9455663, 0.8024886702003808], [9455690, 0.761288895560891], [9489085, 0.7655032401793951], [9531650, 0.7677420883501755], [9561339, 0.7423559265763374], [9597918, 0.7435354243727677], [9631113, 0.755313633034299], [9662406, 0.8057827978887706], [9662407, 0.7860826085040443], [9676392, 0.770080687090346], [9710827, 0.8349905108782653], [9711370, 0.8216639978467076], [9720119, 0.8129922785710868], [9720468, 0.8032915450961887], [9723839, 0.733560245497287], [9723864, 0.6933894258884693], [9723867, 0.6828696307192887], [9733562, 0.7063250967802265], [9735181, 0.6868064987716105], [9755780, 0.743827658237855], [9756431, 0.699396649374367], [9802722, 0.8011314845471699], [9814171, 0.7854357620593143], [9819790, 0.7489003744500149], [9831293, 0.7827125854375749], [9831346, 0.7395758767509786], [9832285, 0.7198650042742909], [9832292, 0.6639038690727037], [9833505, 0.6656993343222679], [9856404, 0.7460506554313016], [9858993, 0.7089065082582622], [9867074, 0.7505638380958749], [9885149, 0.8150294454072259], [9885594, 0.7401673648247544], [9888913, 0.6896030453343438], [9889840, 0.6485750630097882], [9906315, 0.7228927207452155], [9906316, 0.7109941862535167], [9930637, 0.772545206796309], [9934052, 0.7732717084432792], [9938361, 0.821932124405941], [9938380, 0.7968719271042086], [9938819, 0.7691340364516038], [9938842, 0.733368276541816], [9939219, 0.7038938499577958], [9939338, 0.6530390296553742], [9958437, 0.709499266210778], [9961428, 0.7455898133900167], [9961433, 0.675005096824692], [9967250, 0.7885158010090247], [9967625, 0.7153424678957331], [9969234, 0.7391577461955516], [9971501, 0.7907403588406331], [9971502, 0.7883918574009458], [9971541, 0.7616786914653642], [9976114, 0.867902846375778], [9976451, 0.8650762822152276], [9976452, 0.8339132433091716], [9976469, 0.7921372533335893], [9978064, 0.7607718960796997], [9979151, 0.731777733014204], [9984138, 0.8062174384434644], [9985291, 0.8160204468343223], [9987318, 0.7848555468241704], [9988727, 0.6946907199809524], [9990826, 0.7199227322769949], [9991271, 0.7409004414665764], [9991324, 0.7257214005754775], [9992137, 0.6862196007579769], [9993308, 0.7791470442550404], [9994967, 0.803193151624882], [9996142, 0.8689980891504094], [9996407, 0.9080089435500124], [9996408, 0.8200999668537335], [9997923, 0.9041973031665558], [9998090, 0.7324634305032285], [9998263, 0.5893008842521495], [9998822, 0.8451281174993659], [9998823, 0.7655567629940462], [9998982, 0.8549835283641577], [9999023, 0.8573379112000583], [9999094, 0.8488661752781981], [9999189, 0.672827029370694], [9999196, 0.5909853532956815], [9999463, 0.7678116431399788], [9999596, 0.7000698918534367], [9999597, 0.6568717856483893], [9999814, 0.7716106389770083], [9999837, 0.620904082072417], [9999896, 0.8713854913902457], [9999945, 0.4258529273746403], [9999968, 0.6074297028604059], [9999977, 0.7370888502712596], [9999978, 0.5324470663283453], [9999993, 0.40626384664452997], [9999994, 0.46489122923141946]]}