{"seed": 892, "N": 10000000, "alive_speed": 0.9705678508127474, "non_threatened_speed": 0.970568141983161, "survivors": [[2, 0.970568141983161], [237, 0.9189200070738588], [37498, 0.7703808761218045], [9820503, 0.7592824037510952], [9942800, 0.7474525217965422], [9970685, 0.738662001535002], [9990522, 0.7327641258450379], [9997117, 0.6430387412655656], [9997306, 0.6133047862434909], [9999999, 0.0067334968229803005]], "still_alive": [[94277, 0.7604855272586503], [834000, 0.7685588810456094], [1345033, 0.7542312741939065], [1786880, 0.7595286343591219], [1786885, 0.72692841448439], [1941080, 0.7402582174191096], [2654165, 0.7923961949915668], [3168486, 0.7770276356132688], [3349809, 0.7875936676947694], [3350006, 0.7442090372465034], [3734609, 0.7872290193549019], [3768230, 0.776794536673457], [3776799, 0.7534077101125342], [3831788, 0.7200667256016321], [4264409, 0.7528478796217922], [4362202, 0.7542084313649582], [4629241, 0.7595086732951679], [4774060, 0.7652556462403511], [4855937, 0.7588360083645895], [5293382, 0.7695163265531173], [5314991, 0.7418572223957747], [5667672, 0.7651298194383145], [5682973, 0.7306516283962018], [5805144, 0.7431413399450312], [5810359, 0.7290652328015979], [6029780, 0.7675112654885374], [6197031, 0.7584893504583902], [6251066, 0.7292301343473323], [6565407, 0.7853583661357469], [6592200, 0.7880158985592466], [6623709, 0.7946751039848627], [6814330, 0.7878927214365181], [6849429, 0.7655374162293641], [6849434, 0.7294650962079406], [6900811, 0.7396929479420724], [7120938, 0.7429658485388569], [7271297, 0.7833672220854303], [7384790, 0.7463632362052882], [7489677, 0.7703592440367086], [7553074, 0.7842839228227422], [7586917, 0.7852404343354871], [7649178, 0.7876682165433384], [7649253, 0.784162014818164], [7704884, 0.7901648275429815], [7711543, 0.7755599007713773], [7800790, 0.7544068972955751], [8093335, 0.8026886037199432], [8131942, 0.7624608957852038], [8227275, 0.7898372821108768], [8254766, 0.7805812077254467], [8321863, 0.7894586476629347], [8322696, 0.7744483898765071], [8379517, 0.7685678002654893], [8836858, 0.7307895001287552], [8837533, 0.7244399073336851], [8913904, 0.7284561318482735], [8984313, 0.75108970238124], [9006326, 0.7347120056108407], [9214825, 0.7652912037323182], [9264740, 0.737059679066516], [9329379, 0.8068771042832493], [9349190, 0.7246413697125575], [9404689, 0.7344926672234505], [9417714, 0.7447516435742028], [9425413, 0.72036332848334], [9425584, 0.7136725041926647], [9474867, 0.7467546215089934], [9483662, 0.7593485406326879], [9499025, 0.7689284312423238], [9528040, 0.7886144999650567], [9528683, 0.7764593057096], [9530726, 0.7755330168167716], [9530759, 0.772083330733344], [9562174, 0.8172850743099518], [9590667, 0.819756787712209], [9609150, 0.8205741791845926], [9634535, 0.8445463815989457], [9641608, 0.7857783887170634], [9648991, 0.7930504454660041], [9655894, 0.7926294372129448], [9674773, 0.7530458298435115], [9683196, 0.7710053085811177], [9701217, 0.7882568645151772], [9702500, 0.7739203333962742], [9711015, 0.7547354992999066], [9713442, 0.7410046064472309], [9717055, 0.741331583155566], [9725916, 0.7637271261800866], [9725949, 0.7405186218036145], [9737642, 0.7728406172594582], [9797219, 0.8047435510623392], [9800636, 0.7966260511223554], [9821092, 0.6815820038228639], [9836703, 0.7442350997517132], [9847004, 0.7125984082214558], [9847017, 0.6953471981361974], [9874692, 0.8391734539845396], [9876437, 0.8186358672165434], [9877668, 0.7538181771679021], [9886929, 0.7571570315149229], [9887670, 0.725594979659593], [9895267, 0.7188880797256497], [9908246, 0.807199055093023], [9908327, 0.7675983446469768], [9914372, 0.8026483573376545], [9914507, 0.7675003370262071], [9916194, 0.7748290906795771], [9934741, 0.8433420349392428], [9934948, 0.7315192657966929], [9939523, 0.7801462984518713], [9945781, 0.7176073407108897], [9947022, 0.7085522540611786], [9950049, 0.7247475675247856], [9967312, 0.7569671278038971], [9969037, 0.7355643311202908], [9970626, 0.7535496312564182], [9971444, 0.7174050033914688], [9971767, 0.6615992254433429], [9980838, 0.8273726531985143], [9985797, 0.7357951848150222], [9988256, 0.8293351654600861], [9989897, 0.8002338742149626], [9989898, 0.7997094968883715], [9990497, 0.8079918199324423], [9990525, 0.7290160510424945], [9992132, 0.8324378278867637], [9992191, 0.7767166302542015], [9992816, 0.7732687878714863], [9992983, 0.791445058931903], [9994716, 0.8967057790053365], [9994773, 0.6312351463776077], [9996006, 0.6545266304000088], [9996221, 0.687184955492378], [9996222, 0.6631318591912598], [9996487, 0.669888045802392], [9996676, 0.7063466139475209], [9997311, 0.5737211675634757], [9998128, 0.7982077181768424], [9998757, 0.7238683737186965], [9998808, 0.7283038275650585], [9998821, 0.6848119255579638], [9998830, 0.6648177063396838], [9999229, 0.8960259998678588], [9999244, 0.8818649669499832], [9999345, 0.8706484401635871], [9999346, 0.5295385773926654], [9999765, 0.8996218677710752], [9999836, 0.9840056623135172], [9999853, 0.9099171558670867], [9999860, 0.9390600852936353], [9999895, 0.8513291769071709], [9999898, 0.8640023855922794], [9999899, 0.4123277782168021], [9999920, 0.5198687175750235], [9999987, 0.3673735666114618], [9999998, 0.597154673762768]]}