{"seed": 177791866, "N": 10000000, "alive_speed": 0.9728465305010401, "non_threatened_speed": 0.9728470169244999, "survivors": [[4, 0.9728470169244999], [192571, 0.7615720449026054], [8807932, 0.7581622253727354], [8807967, 0.7558414716090581], [9795680, 0.7228277285408384], [9946653, 0.6983012713226228]], "still_alive": [[587656, 0.7473002371823134], [1209879, 0.7503003361039019], [1234734, 0.7381281748477021], [1421919, 0.7421629411137418], [1427708, 0.7354714383263302], [1597833, 0.7463246813373403], [1699870, 0.7348285213456266], [1774915, 0.7278769117976932], [2883134, 0.7707845058087889], [3199509, 0.7887892755519575], [3199648, 0.7750677201613074], [3199653, 0.7398418052196821], [3546482, 0.7694274746470846], [3568479, 0.7676638975497189], [3636774, 0.767251280978347], [3896389, 0.798094261067342], [3916332, 0.7590720658170141], [4257567, 0.7815269920551956], [4258000, 0.7747605482094628], [4349737, 0.7247320389260048], [4933836, 0.7845839645099771], [5039203, 0.7798671919024577], [5342834, 0.7861338063580176], [5346189, 0.785035110243528], [5388970, 0.7747103414042397], [5405703, 0.7720853793385755], [5419690, 0.7630471374455766], [5524051, 0.7374502950533541], [5742492, 0.7292330405218751], [6104335, 0.7800887223918483], [6130700, 0.7588367336174582], [6422847, 0.691902098368757], [6689854, 0.7447495474970331], [7143213, 0.7507514420709499], [7280838, 0.7607941941482154], [7294745, 0.7220683318653687], [7518086, 0.7826568101120228], [7544755, 0.7689720198219391], [7599062, 0.7537753690998359], [7612155, 0.7506978962071393], [7693990, 0.7515801454381524], [7734733, 0.7596379927559231], [7787248, 0.7592335122445449], [7943713, 0.7931216728043923], [8008888, 0.7201085962901542], [8153471, 0.7446113939421548], [8153492, 0.7300064119221699], [8169447, 0.731105970406908], [8283560, 0.7658589268168818], [8387767, 0.7713104705638987], [8389876, 0.7473193718818922], [8587493, 0.807251964701465], [8703362, 0.8052862175914062], [8711411, 0.7762994000090495], [8808706, 0.7487751623234246], [8824933, 0.7548019717333672], [8824964, 0.7490092980402264], [8825047, 0.743138412776806], [8941888, 0.7589616606442178], [8990849, 0.7753635977927756], [8993826, 0.734951755161087], [8994115, 0.7049403482562505], [9184812, 0.761654172253138], [9202863, 0.7430040570386263], [9204160, 0.7311920784854461], [9323397, 0.8075576687977105], [9323844, 0.8035890220674746], [9329155, 0.7595011012842713], [9342000, 0.7453138139530633], [9389331, 0.7719988914168125], [9389332, 0.7481814628661734], [9456471, 0.7845122790549471], [9456472, 0.7749002495312712], [9492427, 0.7969722209296786], [9492834, 0.7627738907376798], [9529423, 0.7597472312823504], [9560814, 0.793590484457015], [9575533, 0.7952184567191897], [9583254, 0.7735916871947282], [9583285, 0.7696834519007821], [9586794, 0.7739979545371896], [9587499, 0.7733923332645846], [9697230, 0.7742371314240899], [9723127, 0.7999654929262574], [9723324, 0.7487835511509116], [9759989, 0.7459320833681459], [9760512, 0.7379273059841694], [9788725, 0.8292004622597714], [9788752, 0.824246999211042], [9790443, 0.816534234723269], [9797485, 0.686603736364894], [9797512, 0.6760325016887834], [9828651, 0.786141569192872], [9828730, 0.7806118909918053], [9847733, 0.7009643546260415], [9847756, 0.6849361912895658], [9865147, 0.7489102874047374], [9868088, 0.705300163581792], [9870919, 0.7120145084981795], [9872704, 0.705709270151373], [9877483, 0.7174876118339726], [9877486, 0.7107544514114497], [9887993, 0.7680375814969083], [9888024, 0.7525260555799309], [9888111, 0.709162295174442], [9905494, 0.7527976184283033], [9910801, 0.7386833081151033], [9927818, 0.7540804046085069], [9939051, 0.7795521582946313], [9945576, 0.7529783063236782], [9957650, 0.6382769514326541], [9960929, 0.6871934791590668], [9960972, 0.6697688623699132], [9960973, 0.6524635047343966], [9961616, 0.6503590290633443], [9971091, 0.86347202387117], [9971092, 0.7762183355069961], [9971615, 0.6919974734667663], [9971616, 0.6875555607313285], [9974349, 0.7562908574601437], [9978846, 0.7303209390400414], [9981019, 0.7813948051640721], [9981020, 0.7241971156151511], [9983391, 0.7241561490276227], [9988966, 0.8465702991615319], [9989103, 0.7890046636122559], [9989848, 0.7799620332396652], [9990109, 0.7948753572891692], [9990142, 0.7928313868298996], [9991545, 0.836105218747742], [9991546, 0.7519814633037551], [9992167, 0.8020921926155317], [9992190, 0.7731751096568198], [9993443, 0.7397799214117173], [9993626, 0.6343910010003274], [9993711, 0.6232657528806151], [9994896, 0.760922352005501], [9995229, 0.7695364506670649], [9995260, 0.6145974276076457], [9996603, 0.7378821861202133], [9996884, 0.789184148369603], [9997245, 0.8074781718638164], [9997832, 0.9117833310260672], [9997991, 0.9130618027083047], [9998480, 0.5208070396578128], [9999027, 0.6944385509163267], [9999084, 0.5991953330318072], [9999415, 0.7592058016955925], [9999534, 0.7303433118821786], [9999633, 0.725647027714041], [9999790, 0.9543315981566399], [9999807, 0.8360745876922868], [9999818, 0.5454152619871147], [9999843, 0.621762056497583], [9999890, 0.6152433812970249], [9999947, 0.9419082988353009], [9999948, 0.5057718606041549], [9999977, 0.6575368729324452], [9999982, 0.8340120508400893], [9999989, 0.6402812559614901]]}