{"seed": 928126210, "N": 10000000, "alive_speed": 0.960972847015786, "non_threatened_speed": 0.9609731353076978, "survivors": [[2, 0.9609731353076978], [5, 0.84942641532764], [82, 0.8119798865605863], [343343, 0.7697645636035868], [4506296, 0.7652249480724653], [4508219, 0.7640507710989235], [9909990, 0.7040042606231138], [9999969, 0.6614643085784131]], "still_alive": [[431032, 0.7492663060548522], [1107619, 0.7238938737097568], [1775680, 0.7654790368666634], [1810993, 0.7614779830264775], [2234782, 0.7582903560900506], [2768525, 0.7602921593669169], [3073250, 0.7530277635592656], [3136499, 0.7546092503845576], [3743748, 0.7518838998692239], [3844277, 0.7508612324346924], [4478664, 0.7797129083326898], [4506289, 0.7665029754522827], [4518552, 0.7599856698450973], [4755151, 0.7624770910394145], [4991892, 0.7913746859511611], [5270701, 0.8362685775609636], [5270704, 0.8351852208813728], [5272445, 0.7840627766065814], [5391388, 0.7622988487054412], [5451483, 0.7644563257357865], [5530526, 0.767968054745315], [5531635, 0.7673309853862393], [5744722, 0.7401799721780449], [5941749, 0.7378733930579066], [5976120, 0.7425673214955553], [5977817, 0.7408249764876236], [5978172, 0.738671430289314], [6109185, 0.7405212101337526], [6351060, 0.787608021750763], [6351419, 0.7603261675667734], [6406438, 0.7688121358165276], [6406451, 0.7614257286057784], [6418824, 0.7392766949064927], [6418825, 0.6909942747569158], [6734574, 0.7395679404759625], [6949999, 0.7589225107336015], [7115250, 0.777308041200917], [7343093, 0.7363585893809158], [7343124, 0.7208630731526695], [7629549, 0.7812448706895688], [7651690, 0.7755655499173223], [7656977, 0.7277220921168994], [7736200, 0.7440082957452794], [7799973, 0.7489452195317102], [8107768, 0.8058513329912684], [8146459, 0.8014018365137598], [8208114, 0.8259626463683405], [8208479, 0.797307817797243], [8208484, 0.7932994082537831], [8247301, 0.7997505424900008], [8292972, 0.7539093494805099], [8292987, 0.7401611282121263], [8552304, 0.7783999476646075], [8573487, 0.7604152770415482], [8635664, 0.7780488444982923], [8656051, 0.769798769666309], [8762798, 0.7826394472071334], [8784745, 0.7616109107031782], [8807058, 0.7525868852982798], [8861061, 0.747225205887871], [9021722, 0.8182418853683376], [9134667, 0.7359828397614915], [9157994, 0.7044001362387139], [9199627, 0.7336057389815508], [9238274, 0.7632831452860469], [9238345, 0.7478271939013816], [9333842, 0.8012237608287919], [9336703, 0.7772048040958681], [9399604, 0.7708902147192694], [9466959, 0.781314429227264], [9472814, 0.7427361909299811], [9505187, 0.7729377792375154], [9522682, 0.738385005058114], [9596507, 0.7384474604644139], [9631810, 0.8087143711568283], [9632429, 0.7898671675659152], [9643014, 0.7856661724187154], [9644881, 0.7823372854589669], [9644910, 0.7589297604743254], [9655025, 0.780848015006567], [9655026, 0.7436255889326473], [9661297, 0.7149905961134877], [9709376, 0.7573087084668245], [9736101, 0.8182154842315686], [9754142, 0.791734075313483], [9754157, 0.7880196144787128], [9755922, 0.7876107758108014], [9758565, 0.7181985542209843], [9789220, 0.7722619401208259], [9805305, 0.7539580589820207], [9809560, 0.7149679253478441], [9858943, 0.8148096349303257], [9859646, 0.815103812198736], [9864275, 0.7704608147482703], [9864276, 0.7280000110207346], [9874359, 0.7228083866519786], [9900938, 0.8158181413535918], [9905873, 0.7908011842756788], [9911385, 0.6978871052615084], [9912078, 0.6959249055626274], [9915809, 0.711434283943824], [9920454, 0.6525226987591604], [9920457, 0.6519112608830419], [9931206, 0.6797611884386763], [9931209, 0.6691984397185025], [9941072, 0.7689265180996884], [9941075, 0.7672095581340147], [9945400, 0.7303286502852209], [9945611, 0.7147746669465229], [9945626, 0.7061495999257436], [9951087, 0.7469086128917947], [9956854, 0.7735183781560372], [9965759, 0.8105112968878411], [9968118, 0.7540051748191093], [9971945, 0.8281890666656958], [9977742, 0.7502012523000752], [9980257, 0.8092136573810721], [9981702, 0.8165405823109921], [9981931, 0.7396819323934958], [9985844, 0.8038923384459772], [9985853, 0.6503862615978506], [9987986, 0.733849473360732], [9989995, 0.7988067604212469], [9990550, 0.8232925374474526], [9991153, 0.7538665345793946], [9991182, 0.6693796409001324], [9993763, 0.9392960588439665], [9993786, 0.8325637453761797], [9993973, 0.8432504871083479], [9994166, 0.723870178034486], [9994195, 0.7209845085074313], [9996734, 0.7752166398416945], [9996845, 0.7403183035384049], [9996922, 0.7248319326658217], [9997389, 0.7007919822257536], [9997430, 0.6710647230236643], [9997809, 0.7456158711891383], [9997832, 0.621109534465669], [9998239, 0.7118372617465534], [9998502, 0.5651237435348102], [9998789, 0.6092058191958584], [9999408, 0.862065907956109], [9999427, 0.719261875345867], [9999560, 0.7121196733219839], [9999563, 0.6340299601116568], [9999610, 0.6995298202897899], [9999701, 0.5971849403446302], [9999714, 0.5842186436916665], [9999839, 0.7936605212281858], [9999868, 0.6783029287563218], [9999907, 0.8321276440828348], [9999908, 0.8140758829541339], [9999929, 0.6557682190249033], [9999960, 0.84633575133276], [9999970, 0.287823098757114], [9999995, 0.5959700283096989], [9999996, 0.6536624622212094], [9999997, 0.8554927486914926]]}