{"seed": 928126094, "N": 10000000, "alive_speed": 0.8013248124560542, "non_threatened_speed": 0.8024788571851678, "survivors": [[14380, 0.8024788571851678], [31195, 0.791229526942798], [1711174, 0.7671915925212823], [1930579, 0.7609130714316676], [2170856, 0.7519844274840939], [9999999, 0.22834333427758635]], "still_alive": [[33492, 0.7884164708895943], [904899, 0.8061416647486366], [931196, 0.7563317996106507], [1114971, 0.745263456004597], [1115290, 0.7435235484017868], [1419291, 0.7642558055967917], [1567916, 0.7653109930779807], [1681435, 0.7669840078589528], [2171227, 0.7463672448221074], [2172468, 0.7396824296287458], [2173729, 0.7296539019871785], [2644702, 0.7417952894383781], [2658611, 0.7426087884558813], [2903936, 0.7546973501073857], [3101065, 0.7709371144532815], [3351598, 0.7983300501093484], [3355897, 0.7816796839022232], [3434438, 0.76544692772935], [3863801, 0.7470913504807825], [4351318, 0.7715759498666892], [4708449, 0.7436312230713209], [4729456, 0.7195237791303017], [5106863, 0.7618703856915906], [5211450, 0.7566445602341454], [5559147, 0.7786648165456636], [5876330, 0.761115879974394], [6051849, 0.7835156248655386], [6106794, 0.7788799527355951], [6129255, 0.7687978474412224], [6134456, 0.7479890380713334], [6490181, 0.791543642996929], [6633922, 0.7988932669905547], [6777771, 0.7638107983746343], [6783426, 0.7613240319488396], [6798455, 0.7501656323630047], [7127348, 0.7687688033992487], [7161147, 0.7547905443376934], [7161188, 0.7537318829840362], [7424133, 0.76709753034747], [7427292, 0.740813674082885], [7617417, 0.7720762889209832], [7623628, 0.7660625065912892], [7677835, 0.7671855679635821], [7678372, 0.7507852158312507], [7696015, 0.74501325887262], [7721410, 0.7433441238235862], [7865241, 0.7506696308264358], [7948886, 0.7526360059153722], [7949043, 0.7448130349946145], [8043974, 0.7724073470078774], [8068193, 0.7569455633019767], [8180786, 0.7451865860637589], [8294885, 0.7656682603151083], [8371748, 0.7675083515915668], [8376009, 0.7632198515019311], [8434958, 0.7751453480961698], [8444497, 0.7506247128741503], [8460816, 0.7381934770974604], [8479095, 0.6847949286110722], [8521092, 0.7025554700239012], [8521101, 0.6968405340134958], [8702876, 0.7751462365624243], [8728071, 0.7563329577363984], [8765966, 0.7406291665051385], [8773925, 0.7358841737573617], [8776444, 0.7279173901536636], [8802019, 0.7274406757035906], [8861926, 0.7448712730681598], [8912273, 0.7484222821280144], [8913680, 0.6980376418597494], [8935367, 0.7029757018373487], [9028916, 0.7545676517602412], [9092197, 0.7849554338592487], [9137006, 0.7666995626006101], [9156903, 0.7500346087832438], [9157340, 0.7048061549176727], [9220659, 0.7207774326294424], [9240356, 0.7188571071764814], [9253149, 0.7187239050131062], [9322662, 0.7860979041135795], [9359055, 0.7123222511346328], [9361922, 0.7060970898186468], [9404025, 0.7451411108560464], [9449514, 0.7824023249437904], [9454899, 0.7400975548930383], [9469366, 0.7423324481783635], [9551925, 0.7777961174660164], [9551930, 0.777008707703991], [9551963, 0.7589640020525938], [9552872, 0.754883047158245], [9580473, 0.7572693222261319], [9599900, 0.7160964097929978], [9615653, 0.7240637029780135], [9655514, 0.7423858566354004], [9662759, 0.7566872563932988], [9678910, 0.7875744527237444], [9719519, 0.7749348812697481], [9724264, 0.7482816601400869], [9724311, 0.7163701652374052], [9748802, 0.763687203753994], [9750561, 0.7462697578121761], [9767036, 0.7970445199980309], [9773589, 0.7823366061011257], [9787118, 0.801577897709581], [9789101, 0.7711778249392227], [9789126, 0.7581755336880043], [9792095, 0.7688079515252431], [9801502, 0.7624560985314401], [9801597, 0.7533931033341528], [9801730, 0.7014519552075135], [9802679, 0.6708967535276859], [9828932, 0.7217263403027623], [9855489, 0.7866335656332972], [9858174, 0.7583118939765051], [9864011, 0.7678006485426987], [9865930, 0.72323668708984], [9876473, 0.7496753209884264], [9878474, 0.744759278474882], [9878637, 0.7271144241365055], [9898806, 0.8545050473921687], [9903485, 0.792269063989593], [9911134, 0.7848813304131951], [9911983, 0.7911428414874601], [9912502, 0.7737918805383068], [9913251, 0.7639712427232225], [9913252, 0.7036718437198918], [9932765, 0.7358953171208913], [9953362, 0.7262745916743757], [9958129, 0.7685096108326895], [9962280, 0.7419500758605222], [9965221, 0.771267716498217], [9972918, 0.7362893097146901], [9974833, 0.7008655732380217], [9979572, 0.8179516250921404], [9979851, 0.8189514530676357], [9979858, 0.7918972494856037], [9980937, 0.766142080596468], [9980948, 0.758253026078289], [9982479, 0.7342736000206918], [9983116, 0.7510502656035195], [9986997, 0.7152637500686455], [9988236, 0.7214860877786339], [9989331, 0.6328521754776484], [9990172, 0.6742500262841834], [9990963, 0.6993278553801616], [9991654, 0.7269553994423187], [9991863, 0.7208721590157331], [9992026, 0.6800127942264127], [9992259, 0.6949889299850209], [9994678, 0.9365950841771115], [9994695, 0.915897440477321], [9994698, 0.7578075515623022], [9994989, 0.7732836022126877], [9995582, 0.8247742865098295], [9996385, 0.8090964654860601], [9996390, 0.7867058785565292], [9996413, 0.7162627523523237], [9997018, 0.83901806530531], [9997481, 0.9350448261156092], [9997544, 0.7992998216091357], [9997791, 0.7553513369072975], [9998304, 0.8184980225766076], [9998477, 0.654342298607341], [9998856, 0.7879607310261246], [9998859, 0.7892600175782757], [9998874, 0.6906779779017869], [9998893, 0.6635274560383536], [9999058, 0.5750657221934127], [9999359, 0.8009192619890462], [9999510, 0.6975869993709114], [9999733, 0.8871891319431771], [9999874, 0.8226433753475796], [9999895, 0.9063811089795264], [9999908, 0.9530682948755215], [9999911, 0.6316539924906904], [9999918, 0.6391089567273992], [9999921, 0.6381391245200607], [9999924, 0.5324152685602557], [9999933, 0.599994406979462], [9999974, 0.7829261015906632], [9999977, 0.5515617896439966], [9999986, 0.8215738737025312], [9999991, 0.7315008042270476], [9999994, 0.8184964320752535]]}