{"seed": 483722357, "N": 10000000, "alive_speed": 0.8413989958735445, "non_threatened_speed": 0.8414037918746786, "survivors": [[56, 0.8414037918746786], [235, 0.8236903067339396], [1881098, 0.7603720640246059], [1903133, 0.757622948872665], [2108694, 0.7460571923726385], [9998551, 0.7366141023483823], [9999750, 0.7103236894734964], [9999751, 0.5792107226205188], [9999952, 0.4436653729332871], [9999967, 0.4423475967172301]], "still_alive": [[111034, 0.7552926657099482], [142307, 0.7332348003849506], [858696, 0.7445351324983521], [871621, 0.7288875066084142], [1592208, 0.787188803636057], [1881041, 0.7606025120334566], [2112241, 0.7313075223462038], [2927026, 0.7448852954549005], [3121513, 0.7337678605646466], [3480532, 0.7436897973693425], [3521693, 0.731824429187857], [3661496, 0.7348108299560003], [3692777, 0.7365400043213051], [4150526, 0.7595709351977425], [4491203, 0.7636298671963156], [4507060, 0.7641077099391967], [4508791, 0.7470657416985851], [4547856, 0.748027222630502], [4820489, 0.746480447255922], [4832024, 0.737483095100015], [4945185, 0.7432760685798683], [5054638, 0.7404880574001838], [5371537, 0.7631987459293836], [5372220, 0.7523451708504199], [5376593, 0.7362136180946426], [5378872, 0.7341316172211069], [5409281, 0.7132249978755884], [5686664, 0.7515216969244464], [5772507, 0.7442224810022613], [5820992, 0.7155554652262238], [5822385, 0.7104438709872839], [6745654, 0.7637054124300203], [6757151, 0.7281282941346461], [7146264, 0.7549898405818729], [7248805, 0.781787011604148], [7337304, 0.7374984315620248], [7471307, 0.7562448452193685], [7650290, 0.7548406567041058], [7787367, 0.763986343789459], [7854744, 0.7826023667671298], [7969549, 0.7982834686921332], [8063194, 0.7504250417559702], [8097635, 0.7470281320800178], [8099178, 0.733191752494739], [8202711, 0.7584212792828388], [8202786, 0.7334641792041561], [8418635, 0.7082974294084166], [8514260, 0.7251779758204083], [8556977, 0.7259526330121922], [8642850, 0.7320987656828527], [8755837, 0.7796255718944924], [8767170, 0.7778596616884875], [9038681, 0.8242259934450505], [9051540, 0.7951673553586077], [9051541, 0.751424149740813], [9115244, 0.7933641160906948], [9116101, 0.7924627064407127], [9138074, 0.7444859978324647], [9140961, 0.7424077078467093], [9159248, 0.7035068325339214], [9174093, 0.6975763960128278], [9250430, 0.7272693332705273], [9406447, 0.754260956989492], [9459992, 0.8077130871872404], [9540329, 0.8230230059069283], [9576800, 0.8056492692917178], [9577161, 0.7516593681534666], [9604292, 0.7877163607198032], [9608041, 0.7813657832992658], [9608060, 0.7754458706919], [9617253, 0.7844617102966711], [9619954, 0.7765946276580699], [9727861, 0.8021838295696789], [9730210, 0.8012380279883733], [9731119, 0.7401575595114023], [9732910, 0.6983085359204984], [9762131, 0.7725421964141557], [9781892, 0.7947746290189062], [9782165, 0.7736578830818754], [9782216, 0.7320329166589045], [9796039, 0.766210585230015], [9796040, 0.7608818246121078], [9801611, 0.746904427495847], [9812242, 0.6766837418742656], [9828929, 0.7361789305448105], [9848748, 0.7680636749267754], [9863573, 0.6960301195896725], [9864264, 0.6918943594427293], [9895751, 0.8705648728303272], [9902346, 0.8226785255904191], [9908613, 0.789151794164504], [9913510, 0.7894191137535154], [9914235, 0.7875094720688831], [9917044, 0.8032150117397421], [9929967, 0.7731786524964072], [9931336, 0.7661769978204611], [9939033, 0.8379534576983763], [9939088, 0.8192053992281126], [9943833, 0.8197836684838552], [9943946, 0.7385352046295834], [9944135, 0.7186602221558126], [9944136, 0.7099012820002533], [9958129, 0.8382453552582052], [9959854, 0.7463680761715707], [9964085, 0.801103423370921], [9964262, 0.796429387223297], [9967177, 0.7399373213583025], [9968742, 0.746196475906644], [9970989, 0.6763743261994171], [9973320, 0.7060534378059603], [9977791, 0.6960164454357117], [9978028, 0.6862450072906469], [9979881, 0.7287189848204894], [9979882, 0.6742698986852586], [9981901, 0.6190892085162558], [9985218, 0.7384802562737413], [9986755, 0.757888881489263], [9991194, 0.886544513900299], [9991227, 0.830709662374399], [9992616, 0.8740584425590999], [9993349, 0.8126592614239266], [9994500, 0.9147900666014452], [9994667, 0.868108201653002], [9994750, 0.7637010185638144], [9996165, 0.7318558396835786], [9998394, 0.797410787451228], [9998716, 0.7348353541649129], [9998791, 0.7235787379528885], [9999082, 0.5367831106842818], [9999413, 0.8148997549732858], [9999440, 0.7631836791478406], [9999741, 0.7826764099971314], [9999756, 0.5502858485912133], [9999911, 0.9731481088692142], [9999912, 0.9121292432599125], [9999917, 0.9493633910554246], [9999986, 0.3645198717878494], [9999995, 0.7716669355563123]]}