{"seed": 928126019, "N": 10000000, "alive_speed": 0.8849167880141113, "non_threatened_speed": 0.8850634430119528, "survivors": [[1656, 0.8850634430119528], [7743, 0.8458903588492148], [9784, 0.8008733655704077], [622593, 0.7736557875261909], [6434612, 0.7641043043447489], [6479445, 0.763024694476629], [9851438, 0.7476807336928128], [9866041, 0.740159991249976], [9922314, 0.725578649188724], [9998053, 0.6848818644864744], [9999942, 0.5296345477874511], [9999947, 0.4843060152179822]], "still_alive": [[10053, 0.755132847607788], [294280, 0.7761417373120418], [622724, 0.7600075589214855], [977251, 0.7645403692370857], [1235166, 0.7768394556992955], [1276121, 0.7687519179487394], [1397772, 0.747771007091906], [1905629, 0.7646900546628596], [1960406, 0.737322187358088], [2121799, 0.7409721389073984], [2122646, 0.7316579413301519], [2322873, 0.7438990901390439], [2469576, 0.7575986961959644], [2819613, 0.7480959904546527], [2945104, 0.7573492488978034], [3124929, 0.73491136517284], [3713852, 0.7687662270003726], [3841975, 0.7582426310616951], [4351426, 0.7827191378006428], [4662269, 0.7831918552079341], [4678182, 0.7726141349418497], [4679861, 0.7724230117798452], [4864208, 0.7992901822694111], [4864599, 0.7993186418757507], [4959570, 0.7377012270495408], [5052101, 0.7318056984503947], [5540182, 0.7835967235038833], [5718151, 0.7699988089396339], [5722488, 0.7326342094507694], [6077449, 0.7533863181581357], [6181344, 0.7684094587629722], [6207793, 0.7728094693125962], [6684026, 0.7302321247910771], [6885007, 0.7445395492984499], [7258130, 0.7621342128454205], [7311819, 0.7772438620340331], [7422646, 0.7637605434704292], [7535149, 0.7566520121969235], [7568108, 0.7517027417183846], [7595977, 0.7567228049466403], [7639264, 0.7294337753535811], [7781105, 0.7714304637709087], [7830264, 0.7443494113897969], [7830279, 0.7214148091461849], [7977932, 0.76392525716811], [8023783, 0.7348659368908809], [8182980, 0.7798970472544914], [8245525, 0.7762016186558979], [8273532, 0.7799439880763184], [8342169, 0.8102797877608244], [8378336, 0.7328694998939439], [8546817, 0.8009496108008655], [8620886, 0.7569659076871389], [8817303, 0.8021399080516441], [8843272, 0.7373129707082133], [8951305, 0.7614791372407146], [8951512, 0.7156357961577684], [9030903, 0.7311548782024838], [9035858, 0.7169088313643395], [9069633, 0.7075231863699954], [9156030, 0.7078642140927294], [9188977, 0.7347284972637338], [9266346, 0.7325977228836945], [9309397, 0.7770898207342245], [9312124, 0.7497148446118381], [9316715, 0.7280509444829454], [9364948, 0.7639970402014093], [9447625, 0.826060256675874], [9448688, 0.8224714209756931], [9462215, 0.8081367184887094], [9517828, 0.6881979767524943], [9517839, 0.6799462852387876], [9589686, 0.7289023136286016], [9632441, 0.7482637905067919], [9632442, 0.7446960825700543], [9638891, 0.7506154914905566], [9639316, 0.7451224720272495], [9639675, 0.7139830086174175], [9668760, 0.7750717536925802], [9700095, 0.8166064101077282], [9700098, 0.7853373440591552], [9711961, 0.806931736726463], [9719250, 0.8109416237582524], [9722369, 0.8045335873979641], [9722426, 0.7979259982444521], [9722431, 0.7273821102647988], [9760340, 0.7736679272561149], [9761011, 0.7541890703414742], [9767952, 0.7642551830035998], [9786289, 0.7893675346737163], [9792084, 0.7152831851352558], [9818039, 0.7359297913818801], [9831228, 0.775737023235789], [9834659, 0.7842810910667123], [9842856, 0.8048601833250016], [9851171, 0.7854366487282627], [9851439, 0.7178200686664575], [9865876, 0.7935685531996552], [9866044, 0.7268055956395414], [9884107, 0.7261816395588396], [9896628, 0.7965388224174462], [9905169, 0.8573463233541442], [9909580, 0.8445961308258558], [9910541, 0.8464257332317096], [9922815, 0.6848123745554842], [9930730, 0.7094237733858504], [9942655, 0.7434319370950571], [9944492, 0.7521312557019697], [9945335, 0.7047152557472944], [9951530, 0.7109044411842077], [9953985, 0.705997467138973], [9959464, 0.7833141811236517], [9959523, 0.7594461220574023], [9959698, 0.684696075022702], [9961435, 0.7008348898880133], [9961436, 0.6561671231451632], [9961471, 0.6551119781800545], [9970458, 0.8278008422957269], [9970573, 0.800151593054634], [9970782, 0.748842947015144], [9972377, 0.746301427062239], [9976736, 0.8105280964755839], [9982395, 0.7679215095334466], [9985126, 0.77836261857978], [9985723, 0.7503615823405326], [9986308, 0.7816441138773628], [9986407, 0.7455238549693682], [9986778, 0.7531951687548338], [9988999, 0.7612201357164956], [9990032, 0.7782347259686438], [9990037, 0.739620994817829], [9991214, 0.6751718769240457], [9992981, 0.7346003222039931], [9994694, 0.7538697882037163], [9994795, 0.7017916179384079], [9995470, 0.7675850874062334], [9995471, 0.6733160040037802], [9995552, 0.6661595235698499], [9995553, 0.6527428491898586], [9996164, 0.6568222836227271], [9996633, 0.7068317136147502], [9997330, 0.7842846126607578], [9997357, 0.7897997556183713], [9997512, 0.8263464012872822], [9998021, 0.7862117461526678], [9998024, 0.7005239136247807], [9998442, 0.638174780387239], [9998599, 0.6150641779149525], [9998600, 0.5500074059298712], [9999215, 0.8471606820348917], [9999276, 0.8832965623648538], [9999279, 0.8351173871433053], [9999382, 0.6762547937636887], [9999457, 0.5296025009550477], [9999508, 0.5111540524700406], [9999785, 0.7982376028903146], [9999826, 0.8186453678406714], [9999835, 0.8109564592680427], [9999900, 0.9763178518181255], [9999905, 0.7180089699938471], [9999988, 0.482054736243401], [9999995, 0.6581564792846883], [9999996, 0.7947415960897519], [9999999, 0.9978214364734447]]}