{"seed": 177791842, "N": 10000000, "alive_speed": 0.9496018127524243, "non_threatened_speed": 0.9496034270780889, "survivors": [[16, 0.9496034270780889], [731, 0.8598261454573263], [66604, 0.815903188310454], [70681, 0.7977279560483993], [114684, 0.793957684168485], [638857, 0.7846498249897638], [822930, 0.7720542639546905], [881073, 0.7585373333011606], [904950, 0.7558264666235865], [9763807, 0.7544756811641364], [9778806, 0.7459562427591839], [9779527, 0.7370886883335911], [9869952, 0.7222361243513014], [9998659, 0.6158013524969218], [9999758, 0.5347554124510945], [9999995, 0.3062055309662738]], "still_alive": [[1152955, 0.7545184214427255], [1268892, 0.7558684494107694], [1268893, 0.7535219718317896], [1345274, 0.7555163143892921], [1697467, 0.7633132632245598], [1877058, 0.7446164214998137], [2301709, 0.7578458230439666], [2576086, 0.7564382418297433], [2808985, 0.7676432092351398], [2809448, 0.7516547798928473], [3251293, 0.7775903564375429], [3256096, 0.7621865771372782], [3256563, 0.7572241180157162], [3406620, 0.7660171825197033], [3406661, 0.7640754663333473], [3406730, 0.7393615352215914], [3425685, 0.7381005999233092], [3792590, 0.7513892537796332], [4003167, 0.7682130571361576], [4351154, 0.8093446061439817], [4390401, 0.7475099691696782], [4391296, 0.7308092638290539], [4749893, 0.7723653634126919], [5023582, 0.750351230917628], [5427579, 0.7823946869608274], [5572904, 0.7623635214421306], [5731747, 0.7687831326331562], [5837580, 0.7641887183486762], [5837659, 0.7604848060295372], [5848300, 0.7581618479708662], [5913643, 0.7417658840910396], [6332902, 0.8061277787780403], [6354187, 0.7892443609056369], [6356202, 0.7722440255193769], [6356207, 0.7717965015839672], [6357094, 0.7519662881349021], [6585341, 0.7721867560129289], [6627266, 0.7539477983450694], [6633847, 0.7183478178013933], [7142228, 0.7728401440550101], [7360361, 0.7400936186688837], [7686008, 0.7928718554567052], [7710911, 0.7910700499678338], [7711720, 0.7662903620127395], [7714579, 0.7588751133306414], [7831250, 0.7715624007272003], [7851741, 0.7593884702660366], [7880896, 0.7622245003396769], [7915839, 0.7646138167967476], [7972212, 0.7615564340837887], [7974575, 0.7331110840306339], [8027210, 0.7094889073214742], [8202813, 0.7420292263531167], [8207576, 0.7122094645975625], [8211383, 0.7084055350901544], [8402888, 0.7807050158689868], [8403561, 0.7690317546236932], [8404656, 0.7677167510174719], [8483379, 0.7596167969834893], [8621616, 0.7808396878679446], [8794847, 0.7537085549729352], [8799078, 0.727237108909126], [8944407, 0.8016899624840519], [9012214, 0.7774439820064037], [9015527, 0.7735545127511418], [9019506, 0.7699372207328874], [9041633, 0.7547427279053853], [9124522, 0.8045546060835272], [9133479, 0.732221294607882], [9177590, 0.7632414588938865], [9203225, 0.7753438349440855], [9229498, 0.7486522722965752], [9243191, 0.7204258989694409], [9275050, 0.7272413465253011], [9291829, 0.7149646748295301], [9394900, 0.7667827204328683], [9407501, 0.7542115433165799], [9444778, 0.7732475041733661], [9495469, 0.8087720769162956], [9496150, 0.724051719747155], [9553121, 0.770936227674522], [9635318, 0.8463250922791079], [9636825, 0.808728668978435], [9637746, 0.7993967289546223], [9640221, 0.7732289972085871], [9673978, 0.8093078076417722], [9675015, 0.8066428814752487], [9675614, 0.7384272297078637], [9732919, 0.764884686344843], [9762008, 0.8382659729697538], [9762009, 0.8211465629933146], [9763806, 0.8059715459803756], [9766286, 0.755917257931134], [9778641, 0.7830217872520715], [9789038, 0.7604401691521642], [9819055, 0.8471369891269097], [9850166, 0.697551647823726], [9853153, 0.6890753827464255], [9862722, 0.7345262187496712], [9868439, 0.7250089904432342], [9870003, 0.7114466662025315], [9885010, 0.7156976693452811], [9906185, 0.7059338490214444], [9922190, 0.7816032163938506], [9922593, 0.6672316767060995], [9937000, 0.7217661487269473], [9937883, 0.7231617262939556], [9944090, 0.7645843324780445], [9944091, 0.7269318326537401], [9951932, 0.8234828608127955], [9952783, 0.8096142425935999], [9953394, 0.7860416136259265], [9965813, 0.8387538974620654], [9965982, 0.8396721978626486], [9965997, 0.8349661158791717], [9966292, 0.8068666710479505], [9968103, 0.8091993756812097], [9968108, 0.7916163563855679], [9972367, 0.697773573619114], [9972370, 0.6694489526147902], [9973621, 0.6844834783617095], [9975132, 0.7148266390575689], [9979823, 0.7157954022673503], [9982256, 0.8137467875825986], [9984177, 0.7106443674055611], [9986316, 0.6926704899091392], [9987527, 0.7276137941568686], [9987756, 0.7190892214456266], [9989961, 0.824100308800188], [9991374, 0.7831725102078454], [9993455, 0.7819313322460762], [9994050, 0.8185520466417692], [9994531, 0.7892187517439119], [9994870, 0.7292662253905301], [9995681, 0.8388276777416896], [9995772, 0.7874749034024559], [9996185, 0.8134759821329103], [9996286, 0.7117659114843534], [9996469, 0.6692603480226894], [9998074, 0.7665101193120845], [9998253, 0.7269274215620499], [9998540, 0.7521253570230663], [9998565, 0.7294727540223561], [9998570, 0.7309632956132991], [9999042, 0.6781667455594257], [9999275, 0.8956319550850164], [9999644, 0.8418123223800967], [9999675, 0.917614501167237], [9999704, 0.5918431566296535], [9999753, 0.5940342524034558], [9999827, 0.5804543665849684], [9999832, 0.5685870951795221], [9999917, 0.9108549147714972], [9999936, 0.8167536359042096], [9999951, 0.7677431616184404], [9999962, 0.901634638295972], [9999965, 0.46627076640878296], [9999970, 0.4884085988881127], [9999979, 0.3811426571384755], [9999988, 0.5008577250021424]]}