{"seed": 470582556, "N": 100000000, "alive_speed": 0.946433585295227, "non_threatened_speed": 0.9464392166085096, "survivors": [[594, 0.9464392166085096], [1059, 0.7986254033977007], [89738, 0.7868061246067888], [1476521, 0.7715016204635554], [71012642, 0.7558360659774533], [71704817, 0.748396544838805], [93810532, 0.7483797034117644], [94368785, 0.7481177891058647], [99999762, 0.6379751727832557], [99999825, 0.5091124267924009], [99999826, 0.45923081068613547], [99999999, 0.31667745478725595]], "still_alive": [[89791, 0.7750882577810623], [1440888, 0.7855826020519754], [4236716, 0.7669273341288811], [4295091, 0.7466687454114209], [4461634, 0.7407297384784752], [4467025, 0.7305159166502051], [5386848, 0.7375536606867759], [6805267, 0.7466330505008019], [7493794, 0.7512975534271141], [7599841, 0.7509896220267082], [7714204, 0.7329278113589291], [8752627, 0.7370459119011161], [10996042, 0.7272796333674931], [14177119, 0.7462271682342592], [17966172, 0.7589934029297835], [20259701, 0.7660983577262472], [22988216, 0.777735754927429], [23021295, 0.7430536153162638], [23026466, 0.7323537319550301], [23027609, 0.7272971155632401], [27795682, 0.768125632385801], [27797157, 0.7649839748644329], [28459742, 0.7634119146577404], [29901601, 0.7570667128992383], [35904498, 0.7882978055117466], [35904655, 0.7761493801156971], [35929404, 0.7715185862430298], [36745967, 0.7791792341240469], [37066054, 0.7711198277236893], [37653943, 0.743664319062601], [40447224, 0.7500200348311338], [41266265, 0.7515855288446972], [41850474, 0.7472108002104716], [41852835, 0.7354549853468307], [43031086, 0.7398273744169578], [45864025, 0.7728899890910261], [45864026, 0.7680308486680758], [46149749, 0.7546833400165146], [48527470, 0.7565255393899822], [48957303, 0.7556074495961743], [49738676, 0.7465178507998345], [49739643, 0.7452574452202164], [50614734, 0.7308023811264962], [53432363, 0.7721242453866206], [56312510, 0.7618036803202403], [57265933, 0.7685677207571988], [58617216, 0.754906636042128], [60022977, 0.7720631355358504], [60148762, 0.7652422422438105], [60168373, 0.7647805734186988], [62125180, 0.7681472454367201], [62463797, 0.7414540032114144], [62916496, 0.7303725339116366], [65579329, 0.7634791831218106], [65598070, 0.7584903395363701], [65777065, 0.756575356951482], [66437172, 0.767374936943605], [66609761, 0.7590771415011415], [67188862, 0.7575911772552737], [68442375, 0.7766653400503246], [68497720, 0.7673972647057822], [70027929, 0.7701322825913315], [71704870, 0.7452487354291777], [72570303, 0.7458123454558259], [73409918, 0.7539275255364994], [73484683, 0.7475791977240757], [73556494, 0.7330188289544496], [74540755, 0.7479432261836478], [74687666, 0.7475910506947901], [75172357, 0.7478194610830267], [77345102, 0.7510925700466416], [77449467, 0.7351071636549794], [77720230, 0.7325869935551202], [78422205, 0.7278445197310015], [78549246, 0.7286261813577461], [78848825, 0.7248819704198718], [79540054, 0.7442290600435554], [80433895, 0.7748269212961798], [80445354, 0.7526012701155554], [80446845, 0.7379280737576447], [81574856, 0.7444518721066993], [82464081, 0.7664834321941156], [82919310, 0.7800529576553852], [82919311, 0.7603659768016694], [83006076, 0.7605387628046895], [83248863, 0.7526165762553539], [83605960, 0.7428733684517665], [84864605, 0.7539407229760859], [84946908, 0.7562941536649356], [85486171, 0.7520840014320852], [85487576, 0.7505234790069678], [86339461, 0.7560661760641347], [86453658, 0.7523200190573058], [87685925, 0.7651123714006113], [87714160, 0.758135230802513], [88122423, 0.7484690766585972], [88128080, 0.738055360279255], [88128283, 0.7356205322059048], [89150252, 0.7743622983907794], [90040975, 0.8061781435711199], [90230978, 0.7848928622766895], [90569473, 0.7928755539205805], [90577032, 0.7722896247159041], [90863707, 0.743369665336398], [90866730, 0.7385613321728366], [90972601, 0.7401276158768225], [90974398, 0.7275208459528966], [91018529, 0.7168233629276429], [91436512, 0.7454836686530644], [91723437, 0.7630258030299206], [91889678, 0.7723475222748081], [91943647, 0.7522124511346222], [92149028, 0.7649604879028773], [92149535, 0.745310154541189], [92234522, 0.7519039331360374], [92377581, 0.7511449521225316], [92378080, 0.7509572410635973], [92392549, 0.7506139515719459], [92392762, 0.7423786003126361], [92400817, 0.7370246996982962], [92938206, 0.7577381548542196], [93054991, 0.7608725597080556], [93062198, 0.7546180375020901], [93810145, 0.7668523814616004], [94039311, 0.764251689618029], [94181324, 0.7790898251983281], [94368830, 0.7436451843354426], [94592911, 0.7695667410559708], [94599232, 0.7311527764109272], [94625235, 0.728029233303208], [94625350, 0.7277984100062622], [94672705, 0.7320450417783215], [94897858, 0.7510330694685782], [94963713, 0.7344808635751903], [95371298, 0.750918184850538], [95371403, 0.739207219738664], [95399012, 0.7150986064606514], [96253173, 0.7600598164738052], [96272676, 0.7529745624467848], [96381311, 0.7613929911686464], [96381348, 0.7453198815037301], [96385347, 0.7163485674999485], [96524962, 0.7419993043222133], [96535855, 0.7115243758960907], [96938432, 0.7733951342712978], [96938449, 0.744522955722781], [97470726, 0.720987151743413], [97698977, 0.7843975378702042], [97708788, 0.7510202149629989], [97878123, 0.8018565560395986], [97945346, 0.8234538873921723], [98030543, 0.8334207651772413], [98034236, 0.8042135045193031], [98034237, 0.7967028397274316], [98036112, 0.7668117935734163], [98116325, 0.7455698726659915], [98289256, 0.7916887615586693], [98316783, 0.7849647963448377], [98324948, 0.7609354230777884], [98432815, 0.7206045730360279], [98514558, 0.7359586453242045], [98605513, 0.744620905684411], [98610556, 0.7456387225588901], [98761871, 0.785889101738476], [98813050, 0.757445312662501], [98860295, 0.7351289982022934], [98943644, 0.7385849393905657], [99045705, 0.7767426753251799], [99169716, 0.7543249900208798], [99170411, 0.7410792442820637], [99175550, 0.7433096658487], [99243675, 0.7513463282627563], [99278284, 0.7516223956087159], [99366355, 0.7603995733328636], [99367284, 0.7341961528266693], [99383775, 0.7457904383126805], [99464032, 0.7714531867204457], [99522891, 0.807352729862258], [99524996, 0.7501108718421774], [99525033, 0.6629973071694949], [99658174, 0.7779200734134263], [99662987, 0.7453037267004944], [99697630, 0.8209827234534806], [99702831, 0.8199874786466491], [99716976, 0.7444235634774583], [99719565, 0.6935197716154171], [99751994, 0.7706130228937951], [99753617, 0.7738253551081501], [99772024, 0.7996493728534378], [99788191, 0.7951840771743831], [99792462, 0.7193846113632255], [99792519, 0.7046930055256949], [99801848, 0.7316934876771186], [99803441, 0.695547200912654], [99805906, 0.697180431441109], [99817585, 0.7337649481684041], [99825652, 0.7486245451945449], [99826873, 0.746047958705811], [99828212, 0.7358701065891323], [99828867, 0.7140268919435202], [99847730, 0.7788365606599952], [99855251, 0.778129510106361], [99857652, 0.722743784690404], [99869551, 0.7631180265200487], [99869564, 0.7361047321533208], [99869567, 0.6824988001768674], [99870346, 0.6518097334036749], [99905189, 0.8211221770835292], [99911956, 0.8434182166882381], [99911959, 0.8249051320085425], [99911960, 0.7861460012627521], [99913023, 0.7685182628771738], [99913650, 0.7433180848385785], [99913677, 0.717469405751339], [99913678, 0.6818961385961991], [99929371, 0.7874931218983421], [99934234, 0.7816532536761694], [99934259, 0.7543052281521008], [99935302, 0.7150267388170735], [99941435, 0.6803222141788074], [99941940, 0.6394168026326895], [99959817, 0.7782761104683638], [99965902, 0.7245364614382759], [99968711, 0.7671329365548649], [99970858, 0.7122815861110197], [99980881, 0.716747314224174], [99981074, 0.7175008612947759], [99984149, 0.8013294679398683], [99984384, 0.797589589125843], [99984695, 0.8124467097543487], [99984946, 0.6313833019102243], [99984953, 0.6207910435778323], [99984954, 0.5884155761918083], [99984995, 0.5813410174556023], [99989230, 0.7146115587686566], 