{"seed": 928126073, "N": 10000000, "alive_speed": 0.8456620620527374, "non_threatened_speed": 0.8456620620527374, "survivors": [[340, 0.8259373789749144], [166897, 0.7843255992018904], [166900, 0.7670106598005378], [9879345, 0.7599407668571336], [9926668, 0.6960921731529695], [9999601, 0.6496136706421114]], "still_alive": [[291675, 0.7510836650474492], [308860, 0.7360260179687694], [558855, 0.7475454080566618], [560988, 0.7246270923698612], [607775, 0.7252331906000709], [1153070, 0.7545841219355376], [1359603, 0.7161656246153799], [2624492, 0.8167163433618513], [2662331, 0.8085701661625027], [2757732, 0.7426405560108894], [2988317, 0.7640369061727521], [3198914, 0.771575877688208], [3200003, 0.7515590677464463], [3638570, 0.7992207823034393], [3722807, 0.7823415526652395], [3798514, 0.7852426229469361], [3800079, 0.7821348899203738], [3821882, 0.7539683130582281], [3916377, 0.7275072397257706], [3917570, 0.7164257329740141], [4305469, 0.7470771967425137], [4327794, 0.7459249040790907], [4621821, 0.7739467949813862], [4731940, 0.7593276243676341], [4746741, 0.7276615175256647], [4750778, 0.7004967154340961], [5124025, 0.7470049850549129], [5374128, 0.7871639919303638], [5481707, 0.743602858170779], [5972572, 0.774953740674634], [5973055, 0.7218586869724514], [6060920, 0.7325633042795915], [6667269, 0.8092802936793636], [6749320, 0.8062029368790018], [6768567, 0.7772875541141538], [6779228, 0.7572113748372205], [6918971, 0.7641576505858083], [7090930, 0.79152014535441], [7114297, 0.7788182667073243], [7127942, 0.7460439046827265], [7134591, 0.7226504677041141], [7141152, 0.7182308635955634], [7357315, 0.7611127128593081], [7600500, 0.7631054063349861], [7630733, 0.7691132736838028], [7730524, 0.7568190541077621], [7865279, 0.7433489114252626], [7872446, 0.7411842210728592], [7872461, 0.7311103067588927], [8257184, 0.8103548523201819], [8258661, 0.7951297179858356], [8296824, 0.7815795066267017], [8337937, 0.76506909916211], [8347360, 0.709703690788648], [8594027, 0.8195342589186226], [8640002, 0.7616418487170542], [8642149, 0.7550095976837488], [8699800, 0.7857576809588573], [8700747, 0.753556688123224], [8784174, 0.7416444663372819], [8858729, 0.7769094716062216], [8947918, 0.7577473342857295], [9014335, 0.7868386337919961], [9020940, 0.7749814856431188], [9038181, 0.7268373359710344], [9099988, 0.7567782757184093], [9100467, 0.7508482079784219], [9128186, 0.7649724978926409], [9165765, 0.753917034292441], [9195168, 0.7129164499911621], [9262587, 0.7266451970562469], [9345964, 0.7808786006204299], [9350715, 0.7434819251591666], [9457514, 0.7725394435255912], [9556349, 0.736684568982805], [9613200, 0.8134040294208499], [9613411, 0.806863093831193], [9613412, 0.792252682922277], [9616693, 0.7882135788935781], [9634498, 0.763785401785521], [9667775, 0.8107570610817093], [9676546, 0.7754452646563462], [9766437, 0.7349221944065389], [9766746, 0.6982066001639272], [9767587, 0.6962572839079392], [9783702, 0.7181702354660202], [9783963, 0.7075004839683642], [9814750, 0.8241424764288212], [9828951, 0.7630648559455754], [9837736, 0.7636996101681504], [9853271, 0.7795906834331807], [9856412, 0.7124019266185434], [9858303, 0.7214842173494261], [9870952, 0.7597780568807938], [9875761, 0.7764680022081287], [9878374, 0.7868055450945307], [9880108, 0.7519351248902972], [9882883, 0.7185498787087636], [9899844, 0.7596767667253831], [9904191, 0.7819723064363246], [9913382, 0.8637833493497834], [9918179, 0.8805677150181719], [9920722, 0.795677548216513], [9920771, 0.794747589894348], [9939309, 0.7027127013575416], [9945502, 0.7691903518397233], [9946279, 0.7041960008974905], [9950428, 0.7480982361282487], [9950457, 0.7309691571857969], [9950490, 0.6841046582049873], [9950533, 0.6792765449862254], [9960220, 0.8000811646730613], [9960319, 0.7826285612006361], [9960850, 0.7521434574188236], [9961393, 0.7021264394983534], [9963712, 0.7117969026826347], [9964045, 0.709823287370925], [9969120, 0.7308615240940116], [9977297, 0.7308025055550993], [9978666, 0.7181691482662682], [9987665, 0.7522811698449289], [9992928, 0.8817399628881898], [9994333, 0.7374447701565072], [9995490, 0.8249491588843865], [9995597, 0.8101816121688556], [9995700, 0.7690663710239919], [9995717, 0.752319221783945], [9996374, 0.7813004228945772], [9996993, 0.7428949227380712], [9997742, 0.879325007730706], [9997751, 0.8575416231121774], [9997752, 0.8357079840619431], [9997781, 0.7234211035671371], [9998044, 0.7162432570107594], [9998867, 0.8005553114137349], [9998898, 0.7275118521531411], [9998905, 0.6579678473366207], [9999120, 0.6120561537722746], [9999403, 0.8246315465849496], [9999572, 0.7581807725719135], [9999664, 0.5212274516852404], [9999735, 0.5971803360703182], [9999778, 0.7009615726520142], [9999863, 0.9506536790578237], [9999874, 0.6114956365381994], [9999925, 0.8581194947314196], [9999930, 0.9140875053004799], [9999941, 0.6496366833138226], [9999942, 0.5413968454905407], [9999985, 0.9702708612658796], [9999992, 0.2775485974408891], [9999999, 0.2910394797835325]]}