{"seed": 483722224, "N": 10000000, "alive_speed": 0.8790712121875524, "non_threatened_speed": 0.8791189483416737, "survivors": [[542, 0.8791189483416737], [1303, 0.816909409903798], [52218, 0.7947135137994555], [106375, 0.7893375531714852], [831500, 0.7682009011059046], [8378317, 0.7535845599055354], [8387236, 0.7491648216547766], [9976785, 0.7307120955363994], [9999678, 0.6948029500013557], [9999999, 0.1274825475186273]], "still_alive": [[854627, 0.7461378514772381], [906992, 0.7462998771152294], [944513, 0.7417611999461697], [1102062, 0.7527047207730545], [1111653, 0.7418068427774352], [1158708, 0.7455944765931455], [1446041, 0.7507977429488276], [1446798, 0.7351628089945744], [1907621, 0.7470340681004242], [2101682, 0.7574164656569854], [2317903, 0.7690903052303985], [3148002, 0.8066337149792127], [3166995, 0.7621161319204743], [3592902, 0.8106422493671662], [3667661, 0.7863621346089097], [3746438, 0.7638642324338598], [4097805, 0.769390042870867], [4108874, 0.7349205376703177], [4109853, 0.7296811987822754], [4124056, 0.7259319549102201], [4361515, 0.7563687906711244], [4365952, 0.7517923014078236], [4602063, 0.7753548946751291], [5014314, 0.7558291143830596], [5057729, 0.7531173519370902], [5057960, 0.7388295584850736], [5141593, 0.7348951291671844], [5149128, 0.7309882760779178], [5349973, 0.7527364946729775], [5353234, 0.7495828110752139], [5473187, 0.7379716403316835], [5478658, 0.7290943146462633], [5521317, 0.7340246048816159], [5825396, 0.7864673970832176], [5833109, 0.7431941031881588], [6087004, 0.7798203422434365], [6120579, 0.7732322005741976], [6302628, 0.7481418173067326], [6592805, 0.7271002220758301], [6624486, 0.7200536782679156], [6637555, 0.7031578791856914], [6855944, 0.745823662424445], [6930669, 0.7463303464784267], [6931744, 0.7301759960391063], [7011385, 0.7457387752078658], [7291652, 0.7452550729822739], [7511243, 0.7545383825309631], [7523778, 0.7531165963035161], [7588351, 0.7134968507287888], [7765250, 0.7597527681708427], [7767581, 0.7553359507204714], [7873642, 0.7615994070528916], [7887837, 0.7526004051046243], [7922890, 0.7561143091946988], [7997429, 0.7665402573982354], [7997440, 0.7511552279060059], [8004043, 0.7350045377238196], [8052522, 0.7413146608443454], [8134913, 0.7684962098491352], [8134918, 0.7562729537062423], [8155873, 0.7316738347644066], [8287186, 0.777366264189223], [8287187, 0.7730232688631851], [8327726, 0.7701209396118142], [8377511, 0.7648090366922663], [8377672, 0.7609694711392971], [8404301, 0.7375130100844614], [8405084, 0.7217105799111743], [8489843, 0.7606610283437069], [8533130, 0.7378853030006013], [8696825, 0.7386598675529785], [8771998, 0.7553951617677654], [8772509, 0.7369312944794353], [8855014, 0.7412605711755073], [9001055, 0.7093749792649084], [9034690, 0.7225120379133437], [9115573, 0.7668019099344345], [9148090, 0.7785332411334732], [9178163, 0.7799557330524135], [9184078, 0.7569355709351852], [9219725, 0.7506466900269205], [9246854, 0.7636872276682106], [9256517, 0.7717720343081583], [9312614, 0.8332575112121969], [9312615, 0.7971733376652945], [9347526, 0.8288214276496275], [9355325, 0.8108883436397274], [9441990, 0.8133504289421927], [9442193, 0.7311561538986778], [9442394, 0.6863902048214484], [9531363, 0.7375025947115195], [9532116, 0.7237244653522572], [9576865, 0.7389729607695867], [9627114, 0.7780316150499591], [9639771, 0.7887701888528048], [9640020, 0.7851748521595722], [9641467, 0.7672072886041872], [9653544, 0.7227008389848492], [9688243, 0.7642261808312162], [9690846, 0.744724285530891], [9740241, 0.7196845996748922], [9783226, 0.7606919170000367], [9789191, 0.7746778358955391], [9799870, 0.7800398414568667], [9799891, 0.7730434347476465], [9815868, 0.7443315465770675], [9816111, 0.7133637226427615], [9827034, 0.6660979801284461], [9846667, 0.6931027422734758], [9848636, 0.6981197909814787], [9856581, 0.7360332470505004], [9868752, 0.7566357854374295], [9868869, 0.7490137078120949], [9896016, 0.8818354854622699], [9896825, 0.83871421537268], [9901864, 0.788777099343283], [9906627, 0.7758020029506345], [9919660, 0.8270510624429696], [9932487, 0.7416791315214103], [9938140, 0.8007395167335573], [9941797, 0.8229129438384579], [9947252, 0.8869723422823742], [9947259, 0.8577999295913175], [9951806, 0.9079268119664989], [9960111, 0.7338202523894108], [9965628, 0.7525372731354295], [9969505, 0.8097152965069251], [9970132, 0.7684445189342684], [9974639, 0.7921549982854401], [9975210, 0.8077514765879211], [9975331, 0.7987609772348647], [9976758, 0.7659126054455596], [9977236, 0.6785379961619178], [9980707, 0.6738260555175856], [9981878, 0.7003379931954802], [9985235, 0.664937141700054], [9986774, 0.7114947549723416], [9987805, 0.7406486352228702], [9987856, 0.7005456628992636], [9992125, 0.6993985441350834], [9992178, 0.659621102344093], [9993905, 0.6718160918414863], [9995590, 0.7717363247742756], [9995619, 0.7654969808974335], [9995622, 0.7327791140435655], [9996295, 0.7640596209253715], [9996848, 0.8513032649502397], [9996863, 0.7835687850844706], [9996938, 0.7220159754482788], [9997731, 0.8822850002987895], [9997938, 0.8479382219563298], [9997939, 0.8305221329788435], [9998328, 0.791484725272001], [9998501, 0.7704300910181187], [9998810, 0.5778754094626352], [9999193, 0.6771699882694672], [9999306, 0.5626974053431621], [9999423, 0.630123998277632], [9999580, 0.7314572589318299], [9999655, 0.8267981124458804], [9999751, 0.7741210647808664], [9999814, 0.9887174232629911], [9999861, 0.394357590811269], [9999862, 0.36769385914092567], [9999929, 0.562496559457675], [9999938, 0.49778124687972236], [9999939, 0.31745512115177277], [9999944, 0.33155110389919396], [9999969, 0.4914110161661933], [9999994, 0.45741318479743576], [9999997, 0.3641476436722596], [9999998, 0.381331826913472]]}