{"seed": 928126187, "N": 10000000, "alive_speed": 0.9302452562747053, "non_threatened_speed": 0.9302468376941713, "survivors": [[16, 0.9302468376941713], [997, 0.859686893877934], [1408, 0.7977025683311644], [1717, 0.7877084443359545], [8722364, 0.7744068773714251], [9108861, 0.7513564351117765], [9972068, 0.731826309632328], [9996471, 0.7040765333404317], [9999998, 0.31628196914809403], [9999999, 0.05361913479966607]], "still_alive": [[418876, 0.7452036851183464], [439643, 0.741273355652874], [941878, 0.7336989991434917], [1370763, 0.754439098768273], [1437554, 0.7406860332954233], [1950893, 0.7682604704409356], [2134444, 0.7776109262360751], [2301363, 0.7779042105242294], [2341376, 0.7567190735249378], [2575975, 0.7629047524743364], [2580990, 0.7418023507361373], [2596017, 0.724408069409783], [2929320, 0.7390013829359592], [3269435, 0.7407900882162183], [3805442, 0.8025632504611288], [3826145, 0.7666923274641818], [4388152, 0.7828291293422394], [4389225, 0.7570822424347622], [4930532, 0.7580770187040263], [4930533, 0.7493035875016563], [4987222, 0.7529598265806565], [4995339, 0.7352035265790433], [5332568, 0.7868745160554204], [5419973, 0.7945126788489656], [5548804, 0.7842172453321528], [5566453, 0.7703494109877256], [5872300, 0.7617443180614658], [6117933, 0.7573510721422536], [6196866, 0.7688516918374466], [6255705, 0.7779239644793176], [6363358, 0.7721116546158581], [6370313, 0.7708553013840657], [6374426, 0.7609361929386271], [6449069, 0.768385972808118], [6452254, 0.767884388694925], [6469925, 0.7667352407609084], [6470382, 0.7626608801021609], [6628911, 0.7711216178283127], [6854894, 0.7780672335977353], [6912397, 0.7629748382006942], [7020968, 0.7894586545287673], [7162009, 0.782898283944359], [7162070, 0.7630689686904328], [7164663, 0.7566490927433568], [7196948, 0.742706244004151], [7389597, 0.781017374281892], [7410970, 0.7768793223463287], [7412703, 0.7759507134428674], [7452920, 0.7821099492957797], [7534123, 0.7514356146221621], [7556692, 0.7465304041281599], [7607277, 0.7348823293505159], [8226272, 0.7523147149534662], [8388241, 0.7874768019896021], [8431066, 0.786905940697704], [8478383, 0.764708529452071], [8612350, 0.8105644500870838], [8618177, 0.7894017598849485], [8624074, 0.7491118096862217], [8692237, 0.7762613856827155], [8720468, 0.780620381248756], [8722147, 0.7787423107853177], [8722365, 0.7524079780046992], [8790156, 0.7548825441498418], [8869255, 0.7404450773286456], [8902584, 0.7563696698280443], [8912309, 0.7601240758624562], [8927496, 0.7691974989605719], [8988229, 0.8116741533385282], [9011936, 0.7741727630870552], [9127772, 0.7378965880305951], [9153337, 0.7548651408304904], [9173432, 0.7168380073101389], [9291413, 0.7038591960774383], [9291510, 0.7018375600740292], [9389149, 0.8108506318690679], [9389206, 0.7643599097559599], [9437579, 0.8152573300735787], [9440732, 0.7520995524803067], [9486465, 0.7829095168105228], [9509624, 0.7528467011372865], [9509905, 0.6911247523277527], [9509922, 0.6897982211876085], [9538509, 0.7272977029594891], [9570402, 0.753712147521103], [9575309, 0.6683888829213733], [9597428, 0.7021348652579602], [9659871, 0.7661416422445413], [9668342, 0.77502065926514], [9680157, 0.7222254577791178], [9693770, 0.7362621167747176], [9727651, 0.7402595550039996], [9728524, 0.7139926428115704], [9728565, 0.7138629287178853], [9741076, 0.7433116724398471], [9741373, 0.7135096875152729], [9801708, 0.7969690724445719], [9806345, 0.7329325710915081], [9817338, 0.7739118546726895], [9834171, 0.7478440029679506], [9840804, 0.7681677740707571], [9840815, 0.7018368135453178], [9845948, 0.6966201617842331], [9866537, 0.7683468622572629], [9875004, 0.7921213670235088], [9876235, 0.748724498689469], [9887458, 0.7469180869969025], [9888153, 0.7151839243666511], [9890976, 0.6688482067660798], [9900817, 0.7118101533252489], [9907826, 0.7615590010102979], [9910597, 0.7449650782703405], [9912282, 0.755785369041026], [9913801, 0.7592450889577262], [9914552, 0.7554720129966832], [9928923, 0.793557440761731], [9930348, 0.7820527358547261], [9930349, 0.766467455664198], [9933886, 0.758694576234431], [9935299, 0.7659183020973359], [9935478, 0.7636084429012934], [9942709, 0.7655854911753871], [9942752, 0.7594202947372836], [9945619, 0.7090221379014077], [9945822, 0.7002130271010153], [9959997, 0.7358462595115342], [9966872, 0.7462949528397659], [9967649, 0.7468473525063015], [9971344, 0.7748376450747811], [9971819, 0.7554048456222796], [9974111, 0.6722018262586967], [9975842, 0.7053778247049673], [9978661, 0.7813869715506842], [9978806, 0.7764139467803631], [9978807, 0.6991014557602637], [9984704, 0.8560276542370567], [9984823, 0.664758207443475], [9986932, 0.7433873263067959], [9987129, 0.7330233658273502], [9987428, 0.7079485201739454], [9988745, 0.7664320874022709], [9988802, 0.7634050485677033], [9990305, 0.6919346004312644], [9990360, 0.6556827850412187], [9992807, 0.8131313782457699], [9992822, 0.7073957893139209], [9993615, 0.7492037837380029], [9993622, 0.6972586492082493], [9993827, 0.7203639524043808], [9995112, 0.7872009011824573], [9995955, 0.8585984164224693], [9996096, 0.8538709136411218], [9996588, 0.6905751462682904], [9997219, 0.7109995025331166], [9997366, 0.6506246723605958], [9998227, 0.7757867236840479], [9998618, 0.7136817269859973], [9998699, 0.7375772158673157], [9998892, 0.8412410038795246], [9998987, 0.9097345348255721], [9998990, 0.9053145540973165], [9998993, 0.8257583222045809], [9999040, 0.6401563434767069], [9999075, 0.6549533731341126], [9999536, 0.9280897438491712], [9999551, 0.7280109321800957], [9999552, 0.5634044227721652], [9999799, 0.889191696616225], [9999802, 0.6779997366405901], [9999913, 0.9329457424087241], [9999956, 0.535139070175849], [9999967, 0.69001351552226], [9999968, 0.4716122665104555], [9999985, 0.7832147403668511], [9999988, 0.9683113019071442], [9999993, 0.6577516630952315], [9999996, 0.3841622483350874], [9999997, 0.5001229411873791]]}