{"seed": 928, "N": 10000000, "alive_speed": 0.9186825089008156, "non_threatened_speed": 0.9186864592521953, "survivors": [[42, 0.9186864592521953], [67, 0.8910873782564501], [72, 0.8484282784763869], [7339307, 0.7687415843997181], [8868436, 0.7685178390255715], [8875399, 0.7618861186401885], [9999820, 0.7172187558167717], [9999993, 0.7152163044133568]], "still_alive": [[190781, 0.7581097630052044], [242084, 0.7594526300163411], [268139, 0.7443314883869677], [398020, 0.7465968368899489], [399611, 0.7301685186269907], [525638, 0.7376348486249618], [682531, 0.7294161034104192], [1474464, 0.7567141152152398], [1634657, 0.7689532804749368], [1950842, 0.7575486073086363], [2019549, 0.7391124238865925], [2305648, 0.750497331786468], [2353835, 0.7539075736324737], [2841672, 0.7652890141611914], [2906299, 0.7275101867320063], [2906596, 0.7199457462923481], [3204107, 0.7405150497413372], [3812648, 0.7510842655964388], [3815487, 0.7487797098516829], [3815488, 0.7319465372268321], [4167889, 0.7729051066953447], [4510094, 0.7729050021651794], [4516201, 0.7612377647235318], [4727594, 0.7504436657474349], [4931955, 0.7576122348890002], [5154348, 0.7540109635120413], [5203515, 0.7460533358249589], [5207852, 0.7302765628524067], [5234957, 0.7162297917428104], [5746170, 0.7910287358177761], [5747513, 0.7841617148398753], [5813742, 0.7627393947936209], [6169975, 0.7844631051372919], [6169994, 0.773584501398454], [6214451, 0.7674654127754932], [6449630, 0.7485969855803184], [6494817, 0.7515887233329429], [6728852, 0.7701941160580786], [6778857, 0.7666186827305032], [7000288, 0.80237841073404], [7000325, 0.7895569465782963], [7111662, 0.795554169598389], [7168489, 0.7874836798297257], [7311516, 0.7745706209919052], [7344924, 0.7617301898847256], [7490649, 0.7841787162541515], [7490678, 0.7192322300355396], [7732451, 0.7404574914437397], [7793354, 0.7417444958250022], [7851697, 0.7510602787271737], [7973816, 0.7420363785707798], [7974147, 0.7260772551368694], [8091982, 0.7687952111410479], [8092119, 0.7618842897118817], [8145854, 0.7336921975368927], [8278311, 0.7877654345681336], [8283230, 0.7489613906784371], [8453125, 0.8047956710257116], [8459648, 0.7763773412957962], [8475099, 0.7725250475527751], [8500528, 0.7282471897607189], [8850635, 0.8155060080172123], [8863976, 0.81028085220958], [8868359, 0.7954940164558988], [8880578, 0.7346439870154969], [8980717, 0.7958802356762975], [8980764, 0.7386487465869547], [9099007, 0.7866784822362354], [9109330, 0.7627192989370156], [9109877, 0.7243945760836555], [9131472, 0.7301386735169705], [9161349, 0.7528480629478403], [9232328, 0.778144371356798], [9238881, 0.7780150991924187], [9270782, 0.7886533536044604], [9270785, 0.7804988044914325], [9278178, 0.7577625223597295], [9293233, 0.7186491956936377], [9341700, 0.7297684780433356], [9377039, 0.759954859192601], [9446052, 0.7763349413982165], [9473549, 0.8067410000106436], [9473554, 0.758306907262716], [9499855, 0.7953285224298684], [9500748, 0.7840680560030362], [9503495, 0.7862161795579032], [9503496, 0.7854166073340264], [9544801, 0.8043861431356416], [9551790, 0.7899360445797443], [9566313, 0.7930088243807135], [9587376, 0.8109653049534443], [9592329, 0.8160075933366361], [9594406, 0.7918511068058881], [9616305, 0.8180955336930352], [9617162, 0.7857835277093669], [9650769, 0.774320620693695], [9655634, 0.7842334875729403], [9681585, 0.7983611144205455], [9707042, 0.6908408541208556], [9713059, 0.6883175316141473], [9768838, 0.6983498658223527], [9786879, 0.7398217528011936], [9798704, 0.7805870883999282], [9806703, 0.7776760687388743], [9813720, 0.7420391570463278], [9814907, 0.7405915105162424], [9819900, 0.7481572093568942], [9826413, 0.7610250332173009], [9827026, 0.7155696960265587], [9843199, 0.7372828501088864], [9866892, 0.7497064114399954], [9876851, 0.7897711824990445], [9877094, 0.7870868422511381], [9879681, 0.7893219314519941], [9879686, 0.7408698689884403], [9886855, 0.7720776472765045], [9888636, 0.7217374541582239], [9888799, 0.691405174701287], [9911980, 0.7811801875923793], [9912989, 0.7086999674794576], [9923054, 0.764743670658737], [9923057, 0.7420862724802997], [9936936, 0.7502322045940258], [9939913, 0.7126274245495621], [9957150, 0.8995205837220284], [9957551, 0.8926574947441936], [9957560, 0.8031446413288577], [9958771, 0.818566948734391], [9958860, 0.8055311452857171], [9962819, 0.7743203249840406], [9962820, 0.7342822050968169], [9969305, 0.7241088644071655], [9970942, 0.7079924396990749], [9976509, 0.8680295952299621], [9976510, 0.8165864661892549], [9977489, 0.7559163654166694], [9977494, 0.7400450475973614], [9978619, 0.7646259682137748], [9978740, 0.7667430300658267], [9978741, 0.7571651317059451], [9981306, 0.68350346235393], [9982637, 0.6801464622810809], [9984994, 0.7165041468290972], [9985521, 0.7162140271646071], [9985530, 0.6695415227227789], [9990007, 0.739285254453424], [9992590, 0.7060554892609122], [9993821, 0.8147929690389277], [9994380, 0.7381661806979545], [9994521, 0.6709823361693025], [9996376, 0.8079521578712795], [9996845, 0.7467248113957022], [9996848, 0.6938459349384432], [9996867, 0.6459864534859836], [9997502, 0.7162423498321905], [9997803, 0.7279622171136969], [9998288, 0.8654054907069837], [9998459, 0.9179648005050263], [9998954, 0.9066233682669672], [9998965, 0.8780827679763512], [9999086, 0.7001543067436088], [9999207, 0.7495504700859243], [9999304, 0.812961886907891], [9999431, 0.8034184910863231], [9999482, 0.8770883470396073], [9999543, 0.884586533020691], [9999590, 0.5983598863350074], [9999789, 0.8924040547657384], [9999839, 0.49678054009752093], [9999892, 0.49926970383039115], [9999941, 0.8786420013703816], [9999968, 0.8422139175436135], [9999969, 0.5055990877604564], [9999984, 0.7714565968513862], [9999985, 0.7496291995266816], [9999988, 0.7719362815902746], [9999991, 0.9608811221751309], [9999992, 0.7686894261819618], [9999998, 0.5750142068838118], [9999999, 0.8672580361098566]]}