{"seed": 928126124, "N": 10000000, "alive_speed": 0.8844348794749209, "non_threatened_speed": 0.8844496497825952, "survivors": [[166, 0.8844496497825952], [16045, 0.8171193338420091], [78976, 0.7598505955250658], [9658497, 0.7297887030539457], [9910038, 0.7265770934922855], [9992999, 0.6695190414684308], [9999980, 0.5733776269598984], [9999985, 0.49709011406250714], [9999998, 0.3027448059292358], [9999999, 0.20189759422220643]], "still_alive": [[80789, 0.7463968770249234], [168092, 0.74617252376036], [251121, 0.7497764071152162], [612888, 0.7564463237207932], [768179, 0.7495606431148584], [1196380, 0.7668401859839299], [1783541, 0.7883313317471825], [1795902, 0.7557416185793351], [2380525, 0.7817820047770566], [2380860, 0.7645966949917992], [2515157, 0.7668952468357634], [2515942, 0.7411323967398085], [3157057, 0.7612634480142969], [3240310, 0.7469689871845707], [3260513, 0.7442258626706715], [3261252, 0.7258579868399443], [3526761, 0.7330371273287797], [3769952, 0.7536453026999219], [3931943, 0.769002033279457], [3934292, 0.7592141231387054], [3955907, 0.7604657723563556], [4250218, 0.7860524987731177], [4250575, 0.7661403304362612], [4392672, 0.7585055491593965], [4599493, 0.7574184192059956], [4599856, 0.7409160462532911], [4601055, 0.7364869439951768], [4627000, 0.7161192685461657], [5109547, 0.7533867995757713], [5452804, 0.794198960826723], [5452823, 0.7658365582460116], [5571202, 0.7400591061216023], [5874449, 0.781072289074815], [5877002, 0.7632334254797866], [5893313, 0.7634332675503692], [6108028, 0.7913554805217425], [6149671, 0.7864933149923301], [6199054, 0.74602711126901], [6343181, 0.7638000834716449], [6348312, 0.7584417758501267], [6348611, 0.7541732064373803], [6391512, 0.7381611716880129], [6558045, 0.753972058667972], [6651452, 0.7686459903981965], [6655597, 0.763702054572516], [6682402, 0.7656442619125053], [6685207, 0.7487258929596418], [6974832, 0.7795420599194598], [7017103, 0.7901025064846182], [7025510, 0.7558155128657269], [7028951, 0.7359192453993765], [7220772, 0.7618145818388532], [7220867, 0.7552625034014717], [7223950, 0.7511340837598716], [7241561, 0.750991391082274], [7245382, 0.7388091934303036], [7411939, 0.7840181558124972], [7413066, 0.7778761338193122], [7422025, 0.7419839714019305], [7494784, 0.7548200095565747], [7511143, 0.7466361722023014], [7517514, 0.7222254494156515], [7616639, 0.7223801215428443], [7828448, 0.7606011097183573], [7839385, 0.7620754127236683], [7870974, 0.7384794151862193], [8206637, 0.7787167711174258], [8380920, 0.8039679272446372], [8380995, 0.7970554338218948], [8381006, 0.7541808070090753], [8473997, 0.7928693556477785], [8479988, 0.7586848628101338], [8537321, 0.7538374154509023], [8540646, 0.7551724723285878], [8779857, 0.8492124980005873], [8829154, 0.7788032130950442], [8831811, 0.7509840934753871], [8831884, 0.731315132397885], [8947779, 0.7866848166451034], [8947792, 0.7709971256866065], [9043025, 0.8001270268083942], [9045902, 0.7953353611207388], [9075173, 0.7936420608650736], [9075268, 0.733801912197613], [9140945, 0.7064730759163098], [9142412, 0.7017274745890236], [9142427, 0.696783888377278], [9179620, 0.7249867132338035], [9281117, 0.7703773275032845], [9372560, 0.825038215085734], [9372565, 0.753769709666742], [9400268, 0.7034827774548641], [9467471, 0.7506268339660647], [9490748, 0.7577925307354558], [9504405, 0.7544312056769753], [9558932, 0.6946874184523566], [9568335, 0.7073109035252464], [9650076, 0.7591065543859922], [9658520, 0.720246445567936], [9683231, 0.7251023072426005], [9703822, 0.7129416399770221], [9719665, 0.727120933466533], [9724520, 0.720625249775582], [9750815, 0.7786183226231668], [9755712, 0.7691324692322303], [9769097, 0.7931516272293947], [9769100, 0.7697790240486738], [9770491, 0.7730651430423355], [9770606, 0.7508337945762944], [9778641, 0.7505855521609665], [9781042, 0.7503860784646794], [9803721, 0.7752717711947021], [9822192, 0.8438879015035861], [9832835, 0.781232250648551], [9834536, 0.7587683745869714], [9839179, 0.7793701213087726], [9841250, 0.7830952664088904], [9856003, 0.7298810061849814], [9864826, 0.7550400996872925], [9866583, 0.7284471425800875], [9875848, 0.7684575891530985], [9885681, 0.7397007476173363], [9899582, 0.6944977674099339], [9908897, 0.7550572590257347], [9914501, 0.7105338597596114], [9914502, 0.6803539077348281], [9921301, 0.727011163795233], [9928942, 0.6789007176324362], [9936287, 0.7231030254624886], [9943284, 0.7991005123747273], [9945955, 0.7716907029205636], [9953482, 0.7759231068642735], [9957977, 0.7283309796438593], [9960974, 0.7698583646613142], [9962523, 0.7351406560849872], [9967056, 0.7088339670173643], [9967241, 0.6926790852061567], [9969890, 0.7462813482147991], [9973709, 0.7766321091621481], [9973918, 0.739479757531792], [9975219, 0.6676485043782081], [9977206, 0.7149095560027959], [9978327, 0.7341145093370977], [9978764, 0.7482674362776729], [9984327, 0.8244664931983302], [9984514, 0.7462093355723877], [9987519, 0.6836594445780092], [9990410, 0.8160181859858627], [9991435, 0.8852920536358466], [9991684, 0.7234506688127352], [9992585, 0.7801821063062827], [9992854, 0.6951655099309058], [9993130, 0.6556288306689233], [9993595, 0.673968533498594], [9995214, 0.6926921643097477], [9996035, 0.7307559992893796], [9996762, 0.8857108113855605], [9996775, 0.787263863263737], [9997486, 0.6096766739467089], [9998059, 0.7161235553776791], [9998182, 0.6526410546467222], [9998269, 0.6820702747843306], [9998280, 0.6599469227735957], [9998363, 0.6526475310628762], [9998398, 0.5738803613073458], [9998677, 0.6186994000428355], [9999280, 0.8021697824204714], [9999281, 0.7717012921062792], [9999420, 0.7500082829275503], [9999687, 0.9336736036933291], [9999692, 0.9423263364702024], [9999693, 0.9452305255914616], [9999696, 0.8856121468557544], [9999703, 0.7149771448726027], [9999814, 0.6755201066955779], [9999857, 0.7279891827768522], [9999858, 0.7235130203937805], [9999891, 0.3758735865521542], [9999938, 0.5150356800602112], [9999949, 0.6232785302389513], [9999950, 0.6121554677664406], [9999979, 0.7991840070049613], [9999990, 0.6764600733047009], [9999991, 0.7506258437889837]]}