{"seed": 177791914, "N": 10000000, "alive_speed": 0.9662075838358807, "non_threatened_speed": 0.9662075838358807, "survivors": [[462, 0.8289877846933477], [26299, 0.7923263481234368], [40612, 0.7507885513783127], [376341, 0.7457077501289942], [790438, 0.7303008935202804], [790689, 0.7259717631958648], [9981492, 0.7229238018162715], [9981493, 0.6819140580272901], [9999980, 0.6084553674646016], [9999985, 0.5391112588494762]], "still_alive": [[800244, 0.7220280892980774], [924535, 0.7213334810506818], [1388574, 0.7547507579932442], [1541951, 0.7675816462682983], [1842182, 0.7475693780940139], [2095227, 0.7397207928736612], [2653398, 0.7807477647815751], [2706893, 0.7307685148832809], [3140168, 0.7728188489669686], [3594689, 0.7876127685770654], [3629828, 0.735647427717783], [3931495, 0.7572198118664044], [4114596, 0.7651178619453199], [4192155, 0.7631797467456704], [4205532, 0.7641735039391415], [4681639, 0.7819896090228327], [5296810, 0.7199635771836296], [5298049, 0.7134621137479976], [5547858, 0.7396995645956262], [5607827, 0.7484988935704115], [5653744, 0.7210015218530916], [5854269, 0.7278835005750599], [6137130, 0.7763434678300164], [6320861, 0.7802845789970987], [6518538, 0.7734884727897682], [6529729, 0.7669074764757554], [6935808, 0.7434677385922625], [7035605, 0.7114893436463184], [7310814, 0.7532782113361767], [7310913, 0.715637157361472], [7329464, 0.7149776828601481], [7436129, 0.7406346874988475], [7617764, 0.7937990431273143], [7619653, 0.7296064036046377], [7621086, 0.6972736350905326], [7739535, 0.7206283896778147], [7883346, 0.7431180868646665], [7958661, 0.7367949190511971], [7958780, 0.7332132615258048], [8075355, 0.7647278666452121], [8218100, 0.7465130241724403], [8263363, 0.7651153598543302], [8263716, 0.7621569397835506], [8656887, 0.7690785838668129], [8659228, 0.7361294034087869], [8659233, 0.7354163172751061], [8717476, 0.7440297675452545], [8799567, 0.7684971941084664], [8824456, 0.770865321275504], [8830571, 0.7515448039705326], [8832044, 0.7299505188638591], [8892383, 0.7640908662553816], [8942206, 0.7489163071375846], [8990579, 0.7658350791837566], [8990580, 0.7629751699616003], [9071713, 0.779506663512914], [9079892, 0.6998437679382047], [9080649, 0.6916301332017012], [9093014, 0.6983032325752179], [9179681, 0.7286243107777053], [9183554, 0.7132774191830293], [9352717, 0.7852989526221824], [9381496, 0.7688322045530173], [9396881, 0.773994041555706], [9396882, 0.75457036762032], [9472915, 0.7929393374975883], [9488448, 0.7490432066770156], [9501089, 0.7379984670777793], [9541670, 0.7663339769738561], [9605761, 0.7497362736811414], [9606072, 0.7370787517695873], [9640553, 0.7542260660341813], [9688754, 0.7783654637853527], [9688837, 0.7321402366258509], [9707748, 0.7365254133021444], [9708265, 0.720850660617366], [9719992, 0.7250660603743903], [9765367, 0.8209411033895673], [9767920, 0.8081791009659549], [9767941, 0.7538750921274419], [9783448, 0.7515724322661089], [9785935, 0.7543045124948227], [9787554, 0.7408029297741426], [9804749, 0.7754634871973837], [9812568, 0.7278261209452873], [9852217, 0.7399909590456407], [9858934, 0.7287115986910095], [9859005, 0.7056306021245108], [9882726, 0.7744369669282727], [9883707, 0.7595837585808956], [9891390, 0.7937023760135726], [9894907, 0.8163796723416095], [9901848, 0.8522682503075273], [9902021, 0.7664181459899083], [9914754, 0.7351464467033718], [9916501, 0.7438148142468205], [9918710, 0.7529617831699719], [9918711, 0.7517351394094772], [9919218, 0.7465850592683443], [9925945, 0.7491517203437037], [9926344, 0.7225370702763473], [9937561, 0.7509611221191492], [9947706, 0.7300537695843538], [9948107, 0.7262332584724861], [9958462, 0.7406334737130085], [9958547, 0.7349544659720706], [9961324, 0.7569602490424286], [9961465, 0.7460803368840072], [9962838, 0.7448447088906215], [9966357, 0.7621163857108941], [9967612, 0.7656741860285233], [9970955, 0.7712940704146124], [9973010, 0.8217028313056386], [9974489, 0.7350736908027585], [9975086, 0.7005533696933539], [9976047, 0.7188100969098], [9976050, 0.7012727641348208], [9980515, 0.8200898401227618], [9981284, 0.8523964227254153], [9981371, 0.7847880193724147], [9981950, 0.6733763334523409], [9981957, 0.6598282675370053], [9983390, 0.6861475708694063], [9983965, 0.6805902727060029], [9988120, 0.7114812253786885], [9988677, 0.7167679016696686], [9990408, 0.8039308849969855], [9990411, 0.7842295307622754], [9990418, 0.7605267401499024], [9990991, 0.5947606046939874], [9990992, 0.5681219287963297], [9992871, 0.670783707842055], [9992976, 0.6218067519133905], [9995065, 0.8659112701553447], [9995066, 0.846451521089289], [9995261, 0.8812337678567916], [9995774, 0.8706261420514327], [9995929, 0.8061724963762303], [9996156, 0.8201626135627481], [9996217, 0.7393628782813673], [9996448, 0.7403195553259957], [9996471, 0.7414949694334234], [9996496, 0.7388590858283015], [9997337, 0.7988695173318727], [9997598, 0.6563800326914343], [9997757, 0.686625547274348], [9997770, 0.6192411477880913], [9998363, 0.7811626579970531], [9998364, 0.6148280307663113], [9998841, 0.6502695713814332], [9999082, 0.8037607913011456], [9999151, 0.7048140928597973], [9999322, 0.8635539436552949], [9999617, 0.69489720906719], [9999666, 0.7417032506350969], [9999707, 0.596695375210738], [9999820, 0.9614112480646173], [9999869, 0.45296997629807245], [9999928, 0.7267628211444488], [9999941, 0.65716372879814], [9999978, 0.7958281954713845], [9999979, 0.6249521226061339], [9999992, 0.4583339544672391], [9999999, 0.5422349973552155]]}