{"seed": 469401944, "N": 100000000, "alive_speed": 0.9316299826000134, "non_threatened_speed": 0.9316299826000134, "survivors": [[62, 0.8828794900175266], [693, 0.7994177118885702], [950, 0.7701838111515574], [3031, 0.7601651028326321], [6405356, 0.7480063788297378], [99128575, 0.7376979712692913], [99996600, 0.6735253012040281], [99996601, 0.65317141068181], [99999820, 0.6271158047856316], [99999963, 0.5098004188807335]], "still_alive": [[6405357, 0.7443193538687752], [7115922, 0.7440164012694027], [7121907, 0.7373822375038586], [7121920, 0.7290251886220807], [8466575, 0.7304412546203662], [14062226, 0.7690128950761914], [15977449, 0.7546778406237817], [15978276, 0.7533982345216741], [16030481, 0.7485315300455823], [18304256, 0.7612795612437909], [19623763, 0.7661430504133557], [21788014, 0.7665454354749321], [22316101, 0.7578631816930517], [23061384, 0.7638282022856946], [23541275, 0.7586360271746238], [27532104, 0.7819669089414412], [27832705, 0.7828829934902587], [28551676, 0.7833107809449525], [28595351, 0.7556971961768574], [28599066, 0.7547757464454296], [29018701, 0.7583404106397073], [30535932, 0.7521740141411789], [31369553, 0.7611290178923653], [31722842, 0.7521757643781743], [32542981, 0.7601410283036842], [32627144, 0.7546650708511616], [33380223, 0.7556357104743506], [37421826, 0.7876809744535253], [38410419, 0.7580479985342543], [38843104, 0.7591115063764832], [38874325, 0.7430771174269177], [40564782, 0.7609134554024668], [41167895, 0.7650940555810851], [41538882, 0.7685262816774965], [43023547, 0.7498599861776033], [43217018, 0.7489947030620646], [43904617, 0.7485861421825605], [46801822, 0.77123030704098], [46806681, 0.7573724985451782], [47709558, 0.7571849062766309], [48719157, 0.7626840039906736], [49554860, 0.7750355910425124], [50202405, 0.7687813017430627], [50392602, 0.7382688027820542], [50422575, 0.7319864495490407], [52275426, 0.7480940640262396], [52276705, 0.7450344157686587], [54453326, 0.7608122398881026], [54466523, 0.74313362708369], [55551760, 0.7611220353939576], [57030933, 0.7793268845356326], [57031438, 0.776352930765906], [57044985, 0.7429909415908623], [57975118, 0.7563630883698167], [58062405, 0.7544337271190169], [58062798, 0.7455780693810667], [58274655, 0.7462633068337398], [59301134, 0.7650456917567131], [61237997, 0.78847859760758], [62032926, 0.7759655854530396], [62127591, 0.7612017877013982], [64493474, 0.7644706124689367], [65547949, 0.7555374746436182], [65632498, 0.7330982976866507], [65638637, 0.7330405675286791], [67270624, 0.7519865406060807], [67270679, 0.7259335894429769], [69680428, 0.7374218265136501], [69692025, 0.7341246260458509], [71674168, 0.7413814479506702], [71841123, 0.7370024328132272], [73444730, 0.7662641867548949], [73444847, 0.737079184763483], [74667560, 0.7693292430159687], [74708991, 0.7703052654463528], [74785692, 0.7630561315106177], [75809187, 0.7679195233883785], [75826728, 0.7586473772547573], [75826729, 0.7437539486509019], [77049884, 0.7704823223930137], [77663071, 0.7512757203952447], [77676308, 0.7445103823260516], [78599703, 0.7674775759596104], [78920304, 0.7527993386116995], [79064937, 0.7471262061434275], [79926974, 0.7665363736215035], [80125557, 0.7677975691449076], [80296222, 0.7569017049543049], [80596855, 0.7573088918183546], [80607504, 0.757629742305755], [82160217, 0.77811811943363], [83025164, 0.7544567285304754], [83027017, 0.7514796316705861], [83032378, 0.7431912158905745], [83048577, 0.7385746757607052], [83479162, 0.7475101803886524], [83486605, 0.7232410098230331], [84117850, 0.749144620949223], [84139017, 0.7355467611996909], [84183544, 0.7327626448222064], [84494075, 0.7390191703757498], [85044568, 0.750244823666275], [85766701, 0.7507205650725529], [86075236, 0.7573404389637486], [86604761, 0.7405856742008508], [87356950, 0.7788921205842262], [87356965, 0.7372556451850776], [87730062, 0.7365876630612035], [87967211, 0.7446506279600451], [88123618, 0.7411575046883375], [88147677, 0.7367962995245322], [88731538, 0.7678526734860175], [88980109, 0.771840560838701], [89010820, 0.7603030186923682], [89120969, 0.7480793149661448], [89121088, 0.7464720712747012], [89180307, 0.741001705636894], [89583934, 0.7330284938876731], [89628615, 0.7324457937854807], [89775982, 0.7338972758074844], [90089273, 0.7506982608436727], [90115494, 0.7465382738884212], [90669705, 0.760514183878477], [91467386, 0.786109926165837], [91467391, 0.7848579961494614], [91487204, 0.7634067101790902], [91631955, 0.7745385592814199], [91684168, 0.7718026308573456], [91685701, 0.755378982502762], [91686112, 0.7464655115306683], [91690393, 0.7414910178675768], [91711918, 0.733231834416634], [92016323, 0.7570717536009864], [92130144, 0.7518309188898958], [92452111, 0.7572906084151091], [92452112, 0.7492758742352204], [92497045, 0.7413689474606917], [92755158, 0.7621725141136404], [93022949, 0.7227431338712501], [93553874, 0.7737436438711984], [93805871, 0.7541899080504922], [93989134, 0.7585166737005533], [94526803, 0.786105839331395], [94706912, 0.7910259080485105], [94883555, 0.7423512179890122], [95227128, 0.7948661889126738], [95238389, 0.7037412690869508], [95750392, 0.7277664793527872], [96148261, 0.7415246954404799], [96370510, 0.7855506392405545], [96415291, 0.7882264291253032], [96542508, 0.78768148634084], [96897699, 0.7916713745478513], [96897840, 0.7866518474620097], [96921105, 0.728198280802765], [97397262, 0.7404403530709522], [97465437, 0.7408268304544309], [97571692, 0.7509433647299947], [97666073, 0.7538693021422566], [97694552, 0.7223498420532204], [97734005, 0.7258364254243856], [97872368, 0.7620441650337291], [98028315, 0.7578199451173468], [98098122, 0.7437532494675266], [98164799, 0.7545780401629889], [98167414, 0.7371324743522514], [98171211, 0.7091485882518952], [98301354, 0.7548655362911463], [98362609, 0.7571016640944646], [98528516, 0.7848166457461389], [98584707, 0.7611882747652807], [98647824, 0.7411265688517941], [98777963, 0.8121527016611486], [98810754, 0.7915262644023451], [98879431, 0.8051132495841667], [98894030, 0.7698689624638759], [99002325, 0.828000302514893], [99006934, 0.7766603694772327], [99011835, 0.775131573380311], [99086066, 0.7749235285105243], [99089879, 0.7577496182517208], [99090088, 0.7552596707394219], [99090697, 0.7464143421071039], [99099456, 0.7533014397258742], [99104229, 0.72759670625226], [99127334, 0.7404670976215678], [99128600, 0.7355687483799226], [99137461, 0.7242603595470243], [99181724, 0.7448752013904283], [99205545, 0.7467814776874954], [99218970, 0.7343334947085323], [99261695, 0.6898472163377583], [99290856, 0.7089649066544608], [99400945, 0.7765320038924705], [99481846, 0.7906294758688563], [99492259, 0.750286534709847], [99570974, 0.7545229790499025], [99590153, 0.7337696303561945], [99628634, 0.7223505846711749], [99637723, 0.7148553032092605], [99678740, 0.7074613998576552], [99698917, 0.7232317380361605], [99698962, 0.7208129826174055], [99713853, 0.7186552457041018], [99758338, 0.8414162965345409], [99762991, 0.7263146921843823], [99771274, 0.7367914344436001], [99813633, 0.7842733820829431], [99836956, 0.825473196032609], [99837165, 0.8151557593573637], [99839234, 0.7716699996498312], [99842553, 0.7620344156420827], [99850882, 0.7589986841969054], [99851209, 0.7527830426376033], [99865776, 0.8070926915790868], [99868797, 0.7178062771690693], [99886586, 0.7814685955560651], [99887865, 0.7854523330165036], [99887974, 0.7561334678389817], [99888243, 0.6935212562750622], [99888380, 0.6625409072186084], [99897565, 0.7129768326690297], [99907248, 0.669170587124683], [99917213, 0.7270053677557533], [99921596, 0.7438568171406268], [99925487, 0.769315392457013], [99944082, 0.8111026043605292], [99949687, 0.73150825759392], [99958736, 0.8290398390492449], [99962885, 0.7614940715707724], [99964504, 0.7351231382815282], [99969049, 0.8248803766026084], [99970966, 0.7704614775485685], [99970969, 0.7622852316630275], [99970978, 0.7489550603786855], [99971991, 0.7743576885538556], [99976536, 0.7752664486793651], [99976641, 