{"seed": 861, "N": 10000000, "alive_speed": 0.8008521688812397, "non_threatened_speed": 0.8058593756108772, "survivors": [[62134, 0.8058593756108772], [2208883, 0.7755103992688205], [5461714, 0.7656729254552195], [9901375, 0.7374046927563178], [9916378, 0.7285712673484732], [9927869, 0.7138031786232352], [9998608, 0.7076901488586487], [9998625, 0.6088835728717742], [9999974, 0.5039840991139503], [9999979, 0.45135367678379446], [9999998, 0.36710626406096913], [9999999, 0.2641106647641366]], "still_alive": [[520981, 0.7718381426279068], [997502, 0.7925276937827893], [999169, 0.7702660250630212], [1622288, 0.7933689142718688], [1656909, 0.7676713973954544], [1897112, 0.7776484919512539], [2184989, 0.791594817720062], [2193776, 0.7808819157019328], [2339410, 0.7694827711799431], [2351647, 0.7510758796540205], [2699616, 0.7737313634671579], [2704613, 0.7699334848816533], [2773838, 0.7552446485936548], [3178705, 0.7745183722913508], [3472950, 0.7874254253640292], [3778007, 0.7489134170201601], [3926124, 0.7572210622911061], [4051143, 0.7288354309203996], [4072862, 0.7314071340415762], [4100643, 0.7268381826928603], [4821904, 0.7812530968304348], [4882685, 0.7759795455200797], [4883242, 0.7566484108528381], [4884223, 0.7546342240891383], [4968624, 0.7637501298969329], [5319359, 0.7782273818914156], [5461789, 0.7586597861886946], [5585798, 0.7783649650462146], [5842879, 0.7436630779134267], [5843964, 0.7349574394923188], [6154509, 0.7589455632213759], [6303962, 0.7466186263779916], [6309653, 0.7414309231454644], [6361516, 0.7489719705923225], [6445473, 0.7615268392881301], [6445496, 0.7553011218792856], [6505029, 0.7454629526710261], [6759234, 0.7872118226316946], [6781595, 0.780880518103609], [6805984, 0.7829382145781717], [6806379, 0.7484331269769106], [6863692, 0.755611093538691], [6917065, 0.7440194349715175], [6932584, 0.7322291962647733], [6998837, 0.7364121605087108], [7191606, 0.7584540749110491], [7198799, 0.7460031297851168], [7298392, 0.7693522533539859], [7298421, 0.7605297156982089], [7493140, 0.7860258200189576], [7637599, 0.8318390843595659], [7637602, 0.7667940241900698], [7672671, 0.757618651988475], [7699978, 0.7567179311959178], [7782225, 0.7840748350588963], [7785172, 0.7848456915450697], [7787841, 0.7766803460147198], [7788672, 0.7508966356541479], [7865365, 0.7404769836993349], [7866344, 0.7390816731461978], [7881415, 0.7180280249307556], [8068432, 0.7505089035191764], [8069487, 0.7424452249907251], [8074414, 0.7376655741455379], [8129243, 0.7309237381240253], [8137328, 0.7340374773292271], [8164779, 0.7428966674623646], [8167040, 0.7046468019390639], [8182391, 0.7065853900577156], [8309540, 0.7563457704278131], [8309793, 0.7550373107599703], [8385260, 0.7386096260057139], [8588803, 0.7822257507424231], [8648610, 0.7565670651948], [8711835, 0.7504941565796958], [8759974, 0.7615394892210525], [8767901, 0.7598610581570187], [8815090, 0.7512488027257265], [8845661, 0.7290290106979282], [8937708, 0.7410090063891199], [8938353, 0.7367778865552005], [9018782, 0.790056657543794], [9032937, 0.750931330340183], [9161080, 0.8341042197614719], [9162917, 0.8142223591806447], [9162940, 0.7876811135675724], [9165235, 0.7807042124638156], [9187450, 0.7820824527812553], [9266639, 0.7632682736216525], [9286780, 0.7817398862673116], [9308353, 0.7677505914254344], [9308750, 0.7521927135259698], [9313037, 0.7407408648393009], [9346194, 0.7752766990893284], [9355455, 0.7357586389380489], [9357538, 0.7054423981670509], [9382183, 0.7333099914753134], [9427156, 0.7769586631742539], [9458683, 0.7120891192864014], [9503248, 0.7203015682153506], [9503863, 0.7132917410993718], [9546358, 0.7455301803900967], [9547509, 0.707439363637421], [9614344, 0.7039863068708724], [9666549, 0.8079204134206076], [9675786, 0.8294486205010473], [9693175, 0.7383271196488554], [9693176, 0.7270401796430406], [9701547, 0.7465660524228441], [9721076, 0.7921988594476067], [9740609, 0.8211714466322989], [9741202, 0.804119935138768], [9741547, 0.7192023632740405], [9765072, 0.7831774092136538], [9766237, 0.7803446666157946], [9766240, 0.7025967889134288], [9787005, 0.7481677067400919], [9787008, 0.7325251460715244], [9799821, 0.7781093639477167], [9800420, 0.7362926512088064], [9825989, 0.8149688388953966], [9826670, 0.8164525755467127], [9845887, 0.7197534281346322], [9850178, 0.7186745290099686], [9866509, 0.7463812543799134], [9883514, 0.8116494818806652], [9884821, 0.7999793180081847], [9901374, 0.7904995963251071], [9906846, 0.7330752423764246], [9907037, 0.7049090689793789], [9916134, 0.7717849866464346], [9916373, 0.7679710729960362], [9916379, 0.7208992734761784], [9927868, 0.7649458835030185], [9962234, 0.6998205848495885], [9962869, 0.6770663796174753], [9966750, 0.7251244939486466], [9967407, 0.7222208603204048], [9967424, 0.7075624665084411], [9973253, 0.747803372894746], [9973270, 0.7399603205990204], [9974347, 0.7387572724224049], [9974470, 0.7360089891042311], [9976603, 0.7912629346766866], [9978430, 0.8330185564490753], [9978457, 0.8107952434762828], [9979542, 0.7945120486056001], [9981763, 0.838379760659647], [9981822, 0.7746122897831156], [9985397, 0.9617429783373262], [9985398, 0.8675784187250438], [9985415, 0.7591546407255141], [9986082, 0.7622988024478723], [9986529, 0.6979161582458935], [9986532, 0.6930065057036077], [9990301, 0.789050276162784], [9991106, 0.8332476370558008], [9991161, 0.82961780046851], [9991162, 0.8161019505043162], [9992145, 0.7839418847781595], [9993524, 0.8039366769966046], [9993653, 0.7193389000259981], [9993654, 0.6958176626694226], [9994983, 0.7759203987430842], [9996210, 0.9979316975186114], [9996281, 0.8766642650347245], [9996286, 0.8606295810172193], [9996613, 0.6835394289812046], [9997660, 0.8385175194490768], [9997699, 0.5439172449058592], [9997732, 0.5504519447084986], [9998269, 0.6810227547023717], [9998514, 0.7788229109691693], [9998515, 0.7627076771083997], [9998634, 0.596499403250192], [9999093, 0.7107331113833681], [9999174, 0.7357167614567619], [9999293, 0.8440661875608688], [9999300, 0.5898996851694488], [9999339, 0.545549811331334], [9999684, 0.8901649956412985], [9999799, 0.7427245393925918], [9999880, 0.7911710346958563], [9999881, 0.6711706539144937], [9999902, 0.6142346238566917], [9999969, 0.7334338703575477], [9999984, 0.44492026654272565], [9999995, 0.6571758005786968]]}