{"seed": 881, "N": 10000000, "alive_speed": 0.9896228263661991, "non_threatened_speed": 0.9896322278714237, "survivors": [[94, 0.9896322278714237], [393, 0.8365658264125263], [1064, 0.7967503959325276], [93677, 0.7812184432344199], [95492, 0.7696833995118953], [7182831, 0.7646955699442756], [7183032, 0.7626017369974103], [8113167, 0.7571289100933134], [9133168, 0.7366338561863977], [9543003, 0.7264646281879851], [9543004, 0.7137303264816466], [9996459, 0.7083428360186796], [9996802, 0.6800675862205104], [9998861, 0.5664515784634517], [9999400, 0.5659784374022309], [9999643, 0.5584236399500698]], "still_alive": [[96047, 0.7378501564100306], [96048, 0.7328989322477578], [905515, 0.731361538521566], [1036424, 0.7328491522757229], [1413869, 0.745858495156415], [1465994, 0.7420799651831915], [1676767, 0.7473384173669219], [1723058, 0.74713297796129], [1982147, 0.7709351033902855], [1982716, 0.7442980578976626], [1982717, 0.7304040260300285], [2444644, 0.7260063772503229], [3353271, 0.7990596109216718], [3354162, 0.7638212313914947], [3355093, 0.7568625960687401], [3373692, 0.753392695454477], [3753281, 0.7870106755989151], [3842204, 0.7412280701613654], [4277581, 0.7946702117710346], [4381398, 0.7714522622495728], [4384427, 0.7647167532720488], [4395442, 0.7158128786103033], [4620973, 0.7335635763956292], [5133284, 0.7203255689922813], [5737525, 0.804411097992796], [6058396, 0.7883431506519495], [6073175, 0.7820580675262835], [6073198, 0.7669490515191739], [6082819, 0.7301850746430112], [6366002, 0.7647076119783518], [6433593, 0.7292533829843376], [6433652, 0.7232081747270334], [6750525, 0.7527270292376552], [6758090, 0.7422002404575863], [7027713, 0.7636620851927134], [7161996, 0.7638082522532671], [7183063, 0.757666492474588], [7253808, 0.7653551901955827], [7272459, 0.7571072164806671], [7362690, 0.7618239797144543], [7450237, 0.7644294641926954], [7452096, 0.7498516608795044], [7463587, 0.7428652052158674], [7881670, 0.7750537133029243], [7896877, 0.7736129637230723], [7898364, 0.7693363295138034], [7910027, 0.7495914455560174], [8113150, 0.7646034938648212], [8145770, 0.7329254203701632], [8349331, 0.77302662161449], [8387040, 0.7292866228177454], [8602449, 0.7552567807069052], [8667448, 0.7735595934650276], [8782331, 0.8142105426139141], [8783476, 0.7861756681467132], [8783683, 0.7653796794134394], [8848426, 0.7838872217214704], [8880415, 0.7496107853808296], [8904018, 0.7461886918796541], [8914211, 0.7324370285901514], [9003736, 0.7557252211721812], [9004001, 0.7541592458664402], [9047186, 0.7606662133261776], [9047281, 0.7574846388724628], [9077790, 0.7763074651466052], [9098203, 0.7603757943855706], [9106134, 0.7622731919263961], [9127121, 0.7672086053746661], [9137795, 0.7264676764517163], [9265746, 0.7570465156085172], [9311767, 0.7835581897087869], [9320846, 0.7318609470439075], [9336401, 0.7108389442356804], [9368470, 0.7285237979313958], [9368481, 0.720824919183813], [9369326, 0.7154064346120484], [9409915, 0.7342676191223585], [9409918, 0.7172865832423603], [9410243, 0.6846508389204384], [9430000, 0.7078361829042569], [9511241, 0.7810103828548514], [9521138, 0.7650688422059527], [9534007, 0.7758213939531579], [9534008, 0.7712462915629135], [9543287, 0.6747270272790721], [9611362, 0.7760387113064318], [9615697, 0.739412859223316], [9664900, 0.8118372931850301], [9665581, 0.7454470389993777], [9702004, 0.8080380248029835], [9703625, 0.741256382147212], [9719836, 0.7782090298529731], [9722759, 0.7247191264445068], [9770726, 0.7741790999976333], [9780153, 0.7894407900875994], [9792920, 0.8202292078058014], [9792925, 0.8114944066968446], [9814580, 0.7731979956191476], [9822385, 0.7187872377213587], [9833164, 0.7155376100441403], [9850379, 0.76946497485972], [9850826, 0.7272935328023992], [9852279, 0.7234135292172084], [9854902, 0.7133565690321279], [9867123, 0.7473516907640501], [9867318, 0.7156629879212568], [9884635, 0.7440010586203253], [9887256, 0.7281402060974282], [9888741, 0.619240350765795], [9913318, 0.7749576583642491], [9931317, 0.8968662246118381], [9931428, 0.8673248737171855], [9931435, 0.8441648474127252], [9933154, 0.8637240385780043], [9934675, 0.8624789144305229], [9942002, 0.7248831532010808], [9956129, 0.7509217016960493], [9956470, 0.7504154647506346], [9965647, 0.7419131041788478], [9968636, 0.7487501913180857], [9972127, 0.8246453316522723], [9973374, 0.8087820221636872], [9973603, 0.7931044956876055], [9979546, 0.7927644955600329], [9981457, 0.7314705565573775], [9982498, 0.773392540335866], [9982499, 0.7325040320479564], [9984454, 0.6852098263264573], [9985691, 0.7222306807211366], [9986426, 0.748336496364052], [9986481, 0.751180380435098], [9988990, 0.8408679462260645], [9992711, 0.7010175781556904], [9994348, 0.8388741932866007], [9994357, 0.692754685758858], [9995558, 0.8118032746062921], [9995689, 0.7275446062286196], [9996068, 0.7908232108499871], [9996817, 0.603000847910477], [9997158, 0.6053791213047369], [9997719, 0.7023520311167653], [9998680, 0.7376812902515997], [9998729, 0.7613449404567801], [9998754, 0.7706972478425402], [9999760, 0.650918468311716], [9999841, 0.7876027095651164], [9999922, 0.7781290846739548], [9999925, 0.7630388251591539], [9999926, 0.659185383331328], [9999931, 0.6906664125847732], [9999976, 0.924356749788605], [9999987, 0.9608948743106699], [9999988, 0.47995808531555817], [9999997, 0.5959886028630622]]}