{"seed": 177791880, "N": 10000000, "alive_speed": 0.9966959222263508, "non_threatened_speed": 0.9966970185929616, "survivors": [[10, 0.9966970185929616], [59, 0.9051028746649187], [1678, 0.8864940847458361], [9789589, 0.7417926490472031], [9999354, 0.7017985470677099], [9999725, 0.6735150843822008]], "still_alive": [[163449, 0.7597256146433515], [169870, 0.7462493483261149], [169871, 0.7419437543115015], [232694, 0.7426225417811567], [1049461, 0.785902898693457], [1197828, 0.773778620411107], [1197833, 0.7700656645997077], [1338920, 0.7605084556266565], [1633185, 0.761464203079256], [1840142, 0.7759767174967644], [1855657, 0.7697240978953835], [1855658, 0.760068000847268], [1893873, 0.7585093385976114], [2087306, 0.759827962993492], [2334863, 0.7426972300159652], [2336638, 0.7314505398318881], [2656447, 0.7477511741338221], [3452568, 0.8083990991177741], [3519367, 0.771536432903433], [3812376, 0.7545166693017413], [3979487, 0.76930651278671], [4052028, 0.7635759104591345], [4096003, 0.7547869602777608], [4854340, 0.771916307761057], [5168263, 0.7798094140874865], [5249722, 0.785745600892885], [5249733, 0.7737584961482926], [5262562, 0.7700790948845071], [5995811, 0.7396935035123585], [6011006, 0.7238943126020082], [6281473, 0.7649860608978158], [6282164, 0.7613219501044423], [6300539, 0.7593637285765802], [6325884, 0.7634432674493633], [6337591, 0.7538439239001506], [6341128, 0.7469905946756921], [6660245, 0.7557372808271825], [6676424, 0.7269069750487968], [6999927, 0.7696586096507908], [7034496, 0.7639172816800748], [7127277, 0.7672735130658976], [7287802, 0.7593466329986489], [7441869, 0.7684338240444184], [7491632, 0.782166428780391], [7493105, 0.7656303615557868], [7493108, 0.7451654576543933], [7579381, 0.7666913421457113], [7600900, 0.7652596533272749], [7633949, 0.752147395364485], [7641396, 0.7384270038378209], [7700939, 0.7537462959521269], [7701126, 0.7184099966945179], [7817969, 0.753528869072794], [7818200, 0.7529680300298096], [7865793, 0.7690063089685677], [7936144, 0.7666478725318645], [8005511, 0.7846497897581073], [8012978, 0.7830006269826926], [8020433, 0.746826906887342], [8021630, 0.7379395979645735], [8133919, 0.7561719863779888], [8139598, 0.7327113747313146], [8193681, 0.7420667457824698], [8238380, 0.7320440770540947], [8258967, 0.7394498469093017], [8281374, 0.7484363093931603], [8398969, 0.7491607135162102], [8425914, 0.7476871460538487], [8543081, 0.7755625755643453], [8547046, 0.7473408108033458], [8738383, 0.7402685819535892], [8934282, 0.7775750598078617], [8934283, 0.7615290418303376], [8979742, 0.7518842808143276], [9110467, 0.7276494199421539], [9205246, 0.7463085129402612], [9205273, 0.742166923703662], [9221374, 0.7545728220838762], [9223687, 0.720992550230164], [9308820, 0.7572355240773806], [9354223, 0.7425564677824894], [9420094, 0.792742590334967], [9423313, 0.7549089201931994], [9458860, 0.6912713837730209], [9516677, 0.7288271625869333], [9554326, 0.7216881346515035], [9555539, 0.7210016253158753], [9597918, 0.7904020474331245], [9604477, 0.7997163252505969], [9604478, 0.7948184845716181], [9646971, 0.7821636390994726], [9670350, 0.8079823681716812], [9679495, 0.7730741615964903], [9679498, 0.7520989389800788], [9684223, 0.7097542624495666], [9705524, 0.73632003599301], [9781849, 0.8331285787339614], [9781968, 0.8015457241437227], [9782763, 0.7689652096236317], [9785360, 0.7668665572866112], [9789590, 0.733743719801051], [9796719, 0.7439852816791747], [9800126, 0.7516305283199354], [9812569, 0.734962104523585], [9816778, 0.6441127458053213], [9845327, 0.7593823427890852], [9845526, 0.711230671524322], [9854359, 0.7398200649706324], [9856842, 0.7516762548993059], [9865473, 0.7444664636261727], [9881538, 0.8041459541727303], [9884955, 0.7653709696360681], [9885010, 0.7171882508965107], [9885807, 0.6449135761308508], [9899206, 0.7290004114171211], [9902513, 0.6934789688469336], [9915068, 0.7890349441708595], [9916199, 0.783049916353927], [9922500, 0.7553268004553628], [9928459, 0.7375306039560943], [9934304, 0.6998727985837372], [9957475, 0.74961542776307], [9959372, 0.7526390914388161], [9971701, 0.7919432759017874], [9974484, 0.7216333981128895], [9979721, 0.8631447589389653], [9980822, 0.7822532844380272], [9982671, 0.7347405017682483], [9987992, 0.8688102659803335], [9988763, 0.7925357933110687], [9990360, 0.8470641293755784], [9990639, 0.7935304945260637], [9990648, 0.7827311002681226], [9992645, 0.7989659556516896], [9992650, 0.7855425772738358], [9994017, 0.7932817721610521], [9994024, 0.7267071358230965], [9994033, 0.5812707621386897], [9994728, 0.6563420082748586], [9995815, 0.797731874957807], [9996126, 0.6975815490697744], [9997117, 0.7079813270846298], [9997516, 0.7887055660186164], [9998223, 0.8537499618646165], [9998346, 0.7092215898444222], [9998411, 0.6321494138248762], [9998466, 0.5611419773215167], [9998941, 0.7869887669492641], [9999260, 0.9273841123728226], [9999353, 0.7292196735936207], [9999435, 0.7347081125594758], [9999436, 0.7024730108849854], [9999511, 0.804618490653191], [9999634, 0.752835653548402], [9999691, 0.8881033205496808], [9999706, 0.8976561572717288], [9999726, 0.6701641685801202], [9999727, 0.6703344063939471], [9999728, 0.5956986129825774], [9999773, 0.7119848197466346], [9999788, 0.5724857766070467], [9999795, 0.5871252295033916], [9999844, 0.7605648562983159], [9999873, 0.8707459801420293], [9999898, 0.6908458858764557], [9999923, 0.7034434271735349], [9999940, 0.7130568092987918], [9999951, 0.4472927172127208], [9999952, 0.45589412843267196], [9999975, 0.7869448912036257], [9999978, 0.6675107684483923], [9999989, 0.9453195722114579], [9999990, 0.884487933752978], [9999993, 0.9204067601105539], [9999994, 0.7972522006973123], [9999997, 0.9825103323529354], [9999998, 0.6782667993670243], [9999999, 0.8541416606757952]]}