{"seed": 928126177, "N": 10000000, "alive_speed": 0.7384768608946216, "non_threatened_speed": 0.7934315508397123, "survivors": [[2330142, 0.7934315508397123], [2522767, 0.7772912598433067], [4905644, 0.7454670122935382], [9991705, 0.7403458569467136]], "still_alive": [[238594, 0.7108786791387338], [949111, 0.7391371319455371], [1395024, 0.7238058601129994], [1968083, 0.7694309120329026], [2542082, 0.7315050937831011], [2994233, 0.7569483811690358], [4043092, 0.7421267915910282], [4043095, 0.7194739157329115], [4710130, 0.7873806189781073], [4744797, 0.7822806881531457], [4950107, 0.744650338059483], [5150014, 0.7481714482347513], [5398677, 0.755893072387749], [5426682, 0.7471929507097336], [5564817, 0.7470792362629889], [5582874, 0.7413411200006229], [5745325, 0.7342684549201184], [5970526, 0.7475719071824197], [5974831, 0.723163133492509], [6086802, 0.7340852233254667], [6105505, 0.7224714382762604], [6577042, 0.7691076515796581], [6648031, 0.7651132643462869], [6712306, 0.7348346824700419], [6841085, 0.7603990425644618], [7000548, 0.7738954522852894], [7026871, 0.7792856063684377], [7041728, 0.7628870014696401], [7154659, 0.7476294961353214], [7167216, 0.725382284381127], [7420521, 0.7683324311488853], [7421386, 0.7483638276856176], [7646075, 0.7540112913580119], [7701434, 0.7266039778164715], [7702609, 0.723307726132528], [7943616, 0.7224514722303645], [8327659, 0.7849285124340639], [8379876, 0.7725683839500747], [8393689, 0.7471507557072304], [8447792, 0.7538128828213396], [8517525, 0.762965145716902], [8573192, 0.7539971273606676], [8573721, 0.7494617999400013], [8573722, 0.7490015327561141], [8856395, 0.746769152352074], [8887830, 0.7545871077143517], [8902423, 0.7397344860890492], [8902598, 0.7180467319427882], [8986811, 0.7602603858468008], [9055662, 0.7394783059260663], [9094035, 0.7432877433553106], [9095984, 0.7324894514750329], [9218775, 0.7957898767891205], [9221860, 0.7488847688504817], [9241791, 0.7542742689630986], [9296748, 0.7393501119245749], [9297223, 0.7370326425775235], [9306066, 0.7176273220702947], [9394887, 0.722678856835226], [9473234, 0.7358700699367089], [9557761, 0.8649493693907466], [9562758, 0.8388572276776078], [9562809, 0.7498499226065947], [9580604, 0.7714954618729358], [9580607, 0.7639932646018374], [9631622, 0.8257361543411553], [9631625, 0.8146198754349199], [9673964, 0.7593992059527466], [9687323, 0.7258927881778995], [9729704, 0.7899813238115946], [9729725, 0.7304588520471922], [9734984, 0.6851543032744997], [9782823, 0.7460675184215649], [9783432, 0.6934704623293996], [9815549, 0.743409056763388], [9815924, 0.729891988844295], [9824287, 0.7347787989371879], [9839406, 0.7840036143213263], [9839611, 0.7658204472791055], [9857030, 0.7557535405450682], [9857035, 0.73745099383156], [9857140, 0.7105769030248136], [9871475, 0.7212321888628594], [9876884, 0.7506872305442711], [9880573, 0.7051243436978134], [9915286, 0.807664101499482], [9920409, 0.790508946262571], [9923886, 0.7741594781562889], [9925195, 0.7675357403515243], [9925236, 0.7483291575225207], [9925521, 0.7109108282221115], [9925612, 0.6821883267671381], [9937183, 0.7003157899262361], [9940692, 0.7001268541658764], [9949689, 0.7669125483974649], [9957388, 0.8710101436777105], [9960567, 0.84531068933588], [9961418, 0.7278381325443404], [9963139, 0.7116149821308648], [9966096, 0.7216973784834764], [9966103, 0.6480818312440039], [9972014, 0.7572067416144979], [9972063, 0.7464462685185623], [9973222, 0.7293605852248817], [9973307, 0.7014675430391031], [9973310, 0.6430968788228628], [9976083, 0.6935204068592895], [9979748, 0.7891767790779666], [9980313, 0.7538768836645211], [9983160, 0.803088077232528], [9983493, 0.806596744891495], [9983714, 0.7666013308921378], [9983821, 0.7314312037177172], [9988040, 0.9161572549154489], [9988665, 0.7952968566878938], [9990558, 0.8311153125285662], [9990863, 0.8066741574623499], [9991214, 0.7482595315896312], [9993370, 0.686769119459095], [9993525, 0.689599280859134], [9994424, 0.7154101759343031], [9994759, 0.7380675032518044], [9994792, 0.6346353515418286], [9996985, 0.8349508653195329], [9997388, 0.823179883251726], [9997395, 0.8066261324513523], [9997876, 0.9083881757807658], [9997877, 0.6657433874808366], [9998274, 0.7260789277367762], [9998325, 0.6813066787982689], [9998758, 0.6740312308732399], [9999169, 0.8829275938345672], [9999190, 0.7471465259722476], [9999305, 0.8435624507159052], [9999312, 0.7942869250692847], [9999359, 0.7469269858911883], [9999376, 0.6076044803731316], [9999577, 0.8055822184610939], [9999646, 0.8123180237802724], [9999647, 0.6775663632972904], [9999782, 0.8063588999234019], [9999799, 0.7370761874824188], [9999800, 0.728866081491845], [9999859, 0.9693199456730472], [9999864, 0.8145401392469719], [9999865, 0.7128711851221171], [9999898, 0.7055271972421564], [9999933, 0.99879034074841], [9999936, 0.9860162651027654], [9999937, 0.8425602502383105], [9999942, 0.7941092608254452], [9999967, 0.47859293478860965], [9999990, 0.9811373050026962], [9999993, 0.1870625312277011], [9999998, 0.6339308337929458], [9999999, 0.8509370852368774]]}