{"seed": 483722252, "N": 10000000, "alive_speed": 0.8391602007434525, "non_threatened_speed": 0.839934704456982, "survivors": [[9220, 0.839934704456982], [8256485, 0.7474735233840014], [8256538, 0.7424984862167471], [9945367, 0.7146956227418411], [9945954, 0.7125890517859614], [9955457, 0.6983947252232197], [9999332, 0.6730881824229822], [9999905, 0.47542016094148976]], "still_alive": [[632271, 0.7503363679552009], [633644, 0.7398035842546612], [1559679, 0.7785052816224809], [1660630, 0.7840377475264309], [1870849, 0.7587513668995431], [2913760, 0.7658057422327202], [3157373, 0.772671297372557], [3263848, 0.7678644838250562], [3267209, 0.746037566824046], [3318112, 0.7390364717341963], [3920983, 0.8112031074297591], [3921116, 0.7756460248540253], [4136743, 0.7885759788438341], [4160124, 0.7817160855074055], [4161017, 0.776924829782053], [4352810, 0.7165445303259664], [4901643, 0.7681751685477816], [4903074, 0.7571325207127244], [5312355, 0.7476825393420083], [5349138, 0.7528145616762819], [5558495, 0.7667864397128824], [5982454, 0.7566500294097872], [6232963, 0.7337869658686254], [6242618, 0.7219768796098639], [6436197, 0.7522184418475865], [6672776, 0.7599783014186156], [6942383, 0.8006368670246967], [6961300, 0.7817347863013266], [6961309, 0.7798617311486504], [6964698, 0.731721871340055], [7196203, 0.7680447528321831], [7199060, 0.7444771192229088], [7417349, 0.7797726318926673], [7430196, 0.7580463014272335], [7539877, 0.7335385284341026], [7549526, 0.7344015412313241], [7599397, 0.7013336476740978], [7959586, 0.7611396097106164], [8032467, 0.781861636225362], [8089798, 0.7804455999337941], [8148853, 0.749262889604085], [8222462, 0.7599796229253276], [8363781, 0.7376378873565412], [8434890, 0.7267585928206743], [8605105, 0.7360698057609072], [8610796, 0.7379670734547379], [8611249, 0.7148815197034656], [8774508, 0.7687535492312085], [8775843, 0.7642254532219392], [8777348, 0.7258039406893348], [8777657, 0.7217117116782112], [8863098, 0.7753050405368679], [8867415, 0.7566500670890282], [8869924, 0.7359433793723463], [8879949, 0.7116806462909293], [9008404, 0.7660045333009923], [9030527, 0.7624583121997646], [9034324, 0.7419047200531357], [9055357, 0.73741316456013], [9089426, 0.7309780820089425], [9113577, 0.7342222429418973], [9113676, 0.7153676275610944], [9116819, 0.7159430449839403], [9270604, 0.731086685444797], [9274583, 0.7263100013452212], [9354104, 0.8090786914160306], [9355817, 0.7907146969789305], [9356962, 0.7585762422532634], [9387209, 0.7285727126768469], [9388980, 0.7123402102676992], [9426003, 0.7517088262866897], [9447256, 0.7524681747130241], [9457577, 0.7599135557381428], [9494974, 0.802421127408861], [9504203, 0.7303009130968791], [9504734, 0.7217107597509368], [9548505, 0.7503708670445978], [9585932, 0.7783324435954729], [9586793, 0.7629638190755248], [9594184, 0.7622551203697994], [9608317, 0.7308906910396439], [9637756, 0.721462403939946], [9655383, 0.7435456707835362], [9655956, 0.7313367580469001], [9663279, 0.7118685652419785], [9698600, 0.7706054702588188], [9699981, 0.7251528644917746], [9702834, 0.7178641841430047], [9746097, 0.8142031246227637], [9746134, 0.7446591121206771], [9807735, 0.8556329627522059], [9807784, 0.8065401196600701], [9807895, 0.7951200550456933], [9811492, 0.7694579640784677], [9811921, 0.7140078327603601], [9819372, 0.7024125905670324], [9839951, 0.7588211609536981], [9862056, 0.7607513281834642], [9868921, 0.7878602865037536], [9869474, 0.7228880108463792], [9877907, 0.6888988979736372], [9886354, 0.6093301674615735], [9899519, 0.6857303744006565], [9921296, 0.8702546306092421], [9923643, 0.8216590168895767], [9923918, 0.8034533156189753], [9923939, 0.7486569159452257], [9934096, 0.7643238266133127], [9934665, 0.7440004289905638], [9941276, 0.8218495774714062], [9941927, 0.8234578877000197], [9945360, 0.7339753795853741], [9955468, 0.6830672180227666], [9955715, 0.6761726876578239], [9957110, 0.6959013726892345], [9957115, 0.5897704120657518], [9970530, 0.7430372992993441], [9970567, 0.7095858127950153], [9982108, 0.9208760019544939], [9987559, 0.690296314616188], [9988210, 0.6486706384302479], [9992251, 0.6206400478389739], [9994008, 0.7618257515838743], [9994055, 0.7661657993016137], [9994554, 0.7353811722434977], [9995609, 0.7813745806098762], [9995726, 0.7291267421458494], [9996493, 0.8490570917319011], [9996786, 0.7787635481331934], [9997513, 0.841634344077997], [9998220, 0.7840257571799355], [9998413, 0.6602134114528319], [9998658, 0.7124399852817908], [9998745, 0.6851465302168896], [9999006, 0.7883056728899582], [9999081, 0.7616557309323785], [9999268, 0.9364963399002245], [9999269, 0.8798804814043494], [9999343, 0.6374054462383296], [9999646, 0.7094673058650177], [9999661, 0.6984620203863396], [9999670, 0.6565528518689664], [9999713, 0.6856475853235735], [9999748, 0.6382345011015501], [9999843, 0.8144915752498613], [9999858, 0.7826935007036968], [9999873, 0.49430974161202745], [9999896, 0.5132879371903922], [9999966, 0.37856464208462715], [9999987, 0.5987299092313344], [9999990, 0.39786779826686336], [9999993, 0.4902491332806004]]}