{"seed": 942755595, "N": 100000000, "alive_speed": 0.9256304865354171, "non_threatened_speed": 0.925630495791722, "survivors": [[0, 0.925630495791722], [4515321, 0.7614255164777715], [8972614, 0.7588631584894211], [99999995, 0.5845049261689128], [99999996, 0.5702113713666577], [99999999, 0.2775985533575551]], "still_alive": [[463561, 0.7484885651032507], [4515170, 0.7761703364385498], [9339105, 0.7563047938853054], [12626424, 0.7575309465857346], [19141963, 0.7688967366541328], [19758834, 0.7731510662957559], [20546531, 0.7668581883123026], [20555104, 0.7392595056854321], [23290569, 0.763597170654174], [23314750, 0.7625564437742123], [23336679, 0.7500973883011374], [25672912, 0.7393788769518213], [27088291, 0.7427883460405484], [29833228, 0.7532378418441945], [30423619, 0.7470279454408021], [34651582, 0.7655387035040923], [40060849, 0.754320019304126], [40197066, 0.7558077882612141], [41522593, 0.7652270397254172], [41847332, 0.7512448199792635], [43881483, 0.7680475369184855], [46009056, 0.7644265137944563], [46021723, 0.7535213073207855], [46089290, 0.7507722638469154], [47832039, 0.7720670840170647], [49142970, 0.7615785421505015], [49569041, 0.7648666635407255], [49569050, 0.7511258536469738], [50068787, 0.7503733658930519], [51925782, 0.770903465468168], [52128347, 0.7662322278818182], [53094090, 0.776587963553671], [53163717, 0.7627761833385602], [53986478, 0.7599767212349997], [55095219, 0.7771467246635517], [55096186, 0.7601728546370904], [55760353, 0.744691021188915], [55912966, 0.7393142456067218], [56086671, 0.7394319856450102], [56143232, 0.7308318372716375], [57648497, 0.7444936091775324], [58162972, 0.7416042720909751], [58816653, 0.7532410422211062], [58931024, 0.7546008580538057], [58937555, 0.7484115619854761], [59105866, 0.747435440632186], [60372289, 0.7627353856024955], [61370682, 0.7653298864791056], [61549321, 0.766608041600844], [62645974, 0.7314008648100099], [62860689, 0.7267030251067232], [64200148, 0.7476812184305863], [64253913, 0.7390757675437455], [64659296, 0.7437952600442278], [64659299, 0.7377872049381273], [65216484, 0.7450382100864683], [66804163, 0.7724017757512297], [67884296, 0.743350603838133], [69411315, 0.7413537179641836], [71492564, 0.7674421262612222], [71492581, 0.7400899301546766], [73403632, 0.7609654489686158], [73404405, 0.7453235188014163], [74498016, 0.7667513415514629], [74726403, 0.7339821917018927], [75204634, 0.7466753432429468], [75204637, 0.7464180063145908], [75567822, 0.75679007468668], [77195171, 0.7842990908472469], [77405800, 0.7741330566533782], [77466653, 0.7745523996091456], [77528388, 0.7688474996634754], [77900149, 0.7730707805767231], [78093172, 0.7521658320358732], [78095081, 0.7370408239933544], [78095664, 0.7275306538133395], [78520477, 0.7351495076963475], [78803690, 0.7330971865338396], [80052765, 0.7549038659780805], [80870128, 0.753767320063287], [81030013, 0.7589336946688107], [81492822, 0.7724913677473236], [81515539, 0.7544542584799805], [81637516, 0.7584819971352272], [82047225, 0.7707684509148529], [82151620, 0.7705156821538094], [82152827, 0.7549879682273691], [82232990, 0.7480980112392204], [82233007, 0.7466485785674529], [83414360, 0.753362391936697], [83481431, 0.7464970308090898], [84812754, 0.7671181012977427], [85702789, 0.773305682888343], [85703434, 0.7652482939749211], [86096109, 0.749859221870047], [86635178, 0.7692477710415953], [86663393, 0.7630824987751396], [86668208, 0.742444663749935], [87443833, 0.7531019740291514], [87817548, 0.7735048104493614], [87861537, 0.73434270411148], [88285984, 0.7520073981979307], [88299127, 0.7432858251131057], [88547862, 0.7526398313651657], [89110015, 0.751558880711648], [89110278, 0.7408546649307278], [89110297, 0.7351485483123239], [89110312, 0.7333925499985202], [89770235, 0.7772031654369335], [90138918, 0.7550855974103408], [90237439, 0.755782702066816], [90237920, 0.743550960187662], [91037007, 0.7829052693710289], [91184808, 0.7655409248932971], [91505709, 0.7684448880556437], [92154422, 0.791188899880834], [92154931, 0.7645319774918627], [92154932, 0.7297063264853784], [92527195, 0.7545087952717217], [92851848, 0.7718067673732809], [92863445, 0.7299492305663183], [93856180, 0.7596943600398847], [94004397, 0.764120813296333], [94057790, 0.7587481299815951], [94334035, 0.7470832856817344], [94797502, 0.7872298703911756], [94917219, 0.7653763905127255], [94939808, 0.7678791321890663], [94957575, 0.7522773481127507], [95134158, 0.7584230124434692], [95338253, 0.7622179595483681], [95342800, 0.7448228580100059], [95366109, 0.7313742451879014], [95558550, 0.7623960271300383], [95583097, 0.7467955516809056], [96279614, 0.8128026516340886], [96307895, 0.7820094110446116], [96398982, 0.7754451120447575], [96431687, 0.7358103319876301], [96924236, 0.7848324737452376], [96950883, 0.7468242050316742], [97018978, 0.7619892408463214], [97089445, 0.7763051889476328], [97342596, 0.759789499468604], [97348491, 0.7413409468343999], [97359808, 0.7385715226918116], [97365925, 0.7141042449412239], [97412574, 0.7219985129904519], [97412575, 0.7213923879653265], [97741912, 0.8228074936150909], [97742271, 0.8050679109812818], [97821404, 0.8205926987629211], [97821725, 0.7821998454611532], [97843616, 0.7647195435885425], [97848809, 0.7563731786033335], [97850128, 0.7206366883976567], [97903615, 0.7312913244284502], [98127212, 0.779636140012316], [98127267, 0.774277314131583], [98296598, 0.7629230462941293], [98296891, 0.7591781970934274], [98351340, 0.7675084314421067], [98351533, 0.7479139112318027], [98351818, 0.7423846115362619], [98420855, 0.733976019720948], [98566232, 0.7780486090834446], [98596893, 0.7896823205492575], [98647770, 0.7620458220010656], [98647801, 0.7422125243642914], [98686376, 0.761762747096535], [98701697, 0.7120631030850257], [98815922, 0.7115446254546538], [98865669, 0.7297942561212163], [98992414, 0.7516940561361631], [98998957, 0.7462496554938512], [99130964, 0.7741356690640457], [99155473, 0.7347683493523338], [99186282, 0.7521565915039384], [99237161, 0.7308451945588634], [99246644, 0.7388034954449304], [99349667, 0.7452024469482976], [99376210, 0.7517797241732611], [99388875, 0.7644576307040684], [99389062, 0.7610265486410935], [99389427, 0.7550909038993027], [99414346, 0.7777213806687482], [99438487, 0.778782752884073], [99488940, 0.8018459262138872], [99493053, 0.7957890049962941], [99504104, 0.7653806692212697], [99504197, 0.7391281771926317], [99504264, 0.7196246949844327], [99504979, 0.7138904443336446], [99516738, 0.7278598157417926], [99571159, 0.7454244939706361], [99614550, 0.8023025278698488], [99614551, 0.7870074013785637], [99614558, 0.73021186898364], [99618417, 0.724538788978587], [99742252, 0.7146870135323528], [99798339, 0.7565227885849067], [99798876, 0.7551697112024612], [99798877, 0.7523246030265254], [99798936, 0.7328162347959211], [99806665, 0.757292699639696], [99826606, 0.8196645190431224], [99830123, 0.7452997082223745], [99831340, 0.7116149227665451], [99849743, 0.7307853639765701], [99850746, 0.7210183189171331], [99855143, 0.7311788542976079], [99861788, 0.7654301277119144], [99883625, 0.8379655577222843], [99902482, 0.8199579548455759], [99902661, 0.7849237005717852], [99905406, 0.7817763971219233], [99909011, 0.7534152677927866], [99916634, 0.7277380765008151], [99923553, 0.7656227453631086], [99926148, 0.6720908299629954], [99926279, 0.6582865725692171], [99939860, 0.801073455810421], [99941539, 0.7603514045143547], [99942118, 0.7580245948493046], [99950565, 0.8334146546802343], [99951206, 0.7621432491950137], [99956883, 0.7998431434051791], [99956904, 0.7508485484401792], [99957603, 0.6846044264331748], [99962864, 0.7214162668724016], [99967523, 0.7598884464061337], [99970580, 0.7554441081208947], [99970873, 0.6733049465180042], [99976702, 0.7134397501736361], [99980581, 0.8247009513700962], [99981704, 0.7515573286853687], [99982009, 0.7014010399443046], [99982616, 0.7192141007169279], [99984055, 0.7596835232444785], [99985622, 0.81002913948792], [99985695, 0.8093127484868016], 