{"seed": 483722396, "N": 10000000, "alive_speed": 0.9511735702692602, "non_threatened_speed": 0.951536200679076, "survivors": [[3810, 0.951536200679076], [3821, 0.7681060699067443], [9430398, 0.7370269754054002], [9999899, 0.6637624933728131], [9999910, 0.4762257952110651], [9999997, 0.46110587061263064], [9999998, 0.20994120553758644], [9999999, 0.08245842571752393]], "still_alive": [[8112, 0.7408577284599455], [8201, 0.7364031116275219], [344324, 0.7499392217382104], [406449, 0.7536594004811628], [907042, 0.7497430879391094], [1017573, 0.7461630739928801], [1302984, 0.7455171319330326], [1726511, 0.7515521798369599], [1742248, 0.7451437181324558], [1809461, 0.7500486184999869], [1994936, 0.7512263804667237], [2388533, 0.7474448895514478], [3191192, 0.7611724974264713], [3595535, 0.7946958711176406], [3595552, 0.7927248413539664], [3657681, 0.7893223335625793], [3692122, 0.7833455889214243], [4033135, 0.7739668754932723], [4060150, 0.7768939879150994], [4067767, 0.7537662394050711], [4337356, 0.756426601729037], [4640133, 0.7370723738214513], [4641786, 0.7362510123284561], [4890379, 0.7239674351152038], [4906738, 0.722413702903728], [4913371, 0.7214448955478281], [5637708, 0.7650763952165665], [5862737, 0.7843280781373434], [5867880, 0.7452796176924548], [5985909, 0.7660370895058863], [6154012, 0.7924249385763981], [6177253, 0.7958453390643677], [6177372, 0.7368350864486343], [6471833, 0.7737577757106759], [6471932, 0.7682383780702272], [6474469, 0.740156384984518], [6575186, 0.7435835276934271], [6643341, 0.7447654657802733], [6777042, 0.7598175806037313], [6989221, 0.798884736076143], [6989236, 0.7932002120728596], [7152447, 0.810322768596567], [7290558, 0.7664339902086555], [7290813, 0.763279882509958], [7290814, 0.7426134289766066], [7610037, 0.78757531396266], [7610146, 0.7406333320079006], [7836165, 0.748441681958469], [7842860, 0.7505526706081862], [7842971, 0.7489581080809399], [7957930, 0.7793793024598984], [7966331, 0.7774404150172717], [7969056, 0.7634845689369737], [7969785, 0.7407495716168991], [8017248, 0.7448532857970507], [8017307, 0.7108936113071186], [8489450, 0.7963271758375675], [8502155, 0.7742910641691365], [8517840, 0.7544627575427652], [8650179, 0.7722317676324367], [8656888, 0.7427898650264835], [8657189, 0.7304768291249454], [8660776, 0.7201682572609984], [8663419, 0.7090919036706373], [8745360, 0.7494285725484707], [8760655, 0.7510453704564193], [8837912, 0.7762737470643262], [8850219, 0.7601367248369185], [9020502, 0.7951338045152356], [9063437, 0.8060771170560556], [9065680, 0.7737303295072209], [9106409, 0.7575172715142723], [9106640, 0.7317337758955176], [9106641, 0.7297414551410439], [9130240, 0.7400980576844858], [9158397, 0.7623669656103881], [9158454, 0.7589546655950191], [9159121, 0.7453787122750375], [9237454, 0.7742749660955316], [9264911, 0.7556118652939477], [9302948, 0.7542883054994697], [9304707, 0.7396721339797383], [9326474, 0.6932042653529294], [9395719, 0.7690276099640592], [9403850, 0.7738156638469622], [9413851, 0.7474716602483272], [9438847, 0.7036798175595174], [9501520, 0.7528838619722008], [9502711, 0.7432136922537386], [9578446, 0.7732077463291739], [9582299, 0.7363558570642204], [9615000, 0.7422766961151648], [9625235, 0.7037206871867342], [9625504, 0.6819758713181798], [9650867, 0.6967296263458641], [9664788, 0.677027264979272], [9679347, 0.7060458276085996], [9727196, 0.7508873281896743], [9729991, 0.7445668157630536], [9789626, 0.7282849080337191], [9815549, 0.7785121345585401], [9826812, 0.7565721798820052], [9836023, 0.7580192730256284], [9842270, 0.7136374267948425], [9872557, 0.8402248120934335], [9872584, 0.8296679370716791], [9872585, 0.7702174041794833], [9878988, 0.7719311855908514], [9879037, 0.7108615379164751], [9879262, 0.6984619478890213], [9886005, 0.7234515952477873], [9886116, 0.6901558935896881], [9898177, 0.7401147372463711], [9903496, 0.7457028048304839], [9906889, 0.7344931527338776], [9912066, 0.656436890640492], [9930089, 0.755727102566877], [9933372, 0.6776637512043554], [9938323, 0.6550604787914119], [9939520, 0.6662885185991567], [9940223, 0.6412654067405663], [9948730, 0.5915144987477532], [9962751, 0.7211246486054292], [9963872, 0.7036287178806553], [9966307, 0.7135647790374925], [9966952, 0.7012545819305701], [9968739, 0.726850241880827], [9972190, 0.7693250732843445], [9974131, 0.769855393205632], [9978316, 0.798581873877404], [9980259, 0.8525797315852974], [9981456, 0.8937820501935982], [9981581, 0.7324192688141621], [9982986, 0.7836555706892437], [9985339, 0.90116566733165], [9985340, 0.7975851270482399], [9987385, 0.734374583702316], [9991846, 0.8824314575031443], [9991847, 0.8135416780018764], [9991920, 0.771696170075672], [9991995, 0.7769596515973431], [9992524, 0.7607075701096501], [9992927, 0.6808323761977011], [9994298, 0.8313470697711943], [9994309, 0.6713285956930325], [9994332, 0.6521946242220192], [9995629, 0.8055742033808012], [9995756, 0.7640747288009555], [9995945, 0.6468306863854593], [9997130, 0.893119342037506], [9997327, 0.685705619938893], [9997622, 0.7343319197709948], [9998283, 0.8692973987870115], [9998468, 0.9349362873338892], [9998503, 0.9053582114120957], [9998616, 0.7910228431378343], [9998641, 0.622695350020034], [9998936, 0.651791197071008], [9999117, 0.7840324434032476], [9999206, 0.6972954772503489], [9999309, 0.6771268140382586], [9999682, 0.9451337092157738], [9999683, 0.9424411959551079], [9999712, 0.7376844972826441], [9999795, 0.8596617710884692], [9999796, 0.7870525463510202], [9999817, 0.8333714386977469], [9999870, 0.8131172030222859], [9999895, 0.8790954710949186], [9999896, 0.8252039719849095], [9999913, 0.4357655688369386], [9999970, 0.5209034209531007], [9999973, 0.5447552634562628], [9999976, 0.5611965437251426], [9999995, 0.6704664023999134], [9999996, 0.4919159890174505]]}