{"seed": 483722158, "N": 10000000, "alive_speed": 0.8251417793214695, "non_threatened_speed": 0.8251420268640528, "survivors": [[2, 0.8251420268640528], [665089, 0.7686847496659964], [2221908, 0.766205036419149], [9131727, 0.7550919261928051], [9214840, 0.7360779698667975], [9399797, 0.7359627758669857], [9446372, 0.7338054665922178], [9974005, 0.7294819253690706], [9999956, 0.662701820542727], [9999999, 0.16112706953121325]], "still_alive": [[356749, 0.7604262850038533], [535864, 0.7733866381783796], [696906, 0.7314477871644249], [1504203, 0.7687874729613846], [1514178, 0.7553170617158682], [1787945, 0.7718527716121644], [1822762, 0.7488767442694895], [2202901, 0.7720073080440477], [2552373, 0.7639710050607922], [2556134, 0.7506605044321389], [2678111, 0.7614293913283577], [2929052, 0.7788158669337862], [3121489, 0.7637642541170108], [3262808, 0.746926668410252], [3750177, 0.758135002556102], [3752524, 0.7513002109441403], [3967089, 0.7533904713881986], [4284118, 0.792970978407204], [4461775, 0.7640159039598611], [4572318, 0.7773127650546311], [4578705, 0.775623472540349], [4648256, 0.7575012444272055], [4953757, 0.7857381156383376], [4974152, 0.7796004760287081], [4975099, 0.7697548626049439], [4976004, 0.7664414720254208], [5011085, 0.7675954506696615], [5297966, 0.7701870179631488], [5436561, 0.751504789694115], [5792952, 0.7587144365084976], [6006747, 0.7695109071274296], [6261054, 0.7755386582967468], [6294743, 0.7516255211799029], [6306128, 0.7335768148641181], [6562037, 0.7501272458586989], [7066750, 0.7757718432104045], [7261519, 0.7297211155082088], [7391260, 0.7369609406441806], [7432667, 0.7469999710025589], [7432882, 0.728006715054174], [7574161, 0.7520686365237106], [7581214, 0.7368889773157018], [7658449, 0.7499857711247451], [7700914, 0.7405138332249226], [7867841, 0.7610739721071768], [8011894, 0.7569535657042064], [8224971, 0.7709683230325419], [8228386, 0.762231211452411], [8284389, 0.7705511632574831], [8421424, 0.8128124154195459], [8453851, 0.7948807889774018], [8480646, 0.7517012604987069], [8542919, 0.7793613392209903], [8615284, 0.7634168606947027], [8671183, 0.7712278342370239], [8675058, 0.720593251601448], [8728565, 0.7402556895890705], [8762316, 0.7043898502353052], [9050047, 0.7846835335602226], [9102614, 0.7940979519541773], [9215125, 0.7273752682789674], [9264138, 0.7735238544795772], [9264195, 0.7444880579671919], [9352798, 0.7644780318587511], [9460379, 0.7360735651727038], [9496730, 0.7302954614366988], [9559113, 0.760400876563646], [9587036, 0.755747946763048], [9648995, 0.776729312510507], [9667666, 0.7795575565734315], [9672545, 0.7141679332520071], [9761552, 0.7658926462915535], [9786023, 0.7759880045391989], [9786024, 0.759349184162083], [9829425, 0.8342380042123144], [9829428, 0.8333407211080348], [9854537, 0.7346997537171462], [9880756, 0.772928646188399], [9884913, 0.7223076378463873], [9890384, 0.6986202960900024], [9898065, 0.7347778059979828], [9905472, 0.7877692740567632], [9918315, 0.8498178305341911], [9918400, 0.7012116960029955], [9920885, 0.6801716113845296], [9922182, 0.6679518777098077], [9927105, 0.6803648450718532], [9941040, 0.716577703566795], [9942993, 0.7121520720012874], [9949734, 0.750566535119367], [9960527, 0.7768284473051676], [9960762, 0.7137377960275159], [9962303, 0.6526080007300944], [9970520, 0.8121103268377388], [9971329, 0.8103650000975954], [9971342, 0.8070830179715336], [9972299, 0.8034269088051914], [9973802, 0.7698607371303435], [9974044, 0.6608088193832086], [9975795, 0.621552511403547], [9983740, 0.7010305793074745], [9987823, 0.7985480786262509], [9987974, 0.726840198596769], [9988123, 0.6968159301058938], [9988244, 0.7020194077499972], [9990665, 0.7737664161724477], [9991402, 0.7437768058888791], [9992873, 0.6940554402410759], [9995114, 0.9613542981313816], [9995141, 0.8915284076334954], [9995164, 0.7658295796934842], [9996829, 0.9227478484903721], [9996834, 0.9231751396412382], [9996889, 0.8067845576399895], [9997586, 0.7946282431231431], [9997789, 0.8555611291291774], [9997858, 0.8669204763801045], [9997859, 0.635952184694539], [9998336, 0.7524000869914212], [9998337, 0.6430302437204618], [9998858, 0.8135676172984815], [9999085, 0.7234969098533978], [9999264, 0.7723630119864786], [9999265, 0.7098623335611862], [9999328, 0.7578327914051795], [9999331, 0.7362414022133491], [9999556, 0.8532731924131858], [9999615, 0.9233381353166622], [9999640, 0.7523320849416654], [9999645, 0.7009357851718102], [9999664, 0.64337292656771], [9999753, 0.768687587426059], [9999756, 0.7195129164319538], [9999765, 0.5497318659297308], [9999842, 0.7975674852424524], [9999861, 0.6212850230170384], [9999926, 0.7714115506392643], [9999927, 0.5754298698998911], [9999938, 0.6470208646065787], [9999955, 0.6632041082022118], [9999961, 0.5278972685716289], [9999974, 0.6900515008298023], [9999983, 0.622375901610975], [9999986, 0.7340356944511022], [9999995, 0.7735073192127851], [9999996, 0.8344119065888601], [9999997, 0.4351109135169998], [9999998, 0.6028380446384576]]}