{"seed": 177791870, "N": 10000000, "alive_speed": 0.9911479389103146, "non_threatened_speed": 0.9911747997447016, "survivors": [[270, 0.9911747997447016], [289, 0.903578431890165], [350, 0.7816655191877646], [9192643, 0.75970974972733], [9382682, 0.7594336962201614], [9999303, 0.5471392237727624], [9999304, 0.5123240972210352], [9999943, 0.483324860061643]], "still_alive": [[115389, 0.7495255314670423], [161138, 0.7527249246923806], [706037, 0.7635426302303453], [710548, 0.7583944231767725], [731161, 0.755734112532006], [974202, 0.7692639168321427], [1466493, 0.7833889403982787], [1522864, 0.7641398484114612], [1811925, 0.7721812635705129], [2160952, 0.7903484900827183], [2645005, 0.7381950789222289], [2868948, 0.7291353139928716], [3044103, 0.7195394924599976], [3656978, 0.7470265961422019], [3669253, 0.7422655237783913], [3789944, 0.7564255780521786], [3874397, 0.7439695434802959], [4470262, 0.7670500007156537], [4477029, 0.7628998607316341], [4477060, 0.7216304242045549], [4690497, 0.7316454403927879], [4813664, 0.7341108571782315], [4840643, 0.733481470484151], [5302272, 0.7618473584222986], [5587097, 0.7548127161819804], [5759478, 0.7659065704690732], [5878837, 0.7815832718952131], [5934506, 0.7353105950045002], [6008275, 0.7224915217625277], [6299416, 0.7548041900616727], [6528655, 0.790652225112709], [6538360, 0.7612587141099447], [6607993, 0.7363062545712882], [6778772, 0.7461643900780839], [7326287, 0.7559158086165836], [7326822, 0.7277843893743681], [7538021, 0.7523489325152403], [7557272, 0.7542738706011257], [7583399, 0.741513781355329], [7708320, 0.7570879223180323], [7759407, 0.7656253647649036], [7846124, 0.781194580191491], [7975023, 0.7864493652507928], [8021216, 0.7713819281110376], [8174057, 0.7733359879194988], [8186002, 0.7112129470440831], [8279937, 0.7477831851759317], [8318862, 0.7597107890502275], [8319035, 0.7552728398565098], [8390706, 0.7685607016217004], [8436917, 0.7878487875693383], [8519992, 0.801243923596813], [8519993, 0.7607715380367613], [8527538, 0.7574518693245295], [8597847, 0.778616904146082], [8597934, 0.7731034570142975], [8598815, 0.7637838775922694], [8636444, 0.7375271365763073], [8809201, 0.7644744311854605], [8809202, 0.723889152121466], [8839815, 0.7341217276853207], [8977898, 0.7967022485411548], [9167995, 0.7832295423498618], [9192628, 0.7644027914152721], [9194194, 0.7281124819760841], [9306915, 0.807022467328755], [9307756, 0.7615812343571885], [9350885, 0.7770993991812992], [9385113, 0.7554645445959766], [9416808, 0.7273214124732402], [9417091, 0.7225045107053713], [9504468, 0.8155744681161318], [9505105, 0.7560864271460664], [9505120, 0.7383383343090045], [9555635, 0.7702898629852243], [9558450, 0.7723637203405663], [9558505, 0.7422376027483598], [9605622, 0.7932356374176885], [9606047, 0.7691694186342727], [9607790, 0.7494872303447149], [9619449, 0.6850198828431365], [9676972, 0.7313793850824292], [9771549, 0.7395853807192747], [9805734, 0.8016939886755725], [9811761, 0.7853181010715744], [9811762, 0.7410554468971612], [9818551, 0.7015277086455588], [9819640, 0.6714565421028454], [9840515, 0.7316303423600478], [9852578, 0.7615635026389569], [9859739, 0.7322050337084527], [9888920, 0.7756744102870065], [9909505, 0.7854189128296705], [9913532, 0.6815029345904506], [9913607, 0.6818774911717768], [9920566, 0.7081956764992504], [9925063, 0.7172086154591147], [9926692, 0.6982310033133847], [9929233, 0.6886493590224175], [9935688, 0.7388043001715621], [9935691, 0.7263769674768965], [9940288, 0.6902801506750867], [9950825, 0.763027975832881], [9955844, 0.7812082760303464], [9957005, 0.7942196090142216], [9959588, 0.8251153724515068], [9959749, 0.7196002593389447], [9970030, 0.8437010700440479], [9970223, 0.8144331372022932], [9973886, 0.8337960910598924], [9979157, 0.8261557057921589], [9979376, 0.7497793509796722], [9982439, 0.8728646701278495], [9986468, 0.8050686475021873], [9986767, 0.6702017644558271], [9986858, 0.6228811921586538], [9989279, 0.733885084976832], [9990790, 0.8317937069549353], [9990805, 0.8176847044992116], [9991586, 0.7657230791630197], [9992001, 0.7988236297698427], [9992066, 0.7033928992122359], [9992109, 0.6990298331343231], [9993870, 0.7627414675740901], [9995547, 0.6898491047429145], [9996334, 0.8045001965422102], [9996635, 0.6944505387152302], [9997218, 0.8287861736481746], [9997315, 0.7799852629454468], [9997318, 0.7555021967738683], [9997319, 0.6646895195898321], [9998254, 0.8345219489167913], [9998281, 0.8364009629540475], [9998324, 0.7763402345705217], [9998595, 0.6978805572553376], [9998962, 0.8360743283058536], [9999181, 0.6351864350963711], [9999302, 0.7092786936308368], [9999305, 0.4972902961261192], [9999450, 0.490899040620977], [9999605, 0.5992417465269372], [9999680, 0.7268879875376039], [9999743, 0.8072552653368524], [9999748, 0.6453628688390126], [9999809, 0.759528039724517], [9999812, 0.6944295908932777], [9999825, 0.7031461061905081], [9999826, 0.6145569622511613], [9999835, 0.6414929026795858], [9999854, 0.7232341754111337], [9999855, 0.5248938652861759], [9999942, 0.9229693724226153], [9999970, 0.4837805203818284], [9999973, 0.4996347573198364], [9999980, 0.4475326244538438], [9999985, 0.22769878957494794], [9999994, 0.5105518932414984], [9999999, 0.9717782497092491]]}