{"seed": 483722172, "N": 10000000, "alive_speed": 0.9210820591553107, "non_threatened_speed": 0.9210827039131388, "survivors": [[6, 0.9210827039131388], [463, 0.9082583399657774], [22382, 0.7763360759964235], [23943, 0.7644983335122272], [161622, 0.7589718300321364], [201645, 0.7550705440847942], [9500618, 0.7256094416792869], [9999955, 0.6782817988848537], [9999992, 0.45793790598505735], [9999999, 0.4008588698171003]], "still_alive": [[201702, 0.7526097559976045], [789953, 0.7641850619592322], [965592, 0.7719478362799503], [1091557, 0.7572849421141717], [1094002, 0.7564573038095035], [1254829, 0.755998320401027], [1268528, 0.753019735538536], [1495943, 0.7601561786711276], [1757294, 0.7441378767560037], [1780121, 0.7389019831245107], [1799302, 0.7312853623934406], [2172827, 0.752991865546847], [2194586, 0.7527219434203892], [2578779, 0.7911816523026229], [2583842, 0.7597170454972524], [2856159, 0.7636997007467494], [3042232, 0.752996842482426], [3295299, 0.7620730538350353], [3964714, 0.7763961908921737], [3991429, 0.7626005850390887], [3992262, 0.7455082681969278], [4196281, 0.7446405658469306], [4478472, 0.7618322211770506], [5075119, 0.8061927261525704], [5075394, 0.7283079443281348], [5303755, 0.7598566314759874], [5392078, 0.7427314258708274], [5392097, 0.725051587628115], [5764216, 0.7720234068995434], [5866041, 0.764105809130028], [6279398, 0.7863584153913945], [6343813, 0.7588284700599512], [6344506, 0.7504284973719294], [6344521, 0.7306683336686245], [6496948, 0.7526150652137319], [6650409, 0.7335748478678279], [6855602, 0.7663650929989118], [6997151, 0.7837343758616828], [7005624, 0.7441149885181841], [7012659, 0.7150754122173357], [7258208, 0.7641980506510134], [7262133, 0.756136691986171], [7437468, 0.7518713682321047], [7468947, 0.7475766645605548], [7593942, 0.7454112228902539], [7679429, 0.735422688172921], [7679436, 0.733303800817714], [7680907, 0.7168187357221912], [7925322, 0.7932024567449597], [8002241, 0.7534596376824704], [8145918, 0.7549477811647313], [8186467, 0.7300091588773412], [8186488, 0.7226596630214205], [8362437, 0.7854491675837691], [8362752, 0.7686904288985541], [8378901, 0.7490644907363033], [8423758, 0.7516955878475649], [8426211, 0.742595419525123], [8512352, 0.717758767507437], [8550935, 0.7362510397540687], [8687840, 0.8112432191828596], [8711971, 0.7841403021235778], [8712290, 0.7792083327609626], [8746253, 0.7753108944760071], [8752402, 0.7458137031219423], [8868377, 0.7739394676710494], [8869530, 0.7702504963366392], [8907851, 0.772935169439087], [8918348, 0.7231492995444232], [8924215, 0.7068745650392433], [9067142, 0.7633958674615716], [9067143, 0.740852040288238], [9067166, 0.7374695109151111], [9141483, 0.7136370865460561], [9141654, 0.7005304597450098], [9204159, 0.7342795813460009], [9252666, 0.763636302693485], [9319601, 0.7741083704975656], [9323018, 0.7534160147759862], [9323027, 0.7383865039124412], [9331974, 0.7390521246468669], [9429487, 0.7962318052052564], [9465052, 0.8157247421004469], [9498139, 0.7707250592598986], [9502359, 0.722240078436161], [9532334, 0.730678579800858], [9532435, 0.7203182120916294], [9553570, 0.721271931588021], [9616399, 0.7377944305475197], [9653296, 0.7263950420663053], [9702077, 0.7800159210359402], [9702104, 0.7636639286233967], [9706171, 0.73364074818482], [9753732, 0.71858792875975], [9789281, 0.7853041591561684], [9804376, 0.8048475433320906], [9804889, 0.8057833817024322], [9807386, 0.7945181938038068], [9807561, 0.7775356864054009], [9807688, 0.7580513847436319], [9839317, 0.8013437942778275], [9846976, 0.7099051812016431], [9848529, 0.7142958945466799], [9848772, 0.6749140414601635], [9875267, 0.8100552995515736], [9879282, 0.7749876386955157], [9882979, 0.7259423146842946], [9893050, 0.750300195773738], [9905623, 0.7838365873766246], [9905744, 0.7760251395911666], [9916937, 0.8253086472319447], [9917490, 0.8195906981811799], [9917495, 0.772866595809606], [9917786, 0.7064182710946275], [9943621, 0.7535370869071103], [9950510, 0.8488815089658758], [9951291, 0.8061080938147657], [9952542, 0.6990292113013725], [9960757, 0.8158950369199214], [9961202, 0.7708716030936311], [9962111, 0.7151056484849633], [9970420, 0.7026036109969094], [9975945, 0.6951867575140687], [9979648, 0.7820730767982991], [9979873, 0.7496188287136911], [9979886, 0.718751683837302], [9980151, 0.7093502350178246], [9985740, 0.8259939387579897], [9985745, 0.7601398593961668], [9989242, 0.8755185188673508], [9992843, 0.8234974061390992], [9992854, 0.809870309535049], [9992855, 0.8010454885117073], [9993060, 0.7998359975322833], [9993379, 0.6188968929344135], [9994442, 0.6442686021468234], [9995925, 0.7527477741908457], [9996016, 0.7270844557945821], [9996059, 0.6674444627986644], [9996522, 0.6438013122566635], [9997135, 0.7330354017940598], [9997404, 0.8065830387858718], [9997425, 0.7303153202740712], [9997818, 0.8022454821366694], [9997867, 0.5800533166910288], [9998362, 0.7043027122318933], [9998481, 0.624022631948755], [9998852, 0.6900696032123298], [9998957, 0.5822471943903772], [9999056, 0.6018384434867899], [9999495, 0.9391862397236507], [9999496, 0.9232327854996771], [9999499, 0.6501860917783892], [9999732, 0.9390228531474177], [9999913, 0.8519553166220861], [9999926, 0.890325007199546], [9999929, 0.8052029784735281], [9999938, 0.6909698408585241], [9999976, 0.7284813300778817], [9999989, 0.9485528928920649], [9999993, 0.39466694644454303], [9999998, 0.6016398042832466]]}