{"seed": 483722330, "N": 10000000, "alive_speed": 0.958056379393617, "non_threatened_speed": 0.958056379393617, "survivors": [[6935408, 0.7561006911227934], [7192151, 0.7416315617921269], [9995916, 0.7262858427949098], [9998655, 0.7197248594332822], [9999178, 0.7162466997165876], [9999443, 0.6481094752481511], [9999900, 0.50453324649596], [9999915, 0.4965701056361974], [9999918, 0.4351802492938208], [9999997, 0.31020689779588095]], "still_alive": [[91098, 0.7897936120775602], [92039, 0.7898187553741108], [145022, 0.7581112658632804], [755547, 0.7585795165485144], [926610, 0.7277736129798327], [1840591, 0.732532529648888], [1849810, 0.7153654149425891], [2492403, 0.7692028870310306], [2612510, 0.7515004031804084], [2682431, 0.7441320164078242], [2716712, 0.7451668496638799], [2866069, 0.7494972784119865], [2870822, 0.7367292259591997], [3281365, 0.751908276157918], [3711948, 0.7514870409187027], [3869493, 0.7617171034373963], [3877742, 0.7508333073143678], [3920573, 0.737443625642923], [4270902, 0.7618058867714599], [4270949, 0.7602278202000537], [4424594, 0.7463939201816774], [4425479, 0.7418956444680737], [4618354, 0.7475361625954601], [4627907, 0.7024173192252587], [5285350, 0.786373800936151], [5416773, 0.7493194563745017], [5709212, 0.7552922950373241], [6164217, 0.80806103352633], [6168010, 0.7986193828349919], [6168469, 0.7869723754338254], [6208230, 0.7405248029133416], [6208571, 0.7139011023929954], [6733620, 0.7802156023089277], [6771361, 0.7715046322859084], [6941131, 0.7541855843887852], [7029962, 0.7568780425250303], [7029993, 0.7558233293292634], [7181378, 0.777456795538553], [7193474, 0.7095856430826245], [7274955, 0.7182050872733172], [7275474, 0.6952611727286336], [7281019, 0.675264288902437], [7413138, 0.7091151739061073], [7744325, 0.7557004749451581], [7751774, 0.7119737926510913], [7752563, 0.6992911797954132], [7885638, 0.7320890895387643], [7890797, 0.7250820009218277], [8193712, 0.7705159150256963], [8495237, 0.7666128493793745], [8532982, 0.7260886863689021], [8535883, 0.6968910499219333], [8585212, 0.7128643969160465], [8616731, 0.7244608429572555], [8759508, 0.7190732121052149], [8759583, 0.7137885149778004], [8759584, 0.7068972841361119], [8884317, 0.7691063488791124], [8937606, 0.712201636127286], [8955589, 0.7065939997341387], [9056094, 0.7633212525951538], [9208827, 0.7744427350629397], [9212522, 0.744087020883425], [9213287, 0.7320812429498598], [9245842, 0.7537005137996304], [9341947, 0.7569940458015312], [9403450, 0.7600220926478714], [9466339, 0.7799284071137874], [9466340, 0.7098105926828012], [9466443, 0.7088961495330609], [9516122, 0.7739028772690837], [9527465, 0.7490895079106433], [9534606, 0.7458874867012161], [9534845, 0.7429481140283409], [9628830, 0.7314223978210863], [9661481, 0.767984959147319], [9678136, 0.7330547389321218], [9699567, 0.7541324020517359], [9723596, 0.8116361219148047], [9741445, 0.7730574213964122], [9754076, 0.8041511144853234], [9760117, 0.7649143148799984], [9761006, 0.7242116301334263], [9768253, 0.6858253109271455], [9768336, 0.6654570916991808], [9812015, 0.8060860464246532], [9816980, 0.7690703816890462], [9816985, 0.7560934642616551], [9820634, 0.7300173998366462], [9824113, 0.7204450413176486], [9825442, 0.7121179317851595], [9861179, 0.7647283155369242], [9861768, 0.7594128517924946], [9861773, 0.7481551059659224], [9864734, 0.7304766467124464], [9873279, 0.7471048757336937], [9889086, 0.8010851762277201], [9897863, 0.7852334543758943], [9898752, 0.7763278896571507], [9898757, 0.7334333869791619], [9899980, 0.726388738874911], [9906091, 0.7580453093787097], [9907328, 0.7118032174202891], [9926195, 0.7331540294992824], [9940310, 0.8457091787285965], [9940311, 0.8180065731886798], [9940586, 0.7790883283903753], [9942747, 0.7896737740849752], [9943570, 0.7718221486392063], [9944013, 0.7521757948766525], [9945358, 0.7571626209192596], [9955283, 0.6352858010619665], [9969268, 0.818890914654374], [9969555, 0.7418474044813284], [9978320, 0.878223201018889], [9978427, 0.8767506291627476], [9981180, 0.8401450643759173], [9982299, 0.7376875185007128], [9984646, 0.7575174448395207], [9987623, 0.8112682719896824], [9990532, 0.6248376681240573], [9993017, 0.8171048363539959], [9993200, 0.8014146090291866], [9993283, 0.7700167977666361], [9993348, 0.7706176451793953], [9994299, 0.6817069099835792], [9995422, 0.7538923758926466], [9995425, 0.7505248908148133], [9996337, 0.780353383425576], [9996736, 0.8614251150472068], [9996799, 0.7608154765104748], [9997288, 0.7011055365473051], [9998155, 0.8448826761146565], [9998272, 0.8416327414192134], [9998293, 0.8381878230113426], [9998428, 0.881216820508077], [9998509, 0.6975816990164477], [9998534, 0.7014326074696576], [9998666, 0.6427255379672299], [9999083, 0.7307575692490718], [9999919, 0.3130046226189085], [9999982, 0.46433187777749596]]}