{"seed": 483722166, "N": 10000000, "alive_speed": 0.9227836200599187, "non_threatened_speed": 0.9227940476316142, "survivors": [[112, 0.9227940476316142], [245, 0.8538382915686697], [25006, 0.7840494268613838], [308715, 0.7779940825858592], [6330958, 0.7507793743142716], [9553309, 0.7428529660981517], [9914412, 0.7251922614585776], [9917797, 0.7196353677225735], [9990932, 0.6912123339295194], [9999923, 0.6809341617034592], [9999988, 0.06660132976465272], [9999999, 0.050376890723065726]], "still_alive": [[406442, 0.7721261833182858], [409933, 0.756079365744807], [1109238, 0.7781212219364987], [1286565, 0.7525996990560061], [1286578, 0.7504705741013934], [2076875, 0.7953562266797949], [2084502, 0.7639690144265949], [2700545, 0.7636754672051785], [3122350, 0.7772638386233409], [3430149, 0.8009845843217283], [3600778, 0.8194905754521812], [3600779, 0.7300880404955243], [4072832, 0.7654078387669974], [4097191, 0.7342770309850201], [4151622, 0.7401584957185948], [4362027, 0.7603171689911268], [4442260, 0.7673709582361403], [5037137, 0.759152941683032], [5222814, 0.7737018408778735], [5366611, 0.7953773993416001], [5391674, 0.7410955844310886], [5444199, 0.7352686647788628], [5681956, 0.7741359874577233], [5692623, 0.7633961605560864], [5702336, 0.7342030365986227], [6009939, 0.7816360855581946], [6321578, 0.8025327527005227], [6330017, 0.7983762065684484], [6331149, 0.7503221951514087], [6360014, 0.6997076747902589], [6804027, 0.7365742923464997], [6838272, 0.7329749174472047], [7274097, 0.8053603011426476], [7278104, 0.7839087529149007], [7278125, 0.7607283929243428], [7302880, 0.7318106124495645], [7354529, 0.7373018994621143], [7538154, 0.7796563368533203], [7548397, 0.7312575443693287], [7548398, 0.7211630801552538], [7625633, 0.7377090020527312], [7708602, 0.7194182461965706], [8043873, 0.7466546111316998], [8252570, 0.8084584757095024], [8252627, 0.7772412582867442], [8258596, 0.7510896263090651], [8284283, 0.7594433633175526], [8360400, 0.7375261449742918], [8489019, 0.7320103137012519], [8603884, 0.7654288443239219], [8607763, 0.7246429787306269], [8725566, 0.7482849515433487], [8966039, 0.7934118265728731], [8966746, 0.791874999737882], [8971835, 0.7887828934914954], [9034376, 0.7285910247732685], [9074613, 0.7121533791358867], [9152118, 0.7552883145991023], [9200511, 0.7754853256166001], [9241288, 0.7970916352970867], [9268595, 0.7696245830611614], [9310848, 0.7805868743794866], [9322253, 0.7628513222053349], [9364392, 0.8031394287121589], [9376815, 0.768170618506657], [9407212, 0.7900218481953126], [9416811, 0.7744182024886431], [9427754, 0.7552956143175222], [9457967, 0.7488147535750211], [9457968, 0.7204138620763942], [9484001, 0.7467941815259683], [9551564, 0.7501289014954052], [9612214, 0.7398383434246804], [9622769, 0.7375348423916356], [9664730, 0.7466463191212432], [9673217, 0.7444772804637392], [9707338, 0.8300566187141162], [9712825, 0.7988169599655007], [9742554, 0.7807122089544007], [9754595, 0.7524710604054508], [9770328, 0.8021496643802045], [9784823, 0.755572616768891], [9825092, 0.8555024198026673], [9839325, 0.7600256236128807], [9847710, 0.7277920972064172], [9861431, 0.7281782507486587], [9877560, 0.7484457725429653], [9887159, 0.7422940600974993], [9887394, 0.6860121819447615], [9898021, 0.7569317790519162], [9911164, 0.7987008459816562], [9911183, 0.7623772477498174], [9935306, 0.7228767136040927], [9935643, 0.7049088637650075], [9940318, 0.7266092985045304], [9946503, 0.7464109685012014], [9956050, 0.7521823540773314], [9961037, 0.8338945164347462], [9961052, 0.7603837341748247], [9963077, 0.7720277974524352], [9963134, 0.7629730939194018], [9963257, 0.7557422037013104], [9966004, 0.7144049668191417], [9971481, 0.8264124570913326], [9971502, 0.7345956645784073], [9974817, 0.8023913458217958], [9978736, 0.6855594571373499], [9982031, 0.7778573751628405], [9982454, 0.7271213909225519], [9984733, 0.8308711213492099], [9984762, 0.831224257972674], [9984763, 0.7972350558361092], [9984790, 0.670206289507344], [9986265, 0.686211325612303], [9987306, 0.7194044466149384], [9989883, 0.7444593190896595], [9989984, 0.6905081422987936], [9990929, 0.7131028153337432], [9990955, 0.6665391472850387], [9993380, 0.8808291156580982], [9993489, 0.6296210948559691], [9995608, 0.7677470190260742], [9995747, 0.6248405161953624], [9996560, 0.7333021499148291], [9997113, 0.7107535236209667], [9997120, 0.6512274229113968], [9998053, 0.9389968697841052], [9998080, 0.7693545729296032], [9998101, 0.6554918214288151], [9998362, 0.7481339755665689], [9998507, 0.7921815012909977], [9998698, 0.8785510276493969], [9998779, 0.7014402877984715], [9998854, 0.6525697946416293], [9999297, 0.7102423826369878], [9999320, 0.7059724317845671], [9999461, 0.8465571902893808], [9999532, 0.6553665465492741], [9999585, 0.7065862728460051], [9999818, 0.9681552120294746], [9999847, 0.9140491410838568], [9999918, 0.8328763146314252], [9999980, 0.7238415545810569], [9999987, 0.7790585706096116]]}