{"seed": 483722265, "N": 10000000, "alive_speed": 0.9543603964681349, "non_threatened_speed": 0.9543711808614003, "survivors": [[112, 0.9543711808614003], [215, 0.8399143012493071], [7666156, 0.7578312885863997], [7667287, 0.746890265683802], [7960142, 0.7467328667593677], [8952629, 0.743770857165818], [9998830, 0.7297438073054798], [9999991, 0.5596513612011559], [9999996, 0.36744966999615647], [9999997, 0.32163065083608977]], "still_alive": [[74834, 0.7576718433514136], [76653, 0.7508921442305655], [380202, 0.7420104524788245], [687059, 0.759905849395446], [734040, 0.7429448664391451], [907441, 0.7398501891334381], [1344364, 0.7588863542103399], [1550049, 0.7509934949325883], [1570978, 0.7326020142359266], [2314609, 0.7742480830982011], [2378124, 0.7554401572053024], [2379283, 0.752059249541409], [2852518, 0.7752026928745888], [3091305, 0.7512967142788982], [3767462, 0.7433384333093279], [3769571, 0.7211562434059904], [4483746, 0.7919101791608995], [4488359, 0.7609667717563159], [4607700, 0.7396696800984893], [4638885, 0.7399713468084945], [4681116, 0.7435202083313853], [4854757, 0.7622923248023636], [5029158, 0.7721015755193303], [5180507, 0.7796830260575116], [5181302, 0.7405793083935587], [5188099, 0.7267842366872637], [5474802, 0.7551787963777966], [5501467, 0.7525180613585045], [5619196, 0.7601780660042853], [5632887, 0.759910926785669], [5843418, 0.7701531999885085], [6008039, 0.7652221049940915], [6071288, 0.7745107259721656], [6197189, 0.7783360608943519], [6199378, 0.766278155234079], [6207731, 0.7468751162899508], [6261810, 0.7573842006220601], [6372555, 0.7622985560396084], [6454786, 0.733301222568908], [6734771, 0.7642933586570981], [6895526, 0.743351202929116], [6908523, 0.7418608169982814], [7062338, 0.7660340425978772], [7062477, 0.7650138295690302], [7070808, 0.7371674139005997], [7192023, 0.7428178905847511], [7203742, 0.7340522056158487], [7203829, 0.732129400043752], [7532776, 0.7844180432727202], [7533695, 0.7783192658004241], [7697548, 0.7301027527413176], [7882813, 0.7466783776372006], [8021091, 0.735695743459502], [8063756, 0.7218889238777892], [8073811, 0.7237499413096066], [8077118, 0.7178911434539487], [8136057, 0.7109269763327805], [8225334, 0.7415722903160751], [8337073, 0.7486942892471401], [8379852, 0.7179510065953087], [8438017, 0.743545330500712], [8438058, 0.7314860215612987], [8569779, 0.7634847411615185], [8575580, 0.763389133086561], [8602723, 0.7672286961217815], [8602736, 0.7575206701110463], [8660515, 0.76626414358126], [8705036, 0.7801599041206436], [8705829, 0.7459912758708369], [8718208, 0.717685913867117], [8761931, 0.7370847150248261], [8817348, 0.7465228017686766], [8817357, 0.7433067951750538], [8884824, 0.7877735252072938], [8888539, 0.7771983328221148], [8888546, 0.7749379317829046], [8987524, 0.7378785315737145], [8987873, 0.7276940927780803], [9046882, 0.7003600679462032], [9132841, 0.7653379209919177], [9133864, 0.7574056457186168], [9181247, 0.7247432980238666], [9185690, 0.7088178306822294], [9331149, 0.7577436282528381], [9334380, 0.7441591908369191], [9417955, 0.7766854404603093], [9417974, 0.7605134795465299], [9425429, 0.7552693487104941], [9440680, 0.7174984826452135], [9511291, 0.8051447279522131], [9516880, 0.8001576087695639], [9562623, 0.7625318055547952], [9568746, 0.7572048976649597], [9579531, 0.7681587292324912], [9579532, 0.7499652748368099], [9585079, 0.7494389455061269], [9598198, 0.7564344767522015], [9610733, 0.76428552064426], [9615372, 0.7474587466713493], [9650119, 0.8147021148009621], [9650300, 0.7768183169363966], [9677619, 0.7728360738603367], [9677708, 0.70040442033765], [9705657, 0.7385416309051619], [9731132, 0.7940930911739935], [9731919, 0.7637742781708641], [9731936, 0.7525335750565914], [9731937, 0.7502308352229686], [9732280, 0.73862824916917], [9732339, 0.733525460611588], [9755198, 0.7975412707798942], [9755993, 0.7863672520619854], [9760490, 0.7237209647745688], [9782575, 0.775388778054601], [9796466, 0.7773185312227795], [9797271, 0.6912822585784822], [9820164, 0.7584516838942574], [9821107, 0.7583418694127694], [9844384, 0.7193178833199597], [9851183, 0.7395989352236987], [9851190, 0.7343926693645119], [9854595, 0.7124500941238732], [9871492, 0.7058780250727232], [9882445, 0.7677986930965626], [9896418, 0.8432839194736305], [9896421, 0.7063196349709087], [9918414, 0.7934287878154572], [9918469, 0.7807987589922569], [9918716, 0.727143358225187], [9924899, 0.7029167250212818], [9935140, 0.776350701905528], [9937991, 0.7686060457528203], [9939476, 0.7831801124078634], [9939505, 0.7332818916594156], [9939538, 0.7027905497357885], [9954689, 0.7420007094615859], [9966054, 0.8086698505181509], [9966215, 0.7567120658193084], [9966702, 0.6983672282950782], [9971665, 0.6837195323552481], [9974574, 0.7238702362705978], [9977351, 0.7726874826049672], [9977432, 0.7339761685694146], [9977495, 0.7046988452557761], [9981720, 0.8499986524963102], [9981721, 0.791514529145293], [9981876, 0.7670909543560024], [9981945, 0.7099461581583602], [9983912, 0.705706526415857], [9984743, 0.7424115161172635], [9987368, 0.8574327193318588], [9987785, 0.7163365319780179], [9988820, 0.7754335873688357], [9991237, 0.9667183238956139], [9991242, 0.9115507411454142], [9991517, 0.780291235273199], [9992278, 0.7837373702687995], [9993003, 0.776098597348627], [9993020, 0.7506634109065823], [9996481, 0.7930864345384769], [9997520, 0.7710600922711566], [9998063, 0.7811537587405915], [9998246, 0.7744924025035529], [9998829, 0.7869611225132408], [9999029, 0.7312197795380821], [9999182, 0.8306864864452126], [9999207, 0.6452255485153057], [9999510, 0.6981696168737938], [9999575, 0.6298414906146365], [9999698, 0.8474727338297937], [9999707, 0.8079252234048822], [9999772, 0.6106751472319012], [9999839, 0.8617654789275054], [9999892, 0.6833556195086784], [9999893, 0.45147505959949663], [9999926, 0.5283136672264246], [9999987, 0.732916306318153], [9999990, 0.6833082353908112], [9999998, 0.15995712399407314], [9999999, 0.28464336928868117]]}