{"seed": 483722307, "N": 10000000, "alive_speed": 0.7558919112993756, "non_threatened_speed": 0.7558919112993756, "survivors": [[1744938, 0.7461630274288586], [9932813, 0.7147793703887788], [9999998, 0.6602504822759864], [9999999, 0.1935534110072511]], "still_alive": [[54166, 0.7557018126601546], [310549, 0.745953454312923], [966422, 0.7616293032807445], [1307859, 0.7562820503375339], [1934649, 0.734429188021121], [2203466, 0.7477427900731332], [2325187, 0.7504598997221528], [2572660, 0.7590592972124065], [3044657, 0.7455260007896529], [3055878, 0.7416857440015725], [3058141, 0.7373256801327667], [3550656, 0.7719642085358438], [3585255, 0.7475362932693694], [3954018, 0.7590989994319053], [3992379, 0.7285981305666467], [4060112, 0.7365486893217011], [4382899, 0.7635728506914158], [4383890, 0.7545925326517932], [4500645, 0.756539099872213], [4538846, 0.7490776757093837], [4656973, 0.749350382027163], [4656980, 0.7493215070800441], [4657003, 0.7464996043551958], [5239124, 0.7476751587010771], [5367443, 0.7527062785791216], [5388908, 0.7519874494157145], [5428069, 0.755850892047633], [5482460, 0.758138863598926], [5504707, 0.7616352521686429], [5542862, 0.7621553630174612], [5547109, 0.7570268258155965], [5553798, 0.7511109200458599], [5661431, 0.7641754108543902], [5661526, 0.7452340674215359], [5989389, 0.7711688860989248], [5989526, 0.7663618643658863], [5992019, 0.734803693906488], [6033336, 0.7312848093285599], [6341639, 0.7660134503097348], [6392030, 0.764659473738253], [6732371, 0.7713460210893571], [6732534, 0.7599948112622346], [6742599, 0.7481507870235442], [6890000, 0.7560706309530387], [7022145, 0.7774087089653823], [7110212, 0.7553125645642734], [7535051, 0.8044152623579078], [7535194, 0.7410569356473578], [7563567, 0.7341147874077657], [7641850, 0.7271500990523913], [7972245, 0.7703071863497778], [7977156, 0.7070781068927148], [7988355, 0.6982640348441426], [7988356, 0.6975610145689778], [8044089, 0.7144063537607417], [8155194, 0.7569599050737299], [8159645, 0.757144849261623], [8225638, 0.7650673156924646], [8311181, 0.7913627600398025], [8453714, 0.7847042712429876], [8464615, 0.7791774246813054], [8520256, 0.7449101284861135], [8601219, 0.7401766752934534], [8635540, 0.7465540967300816], [8645175, 0.7474679410244909], [8725874, 0.7835803777055422], [8752867, 0.773173813652723], [8753420, 0.7593971239190087], [8828073, 0.7842738225424152], [8836656, 0.7866832450512391], [8904619, 0.770322305005914], [8904624, 0.7518516307643198], [8932987, 0.744833011864697], [9025790, 0.7735936478504153], [9099633, 0.7923352560337088], [9099962, 0.7831660420587347], [9133845, 0.7198622522987117], [9208294, 0.7632452863109626], [9217955, 0.7370025119548711], [9237642, 0.7459487309704509], [9238045, 0.7049613854753135], [9319020, 0.7752723085847346], [9349185, 0.7580442921310241], [9370888, 0.7596581603361175], [9404193, 0.7913657856619474], [9426454, 0.7329167013416457], [9457693, 0.7632407828492201], [9460816, 0.7335676432824201], [9503645, 0.770345249905194], [9503646, 0.7519402398376026], [9503647, 0.7081602009302251], [9544504, 0.7595427116765474], [9567705, 0.7591895936158277], [9638368, 0.7980189736104698], [9641865, 0.7176589620724945], [9680820, 0.8014072347454022], [9684267, 0.7646028516178346], [9686174, 0.7675958058590827], [9686175, 0.731760263851728], [9686242, 0.7074724003933912], [9686269, 0.7036645478716876], [9731916, 0.784813213692572], [9760415, 0.8102596733689097], [9760482, 0.7718370542559969], [9776175, 0.7271137247431942], [9781424, 0.7437954474288471], [9791399, 0.7353608595790662], [9804498, 0.7686840483976325], [9821401, 0.7749004491645225], [9821472, 0.7741830784654479], [9823529, 0.7666959837672866], [9823644, 0.6963953243718092], [9842471, 0.769919373286766], [9842580, 0.7538593702876171], [9843121, 0.7204156882253233], [9851176, 0.7554920302635706], [9867359, 0.7874366691229935], [9867522, 0.7736700002804663], [9916899, 0.7624983420075316], [9930610, 0.7740788429750763], [9937692, 0.6594603287034945], [9941749, 0.6318950062499571], [9952188, 0.7351165079761761], [9952199, 0.6949604770465422], [9960048, 0.7995212475785285], [9960089, 0.746858030817443], [9964738, 0.8005796107023488], [9967473, 0.8332285779144936], [9974564, 0.6277943117713971], [9975009, 0.6092357802898148], [9977188, 0.6363577590608274], [9980597, 0.7239789099657671], [9981390, 0.7265002268537614], [9985145, 0.6957278646187034], [9985400, 0.6938309168430251], [9986579, 0.6663742985019039], [9987742, 0.701076292390753], [9989763, 0.7804336520205499], [9989822, 0.713069745611815], [9989829, 0.6360334287486406], [9992968, 0.701094420532428], [9994213, 0.7985860997774245], [9994220, 0.7990375020090564], [9994467, 0.7508515343968456], [9994734, 0.7322865445747442], [9994737, 0.7005980316476816], [9996234, 0.8939943502836576], [9996235, 0.8751232449691183], [9996268, 0.8019716803324703], [9996269, 0.7759699837166852], [9996642, 0.6303217109801947], [9997255, 0.6824950886077439], [9997572, 0.6658432185107559], [9997733, 0.6207114107252002], [9998106, 0.7024218729478777], [9998115, 0.6420703350381218], [9998156, 0.6442827775227433], [9998247, 0.5324869839718014], [9998270, 0.5309918022285005], [9998461, 0.557279548630933], [9998514, 0.5722824786593215], [9999019, 0.7625240129870938], [9999486, 0.6782184359282156], [9999523, 0.6528047039801393], [9999524, 0.6176822708191866], [9999577, 0.6684790453085581], [9999692, 0.8758391687122696], [9999719, 0.5763128878248874], [9999822, 0.857656355660475], [9999825, 0.7355993137615626], [9999848, 0.6673906478560843], [9999901, 0.8202963256854967], [9999966, 0.9007633273156138], [9999971, 0.884282435298504], [9999974, 0.8289167210090063], [9999977, 0.6782033281730989], [9999980, 0.6951735992228615], [9999987, 0.8314567623408259], [9999988, 0.771822019924986], [9999989, 0.7457837603729237], [9999990, 0.6714105390899069], [9999991, 0.7440341454207929], [9999994, 0.9321987893217591], [9999997, 0.9141788024554276]]}