{"seed": 815, "N": 10000000, "alive_speed": 0.8325349251385277, "non_threatened_speed": 0.8326509133991654, "survivors": [[1392, 0.8326509133991654], [1731, 0.8093185127957465], [5745266, 0.7872786997826275], [6396085, 0.7805457165923408], [6401102, 0.7590657124041009], [6571259, 0.7580371167643706], [7257276, 0.7471608358847099], [9985249, 0.7223224699871695], [9991692, 0.6595291461742964], [9992741, 0.6100816143853047], [9999996, 0.5954840764842811], [9999999, 0.08246192294003674]], "still_alive": [[68794, 0.7382932335849315], [333635, 0.7530353181910217], [337380, 0.7453007929773874], [733431, 0.7669967017249053], [999872, 0.7628848464959096], [1259215, 0.7584318372170125], [1685054, 0.7750262068534264], [2064995, 0.7853375141038714], [2096710, 0.7620301911881454], [3284335, 0.7746667212937478], [3294278, 0.7670092110761848], [3347935, 0.7694179337276557], [3459170, 0.7376950876186734], [3666337, 0.7488717681653663], [3810960, 0.7411224444471336], [3812133, 0.7324125015774889], [4060534, 0.751435210659105], [4404563, 0.7608855830890389], [4462322, 0.7469260522232058], [4974447, 0.727433261779905], [5717708, 0.8447634511429802], [5717755, 0.7884604286577819], [5889063, 0.7889450963705028], [6021140, 0.7916326619413288], [6022279, 0.783089668801043], [6046204, 0.787314178722288], [6112553, 0.7459007093581983], [6125274, 0.7482130052364244], [6217145, 0.7488469696158355], [6378382, 0.7787233754655959], [6582022, 0.7165101734255533], [6950261, 0.7590461597719724], [6950614, 0.7279511401842568], [7194219, 0.7562093826365303], [7194236, 0.7541340068824358], [7216663, 0.7559904937275952], [7386633, 0.7393022088352288], [7437010, 0.7446405388503516], [7453405, 0.7138830026396543], [7668802, 0.7467213683068901], [7712947, 0.744706933652563], [7818150, 0.7350314212292977], [7925867, 0.7624848795258452], [8417434, 0.7598645534972474], [8418073, 0.7323184039680991], [8482204, 0.7510524350307773], [8513703, 0.7473233968694352], [8573506, 0.7755578520634605], [8586685, 0.7465940379367312], [8751012, 0.8161245853843935], [8751019, 0.7879996646738539], [8751026, 0.7301929444491034], [8751071, 0.7285665160113689], [8887892, 0.7492164003555642], [8897119, 0.7155447341068645], [8985730, 0.7753144901200544], [8985731, 0.7716405465229668], [9004932, 0.7228626451217715], [9101885, 0.7475708080482787], [9108806, 0.7502722996604757], [9182053, 0.7783413569085191], [9201116, 0.7792128719736588], [9201119, 0.7624068015063697], [9269390, 0.7876340480806483], [9302247, 0.778808996640612], [9304004, 0.7759360350265474], [9304037, 0.7339068513551289], [9305840, 0.7211229471347769], [9400449, 0.7938612101179947], [9404940, 0.7889913199070681], [9405743, 0.7728244652345062], [9445208, 0.7797931339180616], [9560151, 0.7173841714142112], [9562124, 0.7149319840200451], [9582315, 0.7459884250821444], [9604172, 0.7658872601607081], [9631691, 0.7017931017119065], [9637552, 0.7128439704727012], [9693171, 0.7463880951490742], [9693328, 0.7370524893955162], [9704757, 0.738400927026701], [9724710, 0.7702838220570437], [9728173, 0.7245749443061954], [9747052, 0.7733194927386137], [9751681, 0.7593298981215593], [9752336, 0.7564856510194937], [9776979, 0.7076000251644983], [9810352, 0.7163171890100484], [9818853, 0.7456988989683624], [9838186, 0.7852239209052019], [9856221, 0.7483782421392916], [9877078, 0.7757039951910288], [9877241, 0.6788114386143173], [9877794, 0.6622391306996069], [9900997, 0.7777195181127523], [9905900, 0.7010390317225713], [9912327, 0.7401308980484116], [9918308, 0.7773244644670986], [9923027, 0.7916210778062837], [9923028, 0.7424807588966326], [9923299, 0.7236551330598904], [9925174, 0.7248793174675691], [9925231, 0.6508766931391917], [9956876, 0.7425004304833347], [9957027, 0.722776362932198], [9963924, 0.7819219305352335], [9964517, 0.7023598782206045], [9968762, 0.7354832990612241], [9971543, 0.8056697889409292], [9971552, 0.7870803169811482], [9973869, 0.7725888261491543], [9973870, 0.7692078941248419], [9975009, 0.6760701855125437], [9975618, 0.6925665308586533], [9976291, 0.6796007538620443], [9981548, 0.8364577034146091], [9981581, 0.808712453527832], [9981592, 0.7868108713685628], [9982063, 0.7840915686120912], [9984942, 0.7840235106538711], [9985712, 0.6999373631913458], [9985725, 0.6644870804560837], [9991212, 0.815286889328652], [9991475, 0.7023973176674106], [9995154, 0.6445596282595734], [9996635, 0.6000394730374438], [9996704, 0.5211776247736358], [9997887, 0.7843337329522152], [9998086, 0.6770871782394922], [9998657, 0.7561592535278905], [9998660, 0.5987255441110918], [9998973, 0.6925451663747949], [9999080, 0.7203532109505125], [9999213, 0.8240341397677643], [9999418, 0.8750379850965179], [9999441, 0.7877845354210292], [9999582, 0.8336170989009394], [9999733, 0.7623667312572817], [9999804, 0.6823580876933976], [9999825, 0.7595231394424977], [9999826, 0.6448739249368578], [9999849, 0.6782731360887106], [9999856, 0.6546358334290462], [9999869, 0.5996458688993225], [9999896, 0.6959043454488121], [9999917, 0.8352470742205808], [9999918, 0.7967569736030043], [9999941, 0.3505739611764265], [9999966, 0.5609550444081252], [9999993, 0.8776542030732206]]}