{"seed": 928126098, "N": 10000000, "alive_speed": 0.9290888320070311, "non_threatened_speed": 0.9290889249159142, "survivors": [[0, 0.9290889249159142], [1439, 0.8333516815827772], [1444, 0.8289992934822111], [63989, 0.8268969413148362], [64178, 0.7824451303686402], [85939, 0.7461239995927448], [9954096, 0.7291327563513955], [9954369, 0.7286428120938554], [9999812, 0.7083907127904948], [9999949, 0.4781878408078156]], "still_alive": [[111882, 0.7443778158618686], [334419, 0.7596030724767152], [891570, 0.8031364170966478], [1275513, 0.7581226876431159], [1602792, 0.7683373307442352], [1667613, 0.7250556078095092], [2250356, 0.7788230617782427], [3090135, 0.7781441411598365], [3219158, 0.7218996524559388], [3220181, 0.7154300797966393], [3636054, 0.7253934612268531], [4121293, 0.7522611738938377], [5054754, 0.8266436089250483], [5094225, 0.76170730471967], [5263584, 0.7796136736761037], [5263585, 0.773890423818949], [5744536, 0.7631656528698798], [5811775, 0.7481403462411984], [6195734, 0.7491102783545998], [6249673, 0.7550602520722618], [6494276, 0.8043431188379292], [6494555, 0.7839195323972628], [6607074, 0.7631330156535666], [6722727, 0.7400059711114871], [6799012, 0.7345780481548514], [6841923, 0.7218105259223162], [6841924, 0.688160776560501], [7051461, 0.7341132563839348], [7195624, 0.7302604712005935], [7344665, 0.7494432064838409], [7359792, 0.720673591340291], [7476235, 0.7534958342632545], [7476238, 0.7456205190162405], [7576373, 0.7378067621976322], [7660682, 0.750526100052065], [7758647, 0.7642104410395023], [7964708, 0.7713032630669998], [7979855, 0.7539654339876107], [8245724, 0.8160232409789828], [8247843, 0.7880481764606484], [8261310, 0.7922142863720684], [8261319, 0.7792804896709457], [8267118, 0.7747046566315176], [8420199, 0.7191814898374453], [8655578, 0.7500917239912417], [8709905, 0.7671154295558835], [8719626, 0.7677394518559201], [8842239, 0.8105072652472584], [8842288, 0.8001131295460091], [8873069, 0.794661748475921], [8953680, 0.7491582816349686], [8961813, 0.7301301599349558], [8999346, 0.7559461438041271], [9078413, 0.7841596233274972], [9078432, 0.7819574609514558], [9098067, 0.7914539976258399], [9103248, 0.7739423599814078], [9105753, 0.7385125133833486], [9135440, 0.7468523036769977], [9135473, 0.7392652814605539], [9137306, 0.7190703866741509], [9184009, 0.7461482910660384], [9188710, 0.737493076231498], [9270231, 0.7708468890429622], [9285862, 0.7831298305010663], [9301993, 0.7806305306111309], [9343058, 0.7254981614583178], [9395295, 0.7733511955960021], [9457296, 0.7944450991622207], [9471923, 0.8003535021396383], [9474512, 0.7636043453261107], [9483437, 0.7639794224490231], [9492158, 0.7625029931878139], [9495543, 0.7423021472076764], [9599106, 0.7705731016977508], [9601193, 0.757415764805295], [9616428, 0.779526781663631], [9642565, 0.7653421676651161], [9642566, 0.7428755182501823], [9642585, 0.7155506376406896], [9642622, 0.6893871310833278], [9693289, 0.7425154207066658], [9693426, 0.734555721840228], [9695141, 0.7020346285717335], [9709066, 0.6992185505201101], [9734729, 0.7454661212515191], [9772594, 0.8509019121035578], [9772613, 0.8399856018449006], [9775100, 0.8455525020127108], [9796441, 0.8292823971504101], [9808830, 0.76406003262796], [9821411, 0.7647466666786972], [9826030, 0.7666648317037397], [9829665, 0.7465721695793461], [9831228, 0.7327487675843113], [9831445, 0.689038278330347], [9858306, 0.7473358538578265], [9861405, 0.7406036089547396], [9881504, 0.6816190069634652], [9887897, 0.7182921870223037], [9910738, 0.8161435617073418], [9910845, 0.762261576181881], [9911228, 0.7379875581138878], [9916571, 0.7683747047214731], [9916572, 0.7387972561859608], [9922085, 0.7489788214316426], [9925466, 0.6741243017415199], [9944471, 0.8141213126467702], [9944786, 0.7825937387032289], [9951827, 0.8138046148469207], [9954394, 0.7041218599986035], [9967895, 0.736159071185697], [9971530, 0.8082869089863418], [9972695, 0.7362055646911572], [9972780, 0.7291904465309722], [9975379, 0.7858600901608447], [9975452, 0.6573249161608976], [9979089, 0.7389183010486744], [9979462, 0.7029288427344618], [9979463, 0.6726191636122817], [9984516, 0.8130546204770701], [9984519, 0.753956840504894], [9988448, 0.8349386554272983], [9988591, 0.7347293105031646], [9989432, 0.7758800927938522], [9989435, 0.6854269609099655], [9990102, 0.6593222140770235], [9990927, 0.7010796277601078], [9995862, 0.6937835580552881], [9996245, 0.7585896104903727], [9996774, 0.8350513719492993], [9996843, 0.8345872701093827], [9997236, 0.8116267824687471], [9998103, 0.7139119386420293], [9998122, 0.6204564677463827], [9998123, 0.6081308318565697], [9998456, 0.6361135034820665], [9998705, 0.7398079386371935], [9998852, 0.589777614069356], [9999433, 0.7867210549556741], [9999530, 0.7815043480218512], [9999547, 0.7195076851706727], [9999582, 0.7371509906679595], [9999689, 0.8400047727981654], [9999867, 0.5770170727027538], [9999926, 0.9735674464128089], [9999937, 0.7719855445491874], [9999948, 0.8469695231348408], [9999950, 0.2841067708111932], [9999953, 0.25888932635910855], [9999970, 0.3944128985898493], [9999971, 0.4031881075597279], [9999994, 0.8723611532841569], [9999997, 0.48596779070037355]]}