{"seed": 928126147, "N": 10000000, "alive_speed": 0.8404280316671557, "non_threatened_speed": 0.8404280316671557, "survivors": [[672, 0.8347372946920975], [947, 0.8211601040712588], [1760, 0.8105361756114003], [1873, 0.7896978960932772], [9988774, 0.7508744354940365], [9990747, 0.7441683388046313], [9991370, 0.6597644193720794], [9993607, 0.6281749213571448], [9999414, 0.5985087286964389], [9999429, 0.5561983005112142], [9999898, 0.5211669509206125], [9999981, 0.2278156774713852]], "still_alive": [[20962, 0.7642422373138975], [97343, 0.7673040769232193], [175264, 0.7598089469697773], [175289, 0.750451577822605], [184738, 0.7262106200172859], [200565, 0.7134815000188138], [793884, 0.7540142492501268], [1115857, 0.7800115257460793], [1117894, 0.7750739632975973], [1119839, 0.7707725626079732], [1660750, 0.7564763991281244], [2342285, 0.77204417353135], [2344034, 0.7712360914385927], [2522245, 0.780639762707218], [2552396, 0.7500393216106874], [3394981, 0.7716702819186682], [3523832, 0.7315067872858458], [3995921, 0.7762281176109667], [4099010, 0.7681600178822356], [4164529, 0.7522198449166911], [4177950, 0.7347039690823344], [4401019, 0.7576317337069187], [4410292, 0.7550386431232943], [4412439, 0.7379382585532878], [4701064, 0.7720706144324958], [4793793, 0.7648420173653204], [5055190, 0.7971083064235608], [5098291, 0.7557257400552476], [5098420, 0.7434896895616536], [5583505, 0.7723893146639865], [5626380, 0.7592866050435326], [5816931, 0.7343346279288734], [5846378, 0.7182569772570312], [6202983, 0.7830614474379126], [6202998, 0.7582159207039431], [6237041, 0.7515463126414189], [6315886, 0.7611800207701891], [6318691, 0.7353179120385981], [6390264, 0.7283990942641192], [6643059, 0.7130239656006094], [7072434, 0.7312484844248468], [7101031, 0.7230353487872175], [7390144, 0.7800558690594143], [7395347, 0.7757767023357455], [7395360, 0.7722458803727709], [7577351, 0.7766982418242059], [7577378, 0.7424288909156693], [7843677, 0.7756930503993127], [7843724, 0.7676308268680344], [7902007, 0.7728640872959267], [7941966, 0.7809367345299715], [7984491, 0.7598954211302238], [8141916, 0.8172681176697103], [8154649, 0.778925760588729], [8198372, 0.7581705470105742], [8229651, 0.7343331569373182], [8422570, 0.7794321033649677], [8587485, 0.73510273525304], [8637850, 0.7586720311743966], [8655075, 0.7228204985539415], [8766854, 0.7660532835498229], [8771055, 0.7540315245011218], [8844888, 0.7322072403666011], [8876891, 0.7456006175766637], [8955722, 0.7880344265706981], [8976607, 0.7659028263033105], [8987712, 0.7370895845123459], [9162815, 0.7796373320857389], [9162900, 0.766135496446588], [9205871, 0.7818849272308197], [9226788, 0.7961838255343407], [9239113, 0.7369856044813948], [9262780, 0.6934421897058468], [9327939, 0.7274729310996828], [9342812, 0.7171681870050298], [9346823, 0.7022058724463842], [9414462, 0.7596748291989248], [9434841, 0.7623965644613133], [9435970, 0.7512129611139895], [9446735, 0.7437187886597998], [9450366, 0.7289961852580711], [9529009, 0.7853192414443317], [9534354, 0.7766283480337915], [9540137, 0.7842228268646394], [9541340, 0.763165485907121], [9544325, 0.763024432243411], [9586144, 0.7717320435805209], [9607423, 0.7628345133220077], [9676544, 0.782770618378059], [9677215, 0.7645085531231725], [9682906, 0.7257588532157234], [9684097, 0.7258267765368134], [9718926, 0.795825636606851], [9719091, 0.7478232277332378], [9723028, 0.6975044793683047], [9727183, 0.7001041892096416], [9727940, 0.6951607065508395], [9771765, 0.7659844856351461], [9777044, 0.7125438809431969], [9795051, 0.7177971425099152], [9816800, 0.7194524061104872], [9818077, 0.7060209659656398], [9844712, 0.7800299269545312], [9861205, 0.8383328363283925], [9862522, 0.757231413213598], [9864587, 0.7533531017841741], [9877898, 0.7369505167496853], [9893425, 0.8053226921682064], [9905070, 0.8076706166207818], [9911629, 0.8464823861704198], [9911718, 0.8183567726398056], [9911771, 0.7829483658632361], [9912400, 0.7130667462054842], [9912467, 0.703382768171263], [9915414, 0.6565043013919669], [9946235, 0.8123647511309245], [9947940, 0.8276433418127236], [9947985, 0.79298886728616], [9949612, 0.797613950048376], [9952457, 0.7991985197008519], [9957140, 0.770532288365669], [9962115, 0.7705074190684142], [9962282, 0.7599838110172776], [9965921, 0.7679270047948338], [9966894, 0.7393926589061742], [9974959, 0.783351942397919], [9975982, 0.6329180314538166], [9980471, 0.7086683748404761], [9983960, 0.7184052808093343], [9985283, 0.7381331282190422], [9988400, 0.8439314620099068], [9988773, 0.7976526961598333], [9990754, 0.6768717735221247], [9990953, 0.682192386810736], [9991373, 0.6520264288749111], [9993568, 0.6848621644084368], [9993756, 0.6216075780502247], [9995129, 0.7938797651185783], [9995140, 0.6766743934266416], [9995923, 0.761774371252657], [9996176, 0.7589836557670963], [9996963, 0.8934434453529505], [9996966, 0.8020129242414529], [9997137, 0.8484112029448133], [9997294, 0.6027792156047921], [9997705, 0.5606428563804952], [9997768, 0.5752485630185171], [9998863, 0.6820136372532468], [9999212, 0.6936779104173448], [9999239, 0.7109633852272904], [9999244, 0.5490204413108029], [9999395, 0.6161479482479826], [9999440, 0.4477302929753001], [9999699, 0.5675414226642804], [9999702, 0.5277482599914172], [9999781, 0.6131375838347962], [9999832, 0.7157059471811107], [9999857, 0.6266503662764576], [9999935, 0.6669753440500514], [9999952, 0.8550893795598005]]}