{"seed": 483722206, "N": 10000000, "alive_speed": 0.7874073256983329, "non_threatened_speed": 0.7886746468616428, "survivors": [[16068, 0.7886746468616428], [5427763, 0.7532692238425756], [5436396, 0.752009949988531], [5482635, 0.747204197594685], [9999992, 0.31576862776892645], [9999999, 0.02324119359564525]], "still_alive": [[48937, 0.7614916095880997], [61170, 0.7583885825100698], [252477, 0.7691932524714911], [472196, 0.7743546235787501], [658985, 0.7681269477701397], [839968, 0.7590724498846103], [1157015, 0.7710324104332102], [1532378, 0.7800747961915387], [1534589, 0.7732731288407271], [1713362, 0.7805482582902301], [1743291, 0.7523695347711205], [1817906, 0.7585127433149405], [1833991, 0.7591383393075807], [2146790, 0.7609749471563918], [2148681, 0.706778851502054], [2683110, 0.741652727504046], [3337131, 0.79733789688091], [3338728, 0.7913171938738078], [3339195, 0.7847504311179827], [3344680, 0.7653377482700487], [3398275, 0.7356153891111218], [3398278, 0.7263295566729515], [3680479, 0.7513099391357594], [3792280, 0.7171974594863898], [3792283, 0.7067309308050927], [4425870, 0.780253330343567], [4443101, 0.772061878457257], [4556730, 0.7844040260547821], [4591925, 0.7585567925293701], [4596358, 0.7565688137014852], [4841811, 0.7762588665788623], [4844138, 0.760656531301386], [5102447, 0.7862471633974715], [5410112, 0.7704673121533205], [5539648, 0.7114112429832354], [5822663, 0.7425309557330299], [5822670, 0.7383170346172664], [5822673, 0.7343702609513262], [5969912, 0.7575794281231986], [6073713, 0.7553824450784152], [6131512, 0.7588185066161048], [6408271, 0.7278763349567665], [6670020, 0.7820204900403727], [6806015, 0.7836266644513487], [6806016, 0.7522650078907798], [6875215, 0.7566698923121731], [6897296, 0.7552575491547677], [6905209, 0.7147590220095582], [7136510, 0.7485891055934323], [7144973, 0.7348876115293301], [7145836, 0.7320689074632706], [7228487, 0.7457009808220811], [7229490, 0.7110703237493406], [7433341, 0.7629180134919318], [7648356, 0.8168244925152002], [7648909, 0.7514623641650231], [7662616, 0.7531797441578383], [7663249, 0.7320903637421963], [7824394, 0.7739455479076377], [7842653, 0.7631295205662418], [7848096, 0.7604277766846494], [8018275, 0.8062374641468693], [8062000, 0.7980666063786748], [8112069, 0.784145118905309], [8112332, 0.741894585795614], [8122295, 0.73786698849073], [8130136, 0.7393501044010541], [8152205, 0.7144505530670162], [8449592, 0.7629723448984668], [8564207, 0.8014232255133336], [8607888, 0.7779047715353453], [8620085, 0.7499904791606682], [8688466, 0.7287177287532671], [8737815, 0.7281586530650743], [8872750, 0.7546976546446641], [8895473, 0.746295621717996], [8959462, 0.7474232765309725], [9072657, 0.7598297813040825], [9164684, 0.8099066509175438], [9171867, 0.8058741842828886], [9235282, 0.8009004373694971], [9366511, 0.814287724057705], [9396316, 0.7593352517282456], [9428753, 0.7791006165783808], [9438074, 0.7230913548770844], [9458755, 0.7372920992080304], [9461428, 0.727551484668588], [9508021, 0.7333130092054484], [9508024, 0.729203709392498], [9562923, 0.741724252206221], [9611360, 0.8122912491526422], [9625185, 0.8091943990123065], [9625436, 0.7976736855935774], [9625437, 0.7817938671831777], [9629690, 0.7030371532796629], [9676555, 0.7923054978471186], [9676858, 0.7432951145595037], [9676859, 0.6982492762954995], [9723000, 0.7729844832090537], [9723037, 0.7219754905072728], [9727574, 0.720635708755761], [9730351, 0.7246387638387428], [9758512, 0.7802004360507014], [9759267, 0.7737220745776745], [9759268, 0.7172298423474585], [9759309, 0.685754997409088], [9797598, 0.780051324423536], [9809013, 0.7828815937210678], [9829354, 0.7881653313715217], [9847419, 0.7948907175030732], [9852820, 0.8167352519942661], [9854575, 0.7684491162971328], [9861880, 0.7776649849886655], [9865039, 0.7572896620758476], [9865162, 0.7543588660984784], [9872299, 0.7683462986770598], [9873278, 0.7677889094123802], [9878235, 0.7807692368669685], [9901408, 0.7529766409310074], [9917081, 0.7442741667157413], [9920220, 0.7582217405101319], [9920239, 0.7340322034838944], [9935048, 0.8556503846213678], [9935185, 0.8141913073311171], [9941572, 0.8899138957205962], [9941575, 0.8520010828112683], [9942154, 0.8361420899199818], [9948855, 0.8239908600809159], [9949170, 0.7438375033955203], [9963109, 0.6853899476240983], [9966774, 0.7471133578360968], [9973689, 0.8722484281467705], [9973702, 0.8470809298607758], [9973785, 0.838026111942588], [9973990, 0.6461462900700196], [9975321, 0.6275661370259973], [9981706, 0.7791070058960625], [9984481, 0.7471128239537599], [9984528, 0.6894265074346624], [9985255, 0.686953888427696], [9988012, 0.6796021404708538], [9988541, 0.6473400013566423], [9991818, 0.8958365000959299], [9992415, 0.825867076041047], [9993326, 0.6842772183480605], [9995387, 0.9370702445098247], [9996134, 0.9150240643378468], [9997077, 0.7290167738908212], [9997078, 0.6802778125589475], [9997457, 0.7233922651633296], [9997684, 0.7594488463264197], [9997691, 0.6102858627510855], [9998624, 0.895236692674761], [9998811, 0.9849522196190146], [9998834, 0.8723568638102479], [9998847, 0.8074337347540851], [9998970, 0.7195294087330204], [9999087, 0.7462014741945977], [9999124, 0.7351537477448663], [9999195, 0.7159318652405575], [9999288, 0.6317979705127644], [9999377, 0.544752248625317], [9999634, 0.7402988604284692], [9999635, 0.6664361630415795], [9999816, 0.8962314385617923], [9999825, 0.8642870764559254], [9999836, 0.8265299836591613], [9999883, 0.8319537442353042], [9999886, 0.848741563729924], [9999905, 0.7804915084456787], [9999918, 0.6698607544286955], [9999925, 0.6749944304990324], [9999966, 0.5599961832583933], [9999991, 0.8102001989556097], [9999997, 0.2664946781651576], [9999998, 0.30902048110265434]]}