{"seed": 928126250, "N": 10000000, "alive_speed": 0.7879123910407965, "non_threatened_speed": 0.7880577876880853, "survivors": [[1844, 0.7880577876880853], [3409487, 0.7754981449198812], [3425204, 0.7703443078119993], [3629159, 0.7438367032635775], [9871406, 0.7262139886721204], [9993889, 0.6862033358374523], [9994044, 0.6399840305827835], [9994077, 0.628204808224535]], "still_alive": [[92265, 0.7716860621545769], [261948, 0.7708155959502636], [273887, 0.767832413658454], [278348, 0.7523790982383186], [448775, 0.7305513350876116], [463060, 0.7255777693885533], [653961, 0.7358762645657908], [1046196, 0.7626479689882106], [1095223, 0.7610070218782017], [1845882, 0.7825274304535361], [2197849, 0.7921622265534213], [2278438, 0.7506386663793198], [2861183, 0.8043880871604041], [2871906, 0.8001146519357137], [2879081, 0.7847536848282822], [2982056, 0.7844430339452905], [2983627, 0.7831744666337336], [3409088, 0.7907112423738022], [3455793, 0.7568248556691887], [3484468, 0.7596487999927508], [4024606, 0.7445600032998996], [4496471, 0.747300105373171], [4510048, 0.7224186698832463], [4938635, 0.7615377887388387], [4954658, 0.74498084711915], [5002391, 0.7516703895679077], [5435090, 0.7432955133589051], [5437509, 0.7399059477859323], [5833396, 0.7303207731890835], [6153261, 0.773244617905345], [6199860, 0.752125997884013], [6232627, 0.7372453497351744], [6232906, 0.7190084002515458], [6324595, 0.7359580162815123], [6501204, 0.7504976576229142], [6591491, 0.7700575051307976], [6592230, 0.7357605921043573], [7005721, 0.7225988338869046], [7252178, 0.7461009482315804], [7284229, 0.739141417226606], [7301082, 0.7297555335500808], [7351141, 0.7232614470784141], [7351152, 0.7159444925093216], [7588755, 0.7433982227163336], [7684318, 0.7671985755969886], [7704405, 0.7421232497352841], [7853280, 0.7784638872331214], [7987259, 0.7369724239681753], [8101714, 0.7429267043711767], [8102227, 0.7358276766347503], [8191146, 0.7414015006456876], [8243533, 0.7561491385675794], [8244876, 0.7367169419840264], [8274725, 0.7447501127566682], [8295276, 0.7477113378211874], [8382531, 0.7728235911684841], [8387078, 0.7634924487423723], [8522817, 0.7773277796312492], [8703014, 0.8466326935178625], [8764375, 0.8502416540482743], [8764378, 0.7575711596715422], [8798337, 0.7783678670639732], [8830690, 0.7928214370296376], [8995727, 0.7681271248974485], [9032254, 0.7963513128074319], [9036881, 0.7779030047861758], [9048818, 0.7637376924817904], [9080049, 0.7324033497368797], [9149058, 0.7587184534253327], [9186643, 0.7635860787046723], [9290320, 0.8040590336140804], [9306651, 0.7896152730071403], [9314026, 0.7478100505447995], [9349485, 0.7428091064885184], [9408730, 0.7650755545383932], [9467001, 0.7978998939993571], [9524000, 0.8159276822621985], [9533481, 0.7950160716381081], [9557058, 0.7889661105082514], [9557059, 0.7869920199948583], [9557864, 0.7848446827351309], [9570695, 0.7808603458510313], [9570876, 0.7453439001209574], [9620507, 0.7838176665184449], [9620520, 0.7821195467632416], [9640259, 0.745091953946209], [9691336, 0.7321411063022977], [9719057, 0.7788265905440374], [9752596, 0.8212017068016888], [9752811, 0.7945162204935312], [9753170, 0.7795193290267112], [9774125, 0.8179536521499411], [9791074, 0.8087377977041796], [9791533, 0.8041829641975763], [9804272, 0.8371879696241123], [9805595, 0.8057063797088255], [9805642, 0.7683325397915802], [9826219, 0.717580664148911], [9826346, 0.6862424834253165], [9843735, 0.7425530952464582], [9862094, 0.8008946360753287], [9862371, 0.7446551580976667], [9871605, 0.718750671592462], [9877460, 0.7215742862295785], [9880587, 0.7135114244993855], [9891314, 0.7580051758742428], [9898745, 0.7240518183369435], [9898800, 0.7218564981465226], [9908961, 0.7232067630385443], [9909242, 0.7105586291112361], [9923649, 0.7365257353063616], [9938460, 0.7412886409803988], [9942793, 0.7484583251051327], [9949046, 0.7668455691763242], [9949383, 0.739937573782354], [9959382, 0.832733150318968], [9959391, 0.8296967255803733], [9965598, 0.8424825406926039], [9965599, 0.7462525661449901], [9965604, 0.7383264511842987], [9965651, 0.7233579669926579], [9977332, 0.8094515604662467], [9977337, 0.8069565397708258], [9981268, 0.7353226323916581], [9982559, 0.7690801902597921], [9982574, 0.7268288056545963], [9987381, 0.7307614055836271], [9987384, 0.6556744423941864], [9989865, 0.738137017994972], [9990134, 0.6819472567053062], [9991721, 0.7710216046661549], [9991996, 0.6712693435055137], [9992499, 0.6998341993774302], [9993114, 0.7466919647469428], [9993641, 0.7338326493320457], [9993758, 0.7363750481793069], [9994100, 0.5254930100679788], [9994173, 0.5291534695903043], [9995876, 0.6647882751294838], [9995877, 0.6642511229362], [9997134, 0.6828782596408922], [9997739, 0.7682480022187042], [9997940, 0.8124607212178463], [9998153, 0.8430602820826307], [9998200, 0.6760931751215393], [9998879, 0.616863629434581], [9999120, 0.6872660865615972], [9999153, 0.653398917537012], [9999154, 0.6013456518817687], [9999361, 0.7910783257616502], [9999542, 0.8030292200037249], [9999645, 0.7378017592200837], [9999646, 0.6895858954562238], [9999647, 0.676636718886811], [9999748, 0.8432784681320816], [9999777, 0.5948513081832252], [9999834, 0.7334914677474111], [9999871, 0.4964729516057794], [9999922, 0.8108592007498835], [9999923, 0.5886970726161972], [9999952, 0.8586728276264998], [9999975, 0.5270495472171534], [9999990, 0.9550916987814638], [9999997, 0.8974328464717589], [9999998, 0.32278056104477426], [9999999, 0.6313440699714258]]}