{"seed": 976, "N": 10000000, "alive_speed": 0.9614729337550638, "non_threatened_speed": 0.9614730299023573, "survivors": [[0, 0.9614730299023573], [641577, 0.742550151498626]], "still_alive": [[23, 0.7838824833667967], [166020, 0.7880818050678287], [641578, 0.7403968419288612], [645401, 0.7128929588480987], [789122, 0.711824230607934], [1120069, 0.7355478897058415], [1219556, 0.7383905583950875], [1959665, 0.7440656451802219], [2030846, 0.7320175749751643], [2786245, 0.7525343743521749], [3011288, 0.7442086854851716], [3128715, 0.7392500323099352], [3570274, 0.7699563601062596], [4187455, 0.7685835771481175], [4674556, 0.7593100237301693], [4760509, 0.7639015781549601], [5185770, 0.8019365349916463], [5235873, 0.7749601193107758], [5505860, 0.7503651504277932], [5752441, 0.7647609000225907], [5754746, 0.7475652662787154], [6239443, 0.7596152986503157], [6304996, 0.7650669983303772], [6364489, 0.7547294265479847], [6410246, 0.7511018002949624], [6411203, 0.7445383469925311], [6452300, 0.743348817027452], [6490541, 0.7512493021682703], [6758486, 0.7832019368923571], [6919285, 0.7793155023163016], [6942664, 0.7591777037083245], [6943037, 0.7477429693079513], [7061838, 0.7722872897926321], [7236659, 0.7726401152889972], [7236834, 0.7486819362008099], [7288309, 0.7553993516462064], [7294700, 0.7461716758946373], [7295787, 0.739734112142032], [7354256, 0.7555964014097223], [7363955, 0.7532926621368036], [7404988, 0.7449070683773481], [7450703, 0.7500583986350037], [7450706, 0.7233762711911501], [7761951, 0.7725881401643055], [7908770, 0.7245804099204419], [7909009, 0.7194708775628618], [7997680, 0.706794190492971], [8132899, 0.7464074673245454], [8325752, 0.7710698218113001], [8467941, 0.8002541736307299], [8508884, 0.7374457434545822], [8542315, 0.746604984419428], [8616518, 0.7556686350857824], [8753689, 0.7490531585205707], [8754388, 0.7480620154600464], [8797155, 0.7716995796657466], [8797236, 0.7624124778820792], [8797265, 0.7583621564662046], [8834208, 0.7497926202622364], [8870821, 0.7563748440828143], [8987688, 0.835982573827608], [9001781, 0.8005073811964197], [9020068, 0.8077576567150144], [9020229, 0.7530228302447427], [9062864, 0.7828345453926345], [9062929, 0.7205764233376025], [9161864, 0.7756301874856351], [9192763, 0.7887872561744402], [9294072, 0.8388654400055898], [9296957, 0.7807364594843531], [9297992, 0.717674917260539], [9379349, 0.766991045744337], [9393432, 0.7678547988831392], [9445011, 0.7327638671355756], [9445546, 0.7258869866838817], [9456995, 0.7342645610509819], [9483700, 0.7650509492489231], [9509981, 0.7950807661677962], [9521210, 0.7651084006746317], [9532047, 0.7766652297125439], [9537414, 0.7432888483997949], [9562591, 0.7521316703202051], [9562924, 0.7354392575330944], [9594895, 0.7207391523897929], [9615404, 0.6786705568157706], [9689969, 0.725907061887113], [9703154, 0.757990981461466], [9724809, 0.8004933237761588], [9725720, 0.7682581618001467], [9733091, 0.7706527739420409], [9775304, 0.7288654661398858], [9778849, 0.731030106712111], [9783078, 0.7335263625543715], [9801305, 0.7625080562579715], [9801332, 0.7357563982785534], [9813485, 0.6972685963822609], [9842562, 0.8135765063564073], [9842563, 0.785369491251943], [9842960, 0.7569866472177736], [9843177, 0.7475206291850703], [9847214, 0.7251179720372656], [9859033, 0.7769955185303383], [9873892, 0.7302475627009202], [9874323, 0.7270294735183793], [9880518, 0.7473270554378378], [9890405, 0.7980625970260479], [9893330, 0.8165089809852704], [9905293, 0.765798609660166], [9911974, 0.782053893502282], [9911975, 0.7748582470499715], [9913124, 0.7021196585818507], [9913125, 0.6964147287777417], [9913144, 0.6804458410553098], [9919887, 0.6669162203663945], [9939914, 0.7780753806291016], [9942639, 0.7297567311473483], [9951232, 0.7972987259367992], [9951497, 0.7773648059264164], [9952488, 0.7727423103832862], [9959611, 0.765613560185532], [9966854, 0.7825868125257093], [9970303, 0.8076682095131086], [9973936, 0.819603731201726], [9973937, 0.7289029778983364], [9982528, 0.9090831611540726], [9987047, 0.748197728316975], [9987096, 0.7124728358229412], [9987943, 0.7494289098324902], [9988552, 0.7828359308991559], [9989983, 0.7174126793360889], [9992410, 0.6775081995038279], [9995041, 0.8055989977738642], [9995840, 0.8024892634555792], [9996753, 0.7786528277264831], [9997140, 0.8703742695876753], [9997141, 0.7514603022995301], [9997286, 0.7749225468525437], [9997301, 0.7559352548980891], [9997390, 0.6035328676737933], [9997979, 0.6607352064859862], [9998296, 0.7753103432170985], [9998903, 0.7934838771564184], [9998954, 0.6759914911910766], [9999321, 0.6717138409900251], [9999512, 0.6959834681216522], [9999679, 0.6519272108290107], [9999680, 0.594570988173338], [9999791, 0.7546456892287378], [9999824, 0.649523051823604], [9999931, 0.9516159302445862], [9999934, 0.8093173135078962], [9999943, 0.9077131818778651], [9999946, 0.8237891882530538], [9999947, 0.7057468728488002], [9999964, 0.4456842719716291], [9999975, 0.5825351540667352], [9999982, 0.6751711622267221], [9999985, 0.3955528179107106], [9999992, 0.6685908932357193], [9999993, 0.6800118997464014], [9999994, 0.6731319504661889], [9999999, 0.9768853682107369]]}