{"seed": 836, "N": 10000000, "alive_speed": 0.8684543127593635, "non_threatened_speed": 0.8684543996047948, "survivors": [[0, 0.8684543996047948], [1290031, 0.8082433769046236], [1290032, 0.8048214981684652], [2410927, 0.788059885965461], [2411736, 0.7797543510165654], [3500169, 0.7763715491423903], [3571586, 0.766205035003117], [9999937, 0.6610678694927797], [9999946, 0.543539495956639], [9999965, 0.5372767064525], [9999982, 0.23105619182958503], [9999999, 0.17924927996973317]], "still_alive": [[227937, 0.7461344644318925], [1208738, 0.8101877362532173], [1552943, 0.7538019066810236], [2410918, 0.7962455508088698], [2490161, 0.732861770915801], [2504892, 0.7309768644541866], [3298405, 0.7947732831423081], [3298406, 0.7899406039384523], [3727129, 0.7354082539985889], [3728434, 0.7197433323169407], [4346039, 0.7709324538489357], [4607478, 0.7422594295873999], [4620157, 0.7383508895363454], [4734960, 0.7485952998733103], [4734963, 0.7388190394217421], [4976970, 0.7726661266734088], [5022145, 0.7768792175063632], [5120334, 0.7237491386114473], [5464633, 0.7499780519850198], [5464692, 0.7365425353528736], [5464991, 0.7356115439442555], [5631624, 0.7506719642486134], [5806945, 0.7506819426054071], [5807278, 0.7301629470412271], [5807283, 0.7168297128504626], [5932478, 0.7264302849316474], [6103349, 0.7365494854659158], [6175532, 0.74563251530062], [6419387, 0.7471049857072128], [6654514, 0.7785063821497213], [6654637, 0.7342263870068869], [6654956, 0.7314372083697314], [7019089, 0.7800283530441605], [7022918, 0.723056317634221], [7141425, 0.7323191151606114], [7142322, 0.72029527740929], [7369415, 0.7681393087371862], [7369846, 0.7562304833511978], [7612339, 0.7792674076315973], [7805470, 0.803682808963569], [7974997, 0.7603530575610753], [7976332, 0.725567121214308], [8014145, 0.7012961724976898], [8014196, 0.700101664901397], [8175305, 0.7145458602268756], [8339996, 0.6928039305688511], [8532481, 0.7717521601921947], [8540864, 0.7644908567202772], [8546501, 0.7517251249183844], [8607078, 0.7682967142563295], [8635053, 0.752272872247753], [8680092, 0.745908169321963], [8783531, 0.7279430963343871], [8831922, 0.7573003474457268], [8913641, 0.7664358434058662], [8937340, 0.7717945055470884], [8957173, 0.7822221990915056], [8988038, 0.7812415226471394], [9005909, 0.7522121830784438], [9023832, 0.7096485037637937], [9160559, 0.7603321256677625], [9227076, 0.7193857435804262], [9252909, 0.7206730769247409], [9414864, 0.7650748778816165], [9458323, 0.7392960576746108], [9494714, 0.7365786560264082], [9533957, 0.7465108695930656], [9550412, 0.7696384459095209], [9623875, 0.7644116519936504], [9633112, 0.7812748020083213], [9650867, 0.793135157848184], [9666358, 0.7477751492264346], [9709687, 0.8063541779594885], [9754610, 0.8303866164642458], [9754619, 0.8287825132556109], [9754862, 0.7818914544458241], [9795887, 0.8148875784809742], [9796022, 0.738489117785998], [9797529, 0.7087350689230179], [9810656, 0.7397837619268275], [9812123, 0.7181377848340458], [9826688, 0.6937058343489471], [9852389, 0.7730456746170741], [9853996, 0.7190307539253912], [9875299, 0.8261115710152452], [9878254, 0.7272896005953212], [9879767, 0.7298783079179492], [9880326, 0.6992520025411452], [9896517, 0.7901013842428131], [9898944, 0.7707884199104788], [9907983, 0.8223133178188835], [9908014, 0.7845331796100987], [9908033, 0.7402314517189221], [9908508, 0.7424306750905447], [9908511, 0.7096211270884694], [9922024, 0.7650686824344883], [9922189, 0.7476973693917787], [9933000, 0.8585543194467768], [9935379, 0.7587848042584625], [9935380, 0.7075090654990891], [9943009, 0.7835938786445555], [9947952, 0.7589700879932088], [9958719, 0.7318951595600943], [9958984, 0.7338874969391571], [9959313, 0.707514039980129], [9970602, 0.8948799056314338], [9971035, 0.907520030751303], [9973406, 0.7886401395371758], [9974285, 0.6981853228001416], [9975402, 0.6909960019841759], [9976051, 0.6885349246322895], [9976314, 0.6779600470588097], [9978577, 0.6484538071419765], [9981590, 0.7100365725674291], [9983145, 0.7183946594780702], [9986908, 0.7749756452441394], [9988181, 0.8279095633949055], [9990088, 0.8959724335273461], [9990691, 0.7431384804093164], [9990692, 0.7343595782454372], [9990693, 0.6915744649003254], [9992090, 0.7718129564490447], [9992213, 0.738922744123009], [9993460, 0.7012343362858969], [9993561, 0.6620788623478523], [9995828, 0.7739604935317577], [9996395, 0.6960734824931994], [9996940, 0.7223295636816228], [9997221, 0.7938054777055543], [9997224, 0.7448883186240616], [9997847, 0.7621454770751728], [9998170, 0.7263834876892096], [9998205, 0.6214780806112828], [9998746, 0.5946205728559324], [9998759, 0.5979088725563837], [9999034, 0.7019681486071448], [9999037, 0.5794408258674584], [9999170, 0.6705422035640745], [9999427, 0.7975494213484273], [9999606, 0.8144191901780704], [9999863, 0.6413641739875321], [9999912, 0.7828180285342811], [9999995, 0.21791938150463386], [9999996, 0.2320560440526035]]}