{"seed": 924, "N": 10000000, "alive_speed": 0.8425980125719555, "non_threatened_speed": 0.8427964911257678, "survivors": [[2354, 0.8427964911257678], [13829, 0.8053288700530293], [690508, 0.7754143095869837], [6000641, 0.7642011095737714], [6704976, 0.7618307745626295], [9534563, 0.7579376396024061], [9951084, 0.7409988452331009], [9951153, 0.7211052262084687], [9996864, 0.7067698583661657], [9996873, 0.6770511962615471], [9998974, 0.6629445941078727], [9999969, 0.580632075238171], [9999990, 0.5470551134593252], [9999999, 0.10445154001293722]], "still_alive": [[690557, 0.7423011684373133], [1293152, 0.7848367783666947], [1312533, 0.7506607712305486], [1676684, 0.7533091985957812], [2043791, 0.7551453991380578], [2297002, 0.7717619681766675], [2315211, 0.7526764575726365], [2637380, 0.7627850174397249], [2733913, 0.7627049033575547], [2840526, 0.7585782447163791], [3526983, 0.7421550571167476], [3527302, 0.7236707955859443], [3636219, 0.7102978650638523], [3916528, 0.7364334129545819], [4261407, 0.7666476878267249], [4568490, 0.796093395013833], [4578307, 0.7864719524022117], [4632048, 0.7442287653854097], [4634815, 0.7257834482184895], [4831826, 0.7534164964108574], [5310311, 0.7757491691507429], [5396424, 0.7741400434691532], [5426801, 0.7563674149505464], [5484394, 0.7581081184232746], [5488389, 0.7418715176649934], [5997690, 0.7692914087736323], [6001066, 0.7442113228256771], [6002243, 0.7426593984326], [6155842, 0.7567335291313073], [6171759, 0.733220805166199], [6600270, 0.7803544160937657], [6600273, 0.7634756146772398], [6703884, 0.7845294749690949], [6704963, 0.7713407420921758], [6710377, 0.7445545259178704], [6769988, 0.7314493162930501], [6976277, 0.7446651063234219], [7195776, 0.7676641980996755], [7374057, 0.7946587107462553], [7375038, 0.7798222935396781], [7387169, 0.7561448188254101], [7429710, 0.7599676781909651], [7498383, 0.7586284218697033], [7608726, 0.7060060127284582], [7875655, 0.7626203742686767], [8014764, 0.803702536892376], [8084025, 0.8172717980388357], [8097484, 0.755673865554146], [8221043, 0.7743274186742831], [8291766, 0.748601102101482], [8302911, 0.7358570033762188], [8313526, 0.7286696844421049], [8441785, 0.7631398090131112], [8448712, 0.7455138866869988], [8553605, 0.7828375143513572], [8556228, 0.758980523377433], [8638403, 0.7695761338867163], [8721312, 0.7938847251911956], [8912051, 0.7694412742726757], [8953768, 0.7606494250503015], [9074423, 0.8053349622301765], [9077458, 0.7697466792720815], [9084459, 0.775497324421654], [9127964, 0.7636748885062169], [9224575, 0.806304969970707], [9277460, 0.7439305438054915], [9353729, 0.7882192313590178], [9386030, 0.7593923586544152], [9405787, 0.7467885977806937], [9427844, 0.7550993133584413], [9457915, 0.7665379918357749], [9478680, 0.7670035616358271], [9478813, 0.7506694574937418], [9525246, 0.794136974904847], [9534566, 0.7498031585076221], [9534755, 0.7173346859573849], [9551920, 0.7285287789237842], [9580553, 0.7186299362998104], [9653780, 0.8081942424132204], [9653781, 0.7623855555669183], [9653820, 0.7522270448089882], [9653823, 0.7198789192859304], [9673498, 0.7532798919723646], [9701827, 0.7449740922235242], [9724238, 0.687467735610766], [9756143, 0.747739634604657], [9757430, 0.7374212904082997], [9757829, 0.7246812480921886], [9799396, 0.8372456285339107], [9799977, 0.7088566427490124], [9813070, 0.7346534577493412], [9829117, 0.7851928312706364], [9840694, 0.7099617710776149], [9862591, 0.7895366468836733], [9864696, 0.745723277137862], [9886257, 0.8569568385616058], [9886334, 0.798469027623199], [9886489, 0.7518299012151525], [9889916, 0.7716419346811766], [9907815, 0.8480374842536594], [9908386, 0.8464953508220928], [9908401, 0.8454613006574135], [9912104, 0.8566308566644222], [9912845, 0.8344733822505139], [9914042, 0.803781680309159], [9916571, 0.7408020098201404], [9929102, 0.7847495607564136], [9936009, 0.8357399488734295], [9936078, 0.7656694959538028], [9938029, 0.7682407105840294], [9952000, 0.6442783939324271], [9958797, 0.7226875683433843], [9958822, 0.660887126488376], [9960249, 0.6789400364514759], [9962184, 0.7084978922416512], [9964025, 0.7062965311220964], [9965164, 0.6876388315181162], [9967067, 0.7238099543238858], [9968310, 0.7071567206296776], [9968319, 0.7014032644975747], [9972504, 0.6713334302427412], [9973655, 0.6919648302874681], [9974776, 0.7165123923262842], [9975213, 0.7144059350727375], [9975298, 0.6867700317606216], [9975513, 0.6920202346257884], [9978136, 0.7150810718742425], [9982661, 0.7698474427920357], [9985012, 0.8671947471542547], [9985111, 0.8281631697670647], [9986886, 0.6542084827918415], [9988127, 0.7076081351977431], [9989860, 0.6963416377381133], [9992243, 0.8037091483357599], [9993830, 0.8058417114815328], [9994425, 0.7744303773382171], [9995546, 0.7822915067877071], [9996863, 0.8113741019455064], [9996876, 0.659246817596132], [9997559, 0.6340068150214491], [9997778, 0.619942523741711], [9998591, 0.8601246733777601], [9998804, 0.7446534316458396], [9998945, 0.790152773304734], [9998948, 0.7434766906001581], [9998973, 0.6844974318180133], [9999499, 0.7327985418686475], [9999630, 0.8156527749206517], [9999649, 0.4191740274816612], [9999834, 0.6794849365556893], [9999865, 0.7962124199421359], [9999882, 0.5848060847763445], [9999921, 0.6589649504877707], [9999952, 0.5808144590921137], [9999986, 0.7122977084597543], [9999989, 0.7470849176107622], [9999991, 0.2970902571546342], [9999998, 0.46767578442400615]]}