{"seed": 928126012, "N": 10000000, "alive_speed": 0.8635684528607831, "non_threatened_speed": 0.8635685392176284, "survivors": [[0, 0.8635685392176284], [65, 0.7738622962851585], [1669556, 0.7642431515197695], [8336377, 0.7582768941797644], [8354060, 0.7577708065610446], [9999987, 0.46292638772329797]], "still_alive": [[7090, 0.7340273231708503], [22379, 0.734564984835504], [390420, 0.7610489233214802], [745347, 0.7702023007227963], [745774, 0.7535156224488478], [1628263, 0.7862853759671045], [1839779, 0.7583984388372432], [1945806, 0.7502759620777883], [2092665, 0.761919578676801], [2407818, 0.7524896431948258], [3197761, 0.7487006741818442], [3442512, 0.7660612314198716], [3510587, 0.7664752901364958], [3873920, 0.7518481304820249], [3880371, 0.737715808609031], [3886036, 0.7370821249434576], [4278119, 0.7827209471362623], [4278172, 0.7590978232488379], [4280321, 0.739188534704086], [4302266, 0.7321681915596845], [5042745, 0.8054713966464417], [5151606, 0.7540234930494928], [5420777, 0.7976316798964881], [5423774, 0.7924445245370066], [5459267, 0.755641684233364], [5795946, 0.7599869422079103], [5874135, 0.7611919064569248], [5884130, 0.7490185873144402], [5889891, 0.7384654176449221], [6187328, 0.7758986810251483], [6187681, 0.7539391246407298], [6325102, 0.761801026394507], [6457831, 0.7627197674246304], [6759054, 0.7519468886870748], [6760117, 0.7510297900111594], [7239036, 0.7621582403193373], [7239063, 0.7251817396365474], [7508544, 0.7654706279050734], [7518151, 0.7654710631085676], [7518156, 0.7483727307514322], [7658579, 0.7809346573731472], [7711834, 0.7676570653589069], [7805009, 0.7844031193018374], [7885992, 0.8129577985320853], [7885993, 0.8008639703729197], [8151544, 0.8308441249099406], [8229969, 0.8248651873417651], [8230268, 0.8230547737249306], [8230281, 0.7902112935118624], [8266548, 0.7900340373922132], [8269419, 0.7876394785101326], [8306910, 0.7710747288061616], [8485153, 0.7499778815843958], [8486720, 0.7466460651015179], [8498959, 0.7313689975684726], [8517304, 0.715679870722472], [8708533, 0.7930965477208884], [8762098, 0.7889393583300627], [8762103, 0.7714035100175358], [8833662, 0.7482917505615146], [8943495, 0.7707828827024791], [8946150, 0.7547166875686148], [9003953, 0.7451661668460062], [9004012, 0.7193658484453421], [9109031, 0.7218490800426453], [9202734, 0.7523969109212202], [9274249, 0.7706647793511915], [9291598, 0.7039318429377137], [9416373, 0.7752645302267829], [9418648, 0.7744042647491775], [9425245, 0.7503608649074056], [9426524, 0.7421516869646118], [9427043, 0.7070861989702243], [9455834, 0.7285316147203447], [9469635, 0.741835888233085], [9518390, 0.7721487434262383], [9523205, 0.7723606510483894], [9524624, 0.7461326548660993], [9566031, 0.7908810551228586], [9575970, 0.7996037315302893], [9575971, 0.7637718352852949], [9579592, 0.754620847396552], [9594117, 0.7608847821700764], [9634284, 0.8090076558104975], [9634295, 0.7994719377878848], [9634446, 0.7709073365926387], [9691327, 0.7925916816317805], [9691990, 0.7604204076373746], [9695199, 0.690310170045777], [9758012, 0.7205774112164846], [9759157, 0.7125883852689037], [9760106, 0.7083995936454309], [9785257, 0.737738705545904], [9792654, 0.7267425807683876], [9808721, 0.774391873683943], [9810116, 0.7647102079036638], [9810119, 0.7542394627554806], [9821112, 0.7696319648327861], [9824791, 0.7615798127766523], [9839822, 0.7869843261369459], [9839829, 0.7335184710553613], [9861030, 0.767543292048699], [9863437, 0.6683548593444825], [9886548, 0.7801348777130692], [9887415, 0.7434984007915646], [9893720, 0.7735692135296184], [9901699, 0.8224645480187481], [9904546, 0.8071523879501667], [9912303, 0.7452652297116408], [9912644, 0.7345485069684993], [9932975, 0.8083102308716871], [9933000, 0.7841837014963308], [9941659, 0.828109052522948], [9945518, 0.8044286925668518], [9947995, 0.7886321794868528], [9950886, 0.7997149782596025], [9955627, 0.8560608182783808], [9955630, 0.8062787252258307], [9961735, 0.8866949768548913], [9962804, 0.760047930261527], [9965547, 0.7239724252268104], [9965548, 0.6911765121535067], [9974861, 0.8294370927884703], [9975428, 0.7962889163027734], [9975471, 0.7405759247689676], [9977234, 0.6098397537366202], [9981901, 0.7373121426124016], [9982794, 0.735388693241023], [9984529, 0.7509645282548048], [9988434, 0.7612744168940244], [9989675, 0.7315304079929386], [9990310, 0.7510992105917763], [9991811, 0.8459954053652958], [9991926, 0.7561143916290396], [9992767, 0.7023625415808847], [9994028, 0.7906365354988977], [9994035, 0.6300692274243272], [9994542, 0.6620183541665262], [9996083, 0.7633181429371321], [9996178, 0.7078793662919168], [9996457, 0.7527157606815903], [9996654, 0.6862401775380591], [9996871, 0.6806455358113853], [9997312, 0.7857500750509956], [9998117, 0.7617061270747716], [9998118, 0.6740058702509087], [9998511, 0.7144762190986329], [9998818, 0.7937222914620589], [9999329, 0.6705995537084575], [9999338, 0.6296728121033999], [9999607, 0.9942233597942154], [9999614, 0.9133413401982968], [9999773, 0.9258495223431403], [9999776, 0.9144992895710723], [9999783, 0.8205878713699076], [9999794, 0.5825598320234654], [9999929, 0.7947191617746253], [9999942, 0.6483581391210692], [9999965, 0.9358368973462321], [9999968, 0.7526922071049218], [9999969, 0.5878459556271103], [9999986, 0.8121686400884099], [9999990, 0.4910161571344016], [9999999, 0.8757334624988643]]}