{"seed": 928126014, "N": 10000000, "alive_speed": 0.900106509002658, "non_threatened_speed": 0.900106509002658, "survivors": [[2544, 0.8369552281768136], [7243, 0.8078776346051488], [6354908, 0.7539265598111642], [6383079, 0.7416424056453368], [9981976, 0.7367742513622425], [9999325, 0.6742594449929689]], "still_alive": [[8490, 0.7342594818061545], [103799, 0.7317153304702653], [799154, 0.7403716195709237], [799205, 0.7279853316492232], [1076664, 0.7347813717103993], [1573385, 0.7585096771388468], [1653758, 0.7533351781895611], [1841253, 0.7657105116839846], [2364624, 0.7700027932590696], [2733993, 0.7731084134044106], [2733998, 0.7606658897948213], [3035919, 0.7635062779073037], [3397450, 0.7539723765879703], [3767977, 0.7643358079684355], [3998000, 0.7594955297979662], [4268723, 0.7701613611329318], [4271290, 0.7624580839775364], [4359737, 0.7717393547581717], [4375834, 0.7250482196012811], [4898593, 0.7933640132494754], [4952954, 0.7894490748807654], [4953131, 0.7768421116182458], [4962766, 0.7465166387176297], [4963467, 0.7387662802795519], [5018738, 0.7172003906219759], [5506625, 0.7457110772951387], [5876456, 0.7953697613900207], [6163337, 0.8035823064409686], [6164760, 0.7933920897937509], [6196809, 0.7652471775054474], [6196886, 0.7402583128999014], [6323389, 0.7558026328198776], [6369439, 0.7488179605313772], [6380380, 0.7496763532875685], [6383080, 0.7266838386880042], [6404053, 0.7277048097288179], [6404058, 0.727175943999786], [6432619, 0.7068621482550619], [6739298, 0.7644147096692471], [6852155, 0.7653259154350064], [7045758, 0.7488278406544827], [7045767, 0.6910263905837335], [7288402, 0.7480407613322638], [7408777, 0.7805404850143455], [7408910, 0.7576078385509538], [7423261, 0.7527429000819842], [7528228, 0.7825978797162081], [7528461, 0.7730869451182418], [7529310, 0.7249617082591365], [7615671, 0.736626742460943], [7696900, 0.700521042901845], [7696939, 0.6997355556408938], [7952410, 0.7386240322091696], [8039933, 0.7385478793071799], [8112268, 0.7493773894428897], [8123351, 0.7286252227011074], [8123584, 0.7226036365403277], [8171015, 0.7327864589625959], [8342640, 0.7849738359312555], [8353113, 0.7853508875966959], [8353208, 0.7707859609715991], [8357071, 0.7470398221026067], [8439068, 0.7527921143598327], [8529799, 0.7584286523013692], [8529810, 0.7571699485465607], [8529895, 0.7416850450994432], [8586842, 0.7649487046557268], [8594603, 0.7276237897727114], [8599258, 0.7140609640170139], [8890797, 0.7880822637932998], [8894558, 0.7531332271684414], [8955721, 0.7499493749232671], [8956894, 0.748003863774624], [9060127, 0.7451654423998216], [9163154, 0.8035931832916023], [9166301, 0.8039026867217516], [9189024, 0.7954836270353252], [9203591, 0.8049343791654942], [9204538, 0.791269213734128], [9204547, 0.7869431192620605], [9214486, 0.7791416913533498], [9214521, 0.7683248681869926], [9227958, 0.7442951766529008], [9235453, 0.7306681888898708], [9280954, 0.7672998999374784], [9282345, 0.7320146753630612], [9302786, 0.748284877353814], [9358989, 0.7821902597642116], [9360428, 0.7774131083304273], [9377345, 0.7875326765506873], [9377468, 0.787284313324617], [9377471, 0.7799943918631569], [9416464, 0.7231779484325285], [9438877, 0.7459402163272674], [9552972, 0.7244062077702591], [9561873, 0.7245596120118539], [9619198, 0.8007361996956447], [9678741, 0.8114139397802567], [9682300, 0.7199191237444593], [9682301, 0.6655407936009595], [9720930, 0.6768195431811342], [9768589, 0.7417100636455536], [9768762, 0.7335132158575357], [9776427, 0.73163652303783], [9776720, 0.7065369968518667], [9794235, 0.7523961894343482], [9814478, 0.8160196181076863], [9818509, 0.7829666522899384], [9818932, 0.7491463563030952], [9820493, 0.7315407930862116], [9832032, 0.7786841457500314], [9833839, 0.7408455460967078], [9858494, 0.8300673329942427], [9859495, 0.7569317528607232], [9874972, 0.8250312231945843], [9875299, 0.732803388652767], [9877932, 0.7392120489351427], [9893759, 0.8343052852748015], [9893760, 0.8014929789721971], [9900717, 0.773606247534373], [9902262, 0.7650114251073652], [9917545, 0.8725116232113621], [9919390, 0.77494514861356], [9931291, 0.8582630955239107], [9933076, 0.8431572423490851], [9933087, 0.8345227271853142], [9933236, 0.7471236633069159], [9942493, 0.8305367044255498], [9944320, 0.7983357683618431], [9947819, 0.7475693917471851], [9951058, 0.7454441731990938], [9951103, 0.745899401775465], [9951348, 0.7486567935317583], [9964031, 0.7729210028583], [9970712, 0.8362069012312595], [9972747, 0.6878927010090646], [9973570, 0.6850468187337315], [9974953, 0.7065931393970267], [9975538, 0.7142987029803358], [9976273, 0.7032736048785783], [9979378, 0.7740842205305556], [9981903, 0.7469301906309004], [9981977, 0.7297689994670241], [9982206, 0.623353449529363], [9982343, 0.5880988174233709], [9982582, 0.5937174238162709], [9987601, 0.7992076635480582], [9988628, 0.7214660308362718], [9989183, 0.724668438081555], [9989188, 0.6718648401417253], [9991097, 0.6952498951702385], [9994004, 0.7220096374626755], [9994137, 0.6787786865122454], [9995806, 0.7286926020219826], [9995977, 0.6018290300135655], [9998498, 0.9255731721452607], [9998499, 0.7765889761968027], [9998542, 0.6778589684663919], [9999323, 0.7537149888279068], [9999324, 0.741440375356535], [9999516, 0.6665215672690162], [9999565, 0.6854657858203044], [9999672, 0.7562103139140689], [9999717, 0.8261806296914682], [9999776, 0.9057468050809082], [9999777, 0.3351059624322824], [9999930, 0.8656852291952855], [9999959, 0.7863963366307752], [9999970, 0.38073333779251495], [9999989, 0.6886640940891164], [9999990, 0.2907860831103225], [9999997, 0.6284933575649322]]}