{"seed": 483722188, "N": 10000000, "alive_speed": 0.9471304033036837, "non_threatened_speed": 0.9471465995089156, "survivors": [[170, 0.9471465995089156], [187, 0.9374839855581983], [190, 0.8579733858370036], [385, 0.83152133008074], [1616, 0.8098552864286561], [1639, 0.801422793761465], [271844, 0.7597434275347931], [9345615, 0.75856059175485], [9984892, 0.7519238776797901], [9998151, 0.7183889512828647], [9998332, 0.6651853131531152], [9999157, 0.5883663179379846], [9999844, 0.5874073589828465], [9999905, 0.5731026092676236], [9999922, 0.5713938131325744], [9999999, 0.12960139989732433]], "still_alive": [[322615, 0.7397346116472526], [643334, 0.7347486493130372], [1038513, 0.7473443974180748], [1076332, 0.7321329224500924], [1791471, 0.7496337981007921], [2367064, 0.7998957874413885], [2440751, 0.7965381961363327], [2550816, 0.7620716447987608], [2662773, 0.7677155648998659], [2762470, 0.7515290581631874], [3731653, 0.7729471182796833], [4103862, 0.7910009184904548], [4109483, 0.7777736325194274], [4199546, 0.7785542040372411], [4201397, 0.7343548475321262], [4369694, 0.7475767164626669], [4759123, 0.7926683075054395], [5022714, 0.7411484123466062], [5178631, 0.7383715355955172], [5451558, 0.7383315481846218], [5677345, 0.7351592074229591], [5804412, 0.7479986897024065], [6113983, 0.7877329785767232], [6116924, 0.7815880688901954], [6181085, 0.742620861383744], [6548556, 0.7808072944458988], [6548595, 0.771959339527891], [6659938, 0.7792231278614152], [6672001, 0.7804504798927883], [6767378, 0.7900534295357012], [6872675, 0.7861789804205657], [6998784, 0.7647343135348144], [7000229, 0.7525897066229742], [7049278, 0.7435244227359228], [7095451, 0.731583844741047], [7175948, 0.7413476603042638], [7296741, 0.7529937353201936], [7516512, 0.77118347503986], [7580079, 0.777956713813228], [7580080, 0.7720053600958183], [7595621, 0.704493686069588], [7595632, 0.7038507001967281], [7885443, 0.7676482519544251], [7885446, 0.756822793594663], [7885879, 0.7523275389808415], [7887120, 0.7495764028879637], [7903015, 0.7498186218292718], [7913488, 0.7254738368900434], [7965471, 0.7419845884150682], [8104078, 0.7645453685558153], [8137407, 0.7629129982316181], [8151350, 0.7479309665419579], [8151763, 0.7324753175047747], [8152356, 0.7148452289175854], [8201201, 0.7188332658302824], [8393806, 0.787002094322802], [8428845, 0.8026744770309603], [8434232, 0.7443021087378989], [8498429, 0.7723480272709873], [8511586, 0.7482051388089159], [8636935, 0.7850088957043564], [8825998, 0.8388130454371302], [8839627, 0.8052234837273551], [8843980, 0.8050452417236938], [8939691, 0.7436685769625804], [8941596, 0.7088897296840673], [9094451, 0.806995400032873], [9104736, 0.8089277766718072], [9154911, 0.797539695289253], [9193474, 0.733141760869896], [9229857, 0.7473653576873445], [9340764, 0.7615172168568405], [9406260, 0.739089139497705], [9443305, 0.7399591921315949], [9453086, 0.7460606583023063], [9453087, 0.7362430908753125], [9457984, 0.7042992756861423], [9478931, 0.7186215152359047], [9484254, 0.6937194072845896], [9558983, 0.7883355489992875], [9576398, 0.7793988790343898], [9592423, 0.7102442716487186], [9595820, 0.7015824295897142], [9633767, 0.7649689170157022], [9643632, 0.7751954475162517], [9643813, 0.7111919090286173], [9692838, 0.740304540090602], [9730301, 0.7309519982860722], [9730434, 0.7209998499920206], [9764617, 0.8132830169849521], [9764852, 0.8045182930583802], [9765761, 0.7904683882179719], [9769850, 0.7837675241776704], [9769869, 0.7651475498934395], [9772424, 0.6910754979689437], [9803149, 0.770219204623715], [9804474, 0.652539541851595], [9832863, 0.7314037973739487], [9833126, 0.7288244723898112], [9833271, 0.7173182198823107], [9842512, 0.7564258754563202], [9850889, 0.7939024589375329], [9859474, 0.757274680379678], [9876453, 0.7654766843004218], [9882346, 0.7784076797109675], [9888857, 0.7617709254569178], [9891756, 0.769300006224125], [9895699, 0.7742725927765158], [9895702, 0.7368948651436609], [9920103, 0.7912387674481156], [9924760, 0.7783298988819813], [9931483, 0.7181027565933304], [9931570, 0.7166826513993982], [9944669, 0.8756296218669228], [9944670, 0.7748852007611768], [9945693, 0.7678273089844213], [9950156, 0.7583718650508237], [9953481, 0.7626729259496287], [9953490, 0.7342652724335722], [9956583, 0.7841681185105771], [9956584, 0.7678357387144211], [9956959, 0.7435858264938001], [9960202, 0.8003679567617615], [9960647, 0.8005312409107229], [9962598, 0.8186887260457512], [9968729, 0.8717170532232895], [9968730, 0.8544100133217732], [9976097, 0.7753890768384457], [9978618, 0.8175909716844333], [9978631, 0.7097666261214108], [9981836, 0.8042999328987859], [9984697, 0.8640610657599201], [9987823, 0.6462456480741775], [9987960, 0.6172760527579918], [9990975, 0.7644108404110548], [9992406, 0.7129895505357473], [9993079, 0.7277414910327716], [9993892, 0.7752017366167694], [9993927, 0.6881256408391209], [9996708, 0.7110902283452497], [9996807, 0.6121372181641276], [9998150, 0.7540719769608134], [9999182, 0.5820315412808061], [9999185, 0.5279414344634901], [9999236, 0.5091429224447106], [9999447, 0.627664518003549], [9999622, 0.8327181557704335], [9999631, 0.8303197269681566], [9999632, 0.7378941665216586], [9999635, 0.5881209180230035], [9999690, 0.6493699554177736], [9999835, 0.7046701975867175], [9999931, 0.506208966225175], [9999944, 0.5161763785915566], [9999949, 0.564341705567167], [9999966, 0.840824399213146], [9999979, 0.4990975873918402], [9999992, 0.8643190268047357], [9999993, 0.6898148856512861], [9999996, 0.6941799520750015], [9999997, 0.842044145239933], [9999998, 0.6061431962641867]]}