{"seed": 483722388, "N": 10000000, "alive_speed": 0.9083601697113483, "non_threatened_speed": 0.9083875121727305, "survivors": [[300, 0.9083875121727305], [315, 0.900598470686138], [336, 0.8470689734799927], [330885, 0.795474547523509], [375310, 0.785705196429742], [498349, 0.7675323062902994]], "still_alive": [[527800, 0.748526031793305], [593125, 0.744794898447588], [593128, 0.7415477161118816], [596347, 0.7270486516075395], [857832, 0.730326162550575], [1648713, 0.792719023568067], [1949858, 0.8166812996834464], [1973931, 0.7924519162773747], [2034178, 0.7801167526066927], [2293337, 0.7679031429792539], [2531650, 0.7789901064497725], [2589955, 0.7844997237896592], [2991640, 0.7996488404199982], [3126571, 0.7786176447753761], [3166076, 0.7524614557337189], [3171987, 0.7340523779886291], [3235168, 0.7050179019685209], [3794873, 0.7555957974728608], [3936606, 0.7674306929440934], [4282887, 0.804294835847681], [4492518, 0.7274017679047582], [4885481, 0.7613585169586942], [5003096, 0.7675209320526155], [5003109, 0.7517943431620494], [5321046, 0.768844114482227], [5456177, 0.7452926778950538], [5456212, 0.7248542472426005], [5947009, 0.7671800607148214], [6022974, 0.7732581063500754], [6146431, 0.7531333849112651], [6237844, 0.7381900280198433], [6500755, 0.7644342775546827], [6567656, 0.7531121829381898], [6584095, 0.7376290134898569], [7090830, 0.7673412708764467], [7330089, 0.7451807654869473], [7440046, 0.7652495237864135], [7474117, 0.7738420150383135], [7558236, 0.7645031107743709], [7591543, 0.7074127961749485], [7725786, 0.7488506126102917], [7864185, 0.7770425170801022], [7891312, 0.7838930449961766], [7892923, 0.7275026023653901], [8016572, 0.770255087544527], [8016577, 0.7554914650788043], [8098292, 0.749813683534015], [8142445, 0.7616830188672652], [8234864, 0.8006984053661171], [8242401, 0.7964316418320455], [8292028, 0.7837199475576476], [8392339, 0.7314035225317167], [8407638, 0.7191551557996329], [8621285, 0.732435282865735], [8843024, 0.7911145786342288], [8867267, 0.7791331715393094], [8867268, 0.7539676665799712], [8867393, 0.7102248096944886], [8931560, 0.7490809754969471], [8935103, 0.7264228217021851], [8935136, 0.7128349973790462], [8972369, 0.7303661895930749], [9008938, 0.720545386579567], [9101865, 0.7877764373679811], [9109274, 0.7542166367403923], [9121785, 0.7635357461055239], [9147406, 0.7672074363671645], [9206669, 0.7634979890447886], [9229172, 0.757394096668622], [9230925, 0.7378577052930624], [9289758, 0.7918055336187877], [9320553, 0.7845346798685316], [9325982, 0.7737766322434478], [9325993, 0.7554134941761123], [9353322, 0.7788583953222922], [9354825, 0.7701631147989169], [9498820, 0.759004715190702], [9517531, 0.7417394449342679], [9539748, 0.7282865534121271], [9604989, 0.7635592588398337], [9609036, 0.7503517259921206], [9651131, 0.8154022205256888], [9652934, 0.7351045116698682], [9697387, 0.755591096066153], [9727810, 0.8192176956095126], [9789661, 0.7736905748839543], [9790006, 0.7717111024741461], [9790009, 0.7557142209141137], [9803774, 0.7875658861605944], [9817833, 0.7426552788481915], [9817838, 0.7264714876164662], [9837685, 0.7663523675216731], [9850152, 0.8019922574847909], [9850153, 0.7942465007667575], [9852550, 0.7920283041013112], [9855557, 0.7479780309709352], [9870862, 0.771713786349002], [9872579, 0.7739227763319193], [9873066, 0.7569856762288759], [9887907, 0.741966374181743], [9915172, 0.8567170645011027], [9915179, 0.8011694141650965], [9925452, 0.6802695483982182], [9936371, 0.7321530431953308], [9944702, 0.728776310944362], [9945555, 0.7098143411809117], [9946168, 0.717053091206263], [9946169, 0.6883601873359837], [9952492, 0.7096828204259937], [9952693, 0.6818917649327648], [9959776, 0.7359915405321609], [9960227, 0.7363480652923923], [9960284, 0.7043920122473578], [9960297, 0.6993414052054474], [9968602, 0.7842406701728445], [9971945, 0.8254343511993325], [9973200, 0.7181230408634751], [9978895, 0.8173795102308185], [9980184, 0.6825940263657962], [9983343, 0.6784954841440185], [9987072, 0.8434077436990928], [9987203, 0.8151345856559984], [9989398, 0.7315033715759965], [9989401, 0.7259911085351649], [9992548, 0.8578452145600169], [9992845, 0.8162002284451202], [9993346, 0.760452460063056], [9993347, 0.7324267214377836], [9994034, 0.8120360064848434], [9994057, 0.7838795113010084], [9994208, 0.7927077799880397], [9995025, 0.8791172997333685], [9995724, 0.6298086256702118], [9997645, 0.8364931669150423], [9997646, 0.8099347583403177], [9998043, 0.8703743816601703], [9998056, 0.696492867653473], [9998249, 0.6694975626011651], [9998680, 0.7922660768391703], [9998905, 0.7530798999787012], [9999090, 0.8261577547384255], [9999259, 0.7881629005226929], [9999364, 0.8942251322943578], [9999381, 0.6708512471718336], [9999794, 0.9680748854436239], [9999821, 0.7272108948907902], [9999864, 0.8318776465761937], [9999919, 0.973270064214254], [9999956, 0.9124012781477813], [9999957, 0.7605599425191097], [9999960, 0.5259591490943757], [9999975, 0.6795722387313284], [9999990, 0.11478088009649401], [9999999, 0.9250807375554506]]}