{"seed": 483722257, "N": 10000000, "alive_speed": 0.8668514818204159, "non_threatened_speed": 0.8676367797912753, "survivors": [[9050, 0.8676367797912753], [12399, 0.8195602556330124], [9990964, 0.7162684686042495], [9992895, 0.6821042833346296], [9999434, 0.6153380948944855], [9999999, 0.5871284291516542]], "still_alive": [[19048, 0.7523814291270385], [19223, 0.7298011593307417], [1006380, 0.7499898108942638], [1653241, 0.8059683134525918], [1731724, 0.7407470680812576], [1939163, 0.7520968011735211], [2322160, 0.762738496341964], [2322679, 0.746657101486139], [2338100, 0.7414444770671567], [2373717, 0.7379054690321589], [2392764, 0.7207558970843462], [2808871, 0.7558454445239322], [3395824, 0.775460430733934], [3445023, 0.7682932535610203], [3445634, 0.7668806935097088], [3445635, 0.7377329955759023], [3459012, 0.7376905853417057], [3847927, 0.762848438832029], [4068454, 0.7600350779849969], [4096029, 0.7232300387970654], [4200442, 0.7277676210282269], [4722165, 0.7940472212462512], [4739574, 0.7708444192192477], [4740073, 0.7677638379534029], [4775654, 0.7321380771329035], [4781939, 0.7296724198034262], [4881376, 0.740487229422571], [5256775, 0.7731831434462764], [5330858, 0.7676237343883505], [5344679, 0.7661183344090797], [5493518, 0.7801858468824131], [5506109, 0.7745651895821597], [5507376, 0.7240167762739851], [5514657, 0.7246348285918458], [5521216, 0.7205748777803374], [5804809, 0.7679411839773099], [5855974, 0.7674461854101486], [5890743, 0.7212502247577227], [6112592, 0.7550895187258203], [6287517, 0.7630030192239002], [6292622, 0.7611037348984393], [6321575, 0.7291805606710616], [6337652, 0.7187818796925343], [6801909, 0.7483036470836015], [6843168, 0.7577155261767382], [6930463, 0.7532627145765791], [6935132, 0.7378942165232175], [7155441, 0.7713825617048337], [7165566, 0.7700589951532375], [7182855, 0.7725639141330978], [7214222, 0.7702575451536229], [7233307, 0.7637988094532236], [7245974, 0.7460951654729624], [7637975, 0.8326905287509272], [7916024, 0.75976144392857], [8046119, 0.7821642499272281], [8091354, 0.759191448681222], [8379827, 0.7883070287378605], [8385118, 0.7740990266394654], [8422469, 0.7817208052304975], [8422470, 0.7752841609465418], [8463169, 0.7648363881395218], [8470874, 0.7481373262689857], [8495203, 0.7166118654794673], [8567878, 0.747555979315888], [8640011, 0.7605006975952838], [8715174, 0.7469248284832176], [8731567, 0.7497593280798316], [8795656, 0.7807359589157575], [8829505, 0.783978241105285], [8829788, 0.7743785309201543], [8840595, 0.7815844341128966], [8883426, 0.7774252833496358], [8890779, 0.7822810539335083], [8890780, 0.7501663159662532], [8984569, 0.7632820064752087], [8988428, 0.7657443103535336], [8989261, 0.7137942487911312], [9173068, 0.7328056479359175], [9227313, 0.7265671426136492], [9245570, 0.7196298245247839], [9246053, 0.6919804586720082], [9329090, 0.7388285394927387], [9378267, 0.732012175296945], [9388626, 0.7357281058440972], [9407779, 0.708429086708038], [9442786, 0.744644292289685], [9476259, 0.7543162077403944], [9477642, 0.7405248503832937], [9529129, 0.8012184146419858], [9547986, 0.7629252588189803], [9564867, 0.7664335837197062], [9565074, 0.7453437360781691], [9616953, 0.8326191700811527], [9634670, 0.8197311644897028], [9635829, 0.7580633130242602], [9660752, 0.7163914219566829], [9674083, 0.7365309858004704], [9679976, 0.6929328452993057], [9680267, 0.6803960964222396], [9716842, 0.7533150491345225], [9716843, 0.7428298514382581], [9717160, 0.7234509028397301], [9781651, 0.7461035391612912], [9781724, 0.7266884841902934], [9783013, 0.6954142644358591], [9816230, 0.7644637306521198], [9816265, 0.7563718431629637], [9841132, 0.7484109561278168], [9844159, 0.7299809390123799], [9850016, 0.7552009012475365], [9870247, 0.7453222890488832], [9871724, 0.717479957699539], [9898179, 0.8118093306229989], [9900182, 0.77374417884045], [9901247, 0.7548678072236785], [9921354, 0.8151764683725814], [9922601, 0.8121243015009185], [9926944, 0.8138169511209731], [9927089, 0.745306338518229], [9929734, 0.7523669802596004], [9932769, 0.775070542842228], [9933210, 0.77362144760582], [9933211, 0.7548913611835231], [9944880, 0.8309933336983859], [9944881, 0.8170347945875557], [9945134, 0.7267147879745197], [9945161, 0.625688659476619], [9953242, 0.722246493716647], [9956759, 0.7682934502687512], [9962884, 0.7729314763675504], [9967733, 0.8845952838296791], [9968600, 0.8465430846523306], [9969417, 0.7493869034596541], [9974374, 0.8585736505593564], [9975595, 0.8210897719479283], [9975744, 0.7806508632763597], [9975811, 0.7815832895740098], [9976392, 0.6930666856911121], [9976657, 0.6548940284824447], [9977234, 0.5855519684989455], [9980941, 0.6904380209280379], [9984670, 0.6806139786595578], [9986389, 0.7417510950446026], [9986606, 0.7194738599695378], [9988389, 0.7972901567425095], [9988576, 0.7916543292754528], [9989127, 0.7767910156330323], [9993408, 0.68732993825243], [9993409, 0.6652184875699085], [9994274, 0.7088442453761927], [9994519, 0.6533760312361914], [9994970, 0.673762708093263], [9995661, 0.7796537720445621], [9995830, 0.7813734673469773], [9996575, 0.867937013811687], [9996584, 0.7884769524301586], [9996901, 0.8014712354801822], [9997162, 0.7217639385716527], [9997217, 0.7252381196856628], [9997418, 0.7473520717881861], [9997783, 0.7106708092331636], [9998046, 0.6808212767308146], [9998431, 0.7077151850944996], [9998958, 0.9532661942449201], [9998973, 0.921632453501288], [9998980, 0.9092379065135969], [9999001, 0.8378895720330871], [9999002, 0.7466062233669154], [9999037, 0.7086897881097156], [9999312, 0.8776528165963009], [9999327, 0.8404130335646751], [9999471, 0.6096575369762102], [9999650, 0.7273728327710086], [9999687, 0.7618854022131178], [9999694, 0.6924633350930205], [9999695, 0.6181656179253124], [9999810, 0.8081517362068601], [9999821, 0.6315692191255333], [9999844, 0.3893536675131418], [9999889, 0.5156633759492756], [9999890, 0.4726745648655004], [9999923, 0.5802197481278256], [9999970, 0.9915926272502326], [9999971, 0.9025966475686866], [9999972, 0.8812041104606706], [9999977, 0.4780213427123282], [9999984, 0.6359153957295156]]}