{"seed": 928126155, "N": 10000000, "alive_speed": 0.8182538915311757, "non_threatened_speed": 0.8201087312631896, "survivors": [[22616, 0.8201087312631896], [404607, 0.7982318576139621], [1039498, 0.7798375968217707], [1246779, 0.7661563207558579], [1495380, 0.7558786366513948], [9998251, 0.6984131479724941], [9999974, 0.5457923837286156], [9999979, 0.42906492503892346]], "still_alive": [[489444, 0.7438131993056322], [935401, 0.77805384456881], [1535799, 0.752815649697927], [1666274, 0.7485100872797933], [1981781, 0.763274403801548], [1981794, 0.7596268230964521], [1993473, 0.7419280908188622], [2000134, 0.7420225805547369], [2129021, 0.7443646476016572], [2352692, 0.7657728097523143], [2407791, 0.7427251386338439], [3028180, 0.7439966679364173], [3368641, 0.7579926478536034], [3891348, 0.7464494788116472], [3927211, 0.740015522134546], [4012502, 0.7387203778400472], [4035201, 0.7331021192515562], [4538478, 0.7866097162223459], [4648875, 0.7611402425458842], [4701856, 0.7487392824186936], [4763767, 0.7456238615245854], [4766218, 0.7434559094157385], [4810133, 0.7477806857439341], [5598270, 0.8100364323814276], [5600115, 0.7999671801912126], [5631876, 0.7766242988363959], [5715611, 0.7538932006049336], [5885226, 0.7797073405723389], [6012531, 0.7520996747609449], [6170172, 0.775281727961605], [6170573, 0.7596769069545084], [6238574, 0.754294014269042], [6401943, 0.7612121845648357], [6401944, 0.7542229816641755], [6699417, 0.7504641039111295], [6752512, 0.7574800082993527], [6847583, 0.7691723847246367], [6911402, 0.7762979227367673], [6916205, 0.7472519450119204], [7065672, 0.7795060011833506], [7066225, 0.7374425603982587], [7116364, 0.7400804288864049], [7310097, 0.7707027964999402], [7406236, 0.7832794459545113], [7410049, 0.7624333507702374], [7411180, 0.7534191013188792], [7427117, 0.7510316661675822], [7492500, 0.7085860511936521], [7732559, 0.7528617348765568], [7734856, 0.7450473341782949], [7770625, 0.7500455986251513], [7770676, 0.7371169336774234], [7828961, 0.7194425445549715], [7907068, 0.7406847614808978], [7969539, 0.7567569905258086], [8020348, 0.7550884103911429], [8029191, 0.7584236146564548], [8257186, 0.7857610766953296], [8262629, 0.7556840994591771], [8266972, 0.7440244203163888], [8279141, 0.7436989448075279], [8285654, 0.7367327600442903], [8351819, 0.7451075977365983], [8510348, 0.7826657363171703], [8510373, 0.7628534133936518], [8510382, 0.7029613479815326], [8570593, 0.7062378645298201], [8801088, 0.7546702158121411], [8995141, 0.8243116250199104], [9046310, 0.7986947992525723], [9046549, 0.7603216550042439], [9047022, 0.7494236228201651], [9054579, 0.685647790706196], [9256304, 0.7354020236150243], [9306421, 0.7620385395842223], [9316728, 0.7394892493959766], [9332671, 0.7043229254849047], [9421276, 0.7442099464415621], [9427435, 0.7509231339070148], [9430418, 0.73339855893748], [9430445, 0.7289137750566027], [9512126, 0.7295197410754837], [9524219, 0.7371897800771581], [9538228, 0.7559405419398323], [9546337, 0.7583713390674639], [9581202, 0.7409428832883322], [9624743, 0.7458551148359428], [9624744, 0.7051390866339866], [9637843, 0.7298646053977903], [9662882, 0.7811680693416949], [9662933, 0.7735623566631626], [9680786, 0.7150505149635373], [9680851, 0.6874951162405736], [9680858, 0.665170869520551], [9709085, 0.7239591349068782], [9724648, 0.7424375863529311], [9735863, 0.7354062649916784], [9759010, 0.772285590416507], [9764693, 0.7642570971914303], [9764820, 0.7308789893194715], [9764835, 0.6956163858819253], [9767086, 0.6785135838625127], [9772763, 0.6881068476167844], [9811460, 0.7822408324829133], [9817611, 0.7986238688342903], [9818754, 0.8018598953795013], [9833227, 0.7211750079843882], [9849292, 0.7518201251669667], [9855767, 0.7847296612147724], [9858716, 0.7314864726260422], [9871009, 0.7413720669499824], [9879384, 0.791963963006212], [9879409, 0.7427622515558099], [9879418, 0.6974020882302817], [9892487, 0.7470500620329767], [9893218, 0.7326789217366648], [9910205, 0.7993024867336007], [9910358, 0.7577505652622178], [9913185, 0.770807666082097], [9913704, 0.7533048939150202], [9919835, 0.7765824920592512], [9922012, 0.794581278552676], [9922481, 0.7923342384316947], [9922608, 0.7905152468351547], [9926083, 0.7855500562162945], [9935312, 0.6837039593418707], [9946311, 0.802089281249243], [9950408, 0.831096581702971], [9950979, 0.77987959389387], [9956674, 0.6632826805548766], [9963087, 0.702415562710556], [9963506, 0.6858180768989348], [9965201, 0.6823913023096417], [9967256, 0.6872951549315631], [9971237, 0.7773305100923933], [9971238, 0.7401532556839612], [9974315, 0.7731399822355997], [9976388, 0.7596690842749122], [9976921, 0.7262767078510656], [9976926, 0.7137971087530509], [9980573, 0.7229512090096838], [9984012, 0.8094163882317865], [9984189, 0.7971912709180363], [9984888, 0.762600802822663], [9992001, 0.9883485163610966], [9992018, 0.7298437277691927], [9992849, 0.7591718840859256], [9993458, 0.7427205639524884], [9993541, 0.7195809113728636], [9994084, 0.7562406214856098], [9995843, 0.8552892063777068], [9996296, 0.7544427506261103], [9997349, 0.7481775457596662], [9997352, 0.7333341041460126], [9997635, 0.6435443175546728], [9997722, 0.6636064329041159], [9999286, 0.6500882465450825], [9999287, 0.635152768438712], [9999372, 0.7049358383158586], [9999749, 0.7961645633746676], [9999750, 0.6026099341453364], [9999823, 0.7209369544459425], [9999856, 0.8555289082510186], [9999875, 0.9504602365089623], [9999878, 0.9586511290323168], [9999899, 0.8545214477981625], [9999900, 0.8579642723121804], [9999939, 0.6840730021030176], [9999942, 0.6148491835927479], [9999967, 0.8782679402171665], [9999980, 0.33438319869622724], [9999997, 0.8581534162635317], [9999998, 0.43596934184315406], [9999999, 0.8350367426657523]]}