{"seed": 483722360, "N": 10000000, "alive_speed": 0.9383829974075568, "non_threatened_speed": 0.9383911614098446, "survivors": [[86, 0.9383911614098446], [89, 0.8869072743065014], [5116, 0.8811547281716758], [25971, 0.8322565849111258], [118418, 0.7852169934845088], [119845, 0.7677902157131298], [1067800, 0.7618628474712934], [8062805, 0.753953691328482], [9968742, 0.753780187498962], [9998207, 0.7000850577510781], [9999984, 0.6151194132768666], [9999999, 0.42446806659044245]], "still_alive": [[119850, 0.7333647416609184], [1066147, 0.7817221624286927], [1437557, 0.752534973239374], [1753252, 0.7593995902986883], [1798609, 0.7595842417605897], [3409584, 0.7475487077629701], [3825239, 0.7420546693018096], [3825614, 0.7414640201377876], [4485225, 0.7896332630296626], [4486916, 0.7797350209834447], [4487599, 0.7587501099909583], [4532890, 0.7631184386915197], [4538451, 0.7618460195699124], [4539074, 0.7616451051829509], [4834589, 0.7559524060632002], [4912860, 0.7152640553639358], [4916591, 0.6981244499169887], [5312294, 0.7369112533111253], [5653717, 0.7778978389841036], [5730486, 0.7848924042443499], [5799499, 0.7616619624931016], [5990764, 0.7772289933599381], [6207083, 0.7950452269648961], [6223052, 0.7451716049579955], [6392703, 0.7459478704400924], [6556826, 0.7615741295615642], [6570181, 0.7480057541713764], [6993908, 0.7545159170878385], [7084003, 0.7509150734883568], [7178764, 0.7714990138633379], [7224145, 0.7595288749586667], [7260314, 0.7508812298549241], [7265517, 0.710333544039684], [7627116, 0.7039923039905962], [7636209, 0.7065998858547357], [8049240, 0.7711370419479423], [8062229, 0.76109572744927], [8062778, 0.7587753522006444], [8068792, 0.7258312696061537], [8068793, 0.7183794781294833], [8262478, 0.7673208113889998], [8262679, 0.7178226115369106], [8432888, 0.7711372705555589], [8487639, 0.7373614340340111], [8568890, 0.7495167529350121], [8583665, 0.7428760448211011], [8614308, 0.7247038143183085], [8775265, 0.7760900029142674], [8793224, 0.7821334739808106], [8839985, 0.8043972218194944], [8890900, 0.826512636287172], [8950469, 0.862185119772242], [8950470, 0.8574077652728864], [8976335, 0.7488274215931268], [8976406, 0.7472429816690188], [8979535, 0.7078215454208162], [9116838, 0.7630715240175245], [9124811, 0.7593456192363153], [9124814, 0.7564344250853494], [9140323, 0.7483883885004771], [9188144, 0.7846184702350633], [9214939, 0.8052256015686705], [9247282, 0.7459622361266539], [9355187, 0.7592899594661632], [9357754, 0.7602860191096754], [9357755, 0.7346478474122975], [9405410, 0.7611222046536177], [9422507, 0.73450220093184], [9424258, 0.7312158232374412], [9424301, 0.7226853599058762], [9450384, 0.7484641193996239], [9453455, 0.7401847006289047], [9455906, 0.7434663299666497], [9535553, 0.8689067882658759], [9535762, 0.8637363775767394], [9553683, 0.7948599247250667], [9553710, 0.7591619505127525], [9576453, 0.7680325701056759], [9648218, 0.7599266165371522], [9650689, 0.7264283711005022], [9652574, 0.7202788286993227], [9737147, 0.8204295015564675], [9738346, 0.8168438258034288], [9757953, 0.7314484933861297], [9781872, 0.7196899686099703], [9793839, 0.7235934392637313], [9793844, 0.6962143487596903], [9819739, 0.7246461820990924], [9838848, 0.7418814567343212], [9842177, 0.7252055802880533], [9882830, 0.7608419415206144], [9882839, 0.7603125945555518], [9915970, 0.7594477925777504], [9916413, 0.7583592514963934], [9919440, 0.7006837223821224], [9924951, 0.7004649535501108], [9940992, 0.7658760614533499], [9945089, 0.7566182703561268], [9950642, 0.7431366877581257], [9956401, 0.7230105724822131], [9956420, 0.7223899298077482], [9958185, 0.7484837734420278], [9960002, 0.7771743178566348], [9962989, 0.7648718226350546], [9965068, 0.7771598795884681], [9965399, 0.7699479952415454], [9965404, 0.7652709026480577], [9968741, 0.8056377198872868], [9968743, 0.7308055531876849], [9968970, 0.6925046822220078], [9969857, 0.6751439942701489], [9973594, 0.7537271764639327], [9973629, 0.6758990571994262], [9973680, 0.6713630188908676], [9980529, 0.8824258215289785], [9980532, 0.8258992699534053], [9980973, 0.8079158582111532], [9981182, 0.7362308802900017], [9981775, 0.6942472505949416], [9985742, 0.7333416982292238], [9986477, 0.6506582049259384], [9987700, 0.6991931237451589], [9987701, 0.6916266047851745], [9990240, 0.7685256402275813], [9992853, 0.8400353291805616], [9993338, 0.7824627278904576], [9993861, 0.799386057863845], [9994096, 0.8191580489709133], [9994155, 0.6795867883300087], [9994292, 0.6495660873345177], [9995487, 0.7520998021639325], [9997266, 0.8540725960295168], [9997365, 0.773456059331999], [9997386, 0.7469733682875145], [9997669, 0.7034571396343109], [9998198, 0.7230253582959293], [9998210, 0.6050524103730998], [9999117, 0.6462919587697736], [9999398, 0.6673742109689113], [9999705, 0.8856248553850149], [9999706, 0.6447606824080475], [9999771, 0.8049600145802737], [9999772, 0.6723417273030317], [9999815, 0.8133047317646299], [9999836, 0.6064753506569125], [9999869, 0.7334821174767386], [9999892, 0.5644435529168991], [9999979, 0.733413649214439], [9999982, 0.7849993467394613], [9999983, 0.7290133070817048]]}