{"seed": 928126149, "N": 10000000, "alive_speed": 0.847954877342574, "non_threatened_speed": 0.8499297119183542, "survivors": [[23732, 0.8499297119183542], [31107, 0.8019395508598438], [39356, 0.7862613960540762], [89635, 0.7859813337460545], [8004422, 0.7535945381308494], [8005753, 0.7500676801907283], [9739456, 0.7429966207259929], [9905331, 0.7261538070171033], [9998152, 0.7106011434266682], [9999983, 0.5513804960139962], [9999992, 0.4307779852842385], [9999993, 0.40487252508793237]], "still_alive": [[93860, 0.7767986807752518], [325605, 0.7893815003298349], [335968, 0.7745343542296174], [338837, 0.7524911857942526], [467450, 0.7467230492371228], [1468665, 0.7833740676382869], [2074496, 0.7467633601112987], [2188967, 0.7545468782150014], [2318828, 0.7406252626897866], [2327009, 0.7406796993044932], [2608044, 0.7562975716419132], [3070095, 0.8002814541469806], [3105410, 0.7871184292391478], [3128545, 0.7551658662878421], [3491440, 0.7611568263154562], [3491491, 0.7326421562709098], [3927122, 0.7735258875158301], [3974771, 0.7690077661306086], [4569082, 0.768683999891833], [4602607, 0.7731143130482845], [4651718, 0.7767466762984512], [4659497, 0.7460964151337425], [5040184, 0.7408030751619824], [5059311, 0.7183259456187042], [5299104, 0.752060496843055], [5371189, 0.7596739994620977], [6128628, 0.7818819111433308], [6151205, 0.77642498833297], [6151218, 0.7646759645374626], [6182491, 0.7636621879974202], [6222280, 0.7671248831527988], [6262225, 0.7669920255801043], [6265128, 0.742320461905265], [6468551, 0.7402479577865454], [6490268, 0.7354945015567974], [6508611, 0.7265271413687031], [6595280, 0.7364700859500962], [6763327, 0.748488552800348], [6893226, 0.779074853271592], [6894523, 0.774833265857256], [6985062, 0.7780771971206079], [6987331, 0.7572460612801332], [7028108, 0.7353578359058948], [7215309, 0.7820226909718632], [7226544, 0.7573455794923097], [7355399, 0.7379821069005914], [7355400, 0.7339574796513965], [7364309, 0.7329046331804537], [7400642, 0.7378161704437105], [7548779, 0.7662983680688235], [7548856, 0.7543798644049768], [7736983, 0.7514021904790102], [7943560, 0.801563314984074], [7943565, 0.7640656612827268], [7943620, 0.7594028119467562], [7950227, 0.7592748714596744], [8005754, 0.706750713802738], [8005757, 0.7067266029951007], [8237384, 0.7244049449360844], [8404003, 0.7488322510524765], [8461086, 0.7267382558796964], [8480013, 0.7264326208493485], [8492952, 0.7310809520219177], [8495367, 0.7130248848601649], [8495488, 0.6989913430376086], [8671125, 0.7618502197334991], [8706976, 0.7222785291990469], [8730519, 0.7274471875725796], [8810786, 0.7495682128777672], [8834747, 0.744841015192361], [8914008, 0.7946279623444336], [8922751, 0.7788945112131894], [8943580, 0.7708000466225708], [8966099, 0.7545534557863492], [8966974, 0.7412745988188131], [9017939, 0.7522630432992082], [9190384, 0.7942832170188703], [9190855, 0.7839539860274725], [9193614, 0.7667815758761009], [9201429, 0.7332563166895211], [9237594, 0.7128582505455027], [9252651, 0.7114329402612493], [9252654, 0.6740603006208065], [9257681, 0.678366911614108], [9257682, 0.67484345193838], [9257687, 0.6705995380681754], [9292470, 0.7030495811078215], [9296295, 0.7053655629212102], [9327396, 0.7329970839171276], [9353713, 0.7622524333955334], [9428834, 0.769017189982832], [9439445, 0.7468358438583969], [9446066, 0.7520584255798458], [9471969, 0.7490094109266129], [9471978, 0.7401505220156517], [9481255, 0.7472283575606652], [9520726, 0.7953076584009187], [9530311, 0.775121229414226], [9534224, 0.7572900931839205], [9534543, 0.7215924140106299], [9536550, 0.6992836392062608], [9566551, 0.7089409837473332], [9584616, 0.7042352265202421], [9641213, 0.7327350796147761], [9656990, 0.7542467495966352], [9675879, 0.7646875457742298], [9676350, 0.7413853680665653], [9704115, 0.7423142279445148], [9724970, 0.7411380941554206], [9735347, 0.7685567212148158], [9743861, 0.7408473947675477], [9744058, 0.7320792540086963], [9756131, 0.7432445408233963], [9757732, 0.6988039846550168], [9772151, 0.6640581185419568], [9866788, 0.8136178563161154], [9870699, 0.775802194544066], [9883946, 0.7772636266748162], [9885311, 0.7780846223078454], [9900100, 0.7438844917632343], [9903315, 0.7464237552768016], [9903324, 0.7461381282026687], [9905332, 0.7114767515746226], [9916177, 0.7768532633141244], [9917492, 0.7886004600489902], [9918293, 0.7279703901497876], [9922978, 0.7529405156081357], [9927567, 0.7991645328307801], [9929300, 0.7738757464636845], [9931069, 0.782026922737805], [9937378, 0.6667287009116885], [9945747, 0.703740794411573], [9948526, 0.723106486711937], [9952051, 0.762831950278666], [9952054, 0.6918952916223907], [9953379, 0.7103903997363532], [9958580, 0.7788086828549761], [9959225, 0.7409028667291139], [9961836, 0.7007631344615213], [9973713, 0.838329624989885], [9974656, 0.7241567967492474], [9974795, 0.7016054682643755], [9977052, 0.7331396267427202], [9979447, 0.7919207937300009], [9983272, 0.7796465770774559], [9986033, 0.9191856107474407], [9986034, 0.8431495081852347], [9990055, 0.8873292091102754], [9990092, 0.7490345722583652], [9990537, 0.7495732536332377], [9991054, 0.7756940994499839], [9991075, 0.7024570839787656], [9992874, 0.7743622155229342], [9993009, 0.7351904007303397], [9994962, 0.8152624790983236], [9995095, 0.7365978357362504], [9995300, 0.6776045792354939], [9995427, 0.6905174432633816], [9996396, 0.7648804792930304], [9996407, 0.7645771871415291], [9996448, 0.6637760290179754], [9996469, 0.5299345779727294], [9998102, 0.78711414309991], [9998103, 0.7609649687057237], [9998153, 0.683786659510325], [9998500, 0.7185220744875127], [9998573, 0.7178326377691141], [9998586, 0.6150034274449628], [9999131, 0.6364635955033513], [9999478, 0.9869466314593377], [9999507, 0.9434406818545447], [9999508, 0.7883413550908135], [9999611, 0.6919541459734927], [9999678, 0.783035982202249], [9999701, 0.7605711275715082], [9999710, 0.7710114684631441], [9999829, 0.6536657954813541], [9999844, 0.6719659153690959], [9999913, 0.8600246516022979], [9999922, 0.7531867031905244], [9999933, 0.6041637022349403], [9999972, 0.6855144598755797], [9999994, 0.4348459912231156], [9999999, 0.9601204198847885]]}