{"seed": 483722376, "N": 10000000, "alive_speed": 0.8124246230266272, "non_threatened_speed": 0.8124246230266272, "survivors": [[44034, 0.8102790576367904], [44559, 0.775715951868339], [2166094, 0.7586160757069339], [4259391, 0.7473053213741931], [9955556, 0.7415792874597906], [9979001, 0.7300787444542869], [9979002, 0.7234195464006108], [9997045, 0.6758210241388533], [9997086, 0.652120984755928], [9997291, 0.6474392570104502], [9999998, 0.2775576730224194], [9999999, 0.2692429222969225]], "still_alive": [[196256, 0.7649595532680965], [444057, 0.7663903296822525], [444058, 0.7579592042734076], [469289, 0.7298862994036013], [617150, 0.7399315244669208], [755709, 0.7431951222136396], [1317054, 0.765054408590611], [1699123, 0.7812113330427284], [1699184, 0.7784110426089651], [1722347, 0.7716899794096771], [1722374, 0.7594663802574306], [2076309, 0.7848736460206935], [2191021, 0.7512672385811879], [3727296, 0.7514811998879047], [3837923, 0.7530270426414694], [4064666, 0.7563334979906311], [4240087, 0.7701570190622542], [4240106, 0.7543367791034369], [4292638, 0.7241791610675615], [4348439, 0.7297042957987556], [4654668, 0.762195074461923], [4655197, 0.7382517817728464], [4668570, 0.7323245008716339], [5144841, 0.7308311924786611], [5440922, 0.7750490982006826], [5461845, 0.7480746564953473], [5461904, 0.7385117649454116], [5468141, 0.7147581510504436], [5601428, 0.7042067690473917], [6280803, 0.7466995613096327], [6298602, 0.7319881759149048], [6388793, 0.7439001741435862], [6477214, 0.7617232975722958], [6477369, 0.7548816357350693], [6489808, 0.7541130511557712], [6519489, 0.7411090304350264], [6998774, 0.743648284918609], [7228871, 0.7947187123899512], [7245968, 0.790799457195134], [7281757, 0.799653552731544], [7527910, 0.7487011734963769], [7538141, 0.7364000625781949], [7613364, 0.7524387296971587], [7712003, 0.7497972094236919], [7850130, 0.7651334598991232], [8049745, 0.7636697955426616], [8049796, 0.7559069698216647], [8113951, 0.7759016888526384], [8114126, 0.7481761984838288], [8460165, 0.7605642067656521], [8537400, 0.773029324583606], [8630231, 0.7847031992163205], [8784856, 0.745560258280498], [8784947, 0.6849269883987225], [8840544, 0.7127825978846172], [8982839, 0.7567416289296776], [8988686, 0.7563650848717955], [9016781, 0.7361383803435793], [9040270, 0.7522706384777665], [9068019, 0.7292887444387516], [9180796, 0.7422349976849574], [9209053, 0.6904914684410772], [9209592, 0.6896247050728471], [9334345, 0.8116726936409501], [9397614, 0.8245306087533929], [9398467, 0.7595904142093141], [9399734, 0.7458605354837297], [9400179, 0.746215106460303], [9517560, 0.8388064399508434], [9517561, 0.8053009137761675], [9517580, 0.7788496677570792], [9563839, 0.8053351864491047], [9588690, 0.763410871276924], [9629777, 0.7489583137903795], [9635062, 0.7571473494742612], [9636905, 0.7545394929359316], [9637560, 0.7205648013446152], [9646145, 0.6973688165868442], [9690062, 0.7777980411280738], [9690069, 0.7742243188316348], [9705230, 0.7529152662733614], [9759753, 0.7052495155708164], [9767846, 0.722111657481148], [9786689, 0.7758637074243827], [9788290, 0.7505293891405854], [9800797, 0.7915544716248377], [9819186, 0.8322447802446452], [9819221, 0.8134994131720594], [9819222, 0.7485782103297319], [9855411, 0.7580085280912384], [9856638, 0.7466657334970546], [9857859, 0.7483063543488743], [9881938, 0.7774281441400305], [9887053, 0.7422488138427386], [9910236, 0.8420853982792366], [9930633, 0.8044043416693702], [9937182, 0.7640011317925085], [9937237, 0.7316991813981337], [9937298, 0.7244944700148451], [9945727, 0.8266815081921991], [9945728, 0.7922632810955869], [9945821, 0.7770607255567816], [9947208, 0.7143866667979817], [9950879, 0.7364109683774721], [9955785, 0.7409679654818342], [9955802, 0.7106924094175006], [9971847, 0.8128703429608903], [9974884, 0.7740021054841694], [9978647, 0.8429052180908742], [9978996, 0.7436344861703175], [9982719, 0.7378817790288329], [9984704, 0.75852470801486], [9985223, 0.7843274305991625], [9985448, 0.7922796417388105], [9985495, 0.7087447189843077], [9990290, 0.8206597125503357], [9991147, 0.6654657744162155], [9991150, 0.6474957651103445], [9992377, 0.7510464070492967], [9992564, 0.7666705861439937], [9993939, 0.7658357177634108], [9994564, 0.8354035364279491], [9994649, 0.8480604756695735], [9995190, 0.8390482970871576], [9995635, 0.7216569489742732], [9997026, 0.7982794222013574], [9997438, 0.6121217350376117], [9998215, 0.6265068553539197], [9998360, 0.6287681280192833], [9998509, 0.6652941057484135], [9998876, 0.67782519579282], [9999059, 0.611399143473751], [9999644, 0.8466492064202096], [9999645, 0.8290635405966196], [9999784, 0.800815634816684], [9999807, 0.7419346364143977], [9999854, 0.8780757720016084], [9999875, 0.6243372230834279], [9999906, 0.7985899070246968], [9999917, 0.8193816021008076], [9999964, 0.9665443393891942], [9999967, 0.8021023757989239], [9999970, 0.8105756115073609], [9999993, 0.6722961946303899], [9999994, 0.6565469117015545], [9999995, 0.7820599687660151], [9999996, 0.8433152696462526], [9999997, 0.8638742444126051]]}