{"seed": 928126030, "N": 10000000, "alive_speed": 0.9492707252283722, "non_threatened_speed": 0.9492717694272143, "survivors": [[10, 0.9492717694272143], [2629, 0.8250793683838231], [2682, 0.8106885268266397], [4989, 0.7589150823706271], [4992, 0.758659187719672], [1175785, 0.7477142466898905], [9917222, 0.7297301496432342], [9999611, 0.5415639345355849]], "still_alive": [[70083, 0.7590927438995067], [726638, 0.7791554929476937], [825189, 0.7843323656686569], [825206, 0.767284443806261], [841443, 0.7553796981766685], [886292, 0.7568757737952272], [1275718, 0.7440228980738225], [1307909, 0.7168922013958745], [1907940, 0.7555568616042304], [1908059, 0.7182338096529709], [2165782, 0.7113913625476797], [2165871, 0.7061517017540008], [2882040, 0.7656779063134475], [2975777, 0.7666068296463557], [2975908, 0.7579358818037203], [2976645, 0.7480803500368013], [3616170, 0.7918728915195017], [3662689, 0.7584628610319745], [3711774, 0.7459907496469658], [3753167, 0.7505884996538634], [3759226, 0.7467885858997872], [4132635, 0.7627114492546438], [4132678, 0.7455975407346438], [4532751, 0.777976672623379], [4565488, 0.7511291515635229], [4621245, 0.7474103919369566], [5219162, 0.784649811955008], [5358689, 0.7555545887889877], [5496952, 0.7407996329890528], [5759941, 0.7733210609950554], [5760966, 0.7731759572099406], [5802993, 0.7615303153993151], [5806152, 0.7379935151982829], [5838435, 0.7354473499525832], [5865842, 0.7345036991631206], [6212717, 0.7591089860780389], [6213622, 0.7422693696235292], [6393911, 0.7443681763373002], [6524868, 0.7699739580561441], [6545925, 0.762332261485941], [6944502, 0.7774568563993238], [7170329, 0.7332213728694043], [7171212, 0.7069238417979773], [7297705, 0.7210299353973275], [7302140, 0.6860256686231881], [7669323, 0.7912607329784959], [7726316, 0.7615417639250088], [7792669, 0.7496686908023773], [7815062, 0.7428409171746136], [8037575, 0.7864629736809942], [8064646, 0.745626555604197], [8095039, 0.748297501175972], [8116860, 0.7201476069339888], [8261865, 0.7652310353458174], [8268366, 0.7400316680295663], [8333657, 0.7413475590891372], [8488994, 0.7470845049212294], [8489521, 0.7253288297913477], [8637758, 0.7648766643678654], [8646679, 0.7320013217367618], [8919836, 0.7608814011073856], [8932041, 0.7380200594284918], [8936720, 0.7228389081087856], [9118551, 0.7832017713634509], [9119510, 0.7690034527159973], [9135829, 0.7709781441523726], [9176228, 0.7411728938168999], [9259069, 0.7544002382278604], [9342954, 0.7696234314288277], [9432441, 0.7369641235893383], [9464818, 0.7661928551754541], [9477349, 0.7584665796644952], [9499030, 0.7490585184451097], [9513161, 0.7487951586769162], [9538288, 0.7697713211630944], [9567433, 0.7886913024012029], [9570518, 0.7334230320120673], [9573001, 0.6815849763462399], [9587530, 0.6995303808469129], [9611873, 0.7151204756203835], [9625860, 0.7124626381742378], [9678401, 0.7604157683509777], [9678440, 0.760069824304298], [9682483, 0.7629359713788132], [9684824, 0.7231194185475968], [9688857, 0.7151246589909982], [9708340, 0.7218275911590657], [9732221, 0.7781032222947182], [9772950, 0.8165486008877292], [9779365, 0.7758008205015258], [9779412, 0.7712981984285805], [9781267, 0.7398037837609104], [9781306, 0.7381648717498785], [9789781, 0.7465565287610372], [9860362, 0.7804397673366494], [9876523, 0.7625278144980879], [9879110, 0.6937203775631542], [9886695, 0.7248581353266593], [9904342, 0.8065966839361999], [9904597, 0.8020405727948675], [9909600, 0.8162856029217644], [9909911, 0.7903730091694804], [9921329, 0.713757953726875], [9928622, 0.6712924705535601], [9931853, 0.6856605274271879], [9945196, 0.7930231976566674], [9945197, 0.7755915323618806], [9958790, 0.6982910979089137], [9960017, 0.6926662407750429], [9967730, 0.8035873602581454], [9968781, 0.7608518772754669], [9974600, 0.7826568419941458], [9975549, 0.786247594523151], [9978096, 0.752652133620088], [9979397, 0.7644056992172237], [9980048, 0.7618208358929665], [9982965, 0.6446337849252453], [9988038, 0.7736555448155942], [9993105, 0.796588554458735], [9994018, 0.7619762594723649], [9994875, 0.7328740957601751], [9996272, 0.7985219524750807], [9996549, 0.6676282938758613], [9996658, 0.6655504342499386], [9996659, 0.637982484508598], [9997652, 0.7095307777024845], [9998915, 0.7231581945865712], [9999266, 0.7369008294843312], [9999499, 0.8902319266033676], [9999524, 0.8501076816798048], [9999525, 0.7501763519348018], [9999542, 0.6842875504463692], [9999802, 0.6770475036104413], [9999809, 0.6931073537463275], [9999814, 0.6652592041128179], [9999867, 0.597279296984932], [9999920, 0.8971980246899558], [9999921, 0.851088875877498], [9999950, 0.8911663415835378], [9999953, 0.6642198847420812], [9999966, 0.8643304026450012], [9999993, 0.9730715250364558]]}