{"seed": 928126044, "N": 10000000, "alive_speed": 0.8179749474550065, "non_threatened_speed": 0.8179749474550065, "survivors": [[35260, 0.7875464527301459], [2059263, 0.7578354706835696], [7388350, 0.749534255613091], [7447461, 0.7425993286733897], [9991706, 0.7158904421519622], [9994097, 0.6793023508942795], [9994114, 0.6767345730136728], [9999971, 0.5572544370227371], [9999972, 0.46426014704043617], [9999999, 0.3099828827083372]], "still_alive": [[419447, 0.773103728497452], [641368, 0.7841338596418569], [1331361, 0.7775340522094901], [2000446, 0.7932280610884223], [2081956, 0.7480279886214568], [2081965, 0.7447677778154916], [2499320, 0.7769966724141221], [2502627, 0.7566301577364926], [2858954, 0.7808412270350911], [3333789, 0.8049172268996424], [3335126, 0.7719976902570884], [3731381, 0.7912700269464139], [3817906, 0.7573340292309368], [3817927, 0.7397669146850325], [4133874, 0.761246833245957], [4133877, 0.7241111094462651], [4147942, 0.7196140787981511], [4561919, 0.762858886034318], [4928966, 0.7650838623912258], [4929413, 0.7649274488353788], [4992682, 0.75849019847634], [5109453, 0.7758228526512375], [5214076, 0.7922108039538907], [5319049, 0.7839430445816736], [5319050, 0.7634053782472586], [5340257, 0.7364491204468121], [5476648, 0.7411230876383013], [5515339, 0.7443005867868748], [5755228, 0.7580618147773066], [5969903, 0.7677904905822532], [5970008, 0.7429293556410906], [6078257, 0.7560694885448815], [6290904, 0.7966559566765944], [6601913, 0.7590158887037236], [6855314, 0.7677613173444475], [6860087, 0.7566264785162315], [7085268, 0.7447728554789984], [7338719, 0.7606309939397501], [7499218, 0.7297983265159673], [7530643, 0.7377230847692013], [7533398, 0.7321450394688487], [7805553, 0.751804645295383], [7826618, 0.7438517269749381], [7863499, 0.7313416342166078], [7985770, 0.7330768814527923], [8092225, 0.7434373596948753], [8312382, 0.74493400264177], [8312619, 0.7365760841186488], [8548324, 0.7284541155217867], [8646027, 0.767470555401066], [8648664, 0.7513001132738587], [8649937, 0.751820606306445], [8654476, 0.7356179239406558], [8783529, 0.781798652623144], [8788254, 0.755926697260104], [8788321, 0.7500268519496843], [8791574, 0.7112078174773865], [8878897, 0.7353230904434306], [8927480, 0.7129197288911443], [8985505, 0.7276646770019367], [9071864, 0.7489569942318969], [9076229, 0.7410891156862857], [9117154, 0.7703592092660477], [9117157, 0.717900160367978], [9247222, 0.75600762905587], [9283293, 0.7582820054023217], [9391216, 0.7673909557720725], [9422113, 0.7494984100865294], [9429824, 0.7062136084477146], [9448987, 0.7260696903359246], [9450310, 0.7235462868562542], [9491261, 0.7792029136763654], [9491418, 0.7672356357836532], [9491545, 0.7323115839421459], [9598932, 0.7748141975069661], [9604751, 0.7328242203953428], [9627660, 0.7442046387139434], [9652313, 0.7706033867542086], [9702912, 0.8267498866325688], [9716105, 0.7196692947175888], [9716582, 0.7168409138810046], [9720643, 0.6913154010977243], [9759756, 0.7693828673338409], [9760159, 0.7326681275366418], [9781572, 0.7784503752345812], [9781647, 0.7643955056030806], [9781924, 0.7221975166853009], [9782025, 0.6956651066096368], [9782220, 0.6737528839268223], [9809509, 0.7170079221065733], [9826108, 0.7116328729961251], [9827391, 0.7029101957070003], [9848172, 0.7795347634203088], [9849821, 0.7604707218499305], [9864500, 0.8104362346592889], [9879809, 0.8222879540279142], [9879820, 0.7854579739468892], [9898151, 0.7274060296094483], [9902880, 0.6939711161652112], [9906649, 0.7122850840089008], [9919522, 0.7883846870817747], [9929055, 0.7717631420538242], [9929058, 0.7655952556117482], [9929191, 0.7222704814319715], [9930186, 0.7277652745742381], [9945549, 0.773578730583342], [9951432, 0.8666721024497462], [9955231, 0.7661545386591002], [9956930, 0.7214248753396596], [9961779, 0.7992252723132046], [9963890, 0.7551633122820592], [9964357, 0.6716383647360589], [9969388, 0.7687335074137456], [9971553, 0.8215741729600139], [9973336, 0.8539970113313908], [9975383, 0.8026636854498622], [9977704, 0.8790666912128239], [9978333, 0.8772156443473448], [9978910, 0.820242399813914], [9980781, 0.7930549728740081], [9981068, 0.8050468977379341], [9983099, 0.7231662438495554], [9986044, 0.8526536036821524], [9986253, 0.8091606004115117], [9986684, 0.8039446939449286], [9987053, 0.7241035668955822], [9991642, 0.775463131389317], [9991643, 0.7605931233518488], [9991713, 0.7037199912049549], [9992710, 0.7771794074627816], [9993163, 0.6800351176286424], [9993944, 0.7516636738500502], [9994755, 0.6829489889397148], [9994774, 0.6257693556697378], [9996395, 0.854235179075583], [9996406, 0.8011302448451318], [9996407, 0.6516612837033002], [9996772, 0.6621117495078267], [9997249, 0.7081314594872535], [9997634, 0.7924158867115408], [9998181, 0.6428488358124379], [9998814, 0.848951913201027], [9998841, 0.6581520138225573], [9998942, 0.6981724040056647], [9999329, 0.9657658526435712], [9999342, 0.7835310208254898], [9999383, 0.6553854411085313], [9999384, 0.5964310858130201], [9999553, 0.8175715842180136], [9999554, 0.7996043240690895], [9999555, 0.6463621287630456], [9999660, 0.7152096044768113], [9999707, 0.5494002541353007], [9999792, 0.5912608477115064], [9999841, 0.5777400561565559], [9999864, 0.5717495689443444], [9999917, 0.7013572784473102], [9999918, 0.5367539771652776], [9999955, 0.7626521142645037], [9999958, 0.7606279230726285], [9999973, 0.3620940624344603], [9999992, 0.6362803742941333], [9999995, 0.9142168061459882], [9999998, 0.9769780747923954]]}