{"seed": 928126041, "N": 10000000, "alive_speed": 0.9243288187322652, "non_threatened_speed": 0.924328911165147, "survivors": [[0, 0.924328911165147], [459, 0.8340935214471897], [478, 0.8213104399504372], [1985, 0.7895780707712668], [31362, 0.7584595449359223], [9465559, 0.7469876809432131], [9972264, 0.6977746682636342], [9999735, 0.6804852863146639], [9999748, 0.564248882121887], [9999999, 0.5048275552661281]], "still_alive": [[60935, 0.7435165017866555], [72888, 0.737892721968852], [819271, 0.7429595550109616], [819692, 0.7401021367456713], [865959, 0.7427774881047038], [1472702, 0.7626999200600961], [1834407, 0.7350953714983666], [1891224, 0.7236653554989836], [2349867, 0.7265776881988854], [2393362, 0.7297076188946882], [2756927, 0.7005255909131385], [3454930, 0.7364266819197661], [3775697, 0.7698653618945664], [3892106, 0.7416968283630891], [3959699, 0.7440744852587027], [4215296, 0.7549931609397356], [4224641, 0.7492820330050864], [4503490, 0.744614215001074], [5199967, 0.7513061018893407], [5393340, 0.7543075513193951], [5400221, 0.7518350188736402], [5739866, 0.7959859891497677], [5744025, 0.7665292087770567], [5791696, 0.7705025569925883], [6169565, 0.8149955423978621], [6174288, 0.7954149465923601], [6177507, 0.7706871788623282], [6177508, 0.7690053350163012], [6177525, 0.7565173012689661], [6283978, 0.772361314290339], [6314015, 0.7593179212724968], [6376506, 0.7684956585113399], [6393323, 0.7642164458764793], [6393966, 0.735375389175686], [6474415, 0.718055451179383], [6796554, 0.7891719011177382], [6796881, 0.7662833071428223], [6857612, 0.7752768697854725], [6857755, 0.7640891385072129], [7117836, 0.7985122663209145], [7117837, 0.7893812243873637], [7160812, 0.783623537667028], [7166501, 0.7596020986268218], [7253552, 0.7719226352973642], [7253555, 0.7688241577068756], [7299364, 0.7485562633369509], [7483065, 0.782004830550576], [7539402, 0.7639760236545178], [7622513, 0.7840369001527584], [7634698, 0.7560157899369507], [7658159, 0.7496508896122461], [7658646, 0.7398219112873649], [7721749, 0.7398202927688932], [7791382, 0.7565914919410843], [7886753, 0.7494856468785662], [7888144, 0.7290358585761595], [7913295, 0.7271502769213011], [7919100, 0.727553419233239], [7967943, 0.7247897462968389], [7967972, 0.7138289343547638], [8150697, 0.7752837053314583], [8245432, 0.8019124873921388], [8247727, 0.7887074743689212], [8441334, 0.8389021529093177], [8441743, 0.8176404006163386], [8449286, 0.8123069545577712], [8449883, 0.7135373614183218], [8478256, 0.717210389027593], [8478709, 0.7165650986221014], [8536258, 0.7400248362687162], [8672029, 0.7860463328290286], [8724660, 0.7580531769624105], [8725055, 0.7580051708096349], [8725902, 0.750230821717647], [8731497, 0.7505334172401557], [8733664, 0.7445059847961163], [8775939, 0.7446326273891112], [8776110, 0.7298342665927817], [8821669, 0.7323153172805003], [8926762, 0.7810861147550087], [9026175, 0.7921900056206111], [9026734, 0.7877692690404698], [9032859, 0.7652052951456438], [9055958, 0.7438164462298953], [9059471, 0.7462656711397111], [9083166, 0.7565507836843745], [9118033, 0.7580340903373458], [9158714, 0.7825357443799883], [9171495, 0.7941122670222989], [9172036, 0.7938623054759588], [9179001, 0.7744510988050287], [9179298, 0.7408612253153389], [9240699, 0.7485857639394851], [9277678, 0.7313863829003119], [9347559, 0.7522569923686437], [9349774, 0.7244792101073938], [9421061, 0.7617935315509319], [9421430, 0.7494407115317566], [9428181, 0.7516577156812686], [9440832, 0.7616535501044], [9471860, 0.7338591469029075], [9510377, 0.7716207402602163], [9511488, 0.7728015527731522], [9570577, 0.7884276439986619], [9570610, 0.7786167898332577], [9619979, 0.8189542497955002], [9622222, 0.7945820627412278], [9624137, 0.7980212267168546], [9625402, 0.7944149096586336], [9642927, 0.8169537182623385], [9643204, 0.7460090907966868], [9649135, 0.753525341704144], [9650310, 0.7315011405014844], [9661955, 0.7402350984541566], [9687350, 0.771255733013097], [9689859, 0.7337389906785574], [9729634, 0.8271699074383577], [9729709, 0.8149417328875681], [9733864, 0.7215480680020636], [9751659, 0.7522472619657335], [9753692, 0.7470555357937534], [9755749, 0.720754110677173], [9762564, 0.6958702277512309], [9800091, 0.7229000272712083], [9807918, 0.7437128104571301], [9820739, 0.7556527760815676], [9821430, 0.7485800416048355], [9829895, 0.7380696836014886], [9847722, 0.7474553594910437], [9863845, 0.8348296053550598], [9866526, 0.7700855628986258], [9882067, 0.7792255300656231], [9890408, 0.796988945954514], [9902673, 0.7702263465906971], [9910266, 0.8322757741842759], [9910503, 0.7054229713062613], [9931098, 0.8405875218711963], [9945137, 0.8037276046679384], [9945356, 0.8051645263686115], [9949809, 0.7063041475982856], [9952964, 0.7049640134881192], [9952965, 0.6912981621322578], [9964692, 0.8521844484996808], [9964727, 0.8500467795435482], [9964800, 0.8108109053214343], [9964815, 0.7781233554617383], [9964816, 0.7338764262422978], [9969469, 0.7453877778690078], [9969710, 0.73283868059509], [9972207, 0.742551078694808], [9972931, 0.6842365991915986], [9972956, 0.6734752317958983], [9978085, 0.8266584790778936], [9979040, 0.8307201894061325], [9979041, 0.6997237012437155], [9979150, 0.6674685051235846], [9980787, 0.7185731816608573], [9981904, 0.7472899650927513], [9982095, 0.6152515581662674], [9984618, 0.6379572790439454], [9985597, 0.6679678847426066], [9985600, 0.6578643654528323], [9987917, 0.7475594442625817], [9988874, 0.7228220499541261], [9988897, 0.7063283289095059], [9989686, 0.7220175214468814], [9990343, 0.7521389240826968], [9991080, 0.6781008196765378], [9993519, 0.915482565932233], [9993534, 0.786855434504153], [9994189, 0.6899377130609122], [9995644, 0.7207629625179934], [9995823, 0.710812299168695], [9995908, 0.7120188280657298], [9996263, 0.6930207964602361], [9996854, 0.720959506397168], [9997013, 0.6858222918585305], [9997076, 0.6783473955692378], [9997477, 0.7832019345102452], [9997660, 0.6828942315587927], [9997661, 0.6268627588560733], [9997812, 0.6596084651891404], [9997875, 0.6418409491447427], [9998574, 0.8737663504304636], [9998593, 0.8231517233541746], [9998662, 0.7657017502122149], [9999151, 0.9358419958761509], [9999194, 0.5049739280506989], [9999625, 0.9268726594325534], [9999646, 0.7770342966258021], [9999733, 0.9943767088703936], [9999734, 0.8135216144435357], [9999785, 0.6509705415596158], [9999866, 0.9846014167324246], [9999867, 0.7461742458826619], [9999902, 0.8400577992940138], [9999905, 0.6249463295576896], [9999968, 0.6531775918237507], [9999971, 0.6725937619388066], [9999980, 0.6760459408683152], [9999985, 0.5890120168334035], [9999996, 0.6118670654974709], [9999997, 0.7087218479301188], [9999998, 0.8684731461341544]]}