{"seed": 483722374, "N": 10000000, "alive_speed": 0.8423236013884438, "non_threatened_speed": 0.8423278972602902, "survivors": [[50, 0.8423278972602902], [5449, 0.8284182387725193], [5520, 0.8004475336412141], [7059, 0.7974425529343563], [7204, 0.7576817338683237], [9988153, 0.7269152074963456]], "still_alive": [[878867, 0.7587638585366286], [1118766, 0.7579406214237677], [1909931, 0.7601954907905539], [1939116, 0.7288874876536923], [2165307, 0.7341084227555772], [2840796, 0.7944821263298683], [2888409, 0.7840840481497191], [2938356, 0.7597504145395473], [3267749, 0.7787445123032645], [3269114, 0.7770505765958668], [3294399, 0.77327154782051], [3563650, 0.7950696327268039], [3671883, 0.7999860135197593], [3671926, 0.7948771770613228], [3798489, 0.7709178602012166], [4259820, 0.7127351622021306], [4710497, 0.7546096102764166], [4712748, 0.7526314126982635], [4713733, 0.7422887239130995], [4719312, 0.7401783033195167], [5085203, 0.7669079892309738], [5099390, 0.7590664803982271], [5391403, 0.764773123651977], [5396974, 0.765152476015189], [5513755, 0.7535002148871242], [5845784, 0.8050327374329365], [5855031, 0.7697997687720236], [5880438, 0.7743856578895012], [5890679, 0.7722358536458951], [5896564, 0.7699392611944083], [6045689, 0.7706519656186724], [6128240, 0.7709468779556784], [6132199, 0.7381222100444748], [6171002, 0.7403345178761248], [6299247, 0.757917969580375], [6310872, 0.7559199488719003], [6314837, 0.7295870418119541], [6493296, 0.7659388489528643], [6562813, 0.770933318196683], [6566920, 0.73300597443741], [6951191, 0.7750778916446024], [6960154, 0.7707785097916581], [6984185, 0.7723390202977028], [7150600, 0.8133356468183829], [7362521, 0.7954418946481777], [7362836, 0.7832102840140006], [7364029, 0.7775775294481928], [7489800, 0.7643665825204148], [7740715, 0.7487144587143658], [7747204, 0.7499087275296216], [7943943, 0.7482033413574383], [8052892, 0.7859785114068116], [8059693, 0.7742821069027194], [8225608, 0.772965757045582], [8234811, 0.7483070083985525], [8262954, 0.7534121414244256], [8288685, 0.7614631683780558], [8476312, 0.8105192171221508], [8497731, 0.7982357366768122], [8497908, 0.7776591825274126], [8512815, 0.7589491958427264], [8572482, 0.7695740792995929], [8599675, 0.7324747662674166], [8646724, 0.7493545257632722], [8653811, 0.742396512136573], [8653854, 0.7011628193873262], [8788185, 0.7646461936610806], [8790436, 0.7177107263051428], [8915683, 0.7629214494817449], [8923044, 0.7156765175783776], [8923049, 0.7047434720993729], [8948580, 0.7189444881715948], [9041811, 0.7709046542237005], [9041816, 0.7218992672896027], [9105625, 0.7577447998473281], [9166536, 0.7700193123840312], [9167031, 0.7672815953627852], [9201378, 0.7654120550246144], [9226209, 0.7546100583794909], [9263036, 0.7447775135016536], [9272681, 0.7278462805721988], [9375944, 0.7699715403830367], [9376037, 0.7017889139846519], [9454366, 0.8008527366397428], [9493299, 0.8076181389035414], [9496592, 0.7347197243269267], [9539077, 0.7877375110333804], [9542080, 0.7827503824554564], [9545951, 0.7830673226214467], [9546228, 0.7819314614678214], [9561667, 0.7512172294495476], [9596512, 0.7375751024214602], [9597119, 0.7333970780402645], [9618412, 0.7603072482841614], [9626751, 0.7668407152738054], [9668942, 0.8171344922674707], [9700265, 0.7846354677434876], [9737976, 0.7200156051991229], [9765455, 0.7522251310620625], [9787458, 0.8274466008552462], [9788289, 0.7432279627000469], [9805022, 0.7545349396831452], [9808327, 0.7191286995789965], [9808346, 0.7140874321858363], [9823899, 0.7590406077324655], [9824002, 0.7241968939546533], [9877181, 0.8567154035360242], [9878798, 0.8262293252227781], [9878801, 0.7887881592407734], [9885180, 0.7319621169687672], [9890205, 0.7533626298416205], [9899728, 0.7644721377855088], [9904301, 0.7660380703820074], [9904302, 0.7216316410252368], [9908255, 0.6970109392436099], [9925356, 0.7306023300422053], [9929313, 0.7275579088365782], [9929754, 0.6850178441383408], [9934273, 0.7032208798403976], [9943600, 0.7502468296365663], [9943605, 0.6385551957058901], [9962074, 0.8335068176376317], [9962537, 0.7872431943153559], [9962538, 0.6252561138255107], [9967729, 0.6919186148625208], [9969688, 0.7052789099853729], [9971775, 0.7306133200739839], [9973336, 0.7028881360921895], [9974279, 0.7173978356805419], [9974304, 0.714744539051063], [9978483, 0.8380898125331182], [9980638, 0.8494751753107237], [9981027, 0.7625371869239328], [9983598, 0.8374955485172982], [9986335, 0.9090663323532469], [9986336, 0.8943367004359764], [9986343, 0.8649014484869143], [9986344, 0.8396641048416235], [9988127, 0.8079697222383911], [9988128, 0.7893876460714137], [9990004, 0.6267246492333336], [9991331, 0.6481935231152425], [9993004, 0.750576593118301], [9993299, 0.7808696828382825], [9993556, 0.7046831835858052], [9993653, 0.6973136662974108], [9993654, 0.6931423884323349], [9994343, 0.6601099819802909], [9995010, 0.671268233153505], [9996085, 0.633526441041306], [9996600, 0.6821488915497259], [9997233, 0.6804923887192216], [9997336, 0.6902839780271912], [9997343, 0.5844933403900853], [9997348, 0.5620964796428373], [9997625, 0.627412384158008], [9998370, 0.7842375073789233], [9998381, 0.765075717895264], [9998520, 0.7334710344531824], [9998965, 0.5444779030787176], [9998966, 0.5225880924381647], [9999001, 0.538327412517884], [9999084, 0.5828944001270924], [9999351, 0.7383505802056225], [9999352, 0.5716239897166514], [9999607, 0.7535957286996311], [9999698, 0.652373539719192], [9999813, 0.8595023697037925], [9999814, 0.8541225178614725], [9999855, 0.6952040937948024], [9999878, 0.600775711268499], [9999927, 0.6415033139774576], [9999962, 0.5795912695123395], [9999969, 0.6915091958670995], [9999990, 0.35393174563587915], [9999997, 0.887727331336885]]}