{"seed": 928126240, "N": 10000000, "alive_speed": 0.8024083338697064, "non_threatened_speed": 0.8025379437346586, "survivors": [[1614, 0.8025379437346586], [334711, 0.7993973465883928], [369578, 0.7963744846740354], [469533, 0.7759589262608881], [1215762, 0.7660132912773685], [8483541, 0.7576841348401817], [9906756, 0.7364165834510557], [9911121, 0.732869029950017], [9999604, 0.682262478956449], [9999769, 0.6190361813310058], [9999788, 0.5972879632521675], [9999999, 0.13034827082851186]], "still_alive": [[469656, 0.7428752360621642], [672655, 0.7528738146946445], [672796, 0.7310135172165736], [1209829, 0.7718486968592214], [1227085, 0.7424433755557012], [1514936, 0.7580871411912848], [1525477, 0.7555458969209904], [1704136, 0.7398724514390821], [1886701, 0.743949898250611], [2151108, 0.7404147412383797], [2515647, 0.7722357859332442], [2538426, 0.7630755190477773], [2790707, 0.7357965086671077], [3034430, 0.7603185815453247], [3034547, 0.7507413944076615], [3136376, 0.7190801243732788], [3374413, 0.7189289052892169], [3391906, 0.7120964465339477], [3561465, 0.7303244777260179], [3895394, 0.7600631648784726], [3919471, 0.7627806839690017], [3935324, 0.7559563203523256], [3937327, 0.7310065172101288], [3982816, 0.7212617910734944], [4350713, 0.7663425138870184], [4372302, 0.7474080602777496], [4428355, 0.7470200530114519], [4683394, 0.7531803237339644], [4807343, 0.7470761384357854], [5298030, 0.7580178532026488], [5696231, 0.7642209357117404], [5696232, 0.7569951692683807], [5696717, 0.7302244641096134], [5696786, 0.7156010591772579], [6036121, 0.7752410981187676], [6238552, 0.7254121654532453], [6316747, 0.7189870139471864], [6408424, 0.7302620527302255], [6501259, 0.7379148808912391], [6553604, 0.7487979703659322], [6870087, 0.7656674220614833], [6870094, 0.7586691698569468], [6896279, 0.7046319247011652], [7123176, 0.7591667468604749], [7172403, 0.7617511689900498], [7173348, 0.7207159423182964], [7384165, 0.7553915697490835], [7475572, 0.750857950194529], [7506713, 0.7586407720298876], [7623828, 0.7933969521960764], [7635401, 0.7504018461119639], [7649730, 0.740197313073422], [7679611, 0.7459868410843087], [7941934, 0.7968273425857711], [7943935, 0.7826735438377148], [7943944, 0.7823751651568497], [7980245, 0.7954354176862833], [7980370, 0.7918870926287854], [7980487, 0.7872193596440835], [7983490, 0.7870979196081993], [8018033, 0.7702720755167357], [8068420, 0.7646879808587183], [8167391, 0.7667082280778634], [8292938, 0.7839205857624966], [8293245, 0.7580237777947954], [8293318, 0.755181465636374], [8433199, 0.7922788953908874], [8459666, 0.7632960555135864], [8517064, 0.7168912198381666], [8620081, 0.7272767683396955], [8671648, 0.7546865489180788], [8673317, 0.7257481680557285], [8872846, 0.7493014859509517], [8872847, 0.7048048555367536], [8894868, 0.7053027737941754], [8968119, 0.7479094247434237], [9085730, 0.7739435896460239], [9098383, 0.776316752346099], [9098828, 0.7438919004688055], [9165379, 0.7561827498216595], [9165682, 0.7435965724574949], [9181283, 0.7140169250276609], [9261084, 0.7565422584339092], [9293917, 0.7835242437298745], [9293920, 0.7335672762418428], [9383347, 0.773911181580381], [9387328, 0.7444552683171558], [9425493, 0.793787181089972], [9473490, 0.7903403457716929], [9476357, 0.7572961924753636], [9476438, 0.7307724934165186], [9476459, 0.7264199293780077], [9478260, 0.693712237697823], [9534023, 0.7733067499213967], [9546776, 0.7455171069384934], [9588413, 0.7974338902083785], [9609496, 0.7806840906161902], [9609947, 0.7589753486646464], [9612148, 0.7632259834081361], [9627891, 0.7895894440302751], [9628846, 0.7834409072982913], [9644725, 0.7834610524433122], [9658682, 0.8081181910466039], [9678909, 0.8050557342307494], [9679766, 0.7879808550931996], [9689595, 0.7092810830262672], [9689726, 0.6912363472724089], [9690069, 0.6913113265199246], [9723356, 0.7588437879240563], [9724393, 0.7463916166917058], [9741340, 0.7420779545036836], [9777969, 0.8108339900199977], [9784354, 0.8060153295307882], [9802487, 0.7609322695734454], [9821910, 0.7093736178166857], [9854185, 0.8213669297028946], [9856736, 0.8113171427821361], [9868709, 0.7958858125225996], [9880402, 0.7779873105855285], [9885417, 0.7691184620535346], [9885418, 0.6915399293330484], [9892507, 0.706390313102985], [9900094, 0.7310354625005209], [9906527, 0.7369008226224111], [9911276, 0.7252196751365052], [9911283, 0.7157776817395427], [9930430, 0.7665491137345277], [9934903, 0.6549921656734913], [9947190, 0.6860372226892997], [9953913, 0.7701126465196484], [9954250, 0.7672358601638328], [9965137, 0.8845087960281555], [9965166, 0.6999296295762409], [9971353, 0.7649194663469552], [9971360, 0.75987240603822], [9978059, 0.7687352576667109], [9978798, 0.7164537649871294], [9980145, 0.7589473134512374], [9980156, 0.7226152638052455], [9985121, 0.7262034788407757], [9985336, 0.7120663071751321], [9986551, 0.7385796832809065], [9986622, 0.7129537630652637], [9990377, 0.7609718700875789], [9990852, 0.7899513609038089], [9991275, 0.7348847798583956], [9991276, 0.7280288656666959], [9993545, 0.9374511230009941], [9993568, 0.6509402885800325], [9994713, 0.7795480195848786], [9994836, 0.6874038381617346], [9994837, 0.5996171371851569], [9996122, 0.7790004305311194], [9997049, 0.7091514712136547], [9997194, 0.6848880373776772], [9997957, 0.7162894804640081], [9998260, 0.8356400588411884], [9998277, 0.6897860241075514], [9998648, 0.870051776434031], [9998789, 0.8118805866838729], [9998796, 0.8048451085540274], [9998797, 0.7029672258856347], [9998926, 0.7275763891649967], [9998969, 0.7359901233432729], [9999482, 0.7709522050704458], [9999537, 0.8358157929190404], [9999819, 0.5431913423700429], [9999874, 0.3686825199194399], [9999947, 0.7223414517449704], [9999990, 0.5554142843787547]]}