{"seed": 913, "N": 10000000, "alive_speed": 0.8494041027085065, "non_threatened_speed": 0.8494041876489168, "survivors": [[0, 0.8494041876489168], [1409, 0.8267719433054292], [3810444, 0.773361622837452], [4060071, 0.7557060069725324], [9219118, 0.7163244296258164], [9999759, 0.7000886000652405], [9999992, 0.4598468775682659], [9999999, 0.3147018389164954]], "still_alive": [[10412, 0.7834122627000575], [838149, 0.7861170256339213], [1447990, 0.7734794608403819], [1448003, 0.7711274586519863], [1448080, 0.7457650898401145], [1556235, 0.751600776855844], [1730068, 0.7223459747243417], [2302177, 0.7566023377209641], [2457930, 0.7580661689773934], [2684165, 0.7728883344470678], [2848670, 0.7717367396209407], [3570889, 0.8004094414776154], [3574752, 0.7954459394954166], [3576957, 0.7949572074605415], [4247866, 0.7456154072278766], [4247901, 0.7347788859903699], [4532430, 0.7629330756731189], [5083915, 0.7820991720962527], [5199964, 0.738543425788222], [5667779, 0.7809480584666002], [5941720, 0.758271582846457], [5941725, 0.7520523617125952], [6288318, 0.7790409746316683], [6288321, 0.7768136811780731], [6338264, 0.7607575476786796], [6405365, 0.7236529140438545], [6599188, 0.746926287328176], [6599659, 0.745405490097581], [6609942, 0.7314410436319562], [6689981, 0.7317690651767987], [6806258, 0.7576475734918621], [7092677, 0.7630467553682878], [7151232, 0.7514741452797492], [7369305, 0.785054752204953], [7395386, 0.7542810991616494], [7629269, 0.7650031057186618], [7640496, 0.7309715829902369], [7875425, 0.7851146449465747], [7911164, 0.7880162990569467], [7911299, 0.787374465622762], [7970848, 0.7768120001368124], [7977775, 0.7674446076184004], [7979782, 0.7559863852713465], [8177923, 0.7436350682180466], [8299466, 0.7664512167140218], [8371201, 0.7999616269706348], [8371240, 0.7931615478236794], [8371357, 0.7816764904921323], [8380028, 0.7515379112351129], [8389725, 0.7504071281091549], [8389744, 0.742286567138272], [8412661, 0.7521586254578466], [8459504, 0.7730081711462775], [8523891, 0.7366548612101185], [8580608, 0.7526683758047339], [8610101, 0.7518821854712927], [8615794, 0.739432916209873], [8617413, 0.7217279329337994], [8700694, 0.7354998010412048], [8732393, 0.7485676122861646], [8769416, 0.7429731138997584], [8892277, 0.7861352960531426], [8914600, 0.7469853778887048], [8921733, 0.7440990731414174], [8921734, 0.7431444760950995], [8957107, 0.757646391014709], [9008550, 0.7577976932227105], [9032361, 0.7402331331760743], [9038624, 0.7427935741849532], [9040319, 0.7340230694415687], [9156842, 0.7631998625359574], [9172815, 0.7673381084820258], [9220525, 0.7003752434539888], [9280606, 0.6847519481869274], [9351795, 0.7249074917573413], [9355852, 0.7152715210552355], [9428571, 0.783795821662004], [9430332, 0.7711331546228655], [9453831, 0.7806293998621525], [9453836, 0.7253314000359409], [9459357, 0.7113012671542137], [9460012, 0.71040177473664], [9553875, 0.7200589535518895], [9593126, 0.71235551589676], [9662743, 0.8083799416255721], [9673728, 0.8261705908304662], [9682645, 0.843302038008458], [9696044, 0.8040031915981805], [9696731, 0.7691130392525948], [9743344, 0.783072022728309], [9744133, 0.7514576552215938], [9764410, 0.7761808578244148], [9775267, 0.6835486798144271], [9776144, 0.6798477776943875], [9786733, 0.6926803173335281], [9787130, 0.6747716320047121], [9802465, 0.7175249645618827], [9834800, 0.7764262867382208], [9839641, 0.7866924104425503], [9846532, 0.7874841479240251], [9846657, 0.765983150192827], [9846702, 0.7597075853761309], [9848829, 0.7629428827523582], [9854748, 0.7901790300938919], [9859337, 0.7603866437713039], [9859430, 0.6927421338788505], [9859763, 0.6822524716542872], [9862252, 0.6620665363932328], [9893097, 0.7241686546441812], [9895516, 0.6945350763475224], [9895923, 0.6614185104514588], [9907410, 0.7432030303223658], [9907411, 0.7415590081721033], [9907424, 0.7282804559327424], [9909797, 0.7158741641093564], [9921706, 0.7583843902395386], [9942699, 0.7952293081258041], [9952254, 0.7908054553738693], [9960351, 0.7226089325784933], [9960352, 0.6879771783380063], [9965117, 0.7659026624644166], [9965440, 0.7503630901237593], [9965881, 0.7435138117919238], [9971516, 0.6797758256388833], [9971517, 0.6682018312823504], [9976084, 0.7345818782476679], [9978773, 0.8045404988464374], [9979060, 0.7228961525628591], [9979641, 0.7042801949898891], [9980958, 0.7158181661432821], [9983143, 0.7347659944035688], [9984650, 0.7721108496135329], [9985279, 0.7962326871578618], [9990916, 0.9410195560513134], [9990963, 0.9421776426952366], [9990994, 0.708932101674388], [9992653, 0.7443427940840595], [9993036, 0.7514520835666015], [9993957, 0.7556824334194211], [9994184, 0.6373025707340487], [9994575, 0.6020085124757764], [9995514, 0.6617879747735085], [9996409, 0.7226294334497875], [9996792, 0.7603064994935514], [9996797, 0.7406243256397265], [9997190, 0.7429209108803349], [9998007, 0.670699158138221], [9998384, 0.6850936569647326], [9998387, 0.6406701041722334], [9999000, 0.7220212971277655], [9999019, 0.6656619438989898], [9999122, 0.6821648658445381], [9999163, 0.5982675078709564], [9999164, 0.5937135393606474], [9999581, 0.8575605001660425], [9999608, 0.7841491320950301], [9999715, 0.7523709520766895], [9999740, 0.7268514884876773], [9999770, 0.6236830296480842], [9999869, 0.7237035266845268], [9999900, 0.8230732563141335], [9999905, 0.8654505526342869], [9999912, 0.8745919315683087], [9999913, 0.7162864133908321], [9999920, 0.562106388682434], [9999921, 0.5662742099523331], [9999928, 0.3788243360983359], [9999961, 0.5620467429876796], [9999970, 0.6135199677401244], [9999983, 0.9720463025193146], [9999984, 0.9077997502046011], [9999991, 0.6020753270718031], [9999997, 0.6254841950186238], [9999998, 0.6827223823893077]]}