{"seed": 483722391, "N": 10000000, "alive_speed": 0.9834983275646784, "non_threatened_speed": 0.9834986226142356, "survivors": [[2, 0.9834986226142356], [247, 0.8790032585044079], [730, 0.8494248897384356], [1043, 0.8397408629697924], [1136, 0.8341484438454212], [282643, 0.769746599782417], [1939734, 0.7571846499278192], [9559837, 0.7438848955614124], [9722442, 0.7331748608517235], [9742679, 0.7072541080632102], [9999750, 0.6372703463960571], [9999933, 0.5439100081943486], [9999940, 0.5174413563966234], [9999943, 0.4797349621287317]], "still_alive": [[6521, 0.763168101466979], [167176, 0.7691378309254413], [406782, 0.7470728677085805], [620051, 0.7638169362727905], [695460, 0.7531270296392382], [1085117, 0.7747338047626599], [2152149, 0.7386866153599314], [2160206, 0.7374063270173216], [2160471, 0.7309313356092345], [2539430, 0.7597959359375023], [2892345, 0.7870556878197071], [3081074, 0.778636779053204], [3149777, 0.7859238483138642], [3149778, 0.7516972385658215], [3294029, 0.746528373832255], [3954890, 0.7833795239129124], [4355621, 0.8367106484276222], [4383198, 0.7848981243877521], [4586597, 0.7778842496147197], [4601338, 0.7691197971343514], [4633695, 0.7610845168599167], [4675458, 0.764084358297766], [4703257, 0.7431420725998698], [4758172, 0.7348067109419374], [4984561, 0.737192839122954], [4984684, 0.7156453636826534], [4984687, 0.7115649992972248], [5025962, 0.7170024598209793], [5119375, 0.7066637250512827], [5123296, 0.7042767133883219], [5369963, 0.7380034296578265], [5623894, 0.7771039935521763], [5639485, 0.7735936556796487], [5639900, 0.7583637720138041], [5771983, 0.7414805703472995], [6122484, 0.761030299470151], [6289025, 0.761281133823621], [6480486, 0.8019524184025346], [6480561, 0.7466627099013438], [6734824, 0.7709551551162723], [6762353, 0.7553767366661129], [6762360, 0.741405735016761], [6796625, 0.7471155683556497], [6798726, 0.7379247194911823], [6882625, 0.744229910151428], [7086408, 0.7309710209455041], [7087707, 0.7209750443006364], [7371868, 0.7364148789570795], [7570991, 0.7194636705459329], [7782838, 0.7797006548486523], [7782869, 0.7747929157189265], [7803372, 0.7604892105751397], [8023541, 0.81064797775508], [8174710, 0.7830036345287782], [8230719, 0.7710498742300652], [8230800, 0.755449235838015], [8268085, 0.7590843238709095], [8356126, 0.7425057690985541], [8356875, 0.7316040568901486], [8443154, 0.7662002091628477], [8446475, 0.75490082608438], [8505990, 0.7429927333868213], [8628529, 0.7888815083451663], [8629362, 0.7545566143362461], [8730837, 0.7927814732366649], [8742990, 0.7471829057878636], [8743825, 0.740378923133014], [8743886, 0.7313988318155907], [8745033, 0.7233616075482915], [8868586, 0.778003680116213], [8899151, 0.7273885621973222], [8966780, 0.7697406706027975], [9147561, 0.7470782990510803], [9227504, 0.8150632791950667], [9227505, 0.7438916346005311], [9285126, 0.7964520901052414], [9294731, 0.7843643045353436], [9294732, 0.7597370224315474], [9304961, 0.7462066470909977], [9325602, 0.7564829297061666], [9426123, 0.7323683335842552], [9464074, 0.7476576890789512], [9473277, 0.69307541641466], [9491252, 0.7036494581469935], [9528139, 0.7530273666282808], [9540166, 0.7364983095794276], [9560108, 0.7311419352911547], [9560981, 0.7319556160699788], [9560982, 0.7263074899484682], [9582157, 0.7470290387213185], [9584830, 0.7068885002599666], [9586011, 0.6962746537521624], [9636212, 0.7189947063643058], [9639025, 0.6979572384770177], [9684688, 0.7493380922386152], [9703139, 0.7376786040779404], [9722735, 0.6924502021028417], [9729194, 0.7025189092330203], [9743386, 0.6879922799350391], [9779587, 0.7088737165593274], [9786676, 0.7255489500225226], [9791057, 0.7048765657564869], [9791398, 0.7031311793406583], [9793711, 0.696390695877172], [9826086, 0.8171289142308418], [9832981, 0.7462838898672653], [9833138, 0.7429950703424215], [9837209, 0.7355821615347435], [9871440, 0.8024908072201404], [9882859, 0.7400929076882464], [9907216, 0.7799512366224441], [9917401, 0.8107820146349669], [9917402, 0.7956828957592895], [9920831, 0.7972107764568098], [9926612, 0.723944113392029], [9928035, 0.7228695195449476], [9939826, 0.7722910243130735], [9942639, 0.7954408570388435], [9947634, 0.7911013041022437], [9949143, 0.768863268652671], [9952588, 0.8063533396406826], [9960769, 0.7333015838403995], [9965646, 0.8205131898118456], [9966075, 0.7463877918132374], [9968202, 0.7919329316138011], [9971761, 0.7351174295745834], [9972444, 0.737652890314422], [9977543, 0.7921803328311028], [9978008, 0.7648245540631897], [9978021, 0.7383439259167988], [9978102, 0.7408873038945634], [9978529, 0.7342666934010567], [9978646, 0.7104413611751474], [9980365, 0.7012097830925521], [9985514, 0.8513974108635458], [9985767, 0.8552145826693208], [9985974, 0.8078501412635697], [9988413, 0.7847774920648366], [9988566, 0.6818498716444111], [9991149, 0.6421112621569369], [9994298, 0.6861651641129586], [9995049, 0.7263747444036033], [9995460, 0.727351631301715], [9995477, 0.7261025838573512], [9995526, 0.6931039050392003], [9996283, 0.7380928226189581], [9996290, 0.7007508953382846], [9996521, 0.7011727379319842], [9996964, 0.7719652929399088], [9996977, 0.6612225873797842], [9998150, 0.775093073245197], [9998249, 0.7716306040461267], [9998458, 0.6658312720351136], [9998575, 0.7156322476852129], [9998708, 0.7368923560135165], [9998847, 0.7149098782073353], [9998954, 0.7497023535299179], [9999345, 0.8067774215008655], [9999346, 0.7490461721045528], [9999475, 0.6154676330104979], [9999662, 0.8563691116711353], [9999691, 0.8543275973068497], [9999698, 0.8389542192784861], [9999703, 0.7887839987774281], [9999755, 0.5675471113296295], [9999884, 0.6481812000490913], [9999917, 0.8834725766887827], [9999920, 0.7964525490937147], [9999960, 0.528952219529836], [9999987, 0.771345275491077], [9999988, 0.26689944271089616], [9999995, 0.4686153868530416]]}