{"seed": 928126272, "N": 10000000, "alive_speed": 0.85952685967481, "non_threatened_speed": 0.8602764184432438, "survivors": [[8712, 0.8602764184432438], [8719, 0.8220582810985624], [499810, 0.7726513821648275], [9944777, 0.7450042626353924]], "still_alive": [[37544, 0.7683260599941412], [470769, 0.7725225942480467], [509745, 0.756206502519546], [811576, 0.7600376928738732], [1164535, 0.7819026042976417], [1175032, 0.7583270271153038], [1175033, 0.7573228211632165], [1206744, 0.7376754164183937], [1986263, 0.7655607509420631], [2211824, 0.7560014338821738], [2481383, 0.7799440396727695], [2702912, 0.7664034036281501], [2774387, 0.761874868887771], [2946538, 0.7741815441124372], [3136071, 0.7598433984177901], [3450274, 0.7646636999820786], [3572805, 0.749662093362844], [3866992, 0.7625737437555975], [4223361, 0.7724617198559193], [4947396, 0.7936376168509874], [5042075, 0.7907976276880222], [5065306, 0.784976232202287], [5138443, 0.7597038005991164], [5165520, 0.7595443995947647], [5168931, 0.752264617797552], [5454834, 0.7806938712490523], [5456417, 0.7786700460478088], [5465722, 0.7634371490559607], [5647091, 0.7012563426175704], [6046752, 0.7301294315365636], [6177209, 0.7466356783394364], [6228490, 0.7271902615718389], [6408835, 0.7593732378625049], [6739884, 0.7533164656570646], [6830513, 0.766841992616856], [6830534, 0.7668063807036689], [6904071, 0.7577292278820327], [6986416, 0.7369919353049814], [6986417, 0.7121099602632607], [7448038, 0.7939773311021684], [7459741, 0.7642340329940579], [7642644, 0.7655660323639452], [7732359, 0.7736608910437033], [7741106, 0.7655186876767192], [7768087, 0.7569642800223797], [7981086, 0.7696128243830079], [7983193, 0.7428261222022983], [8015500, 0.7329624225700575], [8104105, 0.7612529076269812], [8117098, 0.7484330294499419], [8124627, 0.7499085087900464], [8259442, 0.7100126428007342], [8355409, 0.7157477558799391], [8440550, 0.7511344281293602], [8518827, 0.770677079317355], [8518828, 0.7632043162816572], [8551561, 0.7794842584585427], [8561940, 0.7459123751126778], [8567531, 0.7145707996274875], [8613746, 0.7375499404163507], [8658337, 0.7566061155990568], [8769560, 0.7311880167691794], [8833599, 0.7205633568261814], [9020290, 0.7722198903425596], [9114865, 0.7937944635332322], [9142184, 0.7822980982510166], [9163539, 0.763569028856651], [9165584, 0.7275812392612817], [9166897, 0.6917209118087666], [9194374, 0.694262645287671], [9213593, 0.6818219178986923], [9353360, 0.797351164810602], [9450671, 0.7309541315558176], [9478004, 0.7574153113849672], [9537919, 0.7758031939532526], [9538264, 0.7656276698005852], [9545887, 0.7020593596236745], [9550406, 0.6439608034350505], [9603151, 0.7111453397655927], [9641894, 0.7351711173356755], [9642659, 0.7000222216750502], [9682362, 0.774366830996256], [9708809, 0.757116280960847], [9718266, 0.751196033500061], [9718279, 0.7407253444484485], [9733014, 0.7525899395456958], [9733021, 0.7412161793610769], [9759362, 0.7475724324141851], [9770769, 0.76078951237724], [9819202, 0.9399656736876989], [9819209, 0.9136054956358389], [9819210, 0.838688916223181], [9828283, 0.7874439446353505], [9839474, 0.7886722212989041], [9839529, 0.7630051965473696], [9839642, 0.704577689871316], [9857061, 0.7800120880349615], [9859834, 0.7927419829704989], [9861435, 0.7654887239265529], [9861498, 0.7293567359260719], [9879495, 0.7582722281690432], [9895864, 0.7670424562074584], [9895897, 0.7410368075723031], [9895944, 0.725106749055869], [9911295, 0.8242102354551492], [9919698, 0.8136496339377566], [9919699, 0.8124083939857998], [9919712, 0.8094496847256201], [9919719, 0.8035593866064312], [9920922, 0.7489513346665919], [9924265, 0.7765972038288823], [9924296, 0.6736847208232017], [9935907, 0.7818572711074894], [9936088, 0.7745465900964716], [9955818, 0.7348589400017714], [9955837, 0.7293451615999941], [9958830, 0.772417084602404], [9960285, 0.7197673607221118], [9979930, 0.7816177169893285], [9980211, 0.7761483603380167], [9980316, 0.752092734758881], [9981727, 0.7907433598035489], [9983164, 0.8173011838483044], [9983275, 0.8013303859658251], [9983948, 0.7982544561388442], [9984797, 0.7058285640789753], [9984798, 0.6670842132759045], [9991761, 0.8633229541004223], [9991764, 0.7795888388194883], [9992967, 0.8152478939832416], [9993150, 0.7289282251503411], [9993481, 0.7312701262097995], [9994688, 0.7978925841539196], [9994697, 0.7897067828503724], [9994704, 0.7459103788206494], [9994943, 0.7778365723878256], [9994986, 0.7123496427218595], [9995327, 0.7488754119491008], [9996576, 0.8104027808573008], [9996649, 0.7519675218377759], [9997198, 0.6570170892399285], [9998297, 0.5820266163928061], [9998424, 0.5965893988392362], [9998473, 0.5410526738665085], [9999278, 0.7553864005584512], [9999463, 0.6888119737402444], [9999494, 0.6837744379526295], [9999645, 0.7929103433434466], [9999670, 0.43498255503595007], [9999843, 0.6523005703907855], [9999882, 0.5913322231598599], [9999951, 0.5589161248126981], [9999972, 0.7998586268400679], [9999981, 0.7559057872686268]]}