{"seed": 483722244, "N": 10000000, "alive_speed": 0.7375937046834916, "non_threatened_speed": 0.7525833652233241, "survivors": [[4661990, 0.7525833652233241], [9701359, 0.7517691222708599], [9701474, 0.743362535075789], [9999965, 0.6520351359784231], [9999994, 0.585758427385223], [9999999, 0.33211298165542813]], "still_alive": [[157500, 0.7493967776915033], [967051, 0.77496693269309], [1429438, 0.7408406926451001], [1893165, 0.7714742154892946], [2431294, 0.7532231208511333], [2475649, 0.7520327512385392], [2648804, 0.7455238450403042], [2648855, 0.7402732674467494], [2935056, 0.761577080843171], [2951283, 0.7598135069580643], [3138090, 0.7515931659799157], [3227315, 0.754199903225731], [3259504, 0.7434567490765118], [3482637, 0.7576086961750198], [3482644, 0.7496781984216649], [3835475, 0.7802287469843922], [3969868, 0.7578753888561791], [4047475, 0.7614716067182598], [4465806, 0.7712863777664907], [4502475, 0.7649893604531444], [4662113, 0.7349944083393853], [4662162, 0.7331535170767791], [5017191, 0.7853711352200525], [5293668, 0.7577579778411975], [5493969, 0.7429985305728847], [5494170, 0.7313721759030831], [5597871, 0.7256454007430869], [5759304, 0.7482167085749222], [5884319, 0.7630111747850912], [6187124, 0.7616866448699238], [6462383, 0.7947524108937365], [6509058, 0.7678532473275818], [6509059, 0.7401990711845374], [6510784, 0.7307805911084131], [6512401, 0.7182343929438596], [6686614, 0.732753923903718], [6719257, 0.7380412231015105], [6884450, 0.7587804066643663], [6888279, 0.7253281539378356], [7058244, 0.7442436418596975], [7166961, 0.7527856540504742], [7166996, 0.7437648313636563], [7188541, 0.7315420474171679], [7200526, 0.7313115976052927], [7200539, 0.729466978269423], [7341032, 0.767302485769314], [7447815, 0.7899491401976985], [7447826, 0.7482475446706287], [7449437, 0.7411040386754907], [7466796, 0.729567272960503], [7466805, 0.7216690386417466], [7507622, 0.7160681125149391], [7666593, 0.763079797812776], [7666624, 0.7539965908532578], [7855311, 0.7893053429304293], [7950088, 0.7885073852845659], [8025235, 0.7602646246418401], [8083754, 0.7635577260436187], [8265119, 0.7994406277417205], [8265186, 0.7523310652722098], [8265439, 0.7462461419996221], [8412002, 0.7721320211849586], [8436227, 0.7536400568319709], [8479044, 0.7346413381445195], [8587079, 0.7674590407140578], [8688888, 0.7774242125792402], [8702633, 0.7744680421167517], [8742116, 0.7726712124327265], [8745927, 0.7197338136086588], [8839808, 0.773239519049711], [8839827, 0.7648646074532135], [8857084, 0.7508597605635084], [8970451, 0.8148021257543461], [9008466, 0.7471460606760957], [9008959, 0.7405167484164019], [9010948, 0.7416062137245302], [9039685, 0.7585388646773085], [9050988, 0.7537130250555928], [9073675, 0.7090880165478987], [9199500, 0.8084865251146637], [9199517, 0.7546105033250681], [9264078, 0.7546581559534279], [9264569, 0.7428228970714368], [9272598, 0.7364270682171382], [9348919, 0.7666527443691071], [9431606, 0.7516584293270127], [9436573, 0.7565135908225392], [9438170, 0.7550405175212987], [9459303, 0.7253138258655802], [9544396, 0.7575895702783898], [9587583, 0.7288203371185898], [9598596, 0.7339858230179306], [9601757, 0.7040361836363817], [9661800, 0.8017686807405819], [9663057, 0.7561919789879055], [9685290, 0.7713446270981608], [9701743, 0.7285438496216977], [9712996, 0.7507286240816478], [9713861, 0.714522724902249], [9714286, 0.6900078117280842], [9760603, 0.742167926578848], [9768984, 0.7545498819295638], [9769033, 0.6677862650703889], [9792990, 0.743560661781291], [9793261, 0.7388496965970416], [9833152, 0.7594144495466078], [9838233, 0.7642277578007252], [9851014, 0.7117189549914276], [9863353, 0.6845373627360508], [9863512, 0.6830530957928238], [9880551, 0.778677706462803], [9888788, 0.6562050946771649], [9910145, 0.7716693349052407], [9910780, 0.7759899317904132], [9922275, 0.7485497810135323], [9927850, 0.7265533872503003], [9927883, 0.6967232121951441], [9934720, 0.7620693654831499], [9936065, 0.7634590048674096], [9936894, 0.7484822364084014], [9937589, 0.7527525799991531], [9937590, 0.7124389231336631], [9942967, 0.7678640371100782], [9942978, 0.7619176709503634], [9947071, 0.7315947006558007], [9947756, 0.6424994535922184], [9954987, 0.6900104477352706], [9954988, 0.6779178460496927], [9962173, 0.8003259093244489], [9962184, 0.7140315462140899], [9962761, 0.6633801427942475], [9965220, 0.6968213222140358], [9965423, 0.6475335329598219], [9970266, 0.7528627066324025], [9975841, 0.8712172809234214], [9984826, 0.7873507594166654], [9985647, 0.7638072750750681], [9986294, 0.7333057440669097], [9988915, 0.8265835485448374], [9989076, 0.728193864366718], [9989087, 0.694042244767352], [9989578, 0.6833805737640953], [9992019, 0.8885445591440458], [9992548, 0.8570274334052368], [9993325, 0.922145142263896], [9993330, 0.9047575754222228], [9993331, 0.811804265742772], [9993532, 0.7532681058174021], [9993877, 0.6892081399118345], [9994588, 0.7744809829651969], [9994599, 0.7388326546753046], [9994642, 0.727457828416939], [9995365, 0.8174255765521301], [9996454, 0.8359819792985161], [9997145, 0.7275770136056573], [9997686, 0.8282761523316574], [9997735, 0.8289842031065234], [9997736, 0.7423060143215974], [9997881, 0.6370374346803298], [9997990, 0.631794622485751], [9998531, 0.834993916475817], [9998532, 0.8287557972163766], [9998773, 0.9166567791234188], [9998916, 0.9883796981444537], [9998949, 0.7704902170490213], [9998964, 0.7643258952902164], [9999009, 0.7897969985255163], [9999296, 0.6480777908015998], [9999335, 0.6776978410860713], [9999336, 0.635166884312575], [9999559, 0.9064178524590738], [9999570, 0.8835244584639501], [9999593, 0.8762865320116822], [9999740, 0.9447797990186547], [9999789, 0.898666824557636], [9999882, 0.9994714325950931], [9999909, 0.6641105777337144], [9999910, 0.6701995499210431], [9999970, 0.5597700922649734], [9999973, 0.602275456095109], [9999974, 0.40569236012196774], [9999977, 0.4564335145818075], [9999988, 0.8519932852696854], [9999989, 0.5454575110112839], [9999992, 0.7405081920328109], [9999993, 0.6366156952974532]]}