{"seed": 177791790, "N": 10000000, "alive_speed": 0.8157543639899822, "non_threatened_speed": 0.8157570559879977, "survivors": [[32, 0.8157570559879977], [28573, 0.7905479803046241], [77238, 0.7701388753283522], [9234773, 0.753908848328831], [9673194, 0.7441452746445109], [9993357, 0.7245863282695939]], "still_alive": [[78201, 0.756538231266972], [645132, 0.7684255279185817], [1064323, 0.741818451812245], [1161632, 0.7334863790201744], [1955245, 0.8021708567328308], [1955246, 0.7665251165138856], [2487201, 0.7853306261298293], [2496700, 0.7686052233974383], [2514403, 0.7525324724642147], [2640274, 0.7647456775872487], [2700093, 0.7458752697399972], [2702284, 0.726357628666624], [2994445, 0.745779960393271], [3123062, 0.748239291926111], [3607485, 0.7528896740546149], [3681118, 0.7597016726091174], [3681193, 0.7539284408833401], [3681422, 0.7426057910398746], [3760961, 0.7327488210819729], [3950244, 0.7535961582385837], [4477523, 0.7428914567641853], [4596736, 0.7565566506309492], [4639387, 0.7449710839374719], [4763462, 0.7375645814486008], [4763509, 0.7334590483709816], [4994566, 0.7624420268607376], [5203993, 0.788891750485748], [5212768, 0.7318256441981867], [5634159, 0.7587959711933732], [5642076, 0.7417883530053963], [5648037, 0.7389428332699141], [5650292, 0.7233830160144528], [5933417, 0.770965350273926], [5935974, 0.7550726486620876], [5950899, 0.744622998704184], [6200808, 0.732937924998263], [6272825, 0.7435263239415618], [6367696, 0.7554906312341411], [6367697, 0.7365253401389684], [6454178, 0.753333635616428], [6571705, 0.7443026256381341], [6605760, 0.7484769204488924], [6695077, 0.7509085398633674], [6765654, 0.7483295085293051], [6769895, 0.7321256460042048], [7243416, 0.8113693014126006], [7243439, 0.802541447857734], [7243452, 0.8018927256370832], [7321945, 0.7851491421582183], [7361684, 0.7824928700094019], [7361685, 0.7585631159874425], [7406218, 0.748097853491236], [7551075, 0.7870949901490986], [7582662, 0.7430716197042542], [7621731, 0.7170032549101331], [7754158, 0.7442303193997243], [7771339, 0.7382385487549292], [7948164, 0.7164685089355456], [8108961, 0.7629139929230898], [8159634, 0.7580213757898715], [8192339, 0.7375278165721139], [8370404, 0.8089376172122297], [8499109, 0.7559394307220001], [8594036, 0.7545685644891259], [8646333, 0.7410839305403154], [8712930, 0.7435603495031352], [8823083, 0.737783911935036], [8877966, 0.7686767587504428], [8898293, 0.7537037302861328], [8911472, 0.7497595302092379], [8936279, 0.7629731490995431], [9032416, 0.7302060218255144], [9034389, 0.7309497556518085], [9234772, 0.7589844405994823], [9238824, 0.7265526583548821], [9239767, 0.7158677522524659], [9351332, 0.7320503609634528], [9375207, 0.7475369443299326], [9382852, 0.7535666326588424], [9387101, 0.7152927999905709], [9467604, 0.7749190490913502], [9521109, 0.7403875022386126], [9521112, 0.734951625328221], [9540183, 0.7477105060061544], [9580698, 0.7325936373412475], [9585979, 0.7202172206947094], [9658188, 0.7748706966155612], [9672879, 0.7452533143374331], [9705739, 0.723385637346659], [9770222, 0.818175828268383], [9771999, 0.6971148660979181], [9772230, 0.695943144868991], [9805303, 0.7375923978372116], [9818342, 0.7731535306201245], [9820651, 0.7504399261326347], [9837476, 0.7874792003274692], [9844795, 0.7919778066210281], [9844848, 0.6566080882029497], [9856767, 0.6946688202149378], [9866910, 0.7190537656604297], [9879873, 0.7933599187540473], [9884906, 0.7567231372136887], [9897421, 0.8328034124358422], [9897606, 0.759152120829622], [9897643, 0.7585466498143152], [9904686, 0.8032814449212957], [9904855, 0.7793697776320355], [9905186, 0.7028970947079961], [9916973, 0.737930218227274], [9920380, 0.7383440499854215], [9920393, 0.7374316683186816], [9920682, 0.7264654615523113], [9928823, 0.7905662037290301], [9939826, 0.7210598105484212], [9948515, 0.8064672060687779], [9950254, 0.7562682108532798], [9955733, 0.6728695731904194], [9963666, 0.7020261679569535], [9963669, 0.6996382590563812], [9964420, 0.7099450228006123], [9972931, 0.8887180207514261], [9972932, 0.7018599962544523], [9979585, 0.8535794859431572], [9979674, 0.6929407821738647], [9979689, 0.657749061258292], [9979726, 0.6499730088932663], [9982413, 0.7210106434072606], [9985592, 0.819318164512909], [9985597, 0.8181628373861395], [9986572, 0.7394908742210952], [9988367, 0.7229570230651327], [9989370, 0.7117647600012532], [9993067, 0.8321228665488509], [9993154, 0.7436276555227253], [9994198, 0.7038733828687173], [9994201, 0.6436760333646508], [9995898, 0.8379158201101359], [9997435, 0.8553128369981253], [9997498, 0.597275157913207], [9997857, 0.6132304262168906], [9998262, 0.5951692482968428], [9998405, 0.5808827998344406], [9998896, 0.7408148284585754], [9998921, 0.7340822303147104], [9999046, 0.7758633471408669], [9999069, 0.7232763627179326], [9999082, 0.6735429124888043], [9999083, 0.654944224899406], [9999230, 0.5606162812416312], [9999243, 0.5609596583372877], [9999494, 0.7178714943004524], [9999617, 0.9040553498515794], [9999618, 0.8634864777986707], [9999619, 0.7741847971500411], [9999700, 0.7856566407576147], [9999723, 0.7477546025414596], [9999724, 0.4747111338461354], [9999889, 0.9388187595986272], [9999900, 0.7706856684421355], [9999943, 0.7603633173401138], [9999946, 0.5868621235216455], [9999999, 0.7283437816969377]]}