{"seed": 928126226, "N": 10000000, "alive_speed": 0.9175627699270096, "non_threatened_speed": 0.9175630451958955, "survivors": [[2, 0.9175630451958955], [3471, 0.842968755605329], [116484, 0.787863441123363], [4161865, 0.7757484483109638], [8179852, 0.77066651506565], [8179875, 0.7675808425255911], [8488670, 0.750049400483363], [9995423, 0.7241479926701925], [9997624, 0.7092375535538495], [9997873, 0.6674744637083834], [9999880, 0.5629722031625166], [9999895, 0.3793114150689212]], "still_alive": [[172063, 0.7472076338078023], [409536, 0.7656427903322761], [454129, 0.7441706218744092], [712854, 0.7424245016406308], [1319125, 0.7690283470925261], [1323704, 0.7531109728180891], [1325645, 0.7393781766364873], [1357470, 0.7181484843186723], [2290733, 0.7606496648720371], [2477950, 0.7580789804046201], [2607089, 0.7624436782362244], [2891462, 0.7805087229056743], [3285119, 0.8097488630349758], [3298298, 0.8084349822776057], [3436649, 0.7214862415211536], [3827174, 0.7597755139636155], [4162182, 0.7464605237242599], [4308223, 0.738323429418401], [4737586, 0.7860740144515862], [4974871, 0.7549030254618838], [5424720, 0.7663368268976659], [5440711, 0.7668194037843049], [5791614, 0.780780221473265], [5801937, 0.7676030672673144], [5826422, 0.763258558218043], [5937091, 0.7551850876666789], [6118608, 0.7817789669032409], [6198369, 0.7572952835869379], [6198448, 0.7519578911801206], [6203947, 0.7455293728839529], [6423380, 0.7839854890522645], [6423435, 0.7623513551839481], [6487996, 0.771443702055199], [6508723, 0.7678071341229886], [6912270, 0.7711800649648647], [6993007, 0.7700336145577458], [7051966, 0.7561728258110921], [7057037, 0.7491337264401021], [7491132, 0.7801840621345753], [7504197, 0.7836310270246968], [7504198, 0.7735861260761272], [7637615, 0.759040763617059], [7779570, 0.7897414737791608], [7967753, 0.7900696123476649], [8003718, 0.7948115569953504], [8086021, 0.7972467886238798], [8194424, 0.7568560626262043], [8277573, 0.7729349033223811], [8279892, 0.7676179578020221], [8330353, 0.7898168488345064], [8342238, 0.7154822704084124], [8486515, 0.7757024638120128], [8688477, 0.7331594645072947], [8700772, 0.7264188712333958], [8700877, 0.7196581519670429], [8712300, 0.7203737644131867], [8718023, 0.7231931798637448], [8741234, 0.7274338871945967], [8851775, 0.7651173521740224], [8928804, 0.7676244800093607], [8999643, 0.7819224708254525], [9006390, 0.7645535434211057], [9017957, 0.7396513091715239], [9138560, 0.769461803462265], [9342735, 0.8202015015849325], [9358760, 0.8270154705645135], [9358785, 0.821431641472816], [9359320, 0.7378608772106141], [9382043, 0.753023314071746], [9395090, 0.7251445392084663], [9407249, 0.7301783637129916], [9446966, 0.759203136827062], [9536125, 0.8730397333266475], [9536698, 0.8420095192967776], [9537605, 0.8387448905587663], [9606324, 0.8496992647838555], [9607681, 0.8525788349917245], [9608334, 0.7738040892903596], [9614989, 0.6896387653724364], [9664418, 0.7392548212980655], [9717789, 0.8413156905429866], [9731156, 0.8195413997342301], [9756685, 0.7573985950225341], [9768644, 0.7914113481438385], [9771229, 0.7838773454484802], [9777638, 0.7689519612449618], [9788433, 0.7990615483274167], [9810606, 0.844092863346789], [9812267, 0.8476476048391877], [9816492, 0.7857239912948601], [9816537, 0.7838964891827174], [9818208, 0.7501741310524216], [9821409, 0.763332137165887], [9822212, 0.7493097161904487], [9823381, 0.7399890092709427], [9834692, 0.7819787974935015], [9855459, 0.7727266636278218], [9868368, 0.8314700331074891], [9869337, 0.7079023048076004], [9902166, 0.7468616904834952], [9904441, 0.7582323244795485], [9931206, 0.8138599992703027], [9931299, 0.8060346906455991], [9931304, 0.8003121817579992], [9931415, 0.7996502034700306], [9946818, 0.7365066806693384], [9953763, 0.8187969051081163], [9960876, 0.7610781679506697], [9971845, 0.8827461516265157], [9972148, 0.7946119608914153], [9972167, 0.7824066357826263], [9974642, 0.8030028248315947], [9980147, 0.6762922211187224], [9984164, 0.7725015034999071], [9985595, 0.808885482526576], [9986132, 0.716109849254675], [9988697, 0.8435304801481427], [9991578, 0.7319957047609662], [9994275, 0.7815943961267462], [9995298, 0.7500597947127179], [9997240, 0.6905338770572105], [9997375, 0.7114660943676137], [9997948, 0.6123504813138808], [9998833, 0.9349275444362081], [9999000, 0.5392179194175923], [9999103, 0.5286457698963158], [9999278, 0.5715958562501905], [9999537, 0.8387014909093786], [9999582, 0.7675319474099539], [9999703, 0.6416952371086674], [9999846, 0.7615945815747786], [9999859, 0.6634891648949961], [9999922, 0.4489151075816309], [9999931, 0.4353137382307095], [9999956, 0.656040876623396], [9999981, 0.9865554419088941], [9999984, 0.6918589465513821], [9999991, 0.42580422801729023], [9999996, 0.735364132033283], [9999997, 0.8313334833362499], [9999998, 0.5409138626581572], [9999999, 0.9694837581726954]]}