{"seed": 483722404, "N": 10000000, "alive_speed": 0.9791167770171331, "non_threatened_speed": 0.9791172665757175, "survivors": [[4, 0.9791172665757175], [33, 0.8690148428491419], [106, 0.8401475261530624], [5469, 0.8229006306748436], [5848, 0.80120211245553], [52555, 0.7944422004931034], [54494, 0.7883865931757336], [89021, 0.7828987055044276], [89022, 0.7779082228455607], [1247589, 0.7667205868089197], [1453934, 0.7525643145496258], [1453985, 0.7519412788576127], [9999962, 0.6467225584964916], [9999989, 0.3600386742031061]], "still_alive": [[203985, 0.7368226945178835], [793078, 0.7593696758862969], [1271320, 0.763592621211673], [1449667, 0.7744506921975686], [1454080, 0.7503554764389411], [2334781, 0.7591614353403128], [2338330, 0.745594146931707], [2340621, 0.7395271046233843], [3218260, 0.7580080686283183], [3229881, 0.7500308140602165], [3229912, 0.7359537093097916], [3562925, 0.7711909317988842], [4108164, 0.7949247825677087], [4315877, 0.7816017662237819], [4448240, 0.7342616261314996], [4449117, 0.7179172958383533], [4841500, 0.7612635489799773], [4966441, 0.7561990325342594], [4973114, 0.7386104150394385], [5020409, 0.7327433300043139], [5020430, 0.7213639777252951], [5300525, 0.7399454905640273], [5629954, 0.7811143515006522], [5634767, 0.7444854969368289], [5896740, 0.7889318985063049], [5896791, 0.7746761275628979], [5949076, 0.780973559665508], [5949091, 0.7706996693505807], [5997318, 0.773624093398467], [6082745, 0.7481127847019208], [6141172, 0.7431581948866335], [6141261, 0.7411418333111952], [6272368, 0.7518378931712815], [6325725, 0.7466804008083789], [6332180, 0.7464851700223719], [6779439, 0.7783177294601821], [6923504, 0.7810190589874078], [7297967, 0.7837901007601801], [7442738, 0.7880574364590619], [7529843, 0.7853685669807186], [7592580, 0.7662975956142252], [7637127, 0.7421433231125243], [7637382, 0.7313658494553642], [7979099, 0.8066121017381748], [7979402, 0.7259564772037138], [8387853, 0.7816427595876745], [8392610, 0.7403247637325584], [8392635, 0.6936153894816826], [8403998, 0.6979918288460522], [8598345, 0.7612539608463336], [8598386, 0.7342088444032845], [8612177, 0.7272456344224512], [8748042, 0.7484740940740338], [8777429, 0.7578534053400078], [8777460, 0.7273701655233298], [8790359, 0.7120996682635762], [8793906, 0.708804867416328], [8869831, 0.7421057678791266], [9073626, 0.7875610901786191], [9073627, 0.7619683497117219], [9075014, 0.7285125622771875], [9127077, 0.7627991834040952], [9178456, 0.7524388267337895], [9178749, 0.7494116614800167], [9179430, 0.7334051260730483], [9179437, 0.7328488273426322], [9179574, 0.7231247812677327], [9245061, 0.7488169667075109], [9288086, 0.7449745775020251], [9299881, 0.692400724522973], [9299902, 0.692361290268893], [9302249, 0.679468554332284], [9405014, 0.7960180786975528], [9431545, 0.7294589975350808], [9443884, 0.7057878675669235], [9525865, 0.731404906462014], [9555152, 0.744886147113627], [9576229, 0.7775007248767661], [9576242, 0.7613070793093575], [9588883, 0.7818710963118786], [9613568, 0.7730113301455063], [9623481, 0.7866036525198085], [9644676, 0.8092232605914554], [9644813, 0.7846285248859217], [9644824, 0.7438966872448928], [9666175, 0.7139785100418636], [9694090, 0.7684278404581704], [9700479, 0.77066039674095], [9700604, 0.7156135388691531], [9700647, 0.7072117591677959], [9761262, 0.747253217378352], [9792131, 0.783040177872122], [9792136, 0.7374147499746698], [9792385, 0.7237818222804471], [9792682, 0.7116051257213016], [9801771, 0.688946258430114], [9818466, 0.731198112769144], [9837097, 0.789967441705221], [9838450, 0.7620007778277056], [9838499, 0.7470043336252216], [9854302, 0.7620271131602142], [9863133, 0.7083599144214408], [9863134, 0.6972178014244554], [9878249, 0.7627751991677406], [9886734, 0.7848453276342993], [9893271, 0.6692860216673443], [9909498, 0.756842879541166], [9918717, 0.786269670069594], [9922816, 0.7270231570707429], [9923209, 0.715297773414632], [9934366, 0.7779910082085133], [9937035, 0.7600332017552652], [9939066, 0.7464312809991479], [9940339, 0.7177292123200032], [9945130, 0.754804389879925], [9950517, 0.8116774294873087], [9955094, 0.8002603633414304], [9955761, 0.7841894260487248], [9958276, 0.7349605250532814], [9958563, 0.7037220301090769], [9958564, 0.6747442995526113], [9965729, 0.7995980734115744], [9965758, 0.7930332969013081], [9965923, 0.7023509762249601], [9969228, 0.7312997939985085], [9970407, 0.7138277359197184], [9974268, 0.8100542204103364], [9974701, 0.7246389458575537], [9978386, 0.8087651861044053], [9978391, 0.8033794795316977], [9980328, 0.8492163824228222], [9980633, 0.7346202401361627], [9980996, 0.729744645115513], [9989627, 0.7615828184881562], [9989748, 0.7059475261321231], [9990207, 0.7066736737051593], [9990234, 0.7051355861569039], [9990429, 0.7161268199066831], [9993664, 0.8986845046989423], [9994011, 0.7099569478747536], [9994052, 0.7073294024889354], [9994249, 0.707923083063146], [9994660, 0.7214615963119395], [9994665, 0.6915823322168261], [9995636, 0.816321686935293], [9996915, 0.7498430976367524], [9996924, 0.7219964845492988], [9997291, 0.7085398599680806], [9997408, 0.5707929298278117], [9997411, 0.5222327711356114], [9998368, 0.7940534093289033], [9998559, 0.611197533126522], [9998988, 0.6815477289898026], [9999315, 0.7796612727871042], [9999392, 0.7639227956204375], [9999471, 0.6887928751104745], [9999508, 0.695540263930958], [9999509, 0.6713414993314253], [9999556, 0.5708617582510099], [9999645, 0.5040861023667822], [9999700, 0.5615720074801185], [9999833, 0.6321238113972569], [9999840, 0.6296241291076288], [9999893, 0.6003237280331826], [9999924, 0.8104938398328433], [9999935, 0.8530492550194596], [9999938, 0.8747165463633357], [9999939, 0.8689443851636551], [9999944, 0.8992027693912616], [9999961, 0.7349374628375359], [9999979, 0.4048545924406818], [9999986, 0.604120856282102]]}