{"seed": 483722363, "N": 10000000, "alive_speed": 0.9667743635504202, "non_threatened_speed": 0.9667744602278565, "survivors": [[0, 0.9667744602278565], [5, 0.8389024025334999], [3642126, 0.7683315422315152], [8904015, 0.7589455796533932], [9338658, 0.7562978805217144], [9996795, 0.7199003305054152], [9998538, 0.7111555489132177], [9999025, 0.6728610093330573]], "still_alive": [[450800, 0.7828255649692825], [669059, 0.7858072662026859], [914312, 0.744758821363464], [917829, 0.7420802010436347], [1089442, 0.751813957596891], [1254303, 0.7653103777198927], [1665802, 0.7659049645036654], [1665945, 0.765028442326502], [1711674, 0.7202360140618859], [2423257, 0.7622639312603647], [2921930, 0.7610036891468317], [3192337, 0.7702431655566876], [3237688, 0.7502812436859817], [3624365, 0.7726600299813792], [3642583, 0.7537323783116611], [3810740, 0.7491803267419603], [4031155, 0.7453093251180036], [4667874, 0.7993816217848234], [4667937, 0.7763080551034562], [4778136, 0.7428567194674685], [5246707, 0.7537190302104346], [5362472, 0.7669349887999958], [5450241, 0.751553251393817], [5708326, 0.7925744726593122], [5708967, 0.7606815883068038], [6334402, 0.7876710743389473], [6334403, 0.7681372288772063], [6335428, 0.7579739118371328], [6610863, 0.7402765397784933], [6810354, 0.7447390766098884], [7060053, 0.7856299574532604], [7142644, 0.741902451483848], [7308699, 0.7319639345374778], [7469248, 0.7275718544525798], [8039909, 0.7817505985067968], [8140088, 0.7938158797075978], [8181219, 0.8023241112695749], [8181766, 0.7956418142094507], [8181969, 0.7927001235006117], [8216918, 0.7533060887616823], [8218177, 0.7327667088003472], [8416868, 0.7459132891848239], [8492833, 0.7679203430977882], [8611650, 0.7813100669630685], [8881789, 0.7887939517407196], [8886732, 0.7590510289371772], [9009654, 0.739392586009061], [9184263, 0.7621080361169307], [9309364, 0.7569897145582019], [9330653, 0.7694023480295046], [9367825, 0.744239353732838], [9395864, 0.7619034556975844], [9437741, 0.7494475156977438], [9459706, 0.7507853640527131], [9470347, 0.7601981408578626], [9471858, 0.7367941952497928], [9485849, 0.749393291878652], [9486248, 0.7352575885946258], [9493669, 0.7056726765705029], [9514070, 0.7247559344533271], [9580091, 0.7477450347768168], [9604454, 0.7373411666764969], [9660223, 0.8053712689828472], [9667566, 0.7619004992581346], [9668009, 0.7531204705862825], [9700474, 0.7429286690824882], [9712937, 0.756039002202493], [9714306, 0.7563395344036831], [9732407, 0.7805960211755638], [9745540, 0.8015598031772672], [9745541, 0.7996743947569556], [9745542, 0.7650436725257245], [9745591, 0.7474300903948213], [9745726, 0.7223503358078861], [9761421, 0.7348224245058986], [9768658, 0.6916885680089481], [9833449, 0.7690691515082235], [9833450, 0.7054453444236315], [9868585, 0.8839277039685437], [9872972, 0.7940833782425745], [9883335, 0.727876128449836], [9883346, 0.7022990964013295], [9898515, 0.8003396057018082], [9898592, 0.7919702718167388], [9902521, 0.8002590177435588], [9907658, 0.727832734929423], [9916309, 0.7919304642985964], [9916390, 0.743885569835466], [9926483, 0.775377831751193], [9930772, 0.8048899734536208], [9934119, 0.7353971375999061], [9938626, 0.7879714289271661], [9940693, 0.7444132062738301], [9947558, 0.8028457413690311], [9947607, 0.7822776762996474], [9956020, 0.8497980716704178], [9957241, 0.69326788385943], [9960240, 0.7407529499876472], [9962579, 0.7334878090415772], [9962580, 0.7270567824437402], [9974699, 0.7697192904217178], [9975916, 0.7218685508171948], [9979741, 0.6863124456325799], [9982742, 0.793361004859854], [9983191, 0.7689235996777235], [9983874, 0.692116629868455], [9983875, 0.6713189487930663], [9984050, 0.626860697406966], [9989559, 0.8828431241169538], [9989622, 0.8058900454417939], [9989635, 0.795985170698818], [9990562, 0.8267244876889082], [9991323, 0.7526764400339429], [9991424, 0.65448150698663], [9993241, 0.7614533557766504], [9996274, 0.8519992213329968], [9996295, 0.8517450234478061], [9996310, 0.8312305374769272], [9996705, 0.8425036155438708], [9996708, 0.8428797236618273], [9996777, 0.810692441560285], [9996780, 0.7677706233684024], [9996976, 0.6892532754199706], [9997717, 0.9027042232050353], [9997848, 0.6689467581648036], [9997929, 0.6012715191133716], [9998452, 0.7767978456649054], [9998523, 0.7245090139930666], [9998599, 0.6705960453524769], [9998602, 0.6478539126652915], [9998923, 0.77182496638194], [9998938, 0.7696177823936097], [9998955, 0.7786701257281796], [9998986, 0.7355052916465099], [9999242, 0.5424876063443326], [9999385, 0.5881548434535498], [9999544, 0.7817972028529149], [9999597, 0.7277997264082965], [9999670, 0.6630297665576088], [9999827, 0.7890905297709936], [9999940, 0.7668239485523126], [9999943, 0.782113052022384], [9999944, 0.6486155509826841], [9999957, 0.6751070229734508], [9999988, 0.5622807333864767], [9999993, 0.6463256012966747], [9999994, 0.4538123687079527], [9999999, 0.8245239373298604]]}