{"seed": 942755590, "N": 100000000, "alive_speed": 0.91547596498798, "non_threatened_speed": 0.9154793980356883, "survivors": [[374, 0.9154793980356883], [5167, 0.8607350155568196], [8232118, 0.765953320060931], [18849149, 0.7651239614206655], [20421950, 0.7564238629445006], [80683335, 0.7536717283472334], [83852340, 0.7491987973712502], [85149265, 0.7483147541364771], [97246964, 0.7441496589675697], [99425851, 0.7391968613987777], [99432350, 0.7301644575044086], [99565301, 0.7203684797768498], [99990368, 0.7089811243036352], [99998959, 0.6844335716010523], [99999116, 0.5197870835893094], [99999999, 0.3640249073617363]], "still_alive": [[39480, 0.7554238017150878], [6919837, 0.7719798414731265], [8272413, 0.7641593307437103], [8632700, 0.7645587604637682], [8981591, 0.7393908507625099], [10334498, 0.7325305842221453], [11368713, 0.7363762088635477], [14241530, 0.7581616264695856], [14791467, 0.7560916991046734], [14791480, 0.7552322916502481], [15338551, 0.7571806714163237], [17794942, 0.7789144002227314], [18247173, 0.7831453130257635], [18833640, 0.7654334243894295], [20457849, 0.7544329140992684], [21708934, 0.7465990369732396], [23318883, 0.7569436584230335], [23319276, 0.7537705544823379], [28062163, 0.7590183914330202], [28062184, 0.7537365626030912], [31382719, 0.750748876422976], [33409082, 0.7615159438686204], [33417099, 0.7510212112995737], [34069946, 0.7553480297697284], [34248787, 0.7539208533555087], [35929720, 0.7531186470932871], [37902559, 0.7578963887076987], [38035148, 0.7491481964895937], [38037477, 0.7454920857593196], [41888216, 0.7705031128321101], [41918257, 0.7389684064326872], [43512172, 0.7570036889412929], [47635715, 0.7690497928317299], [50305356, 0.7408074668792114], [50309343, 0.7390902917109853], [51032072, 0.7490937190288315], [52591321, 0.7554562245126005], [54217068, 0.7795070281138071], [54687317, 0.7560332661454731], [57144208, 0.7745322813762013], [59136355, 0.7553587965608511], [59136568, 0.7368254354750032], [60448141, 0.7573091042732218], [60448142, 0.752209779738357], [61807649, 0.7713626398245836], [62306672, 0.7572449270795458], [62520995, 0.7412063337408642], [64756016, 0.7404729669455096], [66950517, 0.7533466681560599], [66999110, 0.7431781257465174], [67275277, 0.7461094917512527], [67275922, 0.7366774768749385], [67529801, 0.7390320326532285], [69936336, 0.7703281185459849], [70235465, 0.7559113800913416], [70428578, 0.7552914586465391], [70430705, 0.7432061098844411], [72177782, 0.7737069048075909], [73854395, 0.7936939147202101], [74108720, 0.7671989283111105], [74242495, 0.7556518819737764], [74258532, 0.7549952968487571], [74801529, 0.7493294435956859], [76732984, 0.774183918024978], [76987505, 0.7400719209363221], [76987562, 0.7371746533408028], [77996745, 0.7587335401180137], [78537966, 0.751606885167977], [78813161, 0.7254155587403035], [80061622, 0.7608769096309045], [80480061, 0.7679083257895231], [80678660, 0.7654672521739178], [80683734, 0.7429149624029895], [81116465, 0.7486095244786531], [81383910, 0.7550932797302334], [81386221, 0.7480791454089389], [81720940, 0.7492974614189766], [81793333, 0.734873186738112], [82683780, 0.7596859040576669], [83002571, 0.7524671459325825], [83377428, 0.7691081060955579], [83596973, 0.7631431388747828], [84294227, 0.7490854626465109], [84701868, 0.7515688147858052], [85179860, 0.7253003334511106], [85468519, 0.7371294059320198], [85872848, 0.7396370312295538], [87274397, 0.7513909034129228], [87754658, 0.7711343002303784], [87757259, 0.7457166940848078], [89244170, 0.7873803411829525], [89244171, 0.7790398336242358], [89259448, 0.7455664405943634], [89523767, 0.7457777758316678], [89572062, 0.734698261730545], [90243177, 0.7643418032202633], [90486056, 0.7560773802237151], [90961975, 0.7428991866007378], [91238504, 0.7605759290221483], [91360193, 0.7439206168718827], [92077414, 0.7563001945629727], [92239119, 0.768282488383175], [92241648, 0.7530736153700869], [92663775, 0.7453094078983141], [92959924, 0.7670061806952955], [93245577, 0.7971403722133243], [93372952, 0.8077984051748032], [93374447, 0.7982071630274279], [93374480, 0.7851014456462172], [93429793, 0.7898733063522715], [93795724, 0.7897894834489257], [94006377, 0.8170122111729266], [94240686, 0.7572740802009156], [94705497, 0.7543369126202245], [94709994, 0.7389406647386774], [94712673, 0.6945557527067359], [95218866, 0.7397916766534102], [95219151, 0.7397806782700418], [95238122, 0.7164700467841139], [95570747, 0.757952127302407], [95644148, 0.7584027661466939], [95682449, 0.7536283476998231], [95715310, 0.7573503757590476], [95804983, 0.7701448037018264], [95885996, 0.744845740891176], [96433485, 0.817901537832409], [96451202, 0.7926121277874614], [96469273, 0.74647039310668], [96502174, 0.7456158981928944], [96701321, 0.7714125262505432], [96701322, 0.7690090978395555], [96702575, 0.748996725562648], [96702576, 0.7374230402463808], [96743931, 0.7160025383591347], [96778676, 0.717890097349408], [97058797, 0.7823388555115248], [97060328, 0.7557217849077167], [97068411, 0.7561626263393131], [97247057, 0.7284108950003708], [97429596, 0.7095580047645548], [97526691, 0.7201599070241418], [97557230, 0.7132881890594576], [97630979, 0.7190160394402496], [97789802, 0.7475169157241991], [97877279, 0.7766817857025392], [97983132, 0.7488007252859628], [97995949, 0.7328375430208012], [98020932, 0.728519659261478], [98114497, 0.7621829088343169], [98114520, 0.7359872403541258], [98205093, 0.7176785077332472], [98396968, 0.7767580621573722], [98427785, 0.756109025424205], [98427788, 0.7458968267162657], [98515265, 0.7834320942979943], [98545532, 0.772253530888436], [98546819, 0.7656517916360465], [98608712, 0.7893860865860999], [98621165, 0.7453564961229828], [98641318, 0.7289839399907512], [98641319, 0.7265794185083427], [98699514, 0.7532203607488636], [98800809, 0.7818771457095433], [98830842, 0.763469021103504], [98933821, 0.7748364404664869], [98945642, 0.7664141989769778], [98984143, 0.6985929811827694], [98985662, 0.6893202306180193], [99071701, 0.7231206446804365], [99103820, 0.7196428877900686], [99174197, 0.7751998856201563], [99279248, 0.7774620000201372], [99321717, 0.7302600976342487], [99340098, 0.7308520256913866], [99400117, 0.7784939229090202], [99419116, 0.7681545186740844], [99432555, 0.7247997159393152], [99447804, 0.7352332469490367], [99565398, 0.7091101017053058], [99583745, 0.7152312601607708], [99633634, 0.733750124614094], [99641429, 0.7170188831988155], [99692296, 0.8140130863252801], [99704089, 0.8216256278754177], [99704594, 0.7213098718874857], [99729985, 0.7443623727930819], [99761132, 0.767013785997739], [99767959, 0.7715262837998957], [99794044, 0.8312886178294127], [99794531, 0.8223353738825008], [99801368, 0.8171395766385497], [99801799, 0.747229282187631], [99801990, 0.7216114102498875], [99808349, 0.7299401057264969], [99810022, 0.7327460946883002], [99827089, 0.7164889814060752], [99846366, 0.7924505824272486], [99846367, 0.7758588962835316], [99846432, 0.7556056849906674], [99848945, 0.7612862767132041], [99852130, 0.6886933533008514], [99853717, 0.6772183308039685], [99876126, 0.7231783544832215], [99876127, 0.707703018008307], [99895800, 0.7438315262293855], [99914153, 0.7473128067687258], [99917468, 0.7735758409043968], [99919151, 0.720042819147697], [99919152, 0.7067363209241352], [99932887, 0.6963074093259298], [99936654, 0.7349827389923158], [99941067, 0.7373687335560294], [99941222, 0.7178893668084675], [99949991, 0.8305648477771702], [99950048, 0.8226038504993018], [99951349, 0.8066398245478854], [99955392, 0.755109893213871], [99956739, 0.7675751012114966], [99957154, 0.7451832994865568], [99959823, 0.7692150495512214], [99959864, 0.6884206730800606], [99966641, 0.7914221930344161], [99966918, 0.6442362229281147], [99979135, 0.8792180710790154], [99979214, 0.7707928702653793], [99979323, 0.604830618474635], [99982804, 0.7149850268073338], [99982823, 0.6132804360337482], [99986750, 0.6965062533154415], [99987921, 0.710974687909485], [99990393, 