{"seed": 928125999, "N": 10000000, "alive_speed": 0.9127963494871235, "non_threatened_speed": 0.9127964407667585, "survivors": [[0, 0.9127964407667585], [575, 0.8752076499509499], [1578, 0.8526797655012982], [58137, 0.7877826611871852], [102834, 0.7787013823555082], [119421, 0.7578979923205654], [9998212, 0.7515279830045002], [9998217, 0.726425961744551], [9998988, 0.7241277465551658], [9999249, 0.6307843311269886], [9999742, 0.598400410434116], [9999989, 0.5871361266037003], [9999994, 0.39653340021111094], [9999995, 0.27486535432320536]], "still_alive": [[1101008, 0.7650953585878308], [1387815, 0.7833924164384858], [1664212, 0.7415352657387381], [2336985, 0.8003640009257866], [2473418, 0.7542642029726803], [2473967, 0.7540350288515558], [2821076, 0.7737969568813992], [2913763, 0.7803696457843766], [2913928, 0.7724099213103215], [3035281, 0.7244960625771141], [3453140, 0.7553517630729838], [3772415, 0.7549353489139459], [3772440, 0.7548901383209926], [3784105, 0.7357167228433777], [3856508, 0.7383293262328966], [3871583, 0.7396487492835765], [4336600, 0.783396902685861], [4706859, 0.7784070343741959], [4915650, 0.7731555008228258], [5185863, 0.7999361848685111], [5201968, 0.7975472994628224], [5202471, 0.7930654373042556], [5306204, 0.8036351854383148], [5310365, 0.7942980512060083], [5344548, 0.790454113343603], [5365405, 0.7619082191683462], [5440506, 0.7524809857283989], [5518329, 0.7513224500560693], [5574396, 0.7584927579982207], [5825021, 0.762840694894858], [5949912, 0.7631629381680266], [6147439, 0.7246454968219495], [6358442, 0.7377930016106882], [6584545, 0.7727169649434175], [6766950, 0.765053614662387], [6842323, 0.7830502109524486], [7039114, 0.7697472248424589], [7040921, 0.7389721754492061], [7240710, 0.771394610367905], [7377835, 0.767612922291698], [7377836, 0.7642545500906202], [7418585, 0.7455864407839247], [7500016, 0.7694418338256438], [7926119, 0.797665845513263], [7937032, 0.7852885435018186], [8291257, 0.7593439343860467], [8363360, 0.7871707560806146], [8363361, 0.7795048768213604], [8363384, 0.7405389441690664], [8383951, 0.7299482953004787], [8504828, 0.7452772766937242], [8570523, 0.766671594417397], [8736512, 0.7971737039030343], [8736579, 0.7413095086436766], [8804798, 0.7605408397920506], [8865249, 0.7360295342489364], [8944364, 0.7535498988940652], [8993437, 0.697244566154594], [8993480, 0.6946108778648955], [9082885, 0.7604449571904335], [9104012, 0.7298214000562222], [9133859, 0.726520303589893], [9188726, 0.77410374940661], [9195977, 0.7232904665698704], [9196994, 0.7229597275084493], [9273967, 0.748025459588152], [9289430, 0.7467093710416929], [9302367, 0.7323058536715439], [9360690, 0.7668832554496812], [9398543, 0.7436533076489075], [9417612, 0.7624057950680535], [9448055, 0.7956145914384312], [9448058, 0.7751393262796227], [9494711, 0.7930736902645302], [9494832, 0.7911315941753201], [9583509, 0.793604316653391], [9584200, 0.7741398628100445], [9628283, 0.7877441177649428], [9679330, 0.724683515106166], [9707951, 0.7901136767410731], [9714414, 0.7893628532034114], [9733583, 0.761532088650571], [9743268, 0.6847974090481981], [9754967, 0.7017077438634525], [9755496, 0.7026395185100147], [9793571, 0.8154844823658213], [9795588, 0.81726476243458], [9795849, 0.7843832867605951], [9796454, 0.7739782081972578], [9797051, 0.7355082003166941], [9810144, 0.7601075799471273], [9816639, 0.7775201242401619], [9816642, 0.7639156572373353], [9855823, 0.7339105593591864], [9886418, 0.8222630303570578], [9887601, 0.8023802674452803], [9910038, 0.8375757357210936], [9911849, 0.7700337200492373], [9918184, 0.7929148554325817], [9925747, 0.7816281679401693], [9926310, 0.7727179273582084], [9935067, 0.8018752990982726], [9938240, 0.8153678551743354], [9940121, 0.7776133503041616], [9941370, 0.7512047506820325], [9943683, 0.6988055360764511], [9960988, 0.7250969925637302], [9967481, 0.8218208692444822], [9968406, 0.7495969416072775], [9969833, 0.7211804311591438], [9970474, 0.7279759303897048], [9972867, 0.7681101350209822], [9972998, 0.7566024318858364], [9975975, 0.7914305472108654], [9977860, 0.8283285449913537], [9977861, 0.7524179534327942], [9979966, 0.8025743207613923], [9979967, 0.7724757479183088], [9980204, 0.7284413354439392], [9987565, 0.783253502946179], [9987566, 0.7278867785402566], [9992467, 0.9308973395222934], [9992564, 0.8791320218211954], [9992641, 0.8567762175897384], [9992666, 0.7143693062577847], [9996803, 0.792819537418277], [9997528, 0.7154340688033535], [9997913, 0.7953073039799328], [9999085, 0.6595222181934157], [9999248, 0.7243802344148792], [9999749, 0.5342771665535063], [9999858, 0.6585292664406088], [9999863, 0.6709982177256564], [9999864, 0.6004286982005055], [9999871, 0.43453407846501757], [9999916, 0.4429742812404943], [9999955, 0.7037342902697153], [9999956, 0.5823450740755616], [9999961, 0.5846456984012034], [9999984, 0.94582194991214], [9999985, 0.7157209073656847], [9999988, 0.7769526802453655]]}