{"seed": 483722288, "N": 10000000, "alive_speed": 0.9806700267677401, "non_threatened_speed": 0.9806700267677401, "survivors": [[12, 0.9251301352414827], [15, 0.7943969540939664], [116108, 0.781453097574773], [9970483, 0.7383705806940349], [9998192, 0.7264456270386687], [9999957, 0.5982993316154195], [9999998, 0.4144453823675478], [9999999, 0.13756229726031677]], "still_alive": [[1224225, 0.7424201509905868], [1573028, 0.7560208701434499], [1575509, 0.7552508202978234], [1978260, 0.7496545648773191], [1986997, 0.7502039561916436], [2247294, 0.7732009124714926], [2247297, 0.7655099805076558], [2529926, 0.7838340169518296], [2621863, 0.7709891866596215], [2900786, 0.7900148926434301], [3082399, 0.7413754534351034], [3448244, 0.7623452072314193], [3454189, 0.757222483265789], [3817574, 0.7586516424723525], [4492783, 0.7870298092430162], [4669124, 0.7687246880326536], [4799585, 0.75031752834628], [4842570, 0.7429987277540268], [5033021, 0.7283217224269365], [5475656, 0.7905811920448714], [5514233, 0.7764031168666076], [5514242, 0.7638285757017585], [5515725, 0.7566517363674361], [5758126, 0.7670768815085622], [5841905, 0.7637150232005829], [5892108, 0.7205631563598675], [5962753, 0.7118081434065205], [6011366, 0.6883994205621551], [6177019, 0.7045430266381626], [6601776, 0.7184042694529499], [6647089, 0.724042337379156], [6938108, 0.7734744755685886], [6949057, 0.7695459169444687], [6958634, 0.7663760491464137], [7091043, 0.7538788610872238], [7150270, 0.7512911533302554], [7306069, 0.7859828524394321], [7306114, 0.7727246099757227], [7317373, 0.7334300514406317], [7371966, 0.7238973259879542], [7527367, 0.7437155586664983], [7718892, 0.7605389594529158], [7764623, 0.7544352013461831], [7778506, 0.7404683287010061], [7822457, 0.7443298558389434], [7927782, 0.7549034890955527], [7929009, 0.7521076165763254], [7929342, 0.7493285807791199], [8114631, 0.7361535208932652], [8114646, 0.7309409501589186], [8315123, 0.781144163941483], [8315136, 0.7471833275337828], [8362761, 0.7597668856525772], [8509058, 0.7723511352836829], [8515683, 0.7583136985842515], [8611410, 0.7838840673658231], [8611421, 0.7759157143629924], [8677276, 0.7837933661557197], [8679949, 0.7847479571335637], [8701032, 0.768387648357374], [8701617, 0.7206861795853698], [8782728, 0.764910579047433], [8793517, 0.7560404845348881], [8840912, 0.7546622424883271], [8912545, 0.7478706870559666], [9027206, 0.8219133460960304], [9027301, 0.7944925408530247], [9059304, 0.7871901123849573], [9060593, 0.7577070723401933], [9094526, 0.728148443669186], [9309469, 0.766342666557455], [9385186, 0.7827408308229434], [9460467, 0.776325298225554], [9475854, 0.779426179482023], [9547051, 0.7148656742871144], [9549694, 0.7092359522449516], [9593931, 0.7600722925948216], [9595186, 0.7541143238115916], [9638365, 0.7364110717886816], [9670494, 0.8052627524478638], [9684019, 0.7878857926850408], [9688574, 0.7367184661001103], [9696515, 0.7462319755723598], [9734172, 0.7246216725626555], [9766583, 0.7576533251341538], [9766598, 0.739392659042884], [9775145, 0.7666047779195875], [9783064, 0.7820652284544968], [9824933, 0.808792380805186], [9832488, 0.7869799981599475], [9852903, 0.7751376546361949], [9852916, 0.7226054402446909], [9861903, 0.7589086364491181], [9878688, 0.8302713878925387], [9881685, 0.754500068638214], [9882486, 0.7349719834887177], [9882519, 0.7278725027892061], [9910306, 0.8396086407588719], [9910461, 0.7127142694681605], [9924874, 0.8086769458012816], [9924915, 0.7729172916991548], [9925840, 0.7301491312409091], [9930889, 0.7765211037827909], [9931928, 0.7296086768505582], [9939669, 0.7707225113715801], [9942004, 0.7147222532477635], [9947219, 0.7661573165880083], [9958482, 0.6907955251766145], [9963931, 0.7547929505776145], [9965056, 0.7549826526320821], [9967729, 0.7431674331214791], [9970476, 0.744025462017647], [9971016, 0.6838126214219309], [9972519, 0.6513013657417912], [9977572, 0.705865978638681], [9978707, 0.7197329984814776], [9979336, 0.7044704994236184], [9983255, 0.8677357822041226], [9985622, 0.8986628307143357], [9985715, 0.8274233053379763], [9985748, 0.7998394279446865], [9986165, 0.7876658859577146], [9987556, 0.839826089580542], [9987557, 0.7610258400024128], [9987966, 0.7220869853990471], [9988019, 0.7252389607804095], [9988028, 0.6945206611461112], [9989605, 0.744637040807952], [9989720, 0.7430430400680188], [9990939, 0.8416656384513992], [9990948, 0.7378876150524865], [9990951, 0.7069932535362171], [9991076, 0.7135621142895574], [9991517, 0.7500981182735972], [9991518, 0.6418256478285036], [9993341, 0.7627744874289941], [9993712, 0.7903379317809639], [9993933, 0.8189214457003852], [9994024, 0.6359388964771874], [9996205, 0.8708791252009852], [9996466, 0.841516323946649], [9997011, 0.8352271677244457], [9997018, 0.7793922979018258], [9997111, 0.7937867994778163], [9998193, 0.6499824301006402], [9998848, 0.6659576829636099], [9998865, 0.6070130506552143], [9999292, 0.9508884983812262], [9999305, 0.8435966218360476], [9999322, 0.7472349666287927], [9999407, 0.5096887387781904], [9999638, 0.7244646176922618], [9999773, 0.9229591138254514], [9999774, 0.577821453373907], [9999927, 0.8713100878019214], [9999942, 0.997794112575414], [9999943, 0.8395868460320429], [9999944, 0.7759147061336384], [9999974, 0.37401508006051987], [9999985, 0.42815587593256876], [9999992, 0.6939047239898024], [9999997, 0.5481033178080766]]}