{"seed": 928126095, "N": 10000000, "alive_speed": 0.8239794554385639, "non_threatened_speed": 0.8239795378365093, "survivors": [[0, 0.8239795378365093], [666477, 0.7857060245072519], [1376462, 0.7558976515882212], [1721715, 0.7541475816568133], [3407954, 0.7499339497070517], [9591105, 0.7350017831473205], [9999900, 0.7274855141756907], [9999907, 0.5398787368311776], [9999920, 0.4787022981129232], [9999985, 0.42748037963692687]], "still_alive": [[796620, 0.7702309676747909], [910039, 0.776999308774629], [1142336, 0.7505116491606288], [1282421, 0.7553201310633004], [1725662, 0.7483405952292201], [1741743, 0.7268583282559161], [2357660, 0.7593495612784619], [2378293, 0.7508420233004511], [2654324, 0.767975793917202], [2654663, 0.7588035253382973], [3408313, 0.7296732561222486], [3476914, 0.7305998444284341], [3517453, 0.7194414586609478], [3538982, 0.7073585051405362], [4159021, 0.7579011350232489], [4160632, 0.7352583794964724], [4385653, 0.7575608744211151], [4418262, 0.748324848401755], [4624319, 0.7654149154321825], [4624330, 0.7599466160773444], [4626109, 0.7585093996718479], [4630748, 0.723362477491246], [5468905, 0.8006177771338424], [5469734, 0.7863118030306053], [5469765, 0.7782677573671168], [5666170, 0.7812572252831013], [5771419, 0.7530617197439884], [6007574, 0.7669353379302685], [6481533, 0.7432370379693037], [6481842, 0.7274482288676785], [6691993, 0.7528278965062238], [6735460, 0.7144977006619979], [6996965, 0.7674687510488954], [7093954, 0.7741801632115448], [7094047, 0.7546475776226901], [7096052, 0.7397659388903288], [7096403, 0.7315261876665642], [7448242, 0.820014016660738], [7452783, 0.8093937232154347], [7608016, 0.8097845732597733], [7640193, 0.7487826524999424], [7662980, 0.7171128699649406], [7779999, 0.7430926731744673], [7853768, 0.7425573387393437], [7917545, 0.7358202592148876], [7970026, 0.7413659360314828], [8050105, 0.7614422905427696], [8050110, 0.7240236660230028], [8073321, 0.7155442495930541], [8181038, 0.7428147435288779], [8216603, 0.7368731894553445], [8350524, 0.7319704929230754], [8507727, 0.7916077274046467], [8736354, 0.7923801535178017], [8737169, 0.7467304827177675], [8846934, 0.7923552185951277], [8978769, 0.7736844063970925], [8984724, 0.7331677579065676], [9001017, 0.7449730385673436], [9111534, 0.7793538808837678], [9200795, 0.778931620428193], [9221400, 0.7685743260855652], [9223363, 0.7285573656684655], [9272490, 0.7467016954704476], [9272919, 0.7440346314895175], [9273020, 0.7307963087803026], [9339273, 0.7993567899280543], [9350646, 0.7581103885972109], [9372751, 0.7086971845421189], [9374456, 0.7039150546862298], [9413975, 0.7450071425491072], [9441252, 0.7278285483594155], [9464675, 0.7429489069889202], [9465224, 0.7266220992172806], [9544659, 0.7878659332853076], [9560028, 0.7720064419426373], [9593822, 0.7340543082869079], [9618731, 0.7193022288659133], [9618932, 0.6949001318007936], [9647641, 0.7443345283961587], [9688260, 0.752792598749568], [9710741, 0.807250981574149], [9720008, 0.8026658715157193], [9726055, 0.7773041727847322], [9726172, 0.7081314442288552], [9727143, 0.7032111792432493], [9816964, 0.7552270138189602], [9818071, 0.7344126162998319], [9821394, 0.7467556050581546], [9835939, 0.7706654176037706], [9845164, 0.7998973729843432], [9849869, 0.6819661666217725], [9874236, 0.7279679402145668], [9875787, 0.7175444946086986], [9877692, 0.6946109907967166], [9907563, 0.8355764226762862], [9907578, 0.8063156908007855], [9907585, 0.7589135058188448], [9907652, 0.7178343056792729], [9918801, 0.7677308094874268], [9918878, 0.7279613275427405], [9919113, 0.6833421471531684], [9924974, 0.7314975961193717], [9926013, 0.7178617262702487], [9927166, 0.6992130909427857], [9927937, 0.6536612493010753], [9947004, 0.8146964771127452], [9950609, 0.8049104978030531], [9951432, 0.7797899349768915], [9952015, 0.6950363178120479], [9958812, 0.6840701672359191], [9966579, 0.8348199969898171], [9971792, 0.7714489079485278], [9972113, 0.6176621586912013], [9975292, 0.6671168830158702], [9978037, 0.7261580575650566], [9981210, 0.8121674664496978], [9981917, 0.7461896958779752], [9981920, 0.6816499939420962], [9985639, 0.7749020135362582], [9985714, 0.7420657878032224], [9987671, 0.8063286268621604], [9988440, 0.751799073864671], [9988569, 0.70949377196171], [9988574, 0.693680825647059], [9988577, 0.6421915585551623], [9992638, 0.857761490201413], [9992665, 0.7399355773442651], [9993318, 0.7252392604416164], [9995213, 0.7872368069387474], [9995440, 0.7994893858016835], [9996255, 0.8562678415211484], [9996276, 0.7950338826906655], [9996277, 0.762769040377978], [9997206, 0.7612232095812118], [9997211, 0.7379311315437193], [9997226, 0.680584726346216], [9997231, 0.6475151251583999], [9997726, 0.7781375570407677], [9997743, 0.7747598577576337], [9998244, 0.9403710400666785], [9998245, 0.8130678530301944], [9998282, 0.7427333671173852], [9998283, 0.7349734267375276], [9998708, 0.8362576742127623], [9998731, 0.815329600046619], [9998768, 0.7400674812328575], [9999101, 0.6463812303322137], [9999386, 0.773312670775255], [9999389, 0.7474964890089785], [9999482, 0.7149646689082702], [9999495, 0.7242748084042657], [9999624, 0.8025580835643357], [9999635, 0.53203012131061], [9999696, 0.6018892183180025], [9999777, 0.7460710969859767], [9999834, 0.9122994087273538], [9999889, 0.9229626553106712], [9999951, 0.4610647141659229], [9999978, 0.64728058000823]]}