{"seed": 865, "N": 10000000, "alive_speed": 0.9566047643010113, "non_threatened_speed": 0.956634706964345, "survivors": [[312, 0.956634706964345], [2153, 0.7828538751963016], [311018, 0.7778119838232221], [347635, 0.7751258274450289], [4267450, 0.7587737576137563], [9999893, 0.631672640133286], [9999986, 0.5607795975755002], [9999995, 0.555955732776871], [9999998, 0.4564805736396341], [9999999, 0.09630184539920061]], "still_alive": [[353348, 0.7455233482794992], [446103, 0.7367908586707762], [659692, 0.7518962016499723], [668473, 0.7495517004065035], [1176626, 0.7864409547901062], [1211375, 0.7487522002815085], [1394944, 0.7527493602371198], [1585729, 0.7458338690848018], [2384546, 0.818699606634093], [2384559, 0.7829626543360259], [2645930, 0.7934715747378895], [2646475, 0.7603168848782901], [2648998, 0.7590386217658253], [2977339, 0.7770418391997719], [2981744, 0.7742145202101222], [3017203, 0.7719794025238561], [3377616, 0.7778642796509023], [3397951, 0.7717186313315298], [3398330, 0.7291484507556341], [3524025, 0.7340044218228279], [3524094, 0.7167282375570566], [4166427, 0.7612120590008679], [4235362, 0.7669919375020484], [4265209, 0.7609250755862044], [4267451, 0.7525305659242547], [4267904, 0.7499759195078151], [4430405, 0.7542466998957646], [5007536, 0.7999979488646316], [5007697, 0.7723654821452612], [5010552, 0.7679148480045762], [5044423, 0.7466381432916861], [5051890, 0.7357953562462861], [5318679, 0.7726993595699091], [5318872, 0.7548761515998484], [5377297, 0.7501936185410124], [5377298, 0.7217305079914539], [5381479, 0.6908053323252404], [5381916, 0.68952782913056], [5556271, 0.7149150557943295], [5884570, 0.7605950271978786], [5885177, 0.7472768248280913], [5942242, 0.7510717156750326], [5942269, 0.7332668413959489], [6101054, 0.7374057982765468], [6293345, 0.7606980083521553], [6817812, 0.7350951933380189], [6817915, 0.7315938903806243], [6961772, 0.7520849251867777], [7027375, 0.7474873641546863], [7034280, 0.7320043467084895], [7170103, 0.7523724488448718], [7428616, 0.768063991698942], [7637819, 0.7970641341953432], [7778716, 0.7307201512217494], [7954803, 0.7725898447325662], [8045532, 0.7398890217681765], [8062789, 0.7443825565474269], [8064082, 0.742523456866251], [8082149, 0.7167300784535643], [8118008, 0.7097066884425651], [8354647, 0.803363760155735], [8368738, 0.7745109918375094], [8392293, 0.7838473024527702], [8403118, 0.7583984849521734], [8403527, 0.7536843402594429], [8464972, 0.7132974734053272], [8628653, 0.7665649366321067], [8632472, 0.7663637098775661], [8649709, 0.6975269950419949], [8670186, 0.7005194044229474], [8697021, 0.7123068917266454], [8818386, 0.7424297151270957], [8845259, 0.7216838508561594], [8886230, 0.747753005265599], [8968353, 0.7456234411107849], [8976560, 0.7391601567684294], [9069397, 0.7744286055121766], [9108852, 0.7770751218489419], [9115863, 0.7621673229542623], [9314570, 0.8044972830754588], [9345779, 0.7815916059574483], [9387058, 0.8137429237598999], [9391501, 0.8055037117307758], [9451014, 0.8108694869797458], [9451115, 0.7479615077798937], [9512286, 0.7875099979185184], [9512347, 0.7734499736579071], [9534352, 0.7503566806088801], [9543857, 0.7344175325084139], [9544774, 0.7068463497586427], [9580151, 0.7641227996259837], [9582440, 0.7308768501639337], [9582441, 0.7272647920809149], [9666788, 0.7234175760417472], [9708453, 0.8152804556201534], [9719838, 0.803890996336872], [9741181, 0.7597006409897665], [9742630, 0.7532139242461354], [9746551, 0.7489614391279145], [9770250, 0.7726850955918173], [9780311, 0.7735758626864663], [9780728, 0.747811977980722], [9793069, 0.7127052399070996], [9829008, 0.69975855189417], [9847391, 0.7518769624358423], [9857006, 0.7303847374310851], [9891001, 0.7840469541690098], [9897828, 0.7706817974284479], [9898689, 0.7397213004928874], [9898690, 0.6972785333959617], [9915711, 0.8252639657960983], [9920104, 0.7546568193716433], [9925721, 0.705616477632575], [9943752, 0.7578193531429798], [9944811, 0.6912878617916606], [9944826, 0.6631304761601313], [9950437, 0.7195622737414253], [9954562, 0.7045986624570049], [9954603, 0.702332339436704], [9961138, 0.7240341997101413], [9964487, 0.6890970013952511], [9969314, 0.7515922656445002], [9976239, 0.8659770706232988], [9976500, 0.794168461193504], [9979383, 0.7594228160467769], [9979400, 0.6984138757986041], [9979813, 0.6649730753522054], [9986542, 0.7476995563213877], [9987735, 0.8022607922109397], [9992830, 0.8686323256513506], [9992831, 0.8540349955067351], [9993830, 0.912931754158122], [9993961, 0.896759830393447], [9993962, 0.8352443545102533], [9994261, 0.7725690298184952], [9994412, 0.7356123793588996], [9994507, 0.6618842818976783], [9996530, 0.8335621837931068], [9996533, 0.7627307649567721], [9996596, 0.6842849429005197], [9996935, 0.6403805931412677], [9997712, 0.782326088641096], [9997973, 0.7140618011267745], [9998202, 0.7969132128378137], [9998249, 0.7743270577528591], [9998640, 0.7612345236254621], [9998697, 0.6777245023771452], [9998774, 0.6607244883059815], [9998961, 0.7475622971726388], [9999080, 0.8190128264564508], [9999275, 0.8024082891567513], [9999346, 0.6873985916835105], [9999353, 0.6364513856861779], [9999766, 0.7244189978905072], [9999916, 0.3892663565451091], [9999953, 0.5233937751683526], [9999966, 0.6797420276075182], [9999985, 0.6330945447375212]]}