{"seed": 177791865, "N": 10000000, "alive_speed": 0.8726639119362283, "non_threatened_speed": 0.872682500071621, "survivors": [[212, 0.872682500071621], [699, 0.778835402269128], [80310, 0.7768539900424127], [83309, 0.7738509344951737], [238784, 0.7571162173977555], [9952113, 0.7502830783381075], [9956132, 0.7491596879382326], [9999033, 0.7089522506079471], [9999580, 0.6849358370808584], [9999969, 0.6208934764855412]], "still_alive": [[930, 0.7770578535358171], [79853, 0.778176127230344], [94646, 0.7519475197441094], [238475, 0.7595441916987113], [445627, 0.7548046692825674], [706810, 0.7590640052212883], [962723, 0.7746997567749074], [1135508, 0.7604074638237875], [1364119, 0.7468022071506726], [1574806, 0.7217812691730178], [2563471, 0.7776031589911456], [2563598, 0.7741716462712753], [2662195, 0.7562357071164494], [3062508, 0.75045956370148], [3283055, 0.7410719005032407], [3471800, 0.7432807346820953], [3472259, 0.7238322445876182], [3863052, 0.756956539149533], [3863757, 0.7493180166992028], [3864414, 0.7409101812452051], [4169301, 0.7471379440632703], [4169452, 0.7366667143732829], [4403059, 0.7449634522460712], [4591460, 0.7241932784628858], [4878023, 0.760174867706585], [5280192, 0.7739201310022379], [5753203, 0.7846572574540621], [5758936, 0.7718138040250625], [5800663, 0.7630014994469284], [5810704, 0.7429245718130331], [5827331, 0.7435851736242794], [6059510, 0.7545633864593341], [6059989, 0.7541052092682486], [6188836, 0.7382719041144993], [6362361, 0.7076297519155837], [6580560, 0.7306707790507966], [6640939, 0.726366192067192], [7109978, 0.7918012092708342], [7192941, 0.7361429785199378], [7528486, 0.8011627301738516], [7609885, 0.7865206729530452], [7637812, 0.7885975706261764], [7637975, 0.7882289757574422], [7714758, 0.7554497349150252], [7755567, 0.7099122351444355], [7954032, 0.699919644204697], [8178981, 0.7716070275769552], [8179590, 0.7520042833186313], [8181653, 0.7515356172781452], [8210466, 0.7601758960524828], [8235285, 0.7638555234739467], [8455260, 0.7986141979317495], [8467653, 0.7787260003667745], [8485532, 0.7643773441160757], [8520021, 0.7446009156839996], [8610164, 0.7662976649641784], [8610581, 0.7500777364589539], [8618802, 0.7492650115201068], [8623821, 0.7347117960636372], [8681538, 0.7478257740946601], [8775853, 0.7579678978641001], [8776024, 0.7264292784555975], [8791797, 0.7319436717764087], [8805838, 0.735603399768047], [8887171, 0.7624749418667017], [8887242, 0.7391580234663638], [8887259, 0.7220845188213886], [8951292, 0.7612822556445779], [8983481, 0.7845896750814192], [9031416, 0.8137800625906014], [9139843, 0.8045756814781038], [9141394, 0.7666246876913223], [9191603, 0.7839352975125409], [9213822, 0.7320899801064307], [9217751, 0.7353802433604657], [9218928, 0.7295064481117748], [9313229, 0.8143514538482435], [9325406, 0.7456235280906336], [9389115, 0.7690188209567858], [9429830, 0.8112459906809171], [9500791, 0.7822425304339428], [9517702, 0.759681856632902], [9517839, 0.7298332434984864], [9522764, 0.7301682023573125], [9594711, 0.7451597102760303], [9595048, 0.6916163419547459], [9698375, 0.7939750536606209], [9715936, 0.7658636658498065], [9732691, 0.7784218839541283], [9746796, 0.8171060669175395], [9778691, 0.8014850153880605], [9779360, 0.7665896254564271], [9779457, 0.7668614238497174], [9791030, 0.7943572989075917], [9803829, 0.7400707380419208], [9809328, 0.7480895615870612], [9819957, 0.7567115612323961], [9827130, 0.7558292772523382], [9847255, 0.7643335298084873], [9853372, 0.7576943429747857], [9872289, 0.7683299204930629], [9875640, 0.7401672324682553], [9892643, 0.8329163895962265], [9896676, 0.8036945399903279], [9900423, 0.7743792409391939], [9903308, 0.7725040036849017], [9914737, 0.7818519062473187], [9924212, 0.8000213409618636], [9926147, 0.8089810111481788], [9931330, 0.7762456687394369], [9940615, 0.7457926445407073], [9945078, 0.7575515693970917], [9956133, 0.7242588311386572], [9957892, 0.7528912846749021], [9959981, 0.6555684598486755], [9960392, 0.6457429227907494], [9960937, 0.6397860811757266], [9964534, 0.6853680710003968], [9968855, 0.7745726532684247], [9969494, 0.7232691704242222], [9973995, 0.8220450846273673], [9975732, 0.7906297512691192], [9975735, 0.7730768824058373], [9976444, 0.7571874083510369], [9977879, 0.7379369412190673], [9977950, 0.7160655041989152], [9978607, 0.7241009563638399], [9989842, 0.882164695066199], [9990325, 0.6975493652122882], [9990340, 0.5937829331950739], [9990429, 0.5421009092609669], [9993376, 0.7639593210618508], [9993379, 0.7184862228660668], [9993454, 0.7243209718714078], [9994155, 0.7896344638245747], [9994182, 0.7543062694185815], [9995519, 0.7772004859897841], [9996880, 0.8229856546606757], [9997291, 0.9343786353013196], [9997876, 0.7564571807695806], [9998077, 0.7940947853940363], [9998368, 0.6763826302159496], [9998721, 0.8250479040349991], [9998810, 0.7779360252037393], [9999581, 0.5987760610531192], [9999586, 0.6019504951470491], [9999755, 0.9541357111525424], [9999798, 0.8326485120731275], [9999813, 0.7875193438103406], [9999884, 0.7481292277941166], [9999921, 0.8464532697545926], [9999968, 0.8881011453150632], [9999970, 0.41138833844192724], [9999997, 0.8590002314148064], [9999998, 0.2397935269176913], [9999999, 0.47397119709143276]]}