{"seed": 483722322, "N": 10000000, "alive_speed": 0.8359859832151139, "non_threatened_speed": 0.8445129451179794, "survivors": [[100968, 0.8445129451179794], [101017, 0.766548000809895], [8240172, 0.7636647901599892], [8258023, 0.7543398359983511], [9167426, 0.7415659045894963], [9999279, 0.7390636722471031], [9999998, 0.24500312255493772], [9999999, 0.05916872684442498]], "still_alive": [[103368, 0.7518201560574749], [239115, 0.7544182099238246], [1028954, 0.7982538390048062], [1028955, 0.790594713010423], [1337680, 0.7618293788794253], [1339295, 0.7429963283770367], [1347822, 0.7221511823849323], [2562883, 0.7490115547904527], [2807264, 0.7707541629860268], [3035593, 0.7565850785300922], [3035686, 0.7444749671964374], [3153567, 0.7401544526598486], [3153658, 0.7374418409912785], [3325201, 0.7555264983886045], [3334602, 0.7485160610029469], [3563291, 0.7505756331285677], [4286058, 0.7426487678103574], [4683269, 0.7940822446330513], [4688354, 0.79233333660457], [4698765, 0.7845427181323086], [4709658, 0.7800286449712797], [4802769, 0.7652681633208763], [4815384, 0.75186796458743], [5301323, 0.7815847773174024], [5301336, 0.7791203231318428], [5317765, 0.7755348426889811], [5586714, 0.7394112800369407], [5853559, 0.7231268987510673], [5927096, 0.7267846126610417], [5996985, 0.7281015583853935], [6288862, 0.7636428245516628], [6293461, 0.7598589725933559], [6442262, 0.7466653871164526], [6531889, 0.7513392337017083], [6674004, 0.7714247831736487], [6884657, 0.749415372794498], [7100116, 0.7360268264833963], [7404259, 0.8022030114027919], [7448530, 0.7731627351281126], [7473967, 0.7529593627662554], [7550976, 0.7690203903099946], [7551721, 0.7337271486438062], [7674952, 0.761149682078338], [7675103, 0.745858457578877], [8153294, 0.7859251060021553], [8158871, 0.7830336507823514], [8222712, 0.8042386887759443], [8239791, 0.7699961447795652], [8258034, 0.7473002151932062], [8527229, 0.7613658303260363], [8544488, 0.7685128511382331], [8620763, 0.7500624001457216], [8696460, 0.7435541028465704], [8841389, 0.7445779824732572], [8881110, 0.7340339613519309], [8933071, 0.746968794800551], [9010390, 0.7921417718669848], [9088459, 0.7506694256267941], [9170375, 0.7412272423301791], [9171752, 0.7036138753769017], [9237587, 0.734161201615623], [9327728, 0.7452910332005837], [9354725, 0.7613346400245264], [9359894, 0.6990955883056696], [9363585, 0.701231947558567], [9406080, 0.6906046511536008], [9412053, 0.6702007255697265], [9412094, 0.6574384731380721], [9546579, 0.8067041271567486], [9550244, 0.7892882436859401], [9590535, 0.7629150297229513], [9592702, 0.7585701129263905], [9592705, 0.7269470875744364], [9615622, 0.7624651353356937], [9667633, 0.743739564143408], [9678796, 0.7616611540455783], [9703915, 0.6969553415279798], [9708328, 0.6974742313428872], [9729911, 0.7373394711005514], [9731018, 0.6808668680134536], [9770055, 0.7501326715126713], [9770752, 0.7120433855049787], [9780827, 0.6815070671311753], [9802704, 0.7372359405924823], [9807163, 0.7507208492184987], [9807388, 0.7506168872882996], [9835021, 0.7211214137476721], [9836228, 0.712769291600424], [9857077, 0.7290077385511118], [9868322, 0.7380914966756947], [9875909, 0.681200586385433], [9891924, 0.781676865875865], [9892135, 0.7761692685171888], [9896694, 0.7590534580938199], [9897237, 0.7083285775419166], [9897654, 0.7054885485015926], [9912479, 0.8240525958345468], [9913150, 0.7879833094674142], [9915773, 0.7373869580126287], [9917918, 0.7139179541349645], [9924335, 0.710764766948199], [9929980, 0.7495790762675166], [9934001, 0.7816766094731037], [9939732, 0.8081883696562958], [9946879, 0.7336062976388957], [9948372, 0.752289682264902], [9957005, 0.7981862945469131], [9959790, 0.8036904880297245], [9961755, 0.7621513024106524], [9963640, 0.6925542020789841], [9964021, 0.6776548274737081], [9967418, 0.7259182753577731], [9968681, 0.7395584346914253], [9969258, 0.7122573811089389], [9969777, 0.6886410046223839], [9971824, 0.7225821908441847], [9977509, 0.7637628508965054], [9978798, 0.8027246633549646], [9979839, 0.7946915463609349], [9981082, 0.7503464905541185], [9982123, 0.7827800587680085], [9982642, 0.7508685102217009], [9983003, 0.6657891252649953], [9984410, 0.6844474293054396], [9984411, 0.6395557252842686], [9985480, 0.5784450030976361], [9988449, 0.7253619086307276], [9989368, 0.7560878149819871], [9990781, 0.7588189102856413], [9991160, 0.7533189931637881], [9991163, 0.6373158798971259], [9992384, 0.711349828505248], [9994623, 0.5780175356946758], [9996088, 0.7426897756703715], [9997091, 0.7532047687953836], [9997706, 0.9198232946329766], [9998199, 0.9239108348264687], [9998808, 0.7251995953955517], [9998843, 0.6415714537554222], [9998990, 0.7283668257255518], [9999137, 0.8178273494232791], [9999204, 0.7459298377999563], [9999862, 0.6150321752687702], [9999951, 0.9400056154728015], [9999968, 0.8124249821895833], [9999975, 0.6782090443276907], [9999982, 0.7763336681411714], [9999991, 0.8533392188391565], [9999994, 0.47689959136465854], [9999997, 0.6766690000797947]]}