{"seed": 483722351, "N": 10000000, "alive_speed": 0.9975295539170139, "non_threatened_speed": 0.997531249719969, "survivors": [[16, 0.997531249719969], [21, 0.9946936350805509], [26, 0.9320589275718741], [2360637, 0.740807077626213], [9999120, 0.6257256119099458], [9999151, 0.5960126123249075], [9999600, 0.5199346434380727], [9999639, 0.454673787899574], [9999642, 0.3753202421889483], [9999999, 0.0349288855625276]], "still_alive": [[100091, 0.764642596614383], [210740, 0.7658584214776248], [241871, 0.7640310883497631], [1168498, 0.7852183716634497], [1465853, 0.8053209554860109], [1593912, 0.8135954889872234], [1607297, 0.791406535364141], [1607626, 0.7593114212603322], [2342929, 0.8129488568251728], [2352984, 0.7948913537338527], [2360818, 0.7388699391846859], [2369941, 0.7236367788291915], [2463252, 0.7249861722372888], [2726093, 0.7428745380253724], [2827774, 0.7471803770615135], [3018287, 0.7636783553911177], [3360020, 0.754581997594914], [3406879, 0.734570765164186], [3811822, 0.7494053249723344], [3816163, 0.7454561135222209], [4155290, 0.7661920800095666], [4156195, 0.7641194138114963], [4195130, 0.730509693336792], [4638377, 0.7700017814856922], [4666858, 0.760594179148932], [4736129, 0.7522814931678644], [5216060, 0.784212933222424], [5498333, 0.7703060522862093], [5505660, 0.7492814627454176], [5634325, 0.7702154424756925], [5832902, 0.7643192858580597], [6084647, 0.7776907600621876], [6089486, 0.7341281795418876], [6358775, 0.785614639026411], [6513442, 0.7627128126708697], [6683745, 0.7675515526835315], [6791382, 0.7563915436746254], [6791473, 0.7518701158824366], [6980370, 0.7736767559015388], [7286661, 0.7651168863682966], [7333110, 0.7706232365684029], [7333151, 0.7624124382295704], [7340570, 0.7633715336803042], [7474411, 0.7714106868949061], [7477922, 0.7508077629622995], [7477931, 0.7427389574870645], [7676754, 0.7871720432214703], [7682479, 0.7216032641184631], [7718556, 0.7235660148467377], [7730061, 0.7219491965127857], [7730942, 0.7169476107944259], [8022433, 0.7767809410596604], [8025712, 0.7544544731830586], [8209769, 0.8210924654953025], [8222180, 0.7874707665302568], [8226115, 0.7562891810297486], [8230628, 0.7571457178856101], [8238805, 0.7423501515907451], [8342518, 0.7563082716160282], [8368627, 0.7325005857799188], [8505614, 0.7719789245172297], [8511501, 0.7603732717204118], [8683470, 0.784097591732363], [8803607, 0.7607031904901236], [8825782, 0.7290741522377701], [8840347, 0.7268914101215256], [8840406, 0.7097726837062454], [8915443, 0.7278926084408476], [9015256, 0.7857086850806081], [9029759, 0.7459554560115012], [9041728, 0.7071926907757187], [9041729, 0.7065264962558433], [9184548, 0.7545253932338062], [9201705, 0.7413741156493027], [9208068, 0.7452232743351063], [9208069, 0.7430425733137254], [9228792, 0.7460021554833773], [9333257, 0.8371972996794277], [9333870, 0.7118049870668969], [9366575, 0.7326379809783824], [9427436, 0.7855227890531093], [9469037, 0.7593465189592761], [9508166, 0.7493293782306529], [9567171, 0.764105841143862], [9568770, 0.7583965517333365], [9571039, 0.7385179743598662], [9584938, 0.7389212929724053], [9621525, 0.7576529739753421], [9627796, 0.751073961996754], [9631075, 0.7151696635346978], [9652710, 0.716987339464607], [9681747, 0.7477174005916216], [9685406, 0.7217220700715142], [9685407, 0.7110972214185627], [9686658, 0.7097932897209991], [9729815, 0.7487803026422086], [9734972, 0.709749779427206], [9746821, 0.7296387062526762], [9749272, 0.7308424930081097], [9757613, 0.7398902565297323], [9757634, 0.7001314307753396], [9763881, 0.7160213835379988], [9767260, 0.7182508696955386], [9792279, 0.7901201237542347], [9814894, 0.7837313974774822], [9827195, 0.732437688484864], [9837928, 0.770270649255087], [9838949, 0.7350213826451456], [9860604, 0.7840107357399075], [9860605, 0.7550890947664173], [9870390, 0.7865006983644273], [9870881, 0.7640183627226036], [9882778, 0.7969396208767928], [9893097, 0.7749814411017619], [9912300, 0.8092668131872411], [9912327, 0.7982175310090545], [9914552, 0.7581079687033581], [9919911, 0.7225067611763903], [9920030, 0.7111709389537314], [9925997, 0.7438539835646077], [9926004, 0.7389009707071832], [9937201, 0.8104290842640184], [9951960, 0.810956317175588], [9958055, 0.7218466523603583], [9967942, 0.7978237012080981], [9970575, 0.7452950905485529], [9972580, 0.7321483837116631], [9973295, 0.7325634806404198], [9973402, 0.669857658396126], [9976953, 0.7573140091698294], [9979744, 0.6627823123497877], [9982135, 0.7242167410114275], [9982528, 0.7074382663564296], [9983413, 0.6964240014173777], [9988580, 0.9554668539318444], [9988585, 0.7361753559760201], [9988810, 0.7289761221830396], [9989433, 0.7247699465817898], [9991586, 0.7705975475340993], [9991617, 0.7353013541813236], [9994740, 0.7897042946822754], [9995381, 0.6214204791959768], [9995506, 0.6361939150808507], [9996871, 0.678926442628262], [9997524, 0.8238818535726504], [9998103, 0.685461650635468], [9998850, 0.7569209537696835], [9999119, 0.7422207809837181], [9999879, 0.5057175889400441], [9999912, 0.5269083020347178], [9999953, 0.7723485965046002], [9999972, 0.859038704765676], [9999973, 0.6472549084224708], [9999984, 0.8578697795041927], [9999985, 0.390922844541033], [9999996, 0.897846395163795]]}