{"seed": 928126205, "N": 10000000, "alive_speed": 0.9993930717812612, "non_threatened_speed": 0.9993989682345842, "survivors": [[58, 0.9993989682345842], [205, 0.9255714078383893], [616, 0.8587447605552045], [1233, 0.8277603604882323], [24676, 0.8005887277442596], [24815, 0.7935604550900077], [50732, 0.7855641770583621], [50821, 0.7803234074194602], [64554, 0.7638614082552875], [1851607, 0.7551351345771656], [8681150, 0.7387201056019901], [9985745, 0.7016310090238305], [9994968, 0.7011255655180165], [9994969, 0.6391225398984782], [9999992, 0.5551511459530918], [9999999, 0.21848009152396808]], "still_alive": [[65233, 0.7487906102066976], [216176, 0.7595518462820758], [356359, 0.749568791022893], [872512, 0.764359136121961], [1137929, 0.7806567990122424], [1313414, 0.7409638192010761], [1343795, 0.7246347752967214], [1850678, 0.768362746109863], [1851127, 0.7645297186065521], [1851192, 0.7565127360424935], [2014774, 0.7535528802765359], [2399599, 0.7376010459388975], [2402292, 0.7247895735542698], [2985549, 0.7366522704534962], [3244822, 0.7550583547592838], [3407071, 0.7691528947863265], [3407154, 0.7455932778353254], [3797881, 0.7527913243696757], [3940310, 0.7604633614152713], [4006505, 0.7625879760340406], [4007918, 0.7547998787660858], [4725257, 0.7840409793034341], [4794202, 0.7666290860415375], [4810401, 0.7681073879337559], [4975716, 0.7637450373047903], [5035223, 0.7417703728857854], [5051684, 0.7434787258601542], [5338935, 0.7632657288850925], [5539712, 0.7783650359245131], [5544607, 0.7713436171432217], [5685438, 0.7895696666416919], [6076359, 0.7675801261443884], [6079914, 0.726909780740064], [6220785, 0.7445645554856044], [6269436, 0.745848512111791], [6273811, 0.7378166226226816], [6370012, 0.72667309781401], [6370511, 0.7223988698972623], [6827632, 0.790939294970666], [6865459, 0.7956328446611116], [6865550, 0.786137670734626], [6870017, 0.7538602824036766], [6944850, 0.7622888854385311], [7048673, 0.7298366552689737], [7186932, 0.7352989630624043], [7303303, 0.7139021965868362], [7462702, 0.7388082712325238], [7477231, 0.741865121607923], [7592232, 0.7621421778595249], [8030595, 0.737147912681188], [8680736, 0.7561979878534985], [8680833, 0.7467839538659389], [8720569, 0.737560389310368], [8721818, 0.7071579398720268], [8747375, 0.7010085114272031], [8749192, 0.697190759175613], [9018297, 0.7732048896154514], [9059664, 0.7815734291749598], [9093827, 0.7942380994769138], [9134030, 0.7973747801482463], [9179459, 0.7513498061860215], [9213242, 0.7490102486931681], [9227583, 0.7385567762963048], [9228834, 0.7248677462224329], [9262661, 0.7223436410428908], [9285600, 0.7306584762966775], [9286539, 0.7302610560261894], [9325324, 0.7689802781603368], [9326211, 0.7265293746651377], [9409474, 0.7550584589964526], [9429947, 0.7585403257291531], [9430108, 0.7390377251100879], [9460017, 0.7489526555771997], [9462976, 0.7253468367231842], [9463545, 0.7261153039146357], [9497106, 0.7238755878370683], [9497207, 0.711085629957395], [9548684, 0.7454620686449349], [9591113, 0.7573797324477752], [9595346, 0.7473106210828231], [9638095, 0.7629220663477411], [9693186, 0.8757243088808859], [9715887, 0.7570531328565927], [9728240, 0.7558271426846473], [9728241, 0.7405089652092941], [9736938, 0.7177972484749408], [9764259, 0.7900541671461683], [9784090, 0.7138903595886033], [9788511, 0.7062207627499077], [9799538, 0.700645598484863], [9799795, 0.6965494543164934], [9809698, 0.7177439749830847], [9840147, 0.7697454008757811], [9840538, 0.7619121952192298], [9846163, 0.7505440273208519], [9846434, 0.6839646231296729], [9864483, 0.7379218648768482], [9877044, 0.7951726041852549], [9877611, 0.7059931924662488], [9887108, 0.717204239197581], [9895533, 0.755646807154607], [9908190, 0.785249224288138], [9908199, 0.7832645183611967], [9912950, 0.772794264943385], [9914621, 0.7678241220495272], [9940630, 0.7535556372107838], [9941025, 0.7265616642199304], [9941026, 0.7178088937565734], [9948457, 0.74104063656201], [9953306, 0.7658266226024736], [9962143, 0.9216543596679074], [9962144, 0.8516329291447117], [9962145, 0.8023243978083083], [9963164, 0.8022809687868928], [9966089, 0.7162417495509841], [9970474, 0.7421982345591169], [9971377, 0.7582375685058927], [9971768, 0.6906970135459386], [9971789, 0.6911940534678388], [9972210, 0.6808205155170064], [9976455, 0.7283236813965122], [9979744, 0.8014133932547226], [9979755, 0.7031497226935576], [9983362, 0.8027398619682392], [9983369, 0.7815742071241746], [9983802, 0.729927880824869], [9985743, 0.7439568508966878], [9985744, 0.7345043310068469], [9986548, 0.7004839226792475], [9989397, 0.5997929837703213], [9994868, 0.8265060886603053], [9994869, 0.7585806498099756], [9995482, 0.6137108757851908], [9996499, 0.7618149153755459], [9996566, 0.5664655905050425], [9997403, 0.5941522433359352], [9997946, 0.6568026295646435], [9998011, 0.6761994377965166], [9998262, 0.7167633122629786], [9998269, 0.6435489076644151], [9998668, 0.7822584843364383], [9998787, 0.7230877851934675], [9998928, 0.8094675021740627], [9999129, 0.6955590463254931], [9999144, 0.6492621427880856], [9999299, 0.6769348002846621], [9999558, 0.8450829424961371], [9999625, 0.7766115567568199], [9999656, 0.6619996613865975], [9999901, 0.5806140570388952], [9999954, 0.8316717628860402], [9999955, 0.7479509056464221], [9999958, 0.5678229719443338], [9999979, 0.5500963673484425], [9999984, 0.6830989906478502], [9999985, 0.6487855357955042], [9999993, 0.29123990048120796], [9999994, 0.3261212581638496], [9999997, 0.4958906923832316], [9999998, 0.4973749121763976]]}