{"seed": 483722253, "N": 10000000, "alive_speed": 0.8422369238067013, "non_threatened_speed": 0.8422553691974423, "survivors": [[218, 0.8422553691974423], [4151185, 0.7467428633064547], [9119934, 0.7364835024056549], [9999989, 0.4782970837757138]], "still_alive": [[280679, 0.7409042280753687], [298158, 0.7371284269768575], [326467, 0.7306619364592856], [764428, 0.7513425267963084], [1253949, 0.7340894158268074], [1568214, 0.7468839480749493], [1582557, 0.7337746910301503], [1988386, 0.7568724231292421], [2150695, 0.7590207739431938], [2156648, 0.7540594892761594], [2551915, 0.7581569395203792], [2744436, 0.7555810924163648], [2745191, 0.7299264177904538], [3061468, 0.7549755982888514], [3073323, 0.7355361157392354], [3995802, 0.7942607266081773], [4002637, 0.7567075568004354], [4089414, 0.7662529016820319], [4153500, 0.7421715217389667], [4338609, 0.7275327018321276], [4357588, 0.7226682096168616], [4472095, 0.7332142152448543], [5041714, 0.7328824042030729], [5592047, 0.7700419749461019], [5592124, 0.7445387068178904], [5793223, 0.7777882175016355], [5940478, 0.7900014597505092], [6243429, 0.7294105507935784], [6299614, 0.716864219238308], [6299615, 0.703580573314502], [6588588, 0.7559789671623537], [7002189, 0.7382103437795042], [7022180, 0.7199437820433404], [7167489, 0.7509006938067686], [7352088, 0.7947874209102331], [7384081, 0.7832595798884561], [7510288, 0.7966607953021061], [7529153, 0.7866606461480936], [7612624, 0.7439707864146038], [7674421, 0.7478917247593866], [7931960, 0.7757592861506374], [7977699, 0.7588783215382618], [7980342, 0.757202045904307], [8132817, 0.800238896731204], [8162118, 0.7166013571118678], [8333157, 0.7283321221069575], [8388920, 0.7393074818330317], [8472675, 0.7484339341262312], [8558390, 0.7789516630584546], [8560119, 0.762805682690683], [8592144, 0.7576840470113984], [8592183, 0.7469458801974185], [8800824, 0.7917779049453522], [8800833, 0.7913858776960934], [8810646, 0.7036720604900176], [8891655, 0.7291199526244531], [8891656, 0.7231598561767066], [8958191, 0.7526084809493188], [8975502, 0.7583214640197439], [9005535, 0.7750809903969625], [9006250, 0.764936852854828], [9006307, 0.7641209040025828], [9031586, 0.7753152047566279], [9119867, 0.8363510094633556], [9122875, 0.723911040014918], [9132670, 0.7242692518089335], [9166123, 0.7328386916074969], [9222204, 0.7732232970057841], [9339877, 0.7902788888238171], [9341254, 0.7917484770678643], [9348035, 0.7576731710730343], [9350046, 0.7223992172545594], [9435389, 0.7993433312126609], [9435454, 0.7764937157645785], [9489651, 0.7492212008905274], [9529674, 0.7434385989345389], [9539033, 0.7506401054126377], [9540130, 0.7464897982860291], [9612931, 0.8177037232509656], [9613102, 0.7992970965831563], [9619065, 0.7839561649622684], [9658638, 0.7698998866059671], [9669351, 0.7117262409788073], [9737606, 0.8089907226035796], [9737619, 0.7832399667548592], [9739470, 0.7279804651465135], [9754055, 0.7465694477836119], [9766442, 0.7759785631823592], [9766443, 0.759334262339821], [9778688, 0.7846434267863741], [9781295, 0.7878811846127423], [9801890, 0.8320326944165003], [9802437, 0.8135198768248946], [9803834, 0.7464600526129372], [9804041, 0.737819638729294], [9827760, 0.750818784432691], [9833077, 0.7336566303901689], [9833100, 0.7218396678580978], [9846163, 0.755464377545473], [9846364, 0.7479540533914427], [9848793, 0.749226785120646], [9856568, 0.7829936879518499], [9860835, 0.7966355460322331], [9867390, 0.7491939218186124], [9868083, 0.7354347542269545], [9868160, 0.7064298564597866], [9874405, 0.6958518381020565], [9885876, 0.6839124097917704], [9897523, 0.724348331573239], [9912042, 0.749704111687845], [9912043, 0.7251242053237217], [9912058, 0.7139590409889784], [9930461, 0.8780425640548892], [9930728, 0.8811020603026091], [9931439, 0.8312853729995354], [9932576, 0.7891670158520766], [9932841, 0.739227138669581], [9945678, 0.7818554168737555], [9951047, 0.7953801575822568], [9951756, 0.7116885715616812], [9959695, 0.7926412570061666], [9959756, 0.7782618557738532], [9964447, 0.8212776217255489], [9966422, 0.7615848986527057], [9967751, 0.7489658384457011], [9968072, 0.7161468855249823], [9973315, 0.8450924892352296], [9973364, 0.8301428608569227], [9973477, 0.8082051803532746], [9974172, 0.8263277758548868], [9974197, 0.6421820270389094], [9977266, 0.7145880064479923], [9982415, 0.8815290994405867], [9982416, 0.8391225114412358], [9982417, 0.7610680174539849], [9982716, 0.7710049348165111], [9982881, 0.7547270159560059], [9982882, 0.7444854346748692], [9982885, 0.7262439554613361], [9985992, 0.7880834821429555], [9986093, 0.6789524358011755], [9986132, 0.6607459484083421], [9987577, 0.6949384041533694], [9989202, 0.7561458180775634], [9989203, 0.7491275526748339], [9989232, 0.7398107267757877], [9992537, 0.9064067400813728], [9992548, 0.8651406495689458], [9993281, 0.7383858493548441], [9994208, 0.7891402772481696], [9994517, 0.763310432176708], [9994520, 0.7286625365673454], [9995317, 0.8129605098887132], [9996038, 0.815952443395753], [9996263, 0.605188081524155], [9996946, 0.7383226280554036], [9997429, 0.6991634615919416], [9997444, 0.6969013113397781], [9998757, 0.9113624624994147], [9999122, 0.8074830038148268], [9999173, 0.754293201592257], [9999580, 0.7413980066937381], [9999607, 0.46038125699721266], [9999660, 0.47376841714325124], [9999675, 0.4457730769286723], [9999822, 0.6443942448796068], [9999889, 0.8870466255361448], [9999906, 0.49584094444588345], [9999933, 0.5495617239433433], [9999958, 0.8146252982002425], [9999959, 0.8117525307414248], [9999964, 0.8484897015642294], [9999973, 0.9834901095217262], [9999988, 0.8044141643446701], [9999996, 0.3793380011135401], [9999997, 0.4242990272164814]]}