{"seed": 989, "N": 10000000, "alive_speed": 0.9078335240868134, "non_threatened_speed": 0.9078350674062737, "survivors": [[16, 0.9078350674062737], [6819, 0.8194383171618049], [6059678, 0.7615122025710349], [7948071, 0.7569618035190104], [9998878, 0.6898898284199418], [9999995, 0.5499779244275801], [9999998, 0.5237820265897403], [9999999, 0.14723419386878578]], "still_alive": [[316276, 0.7804499916210939], [918187, 0.7851024561206461], [1202764, 0.735542450747624], [1788771, 0.741813324954209], [1814734, 0.7287275160798877], [2530131, 0.7515108376320017], [3267250, 0.79956318668075], [3327343, 0.7726477303359082], [3678068, 0.7931200642479823], [3680045, 0.777356796060491], [3680336, 0.732828253316859], [3875061, 0.7479251686102686], [3892262, 0.7268873688767263], [3892493, 0.6948650583845777], [4450056, 0.7613232651920788], [4450607, 0.7572875570638887], [4511796, 0.7539699558469011], [4853217, 0.8022235327722256], [4947138, 0.7754482842451439], [5312217, 0.8011268894906927], [5326826, 0.7928662529139106], [5333253, 0.7834799069431476], [5333274, 0.7638576477569474], [5333755, 0.7558082508577331], [5368584, 0.7147616365417111], [5456531, 0.7260405685023547], [5565572, 0.743813302022609], [5750397, 0.7493835318652685], [5750626, 0.7352568193597657], [5799773, 0.7418514179710239], [6012350, 0.7680741325582962], [6056855, 0.7686726500621431], [6059725, 0.753259319988175], [6128008, 0.7242217926810677], [6280503, 0.7347733092890459], [6578576, 0.7379694775919389], [6723089, 0.7509392253567855], [6750128, 0.7419501836617631], [6841031, 0.7237468815837613], [7053406, 0.7747076434330822], [7056119, 0.7726175361161477], [7056174, 0.7516305682133172], [7059361, 0.7137562596142865], [7219302, 0.7491535231308113], [7219717, 0.7470317585371006], [7349348, 0.7414804192736827], [7533287, 0.7960226579894318], [7533296, 0.7619287530650188], [7536851, 0.733758224904959], [7730102, 0.7669846894262664], [7897739, 0.7886287364720171], [7909322, 0.7694014329454739], [7937743, 0.7676413216617666], [7941664, 0.7668294455415969], [8010448, 0.7500211923315792], [8093045, 0.760515652035079], [8140170, 0.7783256792501032], [8240437, 0.731604701374452], [8339920, 0.7735295034968442], [8407733, 0.7812792790569937], [8413988, 0.7657502772189112], [8510613, 0.7825015444839386], [8510638, 0.741416800720249], [8576023, 0.7427069152263454], [8603716, 0.7477671556279104], [8712149, 0.7593773044936744], [8750168, 0.7393367200464429], [8750381, 0.7387202141197763], [8855098, 0.7633248597773635], [8949479, 0.8012531810195024], [8956764, 0.7548140022216586], [8972633, 0.7601361438951696], [9050284, 0.7293516875968195], [9094955, 0.7590464286861662], [9095168, 0.7380727095290499], [9264671, 0.7514689282994247], [9269800, 0.685969095395417], [9339065, 0.7363999753611692], [9341012, 0.7269456047899863], [9380227, 0.7532396669863982], [9402332, 0.7248221448764459], [9404137, 0.6936033845740526], [9513236, 0.7848657216693021], [9513427, 0.7438366543918293], [9514128, 0.7346784222074708], [9515543, 0.7294517738336935], [9548758, 0.7557045025566175], [9596873, 0.7479053418684353], [9614582, 0.7457831088984996], [9620563, 0.7277549424813712], [9621300, 0.6976106723692888], [9671439, 0.7580132578121127], [9671440, 0.745640145515889], [9698521, 0.8089720331446514], [9698688, 0.7643242130686189], [9718669, 0.7938785649715562], [9726966, 0.7973660744363731], [9748199, 0.7577314731951347], [9748908, 0.7379788323814891], [9766169, 0.7903137830055221], [9780914, 0.7944368254793298], [9801651, 0.8248423006677615], [9801678, 0.7262018324153036], [9801701, 0.7065457623608583], [9824998, 0.7494691052104727], [9856137, 0.7693917581953756], [9885902, 0.8058656879439904], [9888727, 0.8179189766628204], [9888884, 0.7945983461662024], [9888887, 0.7450047399397782], [9890178, 0.7511856667129563], [9902243, 0.7625143936461988], [9913448, 0.8201395974908968], [9915443, 0.6996624528012938], [9923490, 0.716497714968464], [9925139, 0.7289344810593721], [9938260, 0.765399775170929], [9938865, 0.7490263052196361], [9942664, 0.7878126954061527], [9949659, 0.7068615098727531], [9954372, 0.7171169360330795], [9954379, 0.7107250637377116], [9959480, 0.7308239430396812], [9959771, 0.7043382966659961], [9964180, 0.7265952841640534], [9964383, 0.7200626099622178], [9970944, 0.719883186249509], [9973963, 0.790937309902173], [9974212, 0.7180483771527918], [9980073, 0.79218481375146], [9980088, 0.7665485445490995], [9980101, 0.7287797743956195], [9982052, 0.7471336793449422], [9982061, 0.741907147974635], [9982062, 0.7363492400260769], [9982075, 0.7081293445027926], [9982742, 0.6876239281126216], [9986549, 0.7599057598725101], [9987652, 0.7436952284045684], [9989503, 0.80081710571342], [9989504, 0.7116199560042131], [9990345, 0.6698372843909249], [9992412, 0.7807475453590346], [9992507, 0.7635378433241399], [9992546, 0.7488619719767868], [9993837, 0.7790414640773717], [9994036, 0.772718589729493], [9994037, 0.7444721170144918], [9994250, 0.7679509757715368], [9994897, 0.7821807373495627], [9994924, 0.7764472078774406], [9994941, 0.7613987118002299], [9995890, 0.7305600908637842], [9996287, 0.7959577563843856], [9996484, 0.6842356925928417], [9997349, 0.6499847229031953], [9997798, 0.7510162359315646], [9998161, 0.6593530886324016], [9998170, 0.6458341040617458], [9998417, 0.715790434991511], [9998786, 0.8486648187665091], [9998859, 0.8017094781783667], [9999021, 0.591341910769049], [9999022, 0.5307649561353878], [9999621, 0.7389039111979882], [9999708, 0.8347984962200423], [9999765, 0.7847695191611156], [9999776, 0.3604293624512759], [9999925, 0.928006775306433], [9999976, 0.9861954836020788], [9999993, 0.9182471017674456], [9999994, 0.8610991910550353]]}