{"seed": 483722298, "N": 10000000, "alive_speed": 0.8944892071941691, "non_threatened_speed": 0.894503787604449, "survivors": [[162, 0.894503787604449], [1195, 0.8254779412727408], [1698, 0.8235508233186534], [1699, 0.7801313553323563], [809694, 0.7785900015294913], [1353651, 0.7635725452678047], [9999962, 0.6624663794865656], [9999999, 0.5788143701769377]], "still_alive": [[4564, 0.7793153666340275], [623435, 0.7813419195203872], [1039421, 0.7464743371634069], [1352468, 0.7687111433566733], [1357518, 0.75869295366185], [1753641, 0.7626300931867493], [1931656, 0.7665642009685864], [1948107, 0.7671344740935221], [1951976, 0.7554167780129447], [2468217, 0.7356045374270401], [3011096, 0.7593590652674448], [3276653, 0.7498326881531733], [3862776, 0.7661495365764132], [3950453, 0.7556870780513935], [4315768, 0.7762629450337959], [4315769, 0.7747588480117664], [4646658, 0.7886438158244214], [4652789, 0.7598265668922101], [4833214, 0.7706312430520852], [5209929, 0.7795782070227315], [5209988, 0.7362027206259701], [5501903, 0.7694740683830812], [5519428, 0.7400017895444926], [5759579, 0.7662704972541408], [5890198, 0.7237281858299567], [5955043, 0.7252716960815376], [6027334, 0.7310987441224281], [6039933, 0.7101824129639921], [6281824, 0.7409110145606069], [6281831, 0.7399355053622275], [6449998, 0.7746290870330718], [6566349, 0.7960075057390164], [6718746, 0.77931805640183], [6861505, 0.8000033028855466], [6874336, 0.7638980150892547], [6933189, 0.7300164317586316], [6983640, 0.742081895165409], [7008489, 0.7329418884680243], [7251298, 0.7681367909700577], [7252623, 0.73787320190298], [7304202, 0.7469111487186082], [7556913, 0.7750274203186235], [7557890, 0.7680779106941531], [7571537, 0.7358718527213891], [7819306, 0.8039232427360006], [7839645, 0.8048460213870269], [7852948, 0.7642545683104784], [7905637, 0.717588104650499], [7908982, 0.7137716174147789], [8081535, 0.7329344470497436], [8145786, 0.7579674328804155], [8145897, 0.7509526067308862], [8148804, 0.7502642644503149], [8232595, 0.7403746299194947], [8372552, 0.7510842314739641], [8566957, 0.8093510226395294], [8568828, 0.777446185420469], [8569455, 0.7541939263149422], [8604416, 0.7631857940720247], [8609217, 0.7395856574668366], [8649094, 0.7543959324169894], [8668633, 0.7626605530198245], [8698404, 0.7656376317519757], [8781331, 0.7180616680109472], [8901124, 0.7944692336038975], [8904883, 0.7653337003826599], [8952852, 0.7459077811002605], [8990309, 0.7450370839489343], [8992560, 0.7434213149500117], [8992585, 0.7251997518739801], [9070314, 0.7403017688627167], [9097379, 0.7545600057334574], [9098152, 0.7343265982746983], [9145719, 0.7635980131108763], [9146058, 0.7303599307459683], [9200049, 0.7541286056222709], [9354198, 0.8246718138125142], [9355945, 0.7509047063095108], [9373802, 0.7636036322679848], [9378895, 0.7585453704942197], [9410172, 0.7747025271913812], [9419365, 0.7794173800634788], [9431704, 0.7532981621827369], [9476557, 0.7524332765308348], [9476562, 0.7360594033073791], [9531451, 0.7403123408016796], [9533922, 0.7310213975245001], [9536295, 0.7252654825485182], [9561506, 0.6832024556972798], [9581627, 0.7019169003315731], [9581658, 0.6992596161384165], [9609707, 0.7397845723373422], [9621846, 0.7437824526543693], [9621961, 0.7070520556651694], [9667596, 0.7281011324855982], [9709693, 0.8022012323292798], [9725060, 0.8057318570781321], [9725317, 0.7488221390595108], [9755978, 0.8292006421193955], [9765901, 0.7600793639349519], [9786724, 0.7581994618800587], [9787441, 0.7547171520364959], [9804412, 0.7529742004929205], [9818615, 0.780122979013494], [9826190, 0.7662621704608666], [9828541, 0.7350757797212666], [9831460, 0.6817848114646458], [9833745, 0.6910826118924936], [9835054, 0.6856770297381489], [9854561, 0.7708002080366178], [9854758, 0.6898342914016022], [9859079, 0.6389641190628269], [9894832, 0.7483641513354673], [9898221, 0.7729019079329518], [9898816, 0.717270839438872], [9901053, 0.6503793364200001], [9918050, 0.7295624772135725], [9918055, 0.7055455955689097], [9922992, 0.7012112581257764], [9941431, 0.7429799909367268], [9941596, 0.7431468500761514], [9947557, 0.6908118632520431], [9953008, 0.72875628942107], [9957035, 0.7449722425464789], [9963960, 0.6897377968439581], [9964091, 0.658766206350593], [9970962, 0.7271350677164022], [9971065, 0.7258196056705117], [9975628, 0.7044568108402322], [9978033, 0.7073944280853526], [9979138, 0.6605458728600645], [9986097, 0.732532112570819], [9986280, 0.7078909494533812], [9989109, 0.7070451972495331], [9989286, 0.7183036781849857], [9991215, 0.7741226285529574], [9992416, 0.8455087267204532], [9993023, 0.8435755832475818], [9994210, 0.6881607561618166], [9994599, 0.5795328869537738], [9994678, 0.5822240431316613], [9995567, 0.68806503167356], [9996286, 0.7109503010741748], [9996295, 0.7036181150474401], [9996306, 0.6730179766472498], [9997145, 0.7710884958156612], [9997202, 0.7455156320401384], [9998149, 0.7489154862104944], [9998366, 0.8366733621528105], [9998377, 0.7636610422836732], [9998994, 0.71135322853229], [9999005, 0.7171538101262457], [9999014, 0.6763929823053344], [9999235, 0.6860764468699746], [9999242, 0.5749723923326908], [9999377, 0.6671746699648679], [9999382, 0.6490446750683543], [9999565, 0.7179925379878691], [9999652, 0.77496666022223], [9999707, 0.8962725954567982], [9999708, 0.8027104212616728], [9999737, 0.6065194487685414], [9999812, 0.8370218078918731], [9999845, 0.8530483422545244], [9999892, 0.7060482141240687], [9999907, 0.540544912248738], [9999948, 0.7862853615754803], [9999961, 0.8094213872954331], [9999963, 0.6525670937338583], [9999978, 0.8428425132262334], [9999987, 0.5047736295641467], [9999994, 0.8313297334450025]]}