{"seed": 177791829, "N": 10000000, "alive_speed": 0.760798704970951, "non_threatened_speed": 0.7653783458453527, "survivors": [[59834, 0.7653783458453527], [180217, 0.7574351730235503], [493976, 0.74683983911764], [9645039, 0.7357729425102466], [9999990, 0.6795989990052381], [9999999, 0.2708132234955033]], "still_alive": [[213490, 0.7571909246220071], [477081, 0.7659948734888329], [639515, 0.7242681261990599], [642962, 0.7052851732583607], [1199013, 0.7292233112822493], [1503550, 0.7291942544998785], [1874373, 0.7490536488334827], [1930532, 0.7473941113854476], [2269043, 0.7768880918795965], [2379238, 0.7282314425887483], [2865991, 0.743670421628442], [2869644, 0.7142718135311485], [2869831, 0.7123929673183951], [3341158, 0.7534731841527843], [3548661, 0.7484096654098633], [3551486, 0.7375655094797113], [3792141, 0.7614651523536528], [4009960, 0.7525474062159221], [4010051, 0.7416937562421031], [4372528, 0.7545528078216952], [4380773, 0.7437345513657264], [4526866, 0.7622469895927804], [4921345, 0.7739060428603295], [4979162, 0.7646263058221701], [5144567, 0.7469088714066613], [5505042, 0.7352779252932579], [5506163, 0.7194989779581101], [5612378, 0.7193809717887352], [5632655, 0.7136500191421783], [5911706, 0.7609802400502473], [5949003, 0.7560553479066279], [6010344, 0.7139129951958313], [6359169, 0.7661004689974106], [6492634, 0.7683085238596971], [6723005, 0.7506002066952294], [7284144, 0.7768024531868796], [7344661, 0.7211978793913381], [7530970, 0.7363055533864339], [7635741, 0.7639706778455192], [7858652, 0.8030167996235761], [8009443, 0.7514611646466471], [8134740, 0.7600715853591795], [8139085, 0.7583197237526081], [8230740, 0.7975542417358432], [8268487, 0.7860210887876592], [8268526, 0.7649272085105775], [8268569, 0.7411476764007645], [8270684, 0.7314312681095938], [8345465, 0.7550844668115748], [8347178, 0.6971803998402903], [8710511, 0.7701054613267717], [8730974, 0.6840680485793428], [8905115, 0.7515207449376808], [8911540, 0.7433327852442967], [9044709, 0.8017046080183337], [9057236, 0.7897042424015208], [9061723, 0.7368405103109819], [9061748, 0.7303027081844506], [9142455, 0.7846736962166506], [9144412, 0.7605284814427264], [9154949, 0.7457725926500091], [9193984, 0.7660856915706594], [9195651, 0.7059758874963723], [9235194, 0.720111320165422], [9302991, 0.7397553797761257], [9319538, 0.7168629807243477], [9470789, 0.7944052139453964], [9470792, 0.7928052518270973], [9478827, 0.7619384633158133], [9485014, 0.7704785568571302], [9489825, 0.7258707418068041], [9524852, 0.74718824484562], [9525315, 0.7331777044588745], [9544276, 0.7496553792549988], [9560393, 0.7229133525395122], [9599676, 0.7763947181934531], [9613637, 0.7691278293803329], [9616976, 0.7204865339010289], [9642707, 0.7564934599359746], [9642912, 0.7548762641986989], [9666208, 0.7053466419289315], [9707405, 0.737891583581786], [9722796, 0.7109095980019909], [9749073, 0.7038782343149781], [9770238, 0.7554184463460726], [9770515, 0.746669428256795], [9778876, 0.7536812172252166], [9779793, 0.7144418030537174], [9802028, 0.7628408806574555], [9861613, 0.7678390116919761], [9863268, 0.7450657477046361], [9887549, 0.8788201481984729], [9887568, 0.8313191341473043], [9887583, 0.8199349621716338], [9891170, 0.7549039092294735], [9898175, 0.7783916843900146], [9898198, 0.7391038658187058], [9900893, 0.7152149284117354], [9900894, 0.6933643374666574], [9908955, 0.7289862321119625], [9914910, 0.7405192233207664], [9924143, 0.7666358112708683], [9924580, 0.7434398394553521], [9927551, 0.7454280256296619], [9928364, 0.7149213607464742], [9940315, 0.7871947630866769], [9941838, 0.6897242016101227], [9942963, 0.6847528886955946], [9947838, 0.65499251352474], [9954423, 0.7329889641779749], [9959288, 0.8111444823505723], [9960625, 0.7961017620344119], [9960710, 0.7248667872796575], [9962355, 0.7284030779715917], [9975730, 0.9021498066709372], [9976653, 0.7234516064298562], [9979224, 0.6650399599347764], [9981653, 0.7013769362520305], [9982446, 0.7022996947635792], [9983541, 0.6647208037494985], [9985340, 0.7410069110662487], [9987629, 0.833093353916286], [9987676, 0.8301362886063155], [9988843, 0.8650396857718121], [9989552, 0.8980724108683267], [9990725, 0.8953508408061597], [9990732, 0.8679878172546649], [9992097, 0.731066251532731], [9992126, 0.6998442618561816], [9992443, 0.7181583309937298], [9993034, 0.7735907694465474], [9993035, 0.7401955740231607], [9994756, 0.878302284223076], [9994795, 0.7676487384401761], [9994796, 0.718014090556327], [9994829, 0.7120286903685059], [9994924, 0.6933715464436392], [9995717, 0.7948573990536436], [9996322, 0.9156758944799931], [9996357, 0.9018421563779029], [9996744, 0.8274769828351413], [9997049, 0.49351898504081104], [9998360, 0.7184350721620613], [9998387, 0.5581777951346772], [9999058, 0.8215141095153763], [9999689, 0.7917617885419153], [9999696, 0.7897132769594013], [9999707, 0.7972502584778632], [9999708, 0.7285015259205069], [9999821, 0.7755811941666415], [9999862, 0.7867584375703676], [9999867, 0.7756148731219557], [9999874, 0.8021535594783478], [9999893, 0.769327669125113], [9999904, 0.6387201045368257], [9999925, 0.8109727554228926], [9999942, 0.912829249818197], [9999971, 0.9378029662005399], [9999978, 0.4544257644476326], [9999989, 0.7178424111121374], [9999991, 0.5934406380789419], [9999996, 0.8896720596892074]]}