{"seed": 177791819, "N": 10000000, "alive_speed": 0.7734050140953316, "non_threatened_speed": 0.775122763479704, "survivors": [[22160, 0.775122763479704], [8953239, 0.7402138540622097], [9978244, 0.7178193988585652], [9978607, 0.7039311597504255], [9979840, 0.7007461843007795], [9999991, 0.61002572089485], [9999994, 0.45428960231535054], [9999995, 0.427940528006733]], "still_alive": [[29377, 0.762740163101716], [30136, 0.7620591271701572], [871161, 0.8207349042270348], [2092340, 0.7863581327910708], [2338575, 0.7704290798061262], [2490040, 0.7833348797033862], [2496727, 0.7538165730266159], [2496740, 0.737854126466899], [2498191, 0.7335301133863354], [3137732, 0.7691925613069284], [3282913, 0.785013961052496], [3298480, 0.7756370311160389], [3310163, 0.7739828374127976], [3348852, 0.7377987785533723], [3684461, 0.7640691884421245], [3708130, 0.7318247104963769], [4210423, 0.7392933059871287], [4786516, 0.7675618222104799], [4786517, 0.7539945314649011], [5000652, 0.7736059237683565], [5009257, 0.7427242737663674], [5394752, 0.774787262962263], [5395859, 0.752167657443961], [5395984, 0.7268485736808808], [5404327, 0.7261317286543243], [5544882, 0.7489723210288407], [5632305, 0.7509995906021761], [5636730, 0.7384212599863592], [5636897, 0.715508519884793], [5917634, 0.751492387874248], [6034411, 0.7689208018579505], [6126954, 0.7654410255965675], [6304911, 0.7763347450512557], [6602150, 0.7447032097865869], [7058619, 0.775344188126488], [7134906, 0.7738189199516289], [7310095, 0.8210387456595598], [7407180, 0.7920206770376325], [7413215, 0.7893403989856834], [7413216, 0.7717219516353755], [7413271, 0.7700035624286395], [7444286, 0.7786641733081789], [7562687, 0.7194543807921214], [7706536, 0.7296637306990962], [7706631, 0.7262886499267934], [7779760, 0.6955983966169643], [7948817, 0.7246718113618215], [8043616, 0.7545326364293156], [8043617, 0.7254589832215622], [8206974, 0.7687903768515033], [8229365, 0.7510678511559026], [8344122, 0.7599977705824705], [8365561, 0.7621189708491236], [8517214, 0.7597299956402812], [8651819, 0.7663671206361172], [8741914, 0.8187926351523909], [8779815, 0.7184605399464913], [8871636, 0.7567616416999138], [8952919, 0.8136938836260013], [8953238, 0.7988148714882672], [8965492, 0.7250197314312635], [8965531, 0.7226906698866947], [9170962, 0.7996316641705805], [9246681, 0.7108359151229577], [9335904, 0.7565546759667165], [9336251, 0.7229272043565429], [9404964, 0.7394016434143568], [9405059, 0.737285358361912], [9471846, 0.7636927487499119], [9504393, 0.7408340891598484], [9527338, 0.7436053302816926], [9527471, 0.7217136994251041], [9548294, 0.708470437106246], [9600617, 0.7319741146659189], [9605594, 0.7049259702501981], [9622789, 0.7368969891224214], [9623180, 0.726927918747127], [9640249, 0.741207728321147], [9648118, 0.7306865807523414], [9678737, 0.7608821980375798], [9680896, 0.7544668313216114], [9698407, 0.7564585658570112], [9700612, 0.7546952411185193], [9702487, 0.7587282287977789], [9730640, 0.7626533139288645], [9734369, 0.7208137480723872], [9754702, 0.7576188553460838], [9757349, 0.7457809768580972], [9757984, 0.723042770464479], [9758733, 0.7162810961060823], [9800828, 0.7566319164231626], [9807231, 0.7293106215268277], [9826686, 0.7575932929492366], [9857377, 0.7271080988856272], [9857382, 0.6731104185489436], [9885985, 0.8120603100749485], [9890134, 0.7503907031391454], [9896923, 0.7935507262724678], [9902084, 0.7515666218490799], [9905209, 0.7286843438011614], [9907270, 0.7356518636146558], [9907277, 0.7334421805408474], [9909526, 0.7494923165294122], [9927271, 0.8217558588260123], [9928352, 0.7409678620740513], [9929103, 0.6700267886057176], [9956972, 0.7419605774911344], [9957823, 0.7546233511131497], [9964732, 0.8712067047996442], [9965623, 0.753277213008666], [9965652, 0.7378841849001252], [9965667, 0.6989364750269879], [9966980, 0.6718430458409405], [9971595, 0.7541835825704565], [9973688, 0.7752511018834068], [9973689, 0.7571022905921524], [9973754, 0.7364545634625385], [9975951, 0.7990444076529951], [9977166, 0.8069999472361379], [9977301, 0.7889474124268414], [9984953, 0.6879387876525598], [9985194, 0.6273266403955327], [9988395, 0.6819610541338877], [9989064, 0.6262275618179743], [9991401, 0.6932200530537075], [9992142, 0.6918474456962779], [9992143, 0.6660846022566365], [9993834, 0.8308261966232164], [9993855, 0.8061842655801127], [9993860, 0.7904135107458783], [9993883, 0.7217219695900926], [9994238, 0.6979255548407771], [9995287, 0.673013143261671], [9995294, 0.6565958426355655], [9995705, 0.5872355593841713], [9996818, 0.7641472515536324], [9997463, 0.8378034255078266], [9997524, 0.7758318062777081], [9997525, 0.6375725833132853], [9998144, 0.6508712486607695], [9999333, 0.63682898095693], [9999576, 0.9192656294966185], [9999581, 0.6049562973263352], [9999582, 0.5554373750666111], [9999841, 0.8470895735835486], [9999842, 0.8262519594418578], [9999863, 0.6942960847244977], [9999888, 0.6079167741197853], [9999957, 0.8743040902730943], [9999960, 0.8640085694960208], [9999979, 0.9485625321318746], [9999980, 0.6504970704249358], [9999987, 0.934901319450979], [9999988, 0.8312745836903775], [9999998, 0.5463300074223911], [9999999, 0.7337495953369509]]}