{"seed": 928126015, "N": 10000000, "alive_speed": 0.7835545905086923, "non_threatened_speed": 0.7835545905086923, "survivors": [[574650, 0.7493441087343611], [574847, 0.7479593080474779], [9994908, 0.7422556705299113], [9998041, 0.6917777574478375], [9998050, 0.6289089024781469], [9999999, 0.0651260167731561]], "still_alive": [[805280, 0.7438514281106313], [807039, 0.7333825722111798], [1399996, 0.7380273629192967], [1866711, 0.7648731029236014], [1915342, 0.7334247325339037], [2031915, 0.7384538591197476], [2282370, 0.7450435648775958], [2822515, 0.736578184069785], [3014532, 0.7390863346710523], [3028469, 0.7325123440155891], [3660036, 0.7501486986712375], [3666809, 0.7463594378243091], [3683298, 0.7468204175302958], [4072711, 0.761955481208546], [4363970, 0.7543306880045946], [4588667, 0.7733583226184043], [4595202, 0.7452652835930194], [4676549, 0.7495851497191683], [4996880, 0.7673183044055613], [5083491, 0.7548860761094724], [5350212, 0.7536312334030061], [5353193, 0.7524980711509411], [5360576, 0.7497539071323716], [5622235, 0.7599677414845996], [6025628, 0.743802071788399], [6409781, 0.8059400323448109], [6410152, 0.7848756451404081], [6633419, 0.7377712793692691], [6652922, 0.7403922493449473], [6994329, 0.7680918557282649], [7153182, 0.7545667622154709], [7185993, 0.7231711419051985], [7261816, 0.7179632931181997], [7421905, 0.7410615379959304], [7553296, 0.7678469441452574], [7652401, 0.7459292692147693], [7689550, 0.7404803878112793], [7864783, 0.7672731606284353], [7941158, 0.7630914224583044], [7941161, 0.7624030442885887], [7969730, 0.7566141760954873], [7974017, 0.7485300583274933], [7993002, 0.7220560696639902], [8073351, 0.7241771619101699], [8243832, 0.7550119614162897], [8257913, 0.728986319295783], [8621144, 0.8817424747549643], [8628815, 0.8172458360641248], [8630698, 0.7631494741270844], [8719087, 0.7485903613250222], [8719702, 0.7381806741857896], [8799449, 0.7474101262416473], [8815122, 0.7395472354047385], [8833801, 0.7373449930201749], [8906794, 0.7654020218500022], [8909425, 0.7643548039362736], [8914182, 0.7345741849780919], [8960463, 0.7344370043411327], [9031000, 0.7856063906216714], [9095161, 0.7777760973311111], [9110212, 0.7821437209136717], [9110229, 0.7799303704667867], [9110286, 0.7751720212589094], [9112957, 0.7692709676887224], [9206052, 0.8179543823972489], [9263049, 0.7462957291345537], [9289132, 0.7653396797018677], [9305351, 0.7625802407017142], [9305388, 0.7336442098967793], [9375273, 0.7661602862614506], [9375276, 0.7651299238139994], [9446851, 0.7952296781722376], [9453688, 0.7166054140858933], [9458819, 0.6914690925216898], [9577036, 0.7872358556172139], [9577321, 0.7856392691046105], [9577986, 0.7120430259447775], [9625673, 0.7620728509020637], [9644660, 0.7667084618141086], [9651427, 0.756316175864556], [9651430, 0.7255401935166201], [9721687, 0.856667110513088], [9740828, 0.850155610212295], [9740937, 0.8037930003186256], [9741010, 0.8019597901354175], [9746803, 0.7505182392784925], [9806850, 0.8829210380520511], [9811945, 0.7877373430059819], [9821698, 0.8059505891784239], [9823625, 0.792502090235797], [9826054, 0.7979555584129863], [9846747, 0.7371042292274209], [9861208, 0.7728412801090264], [9861353, 0.7453557788773629], [9862304, 0.7265334944525524], [9881499, 0.7617589113470477], [9891290, 0.7841719419415112], [9905817, 0.8641676113854466], [9905864, 0.8498811626960047], [9910865, 0.8689519124792788], [9916230, 0.7382333761039663], [9925451, 0.8243315665986616], [9933044, 0.7643270010677302], [9933059, 0.7086555398833235], [9939756, 0.7721780166876013], [9942161, 0.7833280745479314], [9943854, 0.752098756041534], [9946141, 0.7308493855621988], [9946402, 0.6992143855646227], [9948455, 0.7165523432813637], [9957742, 0.8506664999322349], [9957761, 0.8058024362611563], [9962402, 0.7835686848601071], [9966337, 0.6995194504504626], [9972576, 0.819420776936649], [9975885, 0.8038775882073529], [9977328, 0.8006824612004418], [9978217, 0.7605617212160213], [9979616, 0.7963299199653456], [9979645, 0.7587505260328485], [9988928, 0.8545917670897988], [9989015, 0.8275645451689564], [9989026, 0.8103861875666646], [9989265, 0.7306018079425126], [9989324, 0.7243184141633383], [9989647, 0.7188864529441903], [9992286, 0.9508882323712777], [9992287, 0.9335205019699386], [9992290, 0.901839675718616], [9992291, 0.8510813764931404], [9992306, 0.698537347533496], [9993207, 0.7489858266660988], [9993488, 0.6860748418444333], [9994573, 0.7474794786044376], [9995163, 0.6452164382666052], [9996376, 0.8282923407823385], [9996397, 0.7103244221501752], [9996418, 0.6656135869397904], [9997199, 0.7862049705375611], [9997304, 0.7321604072029823], [9997719, 0.7632124108037648], [9998038, 0.7914618294317146], [9998709, 0.6287817985829375], [9998760, 0.6396010279313885], [9999201, 0.7412858434682746], [9999204, 0.6707353377544589], [9999301, 0.7278247156077708], [9999434, 0.7051892776061093], [9999477, 0.7360086858784974], [9999526, 0.8053970107155777], [9999607, 0.7777427143372825], [9999738, 0.8412871232976655], [9999739, 0.7034853880450216], [9999804, 0.835898929890233], [9999823, 0.8527026227397309], [9999878, 0.7820781198282147], [9999885, 0.7102949843737935], [9999936, 0.9541268233342233], [9999961, 0.9873061441489462], [9999964, 0.9127097013459295], [9999967, 0.5124968234252145], [9999968, 0.3868763440876829], [9999975, 0.4298840310290507], [9999982, 0.4270421711030913], [9999991, 0.5460983294756525], [9999992, 0.45518218458283244], [9999995, 0.7037060159531825], [9999998, 0.6167796750881802]]}