{"seed": 928126048, "N": 10000000, "alive_speed": 0.8304751524041745, "non_threatened_speed": 0.8304751524041745, "survivors": [[4016, 0.8189092907711704], [4025, 0.8001032071973231], [681710, 0.7922736168969254], [5951405, 0.747517464874061], [9353840, 0.7425557560296315], [9355467, 0.7416611778817899], [9616144, 0.7397012758216303], [9847257, 0.7323464906598051], [9998092, 0.7235649918648293], [9999937, 0.6698211183753876]], "still_alive": [[4052, 0.778950499337263], [492241, 0.7973025116163955], [1171361, 0.725108033269287], [1812614, 0.7713853455381733], [1878023, 0.7611140724369021], [2204766, 0.7273048356829188], [2452335, 0.745914834058978], [2480136, 0.7205251252034415], [2944009, 0.7508466883227315], [3525078, 0.773547227811949], [3673967, 0.7531563870991052], [3704498, 0.7201031097284615], [3963001, 0.7478473653308053], [4665080, 0.7874630342910195], [4829683, 0.7604772658633409], [4916664, 0.7666169114983576], [4916671, 0.7481309954250331], [4916776, 0.7480853310931052], [5061705, 0.7673594510236305], [5127994, 0.7500978432891516], [5290151, 0.7727486923666755], [5502076, 0.7822831227659661], [5830309, 0.8178744785227449], [5845776, 0.7706420948135705], [5948863, 0.7848645794875335], [5951400, 0.7813145759564263], [6028050, 0.7434545471276336], [6039369, 0.7402772104743479], [6714712, 0.7463158114790188], [6977265, 0.7766615016547004], [7081672, 0.7718025036858412], [7082573, 0.7463637846258558], [7286486, 0.7467990836996433], [7610737, 0.8166693360814834], [7642216, 0.8226123982627437], [7642905, 0.8112467508602358], [7721680, 0.8254744901320905], [7730033, 0.79409552684921], [7805180, 0.8005631578281363], [7996445, 0.8455076215446677], [7996836, 0.8004149283009632], [8240045, 0.7758191738803883], [8372202, 0.7472620342969087], [8397445, 0.7583862849504934], [8402638, 0.7375683137676631], [8501273, 0.704898923214609], [8686988, 0.7614305077280203], [8688815, 0.7623632485721958], [8713530, 0.7352247198968007], [8779779, 0.775065875863382], [8795412, 0.7687201812855922], [8801253, 0.7181037066671977], [8899400, 0.767939484224661], [8899785, 0.7634356928072694], [8949996, 0.7496621468911513], [9094325, 0.717926924273649], [9270198, 0.7687963329373824], [9273839, 0.7582401461223434], [9359956, 0.7246273382914084], [9399299, 0.7359435656774429], [9420002, 0.7505885305868847], [9459259, 0.7644195131074668], [9471012, 0.7778248579392036], [9475133, 0.7623274349284118], [9484244, 0.7610325818863005], [9500513, 0.7825167070281861], [9500590, 0.782539640890699], [9552295, 0.7593381010022234], [9602728, 0.8059999957604667], [9603169, 0.8034693489245073], [9614106, 0.8114337653300633], [9615575, 0.7597958388059115], [9651941, 0.7217999932902672], [9652030, 0.7194042162863918], [9658577, 0.68241290643714], [9658884, 0.6738212769294739], [9685101, 0.7274522851569954], [9702590, 0.76397505895907], [9703883, 0.7243348416538967], [9731266, 0.7229034327498617], [9772205, 0.8041935010176435], [9782660, 0.7973841772836873], [9782901, 0.7843682087223752], [9807494, 0.8353583246600411], [9807699, 0.75863255078633], [9817780, 0.6868397827851939], [9834635, 0.720388504655739], [9845616, 0.7330535231560359], [9849970, 0.6912033317766267], [9849995, 0.6893098310307049], [9850002, 0.6772786851890163], [9850735, 0.6704155022459473], [9898018, 0.8407051379230821], [9902445, 0.8309223687204361], [9902446, 0.8207117049352313], [9904495, 0.7354337330077629], [9912486, 0.8002358755140193], [9926569, 0.7489524525557162], [9927010, 0.6942624363460047], [9945203, 0.7930558855047358], [9949892, 0.6942320696360865], [9949893, 0.6778018768401438], [9962966, 0.8236672373782266], [9963229, 0.7334170955490052], [9963374, 0.7362413160269784], [9964961, 0.7636193696815443], [9968936, 0.7319604091519423], [9973559, 0.8473395524538277], [9974486, 0.7075762570911012], [9975079, 0.7020277094823495], [9976362, 0.7340056793392972], [9976363, 0.7001259793910303], [9980644, 0.8131408207240894], [9984863, 0.8730139657993811], [9984864, 0.8658517962681234], [9988721, 0.7998718502628833], [9989136, 0.7711614520420975], [9990923, 0.8093945387741179], [9990954, 0.7503041841359162], [9991095, 0.7571026350871617], [9992118, 0.6922637564095048], [9994073, 0.8300013355753167], [9994100, 0.5724409302948912], [9995215, 0.6644937572099754], [9995216, 0.6504902644294961], [9995497, 0.6492798771401038], [9996640, 0.7776221790563935], [9996645, 0.75314010817095], [9996652, 0.7044364163511841], [9997225, 0.8030818921942046], [9997304, 0.7816432127960687], [9997307, 0.7349883216740158], [9997320, 0.7072272404593903], [9997521, 0.7468226813925497], [9998052, 0.8693292965611646], [9998073, 0.7824245878412666], [9998117, 0.6937974496278051], [9998828, 0.7256056073726259], [9999671, 0.8565200665296933], [9999680, 0.6926642348939296], [9999813, 0.9953526820251686], [9999886, 0.948915053993311], [9999887, 0.7910298861349956], [9999898, 0.8336189931969957], [9999915, 0.9126100787997956], [9999922, 0.6976441739541778], [9999960, 0.5529325024851821], [9999971, 0.6856232844820613], [9999974, 0.5877704891293828], [9999987, 0.772133711708786], [9999990, 0.3503890496129196], [9999999, 0.9905474876894002]]}