{"seed": 971, "N": 10000000, "alive_speed": 0.8517473513941478, "non_threatened_speed": 0.8517473513941478, "survivors": [[7577424, 0.7616089572736052], [9584285, 0.7451745629381893], [9976446, 0.7405186263592982], [9999949, 0.28728738281288124]], "still_alive": [[4620, 0.7581419004329965], [303245, 0.7239121166444694], [514878, 0.7400388083737758], [674079, 0.7494452826846841], [677032, 0.7471324034200095], [1312175, 0.7610519707990088], [1578254, 0.7850205082897926], [1627557, 0.7714934696583807], [1787084, 0.7738048135556505], [2019161, 0.7688823321559239], [2552964, 0.7638217021250996], [2810105, 0.7497179316730305], [2810118, 0.7472791681331669], [3213713, 0.7864633651707513], [3340564, 0.761206717051346], [3760247, 0.7572411428484844], [3765422, 0.7410287469818232], [3781777, 0.7353033398871005], [4059740, 0.76360156687893], [4421571, 0.7628180640559797], [4800880, 0.7664957541423211], [4846589, 0.7525303003330698], [4958880, 0.723589856532131], [5347669, 0.7576169496780596], [5764460, 0.7634663463942434], [5764529, 0.7571897727407502], [5955824, 0.7708818913703969], [6332937, 0.7964291065197379], [6334940, 0.7782801832910197], [6338021, 0.7775351856625827], [6435080, 0.7899889062292496], [6435155, 0.7839843106149444], [6448880, 0.7795808352835812], [6595143, 0.7659816004342785], [6600434, 0.7259160149924672], [6600497, 0.7252842354856642], [6601240, 0.7189860865125722], [6847917, 0.7697873138727991], [6866242, 0.7650108201601715], [7129947, 0.7522127799219711], [7138680, 0.7376332801431484], [7364807, 0.7743700583088201], [7854667, 0.7725718475620454], [7854810, 0.7675534957088366], [7861757, 0.7294851379042796], [8115950, 0.8257488662760749], [8146755, 0.8130880436005783], [8165294, 0.7993728983766096], [8168767, 0.7514118969862357], [8264394, 0.6998251576100188], [8264719, 0.6988224454729418], [8353786, 0.7256709153071259], [8373149, 0.6741617886087445], [8575404, 0.7615768908755005], [8575499, 0.7599373936115297], [8612754, 0.7577351324729534], [8615583, 0.7550316738069424], [8643204, 0.7583137081975145], [8647337, 0.7463412572009929], [8758366, 0.756880098995581], [8801149, 0.7636508175052434], [8833368, 0.75708757070919], [8854147, 0.7549555899243419], [8854576, 0.7471130347577375], [9048071, 0.7801054111092515], [9048180, 0.7799771816575332], [9048389, 0.7741437934580941], [9048406, 0.7637997218078931], [9051629, 0.6833247991054705], [9197156, 0.7585321994564068], [9238491, 0.7825059472773243], [9261020, 0.7972208641725903], [9261241, 0.7794419549914192], [9267640, 0.7478319454702244], [9270611, 0.7356110169531266], [9270720, 0.7274250760736685], [9273747, 0.6945820439653195], [9336484, 0.7358493321665399], [9336499, 0.7154867767899794], [9397476, 0.7875974756443754], [9397557, 0.675371474826153], [9473016, 0.7554291321641301], [9508947, 0.8084656338760938], [9513254, 0.762689970763834], [9529859, 0.7486621909840053], [9529862, 0.7476085863317999], [9585584, 0.7378905533591424], [9624063, 0.7653269175884037], [9624112, 0.717107741607053], [9646515, 0.7216048319737736], [9646686, 0.7031771694001174], [9646893, 0.6974859662852019], [9679314, 0.757549124859597], [9687889, 0.728027713281402], [9714698, 0.7796675210594602], [9725121, 0.7558727743710547], [9725132, 0.7475452739850483], [9739951, 0.7870922944771566], [9740302, 0.7456257448874046], [9782153, 0.887345879344909], [9782166, 0.8400201474292924], [9785143, 0.7153892333899046], [9798062, 0.7154394469236873], [9805527, 0.7267905563012644], [9820674, 0.777247689904092], [9827731, 0.8071808672790907], [9840662, 0.7781154935816229], [9847913, 0.7916660522442078], [9849372, 0.7831555930035936], [9860443, 0.7222691108806532], [9862648, 0.7276935535112347], [9862875, 0.6988128656422901], [9873122, 0.7276176860369861], [9889501, 0.7169265248929235], [9908448, 0.7392349521980688], [9920797, 0.7079015942608878], [9920800, 0.681413705878815], [9935537, 0.7747378505437872], [9942322, 0.7587006273294475], [9949997, 0.7988845508071251], [9955190, 0.8470749707482184], [9956669, 0.7024192394101013], [9963256, 0.7279823446312294], [9965765, 0.758773477702313], [9967014, 0.7176802914613369], [9971839, 0.806520384381355], [9972358, 0.8072519170155834], [9972471, 0.7095708257121724], [9974856, 0.7697755408231052], [9974965, 0.756190333532283], [9978605, 0.7438501648126988], [9981268, 0.7833307173427245], [9981409, 0.7445156963827467], [9987852, 0.8108100169043829], [9988169, 0.8291570753561224], [9988546, 0.7325843717738616], [9990997, 0.8153703894275376], [9990998, 0.6720161725921193], [9990999, 0.6524334767156624], [9992964, 0.762362794745608], [9993711, 0.8249594354314748], [9993712, 0.7668369099130663], [9993717, 0.7259709850691148], [9993720, 0.6730551777605214], [9995141, 0.7620904981420114], [9995298, 0.7328644184671362], [9995405, 0.6514710325521564], [9997498, 0.9538102376309404], [9997561, 0.9334961221870977], [9997638, 0.7603412888173388], [9997639, 0.6819987124028182], [9997718, 0.6439046106827172], [9997719, 0.5703844178749631], [9998630, 0.7880520405141569], [9998631, 0.7709111086146682], [9998902, 0.8333619899611246], [9998965, 0.8045819570420192], [9999102, 0.6945455325786605], [9999265, 0.633677325795686], [9999430, 0.7665083436585308], [9999617, 0.7449244591680398], [9999692, 0.7644693253465933], [9999711, 0.7564578358809197], [9999770, 0.8339650078956218], [9999801, 0.4262457353531388], [9999934, 0.9442315290596321], [9999972, 0.23207649111284012], [9999997, 0.3316125998141345]]}