{"seed": 177791799, "N": 10000000, "alive_speed": 0.7566116655896956, "non_threatened_speed": 0.7609330750166113, "survivors": [[8975114, 0.7461508567041166], [8980335, 0.7345239808538657], [9981832, 0.7094404830172975], [9999955, 0.7073996544852538], [9999958, 0.6237378605810556], [9999979, 0.5911221908827458], [9999992, 0.48984078109513784], [9999999, 0.2509687454716708]], "still_alive": [[75326, 0.7623542508810488], [289019, 0.7664149889413837], [295742, 0.7457018942689766], [345123, 0.7337993740535272], [612102, 0.7469537265225836], [612751, 0.7458197787562716], [1082980, 0.7545908098901519], [1142321, 0.7550521348953029], [1143508, 0.7447832501849869], [1220945, 0.7369695268584521], [1221566, 0.7119800117193562], [1808575, 0.752534370419078], [1920512, 0.7364403333901413], [1960275, 0.7394269891104657], [2662314, 0.7260899788694273], [2738583, 0.73294166459859], [3168740, 0.7453825603368911], [3314513, 0.7495552759909547], [3475294, 0.7466456805215769], [3514211, 0.7433578126037648], [3514358, 0.735203401507331], [3516183, 0.7296388817437511], [3552712, 0.7225812603403814], [3870743, 0.7564610753969978], [3928216, 0.7418686641236606], [4277373, 0.7729482721045547], [4612002, 0.7877852618725334], [4667203, 0.7646861136085578], [4695666, 0.7118358440299641], [4695667, 0.711447947949579], [4732130, 0.7106438720375543], [4939549, 0.7335942703528261], [4939950, 0.7258360630295083], [4963061, 0.7132503475973182], [5381432, 0.7621001703291869], [5500375, 0.7707484074090682], [5536904, 0.7390835873437503], [5681863, 0.7411503134338122], [5956704, 0.7871957847694084], [6052409, 0.7492471943487398], [6305302, 0.7390119638238604], [6377693, 0.7388424215019506], [6377720, 0.7303829502762894], [6458959, 0.7465408564771585], [6463576, 0.7297071418240665], [6609115, 0.7598330560380706], [6634102, 0.7545384723752415], [6634105, 0.7535423825784581], [6651950, 0.7394752506468435], [6943173, 0.7789682697855181], [6943222, 0.7607310173315069], [6944077, 0.7254516459676998], [7100482, 0.7263897934297792], [7233823, 0.7466351261986938], [7352530, 0.7542565359206201], [7352535, 0.7480715469605727], [7354074, 0.7278219392013134], [7420805, 0.728187919241281], [7841190, 0.787942747664689], [7863197, 0.79059378902875], [7863202, 0.784446689207391], [7948773, 0.8081591280440064], [8053802, 0.7627014354112217], [8063277, 0.7583617702321499], [8063280, 0.7199222522124817], [8065307, 0.7022369534132049], [8132042, 0.7264661181668256], [8132511, 0.717131988436881], [8221664, 0.7360576941063199], [8380839, 0.7303419045179808], [8523668, 0.7924269145140513], [8534165, 0.7921711798909116], [8534180, 0.7913106728443573], [8578425, 0.8100368388612863], [8578430, 0.7796348348104328], [8647573, 0.7894754928173234], [8647724, 0.786537431046061], [8660233, 0.7399692533527997], [8786160, 0.7522875757295482], [8786389, 0.7492297616559881], [8787030, 0.7436942086738481], [8939201, 0.8053807484078191], [8940762, 0.7925152413024347], [8964123, 0.8070444184053612], [8974698, 0.7497758404932604], [8974713, 0.7477079909140603], [9049566, 0.7211097152696214], [9175397, 0.7285585071924612], [9176164, 0.7265015340203123], [9258913, 0.7577761272880305], [9304866, 0.7215783274117653], [9363701, 0.7694413733158685], [9364028, 0.7514606891223168], [9365601, 0.7421675296572163], [9365602, 0.7332115688041765], [9412969, 0.7883200488020012], [9449472, 0.75450460680669], [9481465, 0.7894233146732739], [9514768, 0.7937754337737103], [9522305, 0.770704175498838], [9522310, 0.7004039513843002], [9524081, 0.7000869162273904], [9537310, 0.7185339107433583], [9549373, 0.7248931158746382], [9620870, 0.7622337146640255], [9648687, 0.8034955985865165], [9674796, 0.8297078971500276], [9677999, 0.6626418180643179], [9723320, 0.6918622768198434], [9756735, 0.7312011673694792], [9758498, 0.7358621135996892], [9765809, 0.7302189718991807], [9766678, 0.727250006040238], [9772581, 0.7117688678268411], [9774960, 0.7152791480179466], [9783051, 0.7210471743017829], [9792250, 0.7399218673641085], [9808601, 0.7793675219275038], [9821426, 0.8042780684386154], [9822093, 0.8034329636018229], [9822646, 0.7706145810290502], [9837447, 0.763954808103881], [9847664, 0.6868740735954252], [9874731, 0.7209694700145961], [9874736, 0.717355155211126], [9887505, 0.728061877385683], [9888310, 0.7016833796733741], [9896149, 0.732827917442062], [9896404, 0.7299618729893949], [9896815, 0.696130019831451], [9907434, 0.7568482552415848], [9911271, 0.7454883102715221], [9915892, 0.7233914762784861], [9915917, 0.7067808783884951], [9916494, 0.6944412422881705], [9916501, 0.6688272715329048], [9937448, 0.8365637313442966], [9948345, 0.8423855412020324], [9950212, 0.8105632310154934], [9951399, 0.7666578362108609], [9967664, 0.8623142029030317], [9975575, 0.8161860137210465], [9981833, 0.680313876796476], [9981840, 0.670361576600753], [9981849, 0.6502742631279502], [9984302, 0.7462195311812303], [9985183, 0.7757206725935104], [9989784, 0.9032299666322], [9990943, 0.6808833827740763], [9991592, 0.7130469518359238], [9992003, 0.7285064008899595], [9992910, 0.784420870820368], [9993047, 0.7143770380916864], [9993082, 0.7058327840242306], [9993117, 0.6921306124818692], [9993446, 0.7244979717896277], [9996909, 0.750626171252006], [9996910, 0.7249278835148371], [9997807, 0.772637178114694], [9998580, 0.8454196628852102], [9999043, 0.7059474085830748], [9999360, 0.858775854704891], [9999413, 0.6140518719877309], [9999414, 0.5652639750587877], [9999559, 0.7442688466258396], [9999610, 0.6879467188710756], [9999637, 0.5743245404420528], [9999800, 0.8703095699719405], [9999801, 0.567709478446722], [9999804, 0.46284010587728996], [9999907, 0.8703726711903214], [9999924, 0.7968345370255842], [9999945, 0.6134946107850736], [9999954, 0.7275538357886474], [9999959, 0.5806754856393591], [9999978, 0.7357866682582209], [9999993, 0.36579943383560287], [9999994, 0.3915671086704994]]}