{"seed": 177791797, "N": 10000000, "alive_speed": 0.8568826798608333, "non_threatened_speed": 0.8570653204623597, "survivors": [[2130, 0.8570653204623597], [63943, 0.8213339479585714], [81942, 0.8030486018732662], [164437, 0.7878373941680293], [209780, 0.7726911237813331], [6844489, 0.7633557941674328], [9743224, 0.7457496436571255], [9832857, 0.7340558218416342], [9833324, 0.7244225993611974], [9999627, 0.6868697884926668], [9999630, 0.6200514840518311], [9999635, 0.6168555064917695], [9999994, 0.6032862184076602], [9999995, 0.49037697791459434]], "still_alive": [[214435, 0.7564452509288278], [418200, 0.7593551121833412], [1018837, 0.7206535826746051], [1440004, 0.7507254283135171], [1510279, 0.7547187888691324], [1824026, 0.7424352181373834], [2359295, 0.7333438972548292], [2383554, 0.7074531904942674], [2385845, 0.7043276813115432], [3582050, 0.8061465144406453], [3582059, 0.7923988828033057], [3582082, 0.7705735818001908], [3730669, 0.7773325709968716], [3757578, 0.7736767839625023], [3818227, 0.7701337208262427], [4380636, 0.7958323266803216], [4381609, 0.7706018237632853], [4457816, 0.7783284589267319], [4500555, 0.7374867024108371], [4720752, 0.7572922196025795], [5001221, 0.7538406535125504], [5137594, 0.7681164253367573], [5287949, 0.7499215842155178], [5342404, 0.7510934187591677], [5717377, 0.7849574432196542], [5822438, 0.7914304876446907], [5827425, 0.7702117443662868], [5967984, 0.7583009757999962], [5968485, 0.7521853767164474], [6247724, 0.7841395581729947], [6247879, 0.7826266975482963], [6250316, 0.7673271821815333], [6551901, 0.7857268981456141], [6552366, 0.7513987506064449], [6682247, 0.7675872025015217], [6720030, 0.7653880944921433], [6763471, 0.7699017267096202], [6843846, 0.7744996693574963], [6847224, 0.7527919102021753], [6884531, 0.7284680602315994], [7077342, 0.7639307377321104], [7078039, 0.7502858749034862], [7268584, 0.7724418936126333], [7292273, 0.7582663123929634], [7629928, 0.730231783193831], [7697671, 0.7463869460248779], [7729478, 0.7552554795273386], [7791201, 0.7177911062614687], [7792470, 0.7073500728897119], [7958703, 0.7527565156137919], [8070144, 0.7677048320948279], [8145887, 0.7692939962633002], [8146028, 0.7355856901809233], [8154225, 0.7186421954971951], [8197010, 0.7213684818502913], [8206487, 0.7053992096201658], [8308860, 0.7367177245492654], [8352399, 0.7430342307944038], [8378308, 0.6985831919481865], [8564089, 0.7538502082939394], [8565098, 0.7515062153137348], [8640625, 0.7828193110417561], [8642044, 0.7407421970471105], [8699673, 0.7690263567937438], [8702682, 0.7524965389354243], [8751075, 0.7599651135814698], [8751326, 0.7143279617389723], [8753401, 0.7045134176558527], [8774194, 0.714488149055856], [8840491, 0.7501810551171938], [8934910, 0.785893978623424], [8936341, 0.7197330840585149], [9002810, 0.7650557132014124], [9002831, 0.7540881858168682], [9162854, 0.8012208160785887], [9162875, 0.7962154839796922], [9192632, 0.7573210207110388], [9192639, 0.7560400768468699], [9219408, 0.7796572751608131], [9242797, 0.7646598632473008], [9254530, 0.7553869932679934], [9292887, 0.740985441122101], [9378304, 0.7818040563136404], [9381261, 0.7334836628350897], [9406950, 0.7111152991739169], [9459931, 0.7801088569320735], [9460112, 0.7386589278599569], [9493467, 0.7622542665216256], [9493926, 0.7596653163849953], [9525913, 0.7536559840744498], [9563326, 0.7950637183419089], [9569427, 0.687603902127714], [9602290, 0.724643952702092], [9602575, 0.7194235675137839], [9641900, 0.7857675500090014], [9680113, 0.7869654584209343], [9680518, 0.7868444154959683], [9700085, 0.8177273198643316], [9700088, 0.7719540044912073], [9700347, 0.7474827821642154], [9744071, 0.7402773909257512], [9755160, 0.7344359159660854], [9767551, 0.7688038537512988], [9778174, 0.7811372535055869], [9778177, 0.7357192203603846], [9792352, 0.7000011674134908], [9795645, 0.6891017462989872], [9818468, 0.7427051557018434], [9829369, 0.7646800214035724], [9830004, 0.7500685117532297], [9838481, 0.6927789775852023], [9839622, 0.6934941726011739], [9855945, 0.759341747054277], [9860730, 0.7811689175722252], [9863123, 0.7902311762042479], [9874054, 0.6769540036246482], [9896231, 0.7879173754865875], [9897090, 0.6965378563326796], [9901851, 0.6957597280644825], [9909316, 0.6871633108519589], [9924189, 0.7946460946238345], [9924190, 0.7554712360420943], [9943909, 0.7459538234896722], [9945754, 0.7259057248358926], [9951821, 0.7937679801910507], [9952700, 0.7696607531819876], [9954037, 0.7874226633212229], [9954038, 0.7684727874741492], [9962223, 0.825797098577383], [9967750, 0.7771246704679743], [9968411, 0.6568199761984177], [9968906, 0.6624857914439445], [9974835, 0.7745836429097337], [9977664, 0.677187501388013], [9977881, 0.6608520301730293], [9986792, 0.7695188803389591], [9987105, 0.7813945415904263], [9987128, 0.7607728406608057], [9988213, 0.7293304810978272], [9988872, 0.7452070071950045], [9990615, 0.7606037316844932], [9990822, 0.7620280859604314], [9991407, 0.7358511793186668], [9991422, 0.7139112115558306], [9992989, 0.7926414579592873], [9993584, 0.86152061052056], [9993953, 0.8379095317150906], [9994152, 0.8043484466992853], [9994179, 0.6724039356601461], [9994308, 0.6718131767733867], [9994309, 0.6718925512233223], [9995472, 0.6194356431766569], [9995473, 0.595315196544272], [9997234, 0.8895719086075157], [9997243, 0.7097665947489411], [9997814, 0.7696304328112918], [9998147, 0.5592040941842348], [9998556, 0.69099686102114], [9998623, 0.6961040443509922], [9998716, 0.6937026652092392], [9998717, 0.6272461849577526], [9998954, 0.7465149346702504], [9999269, 0.8526450946334483], [9999316, 0.7108320320539738], [9999646, 0.5227809055599002], [9999815, 0.6601476582399824], [9999876, 0.9469359523443271], [9999903, 0.9084862760094506], [9999906, 0.6057014869125127], [9999921, 0.30862839461295666], [9999958, 0.40966491673897], [9999981, 0.8363945082368844], [9999982, 0.8302265281872051], [9999991, 0.8133139020022362], [9999998, 0.33528013018417446], [9999999, 0.5562462667792805]]}