{"seed": 903, "N": 10000000, "alive_speed": 0.8684321030944486, "non_threatened_speed": 0.8684325373106739, "survivors": [[4, 0.8684325373106739], [65, 0.7851332945200852], [765848, 0.7709853085319112], [9999943, 0.5806593483718625], [9999944, 0.562614332127543], [9999999, 0.17132335756957806]], "still_alive": [[136, 0.7439293992950473], [762465, 0.771858274803838], [900101, 0.7687066128843938], [979066, 0.7628099517351411], [1051307, 0.764325335293867], [1062668, 0.7366498914972224], [1718845, 0.7762242899698295], [1754336, 0.7767890970930842], [1826453, 0.7603062703937171], [1955328, 0.7675850486416411], [1963747, 0.7658277850721588], [1964090, 0.7449827868489038], [2228231, 0.7701292010255997], [2284174, 0.7691989346686366], [2443633, 0.7450444671952061], [2530332, 0.751276915394067], [2530333, 0.7505639737464975], [2531268, 0.7366614374585749], [2531479, 0.728259913330761], [2931616, 0.7626479332864509], [2942397, 0.7555106306146974], [3063138, 0.7573970843577126], [3496061, 0.7322408190918889], [3549266, 0.7365949303808516], [4135115, 0.7922126459170723], [4162546, 0.7701511947837445], [4181707, 0.7447220478468061], [4196834, 0.7420291844408108], [4328237, 0.7253399852975116], [4637276, 0.759084996302981], [4657287, 0.7560337666112577], [4954336, 0.7976036725628282], [5017623, 0.7912489238547797], [5181988, 0.7723251375057802], [5336573, 0.7519655055719533], [5359486, 0.7360629374125379], [5533653, 0.7618465316241388], [5687208, 0.7582256283227211], [5739483, 0.7669317291291186], [6146416, 0.7519256500863047], [6146437, 0.7508096386551322], [6233362, 0.7639258647997816], [6278593, 0.7625486184234544], [6439606, 0.7328415772663359], [6537527, 0.7138219764683273], [7073016, 0.7663720730404757], [7270103, 0.7572249791077068], [7561844, 0.7669703423202432], [7583133, 0.7639333833991611], [7608000, 0.770714093126244], [7612995, 0.7681891052864906], [7916230, 0.768860517819127], [8033115, 0.7649567768733954], [8162788, 0.7403601747244081], [8189995, 0.743377010809024], [8500316, 0.7973603738819979], [8525601, 0.7746046383431038], [8654292, 0.7786725786641194], [8654487, 0.7444888978379919], [8666186, 0.7444104700818359], [8805563, 0.7884573402651549], [8806680, 0.7688387045621653], [8845597, 0.7386096735824955], [8854646, 0.7331619602743834], [8857943, 0.7140562125837296], [9096824, 0.8220519675476029], [9096967, 0.7593247138145128], [9124738, 0.7174393652849899], [9222817, 0.7325936640772078], [9285646, 0.7400693006234077], [9322071, 0.7242359326751852], [9363600, 0.7169463878830977], [9458675, 0.8370726308988561], [9458694, 0.7441374570049275], [9472449, 0.7400157988658341], [9493098, 0.7439779274372815], [9516051, 0.7461998968049481], [9647416, 0.8237049344245398], [9647623, 0.8127843931218163], [9647636, 0.7471988024226246], [9682619, 0.7889670326606754], [9683194, 0.7633712535740759], [9696373, 0.7641946061792654], [9704410, 0.7585568208877669], [9723667, 0.8048626097025614], [9758258, 0.7198003527909458], [9758367, 0.7167557217891944], [9778848, 0.7287991437607895], [9804125, 0.7878581249480888], [9805802, 0.7695364328223734], [9821641, 0.8078554726454099], [9822318, 0.8075761509780154], [9824951, 0.8062218803204428], [9829544, 0.704299054004933], [9857545, 0.8216353188838993], [9859096, 0.7816764982405688], [9859101, 0.7771891279923197], [9859408, 0.7723641652939047], [9859597, 0.7732200178875384], [9863822, 0.758463123821021], [9865391, 0.7556393140985425], [9870262, 0.707687555420947], [9904143, 0.7313396446894608], [9910766, 0.7607727436129126], [9917937, 0.7706758327611586], [9921100, 0.7953833498485433], [9921543, 0.6570133943447293], [9933062, 0.7267221062841459], [9935721, 0.6831428831955311], [9956838, 0.8400783094410418], [9956901, 0.7950724135029512], [9957782, 0.7671107651431364], [9959579, 0.7757178824565626], [9959856, 0.7624505060411508], [9961861, 0.779174486893193], [9963610, 0.6865670018575374], [9966215, 0.7309684421290593], [9969780, 0.7793583131760892], [9970641, 0.7474216435139438], [9970690, 0.717141379421511], [9972041, 0.7143457972231889], [9975014, 0.7959309338212639], [9977281, 0.8490853698073483], [9983144, 0.8057444666190129], [9983145, 0.7729498081340748], [9983238, 0.738102273066444], [9983945, 0.7577904690961802], [9988070, 0.7826761976717969], [9990957, 0.70410972741277], [9991916, 0.7144698531574581], [9992455, 0.6481288497877009], [9993630, 0.6262939258907606], [9994285, 0.6932205262263275], [9994612, 0.6875583676356772], [9995791, 0.8191908922992803], [9995802, 0.780099643785136], [9995813, 0.7665587050268129], [9996634, 0.9270470044118119], [9996711, 0.9440845271799584], [9996716, 0.9040571067083436], [9996721, 0.873959999683991], [9996820, 0.7387929832794278], [9997101, 0.7021425784986935], [9997316, 0.6112667051655146], [9997319, 0.5916953078947247], [9998256, 0.8480666520046852], [9998261, 0.745554336606251], [9998794, 0.8474106185573028], [9999003, 0.71196560632956], [9999008, 0.5967315039767793], [9999549, 0.7520122037940857], [9999564, 0.676075669627003], [9999651, 0.7452986019685843], [9999654, 0.7174420714368452], [9999671, 0.5162927960380194], [9999700, 0.5220546168192357], [9999827, 0.5357608965016105], [9999896, 0.7950980815820954], [9999937, 0.6223500014509126], [9999938, 0.5905226520367436], [9999945, 0.5404185056670396], [9999962, 0.5923289387080636], [9999963, 0.5711362912511676], [9999972, 0.5079075219372795], [9999983, 0.6220683318781096], [9999992, 0.5419160675779159], [9999995, 0.8053626522230756], [9999996, 0.7396757684545955], [9999997, 0.44826811567536495], [9999998, 0.5211230065776128]]}