{"seed": 483722370, "N": 10000000, "alive_speed": 0.8569421315762638, "non_threatened_speed": 0.8569759821241727, "survivors": [[394, 0.8569759821241727], [8397225, 0.748078895980818], [9999988, 0.4745083048058365], [9999993, 0.42448646219848885]], "still_alive": [[985293, 0.743916148598602], [1372202, 0.7519277537925063], [1491239, 0.7455797696131162], [1508586, 0.7419215935421811], [1509967, 0.7342853235506767], [2024182, 0.7751649732389967], [2024229, 0.763204386364076], [2326538, 0.7575105799635726], [2468115, 0.7656028105440019], [2471114, 0.7458916630873803], [2938615, 0.7829360021464304], [2948848, 0.7499445101732667], [3468143, 0.7429614114821166], [3468236, 0.7428707005426464], [3561801, 0.7518621167592097], [3796472, 0.7554721490524388], [3797423, 0.7240976165008958], [4225584, 0.772782909002133], [4247971, 0.7379521439747916], [4486428, 0.757921487239685], [5216323, 0.7929043087559972], [5220198, 0.7884061050533059], [5941773, 0.7675755337686495], [6118302, 0.7852479417476884], [6181385, 0.7379739183259353], [6281004, 0.7289894677548258], [6286625, 0.7282134237077674], [6398002, 0.739365020800684], [6398475, 0.7230402082016892], [6526090, 0.7207818356734641], [6668659, 0.742555212015187], [6732058, 0.7322901355946376], [6867327, 0.7485188765682644], [7075426, 0.7973877249231947], [7237971, 0.7694520263121205], [7387502, 0.7531581394002371], [7564209, 0.7817901340107177], [7564212, 0.7506151604069379], [7576341, 0.7473626027769218], [7644778, 0.7307354501288182], [7715737, 0.7317081280427861], [7742532, 0.7007436817692757], [7772881, 0.7067704614870435], [7935372, 0.7574159080590184], [7935373, 0.7521408936452915], [8151546, 0.8187281467208452], [8158263, 0.8061994098964848], [8184818, 0.7410676711405656], [8324383, 0.7761216093757779], [8381132, 0.7566701832959], [8673330, 0.7507957855283273], [8686355, 0.7554771655950774], [8824236, 0.7406753248501441], [8827249, 0.7366912728804877], [8827300, 0.7344365029055889], [8926653, 0.7738996441312658], [8933110, 0.7714706420135174], [8933129, 0.7280352472326712], [8942294, 0.7133436393726846], [9014091, 0.7309982167115333], [9140806, 0.8050340836831913], [9148411, 0.7960845691010365], [9159550, 0.7812714935355817], [9159883, 0.7198070269509521], [9248808, 0.7803680497907042], [9249557, 0.6963805422937622], [9333558, 0.7196311427210114], [9357827, 0.7417240400070902], [9361702, 0.7080251625883092], [9409207, 0.7622296962838966], [9409208, 0.7179559485238246], [9444585, 0.7458702936883802], [9451986, 0.7448440856615338], [9527197, 0.8287321459634618], [9559734, 0.7667418769679557], [9599155, 0.7716621893638502], [9648930, 0.7718679692052934], [9651873, 0.7601734252895744], [9706244, 0.8237539087774177], [9721617, 0.8101995181410251], [9746462, 0.7839262752684337], [9746475, 0.773104591474502], [9765980, 0.7834600391258555], [9785369, 0.7598224997774997], [9793984, 0.7200195449657296], [9794497, 0.6979177343605187], [9823762, 0.7923890041944412], [9824719, 0.7909574054258993], [9829130, 0.7600399372730252], [9830851, 0.70445698851278], [9860540, 0.8072842390401707], [9861485, 0.8087440662515847], [9865588, 0.8231518720525142], [9865593, 0.811520821843059], [9873226, 0.7821705565600899], [9877679, 0.7518859336696979], [9877680, 0.745800919213558], [9879527, 0.7547306051224305], [9881020, 0.7634053551582084], [9884589, 0.7754640330971043], [9893472, 0.780331619637591], [9895317, 0.7759891441368957], [9914322, 0.7663873563755376], [9922687, 0.8408944897340441], [9923528, 0.8480927240010832], [9928499, 0.878424758302855], [9930536, 0.8925353267214159], [9932187, 0.8177262328130478], [9934364, 0.7784326960724054], [9934655, 0.7505337065939999], [9934684, 0.6906018240871061], [9942313, 0.7250670654873094], [9945412, 0.692158067422531], [9946235, 0.6840184824146431], [9958752, 0.7708955073554299], [9960875, 0.6497936525585563], [9963254, 0.6715222356294576], [9963357, 0.6460355198896519], [9969418, 0.7472058965703673], [9971641, 0.7090569675909896], [9979138, 0.8103266609283178], [9979249, 0.6815110008220815], [9982980, 0.8145447599509512], [9986379, 0.7683802617206563], [9988264, 0.7940732973999404], [9989091, 0.7907141108696477], [9990328, 0.8826114923157222], [9990367, 0.737370795340077], [9991656, 0.7035308650714399], [9991667, 0.6781077316184371], [9992654, 0.7430948091105062], [9992661, 0.7390717488797779], [9992906, 0.7510948361346376], [9993733, 0.7799447919583132], [9994012, 0.6849671294813451], [9995901, 0.83934710610242], [9995986, 0.7559889576250675], [9996777, 0.9358103719528252], [9996926, 0.6850670746652844], [9997375, 0.6277695604770523], [9997666, 0.6825625469368726], [9998065, 0.7248650996251994], [9998132, 0.7346611410538323], [9998245, 0.6635101388878367], [9998496, 0.709624692411318], [9998761, 0.6828190605302817], [9998768, 0.6338559060530705], [9998769, 0.6325844498951674], [9999108, 0.8052968870798128], [9999115, 0.7183788649875986], [9999278, 0.7037815407534026], [9999341, 0.6446486525404447], [9999510, 0.8057718948627304], [9999535, 0.7470262276297284], [9999726, 0.7176594968876456], [9999739, 0.7080580883648081], [9999768, 0.6332032469317447], [9999891, 0.6629324264376021], [9999946, 0.44227702049741713], [9999977, 0.9140368363348692], [9999978, 0.7106105354598011], [9999979, 0.633910218845612], [9999980, 0.5289841691889741], [9999987, 0.6196752534131752], [9999994, 0.2397978230011577], [9999999, 0.5129236372657119]]}