{"seed": 942755630, "N": 100000000, "alive_speed": 0.9689276805952627, "non_threatened_speed": 0.9689277096630936, "survivors": [[2, 0.9689277096630936], [7001, 0.7972727933133624], [825272, 0.7618466246097224], [63304883, 0.7555085918821307], [97781898, 0.7373098812694285], [97815911, 0.7352237644695748], [99999994, 0.5011414445348179], [99999999, 0.27624239224239766]], "still_alive": [[7553315, 0.7591612441147156], [7556166, 0.7591768449786029], [8008819, 0.7375509989492122], [13609590, 0.7737202272860572], [13711839, 0.7589834322780808], [14299836, 0.7609776419170217], [14917515, 0.7621537980134198], [15017688, 0.7555893038800828], [20603001, 0.767056660197276], [20660454, 0.7498507416188429], [20685405, 0.7469945213462306], [28711348, 0.77928808036231], [28719699, 0.7720494275932445], [28719702, 0.7697058852409047], [28719753, 0.7567939126845422], [30572498, 0.7416203900144164], [32978413, 0.7519801129466006], [34273676, 0.7656344471247009], [35728731, 0.7624512495877681], [37662998, 0.7790848316453337], [38680743, 0.7911924553252697], [39689478, 0.795528804466369], [39690695, 0.7810709345502076], [40043250, 0.7648251183916075], [40283193, 0.7592428088737229], [40295094, 0.7566622589369455], [41694767, 0.7611673393706638], [41713646, 0.7542881894814755], [45593215, 0.7537432371226378], [45593218, 0.7325953321295455], [47421725, 0.7448478061360356], [47421958, 0.7434897037190672], [48399801, 0.7539574262153634], [48546684, 0.7450424857258539], [48896589, 0.7495552332362609], [50185104, 0.7600062383515163], [51598559, 0.7723742634352783], [52428870, 0.7610723413038415], [52581503, 0.7448168107696981], [53720750, 0.755938129048518], [54040163, 0.7586028696214664], [54058136, 0.7563989987791367], [54852301, 0.74699169719023], [54867806, 0.7418434037414507], [57597451, 0.7778512685164334], [57661092, 0.7633611909889848], [57768573, 0.7606327510017135], [57967802, 0.7470346532394616], [58082153, 0.7422606930237114], [60618278, 0.755360031375661], [60618283, 0.7536070789639592], [61332598, 0.7626277443470252], [62841043, 0.764517337797926], [63283698, 0.7605340483394716], [63353188, 0.7510676627255243], [63445619, 0.7475960997172725], [64109978, 0.7503849918320773], [64764151, 0.7469076121814114], [66235036, 0.7659845080261451], [66512641, 0.7543507622779067], [69038808, 0.7873195207583938], [69050221, 0.7424425654460503], [69138926, 0.7402076400021366], [71364393, 0.7598794537982246], [72985518, 0.7499400550896259], [73765617, 0.7652525718021587], [74277376, 0.768630583884567], [74306097, 0.7490154224589858], [74533100, 0.7523196659877456], [74617811, 0.7360012277195809], [74619444, 0.7342685710261793], [74637357, 0.7322716836003929], [76282682, 0.7438575679390103], [76968733, 0.7241437457532658], [76974334, 0.7235709039233856], [78407835, 0.7662102096686103], [78417606, 0.7660321161829883], [78497607, 0.7521643297607071], [80000654, 0.7567243535118157], [80179229, 0.7546356400738606], [80179512, 0.7463130428185589], [80207405, 0.738298311534815], [80207480, 0.7370081420240502], [81281129, 0.7527701682428483], [81401782, 0.741282469608956], [81523383, 0.7304270496055454], [82614654, 0.7561161528309356], [83208411, 0.7609778732636808], [83366508, 0.708650813326864], [85211087, 0.7778858192215015], [85218472, 0.7395699969184344], [85498915, 0.7178169334662526], [85539606, 0.7164233635831799], [85542181, 0.7163594548464571], [86336514, 0.7319407970772467], [87165995, 0.7339206639980346], [87178730, 0.7173606092437964], [87860589, 0.7364284298859537], [88469086, 0.7296356588416175], [88993391, 0.7501273705474752], [89620192, 0.7925416819145243], [89627983, 0.7889530958659235], [89689862, 0.7575168972801529], [89773299, 0.7456116021073297], [90222692, 0.7741084096456712], [90415329, 0.7558325226134232], [90688280, 0.7675039343521426], [90743757, 0.7691870150771559], [91090824, 0.7732804212138543], [91090947, 0.7640213600576672], [91271722, 0.764810910695466], [91529913, 0.7675033544408233], [91585684, 0.7366436551444502], [92101927, 0.7773348161551673], [92127216, 0.7684567524406176], [92178009, 0.7663785187056401], [92257194, 0.7591560171349826], [92425843, 0.7534602111268159], [92912254, 0.7698478247116501], [92953633, 0.7456211369806737], [93132998, 0.7435383898690398], [93150117, 0.7316672900377819], [93607622, 0.7758751893115741], [93607623, 0.7745113443397611], [93929564, 0.7633555908564216], [93954539, 0.7356122289051453], [94541148, 0.7237416437687963], [94541395, 0.7106063156045112], [94786152, 0.7349898914870469], [95335465, 0.7319992794423811], [95348932, 0.7205406199742082], [95349313, 0.7198288857639855], [95671638, 0.7588715813465691], [95986223, 0.7840152507543475], [96092100, 0.7657414602806003], [96441085, 0.814723723758701], [96446900, 0.796024119091005], [96559167, 0.8030695607643827], [96720054, 0.7733903299063841], [96777275, 0.7282381145886061], [97000700, 0.758033394836453], [97013005, 0.7449767850238538], [97247412, 0.7760011204918563], [97249291, 0.758207261520442], [97318504, 0.7675188765915862], [97325285, 0.7470662175869355], [97451398, 0.7832426570333431], [97455949, 0.7357395591846556], [97650664, 0.7574613145691564], [97670229, 0.7550696388029942], [97700872, 0.7297041715148448], [97781897, 0.7414814560934692], [97828826, 0.7359079806841913], [98051495, 0.748763272057463], [98052304, 0.717075559180481], [98084715, 0.7153924652164918], [98160226, 0.6998592189499224], [98372555, 0.7825418169218974], [98451750, 0.75813751147844], [98533845, 0.7515953849995671], [98633976, 0.7936530237994144], [98637451, 0.7778306694373507], [98649274, 0.7578350135068797], [98649935, 0.7563871892160837], [98803490, 0.8131938567514438], [98803841, 0.804554692281998], [98804470, 0.7405874180520587], [98804677, 0.7076425732055067], [98814244, 0.7066952989981632], [98911345, 0.754165370954716], [98949928, 0.7758210202140421], [98977347, 0.7735977492908901], [98977370, 0.7640238772021796], [98986241, 0.7627576859528994], [99027946, 0.7681288076979036], [99253979, 0.7837672681002396], [99263114, 0.7382681511611291], [99279369, 0.750492841524014], [99279424, 0.7216463865129891], [99304795, 0.7305044348655559], [99352390, 0.7769768003774858], [99406705, 0.7801842622033018], [99406850, 0.7255417780906811], [99460531, 0.7777316746691648], [99509456, 0.835843595885393], [99509927, 0.7676845812988484], [99553662, 0.8074612004465661], [99562069, 0.8141095427565999], [99613112, 0.7466055012671976], [99684771, 0.7060941518823944], [99684872, 0.7049325329351657], [99685891, 0.6875282464118542], [99741738, 0.7826059722340242], [99763185, 0.7825749145753327], [99781156, 0.8285418220099005], [99796349, 0.7456012943074823], [99803540, 0.7439529522952152], [99803619, 0.7169631591116258], [99803724, 0.6860581125274196], [99822305, 0.7215471164936063], [99822328, 0.716377952692537], [99823903, 0.7093102138788552], [99837344, 0.7614610648183339], [99838987, 0.6970200085367997], [99857192, 0.7286130809397097], [99857269, 0.706238649368247], [99858056, 0.6963802866928206], [99861641, 0.7138863618866539], [99888656, 0.7560359754941699], [99907193, 0.8141638607254565], [99912078, 0.8505575619744734], [99912081, 0.8476108557405594], [99915422, 0.7370980959750792], [99920811, 0.7577982757865228], [99921454, 0.7580961469858217], [99932271, 0.8198138970642719], [99932272, 0.7612302496968479], [99937575, 0.8204976428313913], [99937580, 0.7570355859196863], [99943265, 0.7660673595585396], [99952596, 0.8382586654373556], [99952879, 0.8221295742314333], [99953180, 0.7959324919648136], [99954379, 0.7320158561034392], [99956316, 0.7378451748978855], [99958663, 0.7588279291254006], [99964728, 0.7273707994213343], [99971033, 0.8764373896561605], [99971094, 0.807319057376144], [99974317, 0.8061541679204814], [99974390, 0.7082879358058777], [99975755, 0.7420659797754088], [99980664, 0.9135741699119891], [99980881, 0.8839589757860831], [99981390, 0.8488706150301664], [99981685, 0.7425575593838224], [99983128, 0.7692814616219392], [99984365, 0.759159110410547], [99985546, 