{"seed": 928126198, "N": 10000000, "alive_speed": 0.9831745669249832, "non_threatened_speed": 0.9831797777772843, "survivors": [[52, 0.9831797777772843], [1039, 0.794165107342733], [9696566, 0.7318172676237282], [9838853, 0.7306764107419041], [9991936, 0.7194695888056714], [9991997, 0.7074299681392269], [9994798, 0.6693718902458816], [9999853, 0.6479319452678413], [9999978, 0.5771149616764883], [9999993, 0.4637255722902863], [9999994, 0.44662596378535613], [9999999, 0.44484447008871386]], "still_alive": [[7554, 0.757032923226694], [7555, 0.7535004345757483], [746020, 0.801585238343651], [960245, 0.7478228124228228], [1390830, 0.7711453142903009], [1548949, 0.7845273933607015], [1549388, 0.7799903103598554], [1619811, 0.7666455589732892], [1703512, 0.7432851125087309], [1705759, 0.7215178219802532], [2404040, 0.7400452109654607], [2407257, 0.7321474610915282], [2407984, 0.7203454844944397], [2410233, 0.704216411913647], [2410818, 0.7012582267848168], [3253369, 0.7766939922677865], [3257946, 0.7699348787003034], [3278737, 0.7615481503447415], [3423088, 0.7696619249417995], [3443799, 0.7412998854333563], [3822442, 0.7664847035149045], [3822445, 0.7528942046107441], [3822490, 0.7437708715331091], [3922393, 0.735732362844017], [4269138, 0.7698741211539007], [4293925, 0.7545157385255439], [4381986, 0.765999599066003], [4395657, 0.7370573477052542], [4702202, 0.7687437740555069], [4703095, 0.761095293159883], [4731154, 0.7338942527007839], [5308903, 0.7607067456719381], [5309318, 0.7514445928096756], [5392217, 0.7582747600408262], [5392602, 0.7558144403495324], [5459963, 0.7588984241260128], [5489434, 0.7503198630204316], [5599083, 0.7616550070131997], [5735308, 0.7482718624182619], [5752797, 0.7373198777159867], [5761464, 0.7248724652308776], [6034099, 0.7738960395741675], [6101750, 0.7660021496692649], [6193123, 0.7633137607895685], [6669692, 0.7840420683670498], [6672109, 0.7759849937796197], [6709728, 0.7526366516710971], [7111069, 0.748597010087507], [7199536, 0.7529133751088953], [7306131, 0.7637240555060802], [7306378, 0.7617130500397249], [7458865, 0.7759710823946718], [7638792, 0.7687036406060062], [7707433, 0.7714568250971473], [7719238, 0.7494170446371609], [7916089, 0.766550472186276], [8250902, 0.7380259239673661], [8575121, 0.7509511617875223], [8601110, 0.7506262813492], [8635797, 0.7671419537870473], [8636318, 0.7613788533271962], [8757823, 0.7038479557132916], [8899578, 0.7351102570733906], [8938833, 0.747540802012073], [9012048, 0.7374918880190225], [9167679, 0.7748472851751795], [9213040, 0.762659573427157], [9213075, 0.74888806825476], [9222060, 0.756492973900715], [9225979, 0.7557667752027459], [9253044, 0.7145401530688338], [9260721, 0.7216230318986688], [9344434, 0.742237279760207], [9367001, 0.7438530529089439], [9372006, 0.7396904559777145], [9413489, 0.7038707006714828], [9413554, 0.7000132883814865], [9450913, 0.7066295267047694], [9453618, 0.6718284091222309], [9534763, 0.7841293602908962], [9534770, 0.7449953599155746], [9570933, 0.7894122112511582], [9570944, 0.784947528220289], [9580385, 0.7782920521834193], [9582280, 0.7740544519614551], [9600045, 0.770802196798406], [9600278, 0.7664359588563738], [9614727, 0.7721790225379085], [9625350, 0.777254048188724], [9625623, 0.7745363593707235], [9667982, 0.728391259226183], [9693395, 0.7444293671743989], [9706385, 0.7214794187979323], [9707516, 0.714395008720499], [9708285, 0.6941032180413558], [9711610, 0.695766146356344], [9733169, 0.7195200649139532], [9753842, 0.740984566440886], [9782161, 0.7901849032935844], [9802632, 0.764480784905173], [9803941, 0.7508129906385663], [9837234, 0.782017456448844], [9838139, 0.7660111498862324], [9838786, 0.7497425344606987], [9838860, 0.7100876421489632], [9843867, 0.6998663057039116], [9844192, 0.6362979676159621], [9880185, 0.7706159067212373], [9886786, 0.7576791167008181], [9889697, 0.7033758009212491], [9889698, 0.7013606485096324], [9895851, 0.6824933481385153], [9907718, 0.7603964854233631], [9916053, 0.7706104292214532], [9916120, 0.7297264233494682], [9927639, 0.7182047266998193], [9937364, 0.790435497824547], [9937579, 0.7714408125185174], [9943008, 0.7865016142517199], [9944579, 0.7284576691059205], [9953708, 0.7783559217167331], [9953905, 0.7585807088726432], [9954848, 0.7540067934664635], [9962557, 0.7697937645888946], [9962688, 0.732303547594641], [9962691, 0.6442132777862501], [9966854, 0.7015706480031746], [9970951, 0.7724728586885302], [9975348, 0.7261770852211985], [9975429, 0.6699944899499427], [9977980, 0.6784882298353073], [9985305, 0.8997828820952125], [9986114, 0.7826311878598807], [9986613, 0.6632912625642579], [9991704, 0.7903273688082504], [9991709, 0.7344399869311204], [9992034, 0.5988982488511164], [9993163, 0.686278489402016], [9993684, 0.5935760446320906], [9994773, 0.6747899182129317], [9994899, 0.6490200814730653], [9994900, 0.6038485933827213], [9997049, 0.7214516252768577], [9997816, 0.693168045405844], [9997825, 0.6846693615370508], [9998390, 0.6758791471215067], [9998903, 0.8950934390500261], [9998998, 0.743459588724543], [9999251, 0.8306193768497557], [9999288, 0.734969495202048], [9999481, 0.9004301662155327], [9999508, 0.9489655716062204], [9999581, 0.8732611744584974], [9999584, 0.8124787536226176], [9999629, 0.8248774666948279], [9999654, 0.7361621595772946], [9999711, 0.844603239908697], [9999712, 0.7560917504876358], [9999731, 0.5943278806089753], [9999814, 0.6849951193158523], [9999856, 0.594327820068941], [9999871, 0.6502014541181945], [9999979, 0.5018870894163152], [9999980, 0.43554558473117], [9999987, 0.6280302118075706], [9999988, 0.662493697143824]]}