{"seed": 483722336, "N": 10000000, "alive_speed": 0.9668351502100884, "non_threatened_speed": 0.9668366004648441, "survivors": [[14, 0.9668366004648441], [49, 0.9421073960527607], [3420, 0.8160573103768375], [5425, 0.7741623769598746], [263568, 0.7699665702282432], [265971, 0.769405523588115], [2239440, 0.7636414636296531], [9859559, 0.7187573463160123], [9999816, 0.657709451408171], [9999817, 0.5922192263906224], [9999954, 0.4910111900394205], [9999999, 0.2185730809644607]], "still_alive": [[265976, 0.7451986937780715], [389827, 0.7544635282460324], [400900, 0.7445268270062084], [1033871, 0.7566938273565702], [1319068, 0.7137881024763139], [1848907, 0.7512068035302952], [2219424, 0.780794545956255], [2219441, 0.777844163223525], [2244067, 0.7545718397912612], [2292666, 0.7574507971227202], [2498785, 0.726114692309264], [3049184, 0.7758758933693806], [3781909, 0.7486275347868381], [4565248, 0.7591897452053538], [5056715, 0.7502325553283745], [5057338, 0.7308458065935232], [5168377, 0.721998585150377], [5709234, 0.7787810918899594], [5719931, 0.7804582945015875], [5744778, 0.759137962135237], [5761595, 0.7573654266024507], [6139596, 0.7929831443942611], [6229993, 0.8100010548100967], [6239392, 0.7930719731355989], [6298429, 0.7373925659734427], [6299356, 0.7228958471431333], [6535009, 0.7456980377930944], [6649826, 0.7662304876476405], [6816649, 0.7758773018527607], [6915790, 0.7685680431897703], [6926751, 0.7283888531569842], [6987720, 0.7243169288690514], [7193869, 0.770682069937195], [7327982, 0.7923916275169289], [7439757, 0.7708082579240949], [7562842, 0.8057370817592123], [7565517, 0.7645396269082961], [7565524, 0.7499477101252501], [7704079, 0.7798199337532363], [7704398, 0.7332653668908666], [7723045, 0.7304144587469689], [7827780, 0.7483627945450151], [7838949, 0.7483673804677471], [7963044, 0.746399086466945], [8124067, 0.7693666783237322], [8269268, 0.8258805715463247], [8269325, 0.7834969068577695], [8303312, 0.7766214718809624], [8388005, 0.7320496904231322], [8583752, 0.8094531020568677], [8583961, 0.8020056522438332], [8599620, 0.735801757504879], [8710383, 0.795780864126322], [8717772, 0.7663971603979349], [8725377, 0.7093497013721451], [8869348, 0.7811676484644887], [8933273, 0.786139658534955], [8934904, 0.738821685274297], [8951483, 0.7493417628443985], [9031972, 0.7497206007279112], [9067693, 0.7683828230712422], [9093656, 0.7310319975512181], [9093839, 0.7039979797114947], [9094064, 0.6890119437826047], [9095131, 0.6776898170488884], [9203972, 0.7567050893166817], [9256083, 0.7672804023907612], [9303480, 0.8043863766535363], [9309695, 0.7844061170282014], [9371988, 0.7774235455929804], [9371991, 0.7631748846644043], [9372720, 0.7536426195423184], [9415357, 0.772440969419141], [9425894, 0.7839452471285564], [9511423, 0.8120896079403553], [9557310, 0.8147055001027976], [9564893, 0.7709468530990554], [9577042, 0.7534679059612885], [9599849, 0.7235576996240685], [9655082, 0.7137771461517726], [9688467, 0.7429063587036778], [9698706, 0.7576367175067956], [9715763, 0.7238255048618988], [9765398, 0.7765123910220695], [9784293, 0.7733990615206416], [9786048, 0.7704603258115393], [9792563, 0.7030144437181212], [9812208, 0.7728532815293051], [9812619, 0.7377747085903914], [9812620, 0.6972747984989508], [9830125, 0.7420651123080214], [9830742, 0.7347802370197509], [9850043, 0.8096825109331572], [9850124, 0.7880907092383166], [9866108, 0.6932137013363885], [9866225, 0.6896450227138378], [9866574, 0.6847145245433791], [9886761, 0.7043340801485856], [9911540, 0.805931060272943], [9911565, 0.7896573086287999], [9928500, 0.8145754869366477], [9928509, 0.7644125510701809], [9929942, 0.7741623366585573], [9930287, 0.764329901718784], [9940040, 0.882000031503495], [9940067, 0.855548243985735], [9940118, 0.7396640425167806], [9940123, 0.6797813957473111], [9951634, 0.7485423413184902], [9956031, 0.8163134455085158], [9965886, 0.8820015966267993], [9967747, 0.8975610384204595], [9969324, 0.7295258101239209], [9972515, 0.7788040391833486], [9974584, 0.6937226153946182], [9979877, 0.7088827277776013], [9981686, 0.7726512846439916], [9981691, 0.7400205569571485], [9984478, 0.8205466246057941], [9987287, 0.6572073475611624], [9988514, 0.7102257311546064], [9990765, 0.8253147752090391], [9990782, 0.7703170879613473], [9991207, 0.7182555069928679], [9992516, 0.7782955820896366], [9992657, 0.7746682064728184], [9995228, 0.6898850523308073], [9996891, 0.755110648041582], [9996952, 0.6314796136730328], [9997159, 0.5980997518121367], [9997626, 0.7131269527328684], [9997627, 0.6724746821297276], [9997892, 0.7200003086357891], [9998117, 0.7826448546113876], [9998136, 0.5729678835466958], [9998463, 0.6741960479115349], [9998620, 0.7497988409986127], [9998891, 0.6562959667634676], [9999126, 0.7986740619560504], [9999135, 0.7942829112095063], [9999136, 0.7472050420495755], [9999245, 0.6491906147677472], [9999652, 0.9884709356457568], [9999657, 0.8878971263728582], [9999744, 0.9043701008761896], [9999755, 0.8138868107071653], [9999786, 0.9262459783982295], [9999797, 0.7006956718375464], [9999822, 0.5853994992710095], [9999951, 0.6077664944915607], [9999969, 0.32235766834195556], [9999972, 0.2747689737334331], [9999979, 0.33847759201896466], [9999980, 0.33921573233903135], [9999991, 0.2994632664250584], [9999998, 0.8085704034047425]]}