{"seed": 942755602, "N": 100000000, "alive_speed": 0.9290027967190583, "non_threatened_speed": 0.9290028060090862, "survivors": [[0, 0.9290028060090862], [2079, 0.8650856527060328], [3502, 0.796838003269343], [3561, 0.7833503922680974], [7053130, 0.7713337958648665], [7054573, 0.7701654242962055], [7823200, 0.7697144248481661], [10729463, 0.7675938928356592], [58500394, 0.7552315571023807], [83637459, 0.7497367519145206], [85605898, 0.746359706765081], [85697999, 0.7434453291491369], [99938514, 0.7168882182119106], [99999959, 0.6752726291655855], [99999998, 0.2355652020979483], [99999999, 0.15540941084128723]], "still_alive": [[3574, 0.7680253695956628], [613163, 0.7639160030598182], [1173914, 0.7643571890251936], [6171791, 0.7898809032736077], [7053128, 0.7843917854935964], [7053129, 0.7761202408907936], [8192355, 0.7632508261104131], [9838604, 0.7722264562656359], [11479672, 0.7455125980203786], [18165529, 0.7636220979138071], [18753366, 0.757804059857948], [19267939, 0.7504602076702959], [20257530, 0.7349777333436284], [26060997, 0.7442916570727512], [28043194, 0.7642549026154699], [28162843, 0.757364469286077], [29017796, 0.7603897697256152], [29017823, 0.7592843255070225], [31458218, 0.7628927535618637], [31459633, 0.7471775263951624], [34414582, 0.7626345029946523], [36884869, 0.7445626671723604], [36884870, 0.7419561773215112], [41070167, 0.7740423721965305], [41095088, 0.7719762112066012], [41824097, 0.7392220801639102], [43926346, 0.7647576047945305], [43966297, 0.7555058009818374], [46076586, 0.7693007239910351], [46121695, 0.7523842301960715], [46385336, 0.7552140375354311], [46393085, 0.7332286324419105], [49562794, 0.752989893321649], [50844081, 0.7593727126213933], [52116530, 0.7502531101441786], [54211527, 0.7527888490336851], [54212264, 0.748644468976214], [56088665, 0.7669936602811683], [56094158, 0.7629066822045626], [56096533, 0.7561645517022133], [56128076, 0.7378800382978948], [58465975, 0.7664754779158911], [58507503, 0.7497872396311118], [58511560, 0.7497628411461531], [59848501, 0.7648752015734597], [60188150, 0.7290180436809858], [64043473, 0.7569330021216144], [65596110, 0.7347408438209123], [67829927, 0.7584352896053076], [68460378, 0.7654570241175657], [68469071, 0.7634905386445152], [70992180, 0.7684485946556048], [70995833, 0.7266049197107328], [72478276, 0.7650581614867069], [74654007, 0.7303926934757904], [74665056, 0.7285863146900324], [74665147, 0.7199781613337785], [76162558, 0.7638090371497304], [76162559, 0.744618898041665], [76438292, 0.7454759334671991], [76976435, 0.75303756498177], [77075296, 0.746457867307532], [77716955, 0.7298782990810835], [79073134, 0.7525852011164517], [80081673, 0.7515922674909556], [80779152, 0.764353666881523], [81465363, 0.722096826571695], [82340808, 0.7379768669155327], [83230501, 0.7495441438306599], [83560202, 0.7534094890512066], [83640266, 0.7333831503255077], [84723735, 0.772914046753823], [84772384, 0.7751639941327118], [85348973, 0.7648823305952842], [85737296, 0.733117991034037], [87274997, 0.7584185509505682], [87697892, 0.7716811205951818], [87697897, 0.7567097381905108], [89103378, 0.7654972604974436], [89544691, 0.7698698924287698], [90023230, 0.7446057212996254], [90488521, 0.7416480054536579], [90848618, 0.7636360374459871], [90850547, 0.7321582201763552], [91573586, 0.7556923097342324], [92760731, 0.7978237550017137], [92766362, 0.7901767301067363], [92813745, 0.7401834225165326], [93265676, 0.7604061032029786], [93368117, 0.7360878362012878], [93408172, 0.7276032187089801], [93461633, 0.7240898209544426], [93800702, 0.7620573569832251], [94073027, 0.7835567369539697], [94075058, 0.7635848449916504], [94384895, 0.7880097041853492], [94597178, 0.7971693855301698], [94598695, 0.7528204836618024], [95108864, 0.7525666915985308], [95229297, 0.7706436133027255], [95320190, 0.7719109331427023], [95341317, 0.7459499014783612], [95347794, 0.7283034401964218], [95445147, 0.7352030816189767], [95548544, 0.7275554052512246], [95818709, 0.7616072416698564], [95819454, 0.759362305351041], [95934231, 0.7204285335623007], [96221546, 0.7559403466908111], [96221625, 0.7439450431910144], [96287952, 0.7309706582582518], [96502123, 0.7645212807998508], [96555322, 0.7756442619778088], [96561743, 0.7571601298156372], [96569252, 0.7453870897381805], [96634499, 0.7317823625538667], [96729330, 0.733930907286334], [97215073, 0.7453817387367233], [97216070, 0.7422781130611757], [97524849, 0.7940935441883934], [97547240, 0.7885287452205559], [97547273, 0.744660891111412], [97862260, 0.7631165782868179], [98062091, 0.7492720858565558], [98258786, 0.8003977256641582], [98262663, 0.7596957223690266], [98372326, 0.763212597216274], [98372685, 0.7371652736146345], [98394986, 0.7377916125579033], [98419187, 0.7367355864109579], [98630826, 0.808740197699386], [98631117, 0.7722992331336821], [98688560, 0.7314048506750436], [98758127, 0.772273258236621], [98762122, 0.7458351517087457], [98880675, 0.7622213930350886], [98883790, 0.7268045308708674], [98884421, 0.7160584280141835], [98989374, 0.7184673510025196], [99069705, 0.7241469031648956], [99095338, 0.7288110259611541], [99148199, 0.7650193185591078], [99151616, 0.7622979243374987], [99192217, 0.7788482791051072], [99199362, 0.7192079516307814], [99365565, 0.7899101357299141], [99365760, 0.7760381849941472], [99419215, 0.8123769126279274], [99420232, 0.7775431499643978], [99420341, 0.7727490351981726], [99420410, 0.7673417611835197], [99427455, 0.7758490921815306], [99456554, 0.7683259762155422], [99457213, 0.7586543335044267], [99459028, 0.738734848717467], [99511459, 0.7637187987467942], [99518572, 0.7542931228773003], [99548765, 0.7309767362083147], [99554880, 0.7211258951960791], [99573561, 0.7072558397050696], [99586318, 0.7221369142640305], [99597687, 0.708727025646331], [99662944, 0.7891436992786892], [99685543, 0.7784237707668494], [99709680, 0.7683705951789732], [99716093, 0.774677819916491], [99724530, 0.7471313483597399], [99725783, 0.7391382283848553], [99726962, 0.6924943285639072], [99727519, 0.6897449839265872], [99732758, 0.6964734843418139], [99755317, 0.7489004765833797], [99775934, 0.7818420751931194], [99780125, 0.7837215142381551], [99783452, 0.7760443845587528], [99792731, 0.7696988112762029], [99801910, 0.7261964271256136], [99804569, 0.7197120673421181], [99808816, 0.7244807326057675], [99828469, 0.8072073815739857], [99828898, 0.804393778244068], [99831525, 0.7760754335969392], [99864052, 0.8254768909384407], [99869883, 0.7831720371990296], [99898114, 0.7822338681797485], [99903807, 0.8022794536213238], [99908076, 0.791199897927307], [99914967, 0.7578109319322974], [99920836, 0.7985097511544108], [99922707, 0.769689851669551], [99922804, 0.7581431817439375], [99922831, 0.7528644064210691], [99922838, 0.7385748851093257], [99932289, 0.811393764378623], [99938587, 0.69357602633359], [99941630, 0.6972748512931555], [99954319, 0.7317376180524897], [99955470, 0.7412298894672699], [99955929, 0.7300647913479025], [99959936, 0.7138298874819284], [99965355, 0.7194210012258359], [99973018, 0.8460793905346532], [99973019, 0.7905031223931761], [99979460, 0.7455044606563909], [99987399, 0.9114395565245743], [99987496, 0.871374412743972], [99987877, 0.8620271012198739], [99989030, 0.7594355993830516], [99989065, 0.6950752468540997], [99989070, 0.6816906387779825], [99991703, 0.8506959770926692], [99991870, 0.7869047211598422], [99992823, 0.6428418063459239], [99993044, 0.6454490801730207], [99994935, 0.6579321997073377], [99995590, 0.7119526226845279], [99996355, 0.7004778927950066], [99997024, 0.7508365964090477], [99997175, 0.7747428654165636], [99998070, 0.8532851119580561], [99998071, 0.7981202593330595], [99998684, 0.8332129603004044], [99998773, 0.875112854965868], [99998972, 0.776280686095932], [99999065, 0.8095015100086327], [99999182, 0.898004668562757], [99999191, 0.7810801724652304], [99999498, 0.9309354304014297], [99999559, 0.5710404650175448], [99999628, 0.6418448656933934], [99999651, 0.6024513364795651], [99999842, 