{"seed": 813343481, "N": 10000000, "alive_speed": 0.7791438404774668, "non_threatened_speed": 0.7821296526444078, "survivors": [[447462, 0.7821296526444078], [843715, 0.7785360070138071], [1236836, 0.7644236021654724], [1237327, 0.7452119370058389], [1707560, 0.7402891301144553], [8630575, 0.7367670745560152], [9970836, 0.7030190318710503], [9989189, 0.6589344322212822], [9989220, 0.6314964673201674], [9999951, 0.5580134041317466], [9999996, 0.43473398654546713], [9999999, 0.2967704663075451]], "still_alive": [[2120259, 0.7604419446495794], [2260668, 0.7690036579023065], [2346189, 0.7403456380387757], [2355284, 0.7283776539436276], [3068301, 0.7677278271725951], [3567908, 0.8063943678150329], [3567979, 0.7732290717174369], [3731584, 0.7356730501886797], [3874893, 0.7527709496962609], [3876198, 0.739032147163547], [3934009, 0.7317527190416422], [4449758, 0.7842764298000376], [4460447, 0.7832291902941838], [4536934, 0.7500394522394797], [4566191, 0.7368604552764061], [4637898, 0.7397839827402897], [5106607, 0.7542901391050979], [5366066, 0.784519077825294], [5366093, 0.7772898383313042], [5522614, 0.7754743479528461], [5717381, 0.7613434995128844], [5735298, 0.7555315702282838], [5948967, 0.7405823140629167], [5949022, 0.7398922302541538], [6003497, 0.7475446581477705], [6081272, 0.7386600446705969], [6094791, 0.7399888947004284], [6114016, 0.7318825294629634], [6320155, 0.7362759974793154], [6695690, 0.7491818270281719], [6818589, 0.7353136749527319], [6845032, 0.7348292185547725], [7064589, 0.7407412535164704], [7241738, 0.7770151830583643], [7265079, 0.7396776597855959], [7416966, 0.7499181013785354], [7417847, 0.7467552027027816], [7464518, 0.7462324199022722], [7662953, 0.8037746971270918], [7738816, 0.7528133382891544], [7761323, 0.7552262262913823], [7827844, 0.7723371272451617], [7888487, 0.734820556858623], [8068972, 0.7938729133849013], [8079137, 0.7979269209770855], [8288270, 0.8059982078831779], [8291979, 0.7365028032567277], [8331538, 0.7027766442377694], [8628985, 0.7930856937617625], [8629734, 0.7761900963365316], [8629745, 0.7628350216884882], [8630264, 0.7608392716792497], [8630578, 0.7366153835309608], [8751261, 0.7288483475891753], [8751558, 0.7261765330338931], [8754687, 0.6982766475015011], [8910572, 0.7786789705489034], [8917773, 0.7463235438227146], [9005692, 0.7601256595228448], [9012037, 0.7234136857885434], [9100870, 0.7613902713620231], [9126929, 0.7593606231811023], [9199020, 0.7744720972228449], [9199523, 0.7410896901853098], [9199538, 0.7284726224195561], [9235963, 0.7179574150698821], [9289010, 0.7306499680298821], [9318199, 0.6901498149814583], [9378282, 0.7371605233562233], [9467845, 0.7426756549668404], [9472980, 0.7476825800604642], [9523615, 0.7784052972835483], [9523620, 0.7257988039862369], [9564693, 0.7505437894274485], [9564856, 0.7428819416781773], [9583895, 0.7229178482479162], [9728524, 0.7969552312796729], [9737651, 0.7327753923471282], [9737750, 0.7291087231330428], [9761925, 0.7962200984477033], [9778512, 0.7894279906932896], [9779807, 0.7358390732364687], [9782516, 0.7398764711831963], [9787251, 0.7494451900479611], [9794530, 0.7426180147979106], [9815525, 0.8048641224104801], [9839300, 0.7709613017235639], [9855705, 0.8385446652663499], [9855732, 0.8248437164560077], [9855733, 0.7854586608015789], [9874536, 0.8037967477568636], [9879455, 0.7384004814251773], [9888822, 0.7192694187011439], [9899947, 0.7192149128174693], [9924510, 0.7254677930765728], [9934921, 0.8014219574233844], [9944444, 0.704714983856153], [9958697, 0.8078469354941196], [9958706, 0.7526222669259217], [9965845, 0.7420670770263246], [9966030, 0.6857370413079383], [9966413, 0.6918640611125711], [9967996, 0.6859985310556543], [9968361, 0.6801875856636331], [9968822, 0.6889554297917931], [9970797, 0.7043062282404353], [9972235, 0.6833621214418863], [9977324, 0.7769860102770011], [9990147, 0.6446752067143254], [9992572, 0.6741316211226657], [9994517, 0.7956911373478832], [9994702, 0.7524951960496906], [9995569, 0.8216597958373443], [9995900, 0.8826971796673275], [9995957, 0.8113560901748945], [9995962, 0.7578612635446137], [9995985, 0.658924409768174], [9996392, 0.6663597302923684], [9996807, 0.5642020173401502], [9997096, 0.6153457452960517], [9997657, 0.5644734270057513], [9998906, 0.7612542160485267], [9999079, 0.7400821355771158], [9999326, 0.9121313017475772], [9999545, 0.9338343726451945], [9999560, 0.7544985713466263], [9999649, 0.7804000907216793], [9999680, 0.8114009850099404], [9999681, 0.6816814350173186], [9999688, 0.6167709256831969], [9999757, 0.6645999342275939], [9999808, 0.7942298864554684], [9999839, 0.8029956700580164], [9999840, 0.7909192507605316], [9999847, 0.6231983826010891], [9999902, 0.7927928047275126], [9999960, 0.25817592309562265], [9999995, 0.8537100903211758]]}