{"seed": 483722420, "N": 10000000, "alive_speed": 0.912386613309692, "non_threatened_speed": 0.9123914489838881, "survivors": [[52, 0.9123914489838881], [6971, 0.8350450905076168], [549400, 0.7644240886707694], [1759525, 0.7616125775386079], [9419446, 0.7496598182284511], [9430135, 0.7251296482554503], [9703506, 0.7222690812096699], [9999983, 0.7070604365241675]], "still_alive": [[106792, 0.7804553164378989], [107105, 0.7794198045353338], [547666, 0.7879731698130794], [548113, 0.7872439654450043], [635379, 0.7561358697792621], [678520, 0.7311817366019052], [1309171, 0.7832227968590034], [1593774, 0.8046586677692273], [1759634, 0.7417336568801782], [1760399, 0.739798838681012], [1835078, 0.7449450571322894], [1835089, 0.7424101761844696], [2173316, 0.7353051462118325], [2453187, 0.7534027809963052], [2703720, 0.7631005516081902], [2704563, 0.7511528558795413], [2747308, 0.7427036758297356], [2748047, 0.7403795489282526], [2748926, 0.7082951770380203], [3092185, 0.740515704909702], [3442456, 0.7692627327939731], [3443597, 0.7667977173899739], [3443624, 0.7474554165149174], [3652107, 0.7460412039657381], [3798836, 0.7545088747320448], [4358829, 0.7434488926943916], [4360538, 0.727355464784193], [4611673, 0.7533441196049077], [4654598, 0.7501789079973669], [4859195, 0.7542510308227268], [4869510, 0.7520215667832229], [4869761, 0.7399922909697855], [5119334, 0.7602010134075607], [5492377, 0.7500153713030807], [5492992, 0.7447353176213168], [5757817, 0.7855968740901063], [5829314, 0.7549844497797101], [5830739, 0.7411391641149294], [6116128, 0.7887398934448396], [6275987, 0.7856631382862543], [6329568, 0.7715381130520352], [6453801, 0.7831913168055457], [6538140, 0.7853306208905884], [6589361, 0.776881351390715], [6606154, 0.7785690135022231], [6610819, 0.7738699718563943], [6683196, 0.774854285541079], [6930437, 0.7754278565094571], [7076912, 0.7517193438189713], [7229843, 0.7816899351030916], [7229936, 0.7497059520087901], [7357983, 0.7553062328835479], [7561334, 0.7774193385721555], [7699561, 0.8004826636662966], [7748518, 0.7972170312563579], [7749349, 0.7663980608540368], [7750036, 0.7294678993893309], [7837849, 0.7189182484568275], [8027248, 0.7806465086998372], [8118569, 0.8036422485020607], [8135270, 0.7747771106084491], [8186797, 0.759540958669083], [8235716, 0.7761038286486625], [8433515, 0.7118676754689626], [8609738, 0.7785940636381178], [8643835, 0.7526915709279954], [8773618, 0.7970047592243951], [8852733, 0.7745772607607412], [8919776, 0.8116671633307148], [8931275, 0.7901407212084645], [8956254, 0.7734675097627743], [9022421, 0.7832352471058177], [9023030, 0.7513092700712116], [9050511, 0.7465662060710484], [9075420, 0.76652115137356], [9117913, 0.7925169376536942], [9117990, 0.7513245306337681], [9121971, 0.7321499122287833], [9188732, 0.7532860622187731], [9196171, 0.7553415754579318], [9281892, 0.7436811943830761], [9281893, 0.6728467038637458], [9414654, 0.7603983683776963], [9415981, 0.7511834324597494], [9452456, 0.7301746105949639], [9452457, 0.7045271456413045], [9506412, 0.7624607534850836], [9536657, 0.754872174352712], [9537168, 0.7387589949964177], [9543921, 0.7455814708148459], [9543928, 0.7266402919918261], [9632899, 0.74536229042978], [9676510, 0.7601883572483125], [9698699, 0.8160865819187931], [9698746, 0.8064521180250147], [9698753, 0.7653555062215642], [9726291, 0.7114064247747922], [9728048, 0.7069907535932181], [9775641, 0.7583817935743665], [9775702, 0.7200210285801641], [9785407, 0.7463062269095107], [9786810, 0.7287270643971133], [9795655, 0.7587380923218298], [9816976, 0.8399036766990855], [9817263, 0.833888285854185], [9824054, 0.8489298808997215], [9829493, 0.8715309567233773], [9829796, 0.6884579189781674], [9860063, 0.742911744084503], [9867228, 0.7311691354598644], [9886835, 0.7707665114371559], [9898254, 0.6847569810540064], [9905959, 0.6694531757804049], [9919234, 0.7696678395823475], [9921223, 0.755944577305464], [9921714, 0.6787949366698091], [9926479, 0.7176953875037902], [9933116, 0.7202711144833395], [9933573, 0.6776961690361613], [9937268, 0.6772418534180582], [9944797, 0.6639327746003288], [9955188, 0.8004147531686616], [9955963, 0.7104785947974765], [9955972, 0.6589919765791764], [9958021, 0.6577613620494331], [9970170, 0.7050628443590408], [9974561, 0.7166238331820283], [9975404, 0.7016747100350638], [9975493, 0.6950376112865683], [9976170, 0.6866093242045308], [9980409, 0.8255690128850343], [9980434, 0.7509718022236661], [9981127, 0.7120964288103169], [9981428, 0.7177152704645361], [9983509, 0.7973921266160435], [9986176, 0.8352716064450374], [9987791, 0.7117643736805901], [9988026, 0.6821687097672281], [9991733, 0.7151862082007169], [9992434, 0.7527455639742846], [9992435, 0.7509206029099381], [9992478, 0.7522748908271047], [9993693, 0.7699697421051188], [9994014, 0.6999469716729699], [9994331, 0.7369048027836272], [9994630, 0.7530660167432576], [9994651, 0.7037608980765825], [9995486, 0.8202113538850567], [9995493, 0.8182278037849893], [9995792, 0.7223079485047761], [9996793, 0.8285216403570919], [9997720, 0.721704942571207], [9998187, 0.8007256106649536], [9998362, 0.7491030966419148], [9998363, 0.7250934219902905], [9998660, 0.7320421172388838], [9998761, 0.7860794337524059], [9998966, 0.8688626218052331], [9998969, 0.7316368325652073], [9999042, 0.7532815807597733], [9999115, 0.7923131576343537], [9999116, 0.7702133210557214], [9999453, 0.6909845445388382], [9999676, 0.6641200466847361], [9999777, 0.7305046934524301], [9999814, 0.8355001422047221], [9999829, 0.6965896553986624], [9999896, 0.9546013109378068], [9999901, 0.8242087898084051], [9999924, 0.8024103414689808], [9999933, 0.6585278342062261], [9999950, 0.7563704221739378], [9999959, 0.8406968483395885], [9999960, 0.8571541347833564], [9999961, 0.58739708794996], [9999968, 0.6217718657359163], [9999984, 0.5632688633173022], [9999985, 0.5065145803491101], [9999992, 0.9296019974477814], [9999993, 0.72550818123629]]}