{"seed": 483722337, "N": 10000000, "alive_speed": 0.9933342432607524, "non_threatened_speed": 0.9933343425941766, "survivors": [[0, 0.9933343425941766], [1, 0.8285506832361523], [13514, 0.7828703730521382], [848791, 0.7631588595902944], [6731040, 0.7520492418350552], [6920745, 0.7461723493456401], [9999216, 0.7143658935421536], [9999845, 0.668247115484543]], "still_alive": [[849696, 0.7450671592391174], [1391943, 0.7588238581337026], [1919522, 0.7827197812220319], [1949507, 0.7756249913831016], [2551310, 0.7561138220609561], [2551603, 0.7346248631275167], [3028206, 0.7356165766832508], [3082937, 0.7386268070624222], [3280600, 0.7564990541044361], [3280603, 0.7515329651009283], [3634644, 0.7825791818629764], [3870625, 0.7695246014108148], [3931314, 0.7484001131622312], [3931869, 0.730414460823127], [4144330, 0.723258981240726], [4347647, 0.7488441376448679], [4347848, 0.7324180566727552], [4347851, 0.7231929384047754], [4905362, 0.7620947924982686], [5403049, 0.775102602912579], [5417360, 0.7689826771146487], [5422693, 0.761825194678433], [5447418, 0.7620262296719913], [5450537, 0.742467955117463], [5639748, 0.7332398881900078], [5862995, 0.7492076875761907], [6037616, 0.718666607014226], [6483159, 0.7778957879349948], [6502798, 0.766998971540155], [6682271, 0.7655579853865151], [6920962, 0.7421744151163382], [6921405, 0.7121084558574766], [7403776, 0.8005595361143748], [7470351, 0.778809835309507], [7531814, 0.7851085327806306], [7582799, 0.7721294073176158], [7610212, 0.7779910735365057], [7610747, 0.7556521319805947], [7615282, 0.7409712865991958], [7653809, 0.7271492891113204], [7778836, 0.7560536048063679], [7805161, 0.7228573813787048], [7945118, 0.7463253271223252], [8099885, 0.7324320738852131], [8195792, 0.7389745115736275], [8195795, 0.7249114315457463], [8385468, 0.8053647458727891], [8505499, 0.7768602401294619], [8561260, 0.749766305279884], [8622355, 0.7786912879828548], [8827714, 0.7554981745222992], [8865831, 0.7778498934785184], [8877108, 0.7562387458806791], [8877109, 0.7549848995718482], [8889576, 0.7511218951306518], [8913447, 0.752331538323504], [8939474, 0.7643371140564141], [8982177, 0.7614920289551027], [9021510, 0.7429138780231486], [9049867, 0.7044004115696523], [9105778, 0.7246037690558104], [9148573, 0.7549668684289406], [9175804, 0.766101732820056], [9258161, 0.7139861459904081], [9314394, 0.7722409887523377], [9358739, 0.8006860767590799], [9358836, 0.7903065030440458], [9361635, 0.7603674204230989], [9408054, 0.7962369297625312], [9408655, 0.781402853400157], [9469662, 0.8277116729318544], [9469759, 0.7400626019168585], [9538172, 0.8175391617922435], [9592595, 0.8352988421049246], [9592608, 0.8251154057735144], [9592773, 0.7824148411960345], [9593474, 0.7538315818816117], [9593523, 0.7375585124399946], [9604656, 0.7573546398092383], [9650163, 0.7678087509398878], [9663730, 0.7554177505109034], [9673931, 0.7124192596570202], [9673938, 0.7074066913616188], [9724949, 0.7993004697346543], [9761310, 0.8548087914773768], [9762567, 0.7554976718400797], [9791638, 0.7753223707411302], [9793065, 0.7350801640057794], [9796288, 0.7443949157381428], [9821063, 0.7335262743783919], [9824864, 0.6592840649448071], [9850337, 0.7586452517453162], [9872544, 0.8703888487260427], [9876393, 0.7871645483646638], [9886230, 0.7678045950581809], [9887663, 0.7313001936059941], [9887746, 0.7192711372361373], [9906731, 0.8439167963388557], [9908396, 0.7524752917721319], [9911839, 0.7670337465550755], [9911840, 0.7442912764254268], [9914595, 0.7587403457293816], [9917416, 0.78306906108919], [9919643, 0.7771863980577601], [9928806, 0.7695700730115178], [9929927, 0.6893056556388985], [9935002, 0.7241604782588938], [9935753, 0.7009035996436183], [9939524, 0.6445059987680821], [9939615, 0.6235222390814426], [9946572, 0.6940675270736294], [9948205, 0.7113897230969389], [9955606, 0.7696475462119559], [9965777, 0.7510454924315478], [9965792, 0.6986191184108532], [9972325, 0.7884746531478267], [9979678, 0.7876910826566806], [9981193, 0.7648095338685122], [9984226, 0.7273192390567109], [9985943, 0.7792993398190391], [9987236, 0.8498611399145233], [9987527, 0.8341191780927446], [9988632, 0.8288732412377569], [9988633, 0.7694485644890466], [9988674, 0.747103029825606], [9990015, 0.8071094388892736], [9990434, 0.803169123767626], [9992555, 0.8049554525629075], [9995244, 0.7832694073657827], [9996201, 0.7575820711566995], [9996204, 0.6623027936986791], [9996217, 0.6613813969751097], [9996716, 0.7346201213899356], [9997341, 0.7881274502098524], [9998152, 0.6797483493160857], [9998185, 0.6335283941148968], [9998552, 0.714882093652279], [9998781, 0.8043931187310802], [9998786, 0.7805048975720361], [9998971, 0.7766146281645337], [9999206, 0.951197397745272], [9999213, 0.8524451168549141], [9999217, 0.6628950697973446], [9999592, 0.7062954116482291], [9999619, 0.5648363042900809], [9999788, 0.6977493690237353], [9999888, 0.33636768539962625], [9999907, 0.34463142978616024], [9999958, 0.664681626376902], [9999971, 0.9066989168756354], [9999984, 0.8661611921141011], [9999985, 0.5043472323392968], [9999996, 0.9917180352041385], [9999997, 0.7064424850994407], [9999998, 0.22856525241647085], [9999999, 0.2791000246827767]]}