{"seed": 483722316, "N": 10000000, "alive_speed": 0.8331668653330173, "non_threatened_speed": 0.8354145479495072, "survivors": [[26904, 0.8354145479495072], [838305, 0.7861687266543823], [9151984, 0.72935627955578], [9998083, 0.7250968795491296], [9998364, 0.6752341084107966], [9998377, 0.6241609628392509], [9999788, 0.5469412000884807], [9999999, 0.13883124673000125]], "still_alive": [[39195, 0.7699076541978712], [449632, 0.7892687989242755], [886426, 0.7167343971904847], [886831, 0.7078412248659602], [1784896, 0.7820676009576829], [1784995, 0.7636234916972808], [1788326, 0.7478362016407774], [2547937, 0.7654847492385396], [2588580, 0.7428359325466597], [2596969, 0.7377572331669154], [3607972, 0.7583140943279677], [3774823, 0.7249203637994286], [4186080, 0.7573629782839086], [4251401, 0.7435971304585098], [4300922, 0.7396878497228923], [4552133, 0.7575857685378677], [4703350, 0.7296486168921268], [4719977, 0.7025058840910345], [4804046, 0.69993310601484], [5374325, 0.731323741643155], [5613216, 0.7550322332250913], [5851233, 0.742611111035401], [6336676, 0.8029771795600258], [6338493, 0.8000168486462653], [6360862, 0.7600197711666722], [6515705, 0.7894703412764648], [6722618, 0.7414524564779849], [6724373, 0.7261022753237484], [6725728, 0.7221522147631593], [7002757, 0.7459112633967913], [7119168, 0.7422998198519881], [7159197, 0.7471009595286744], [7160698, 0.7437671852448472], [7248131, 0.7427584987393417], [7527184, 0.7857002347803642], [7527927, 0.7614516012847246], [7527980, 0.7372939065686092], [7721333, 0.7711034380298482], [7723580, 0.7525226836456637], [7750907, 0.7533578260884819], [7827186, 0.7640885694887458], [8050027, 0.7946842963937096], [8051680, 0.7577818080521747], [8074957, 0.762826765742013], [8142402, 0.7750785083191873], [8143899, 0.7600697131320446], [8154000, 0.7330663934006126], [8164227, 0.7351428105883058], [8339456, 0.7375189822251444], [8392129, 0.6930459315220898], [8493090, 0.7278553538581226], [8679355, 0.7499342478391441], [8685928, 0.7442600402413532], [8732227, 0.765884451494432], [8732346, 0.7632530135455549], [8732881, 0.7488144254655742], [8780572, 0.7677969522902961], [8798859, 0.7743844921092219], [8836036, 0.7591419309065104], [8908877, 0.7843642790347847], [8908900, 0.7682157209910321], [8932675, 0.7819897837809847], [8933002, 0.7743843761529591], [8938241, 0.7728310651150545], [8994312, 0.778399505636181], [8999233, 0.7407606785156182], [9000270, 0.7251065649072392], [9047011, 0.7314907917658647], [9119910, 0.757968117858496], [9151983, 0.7480381578404904], [9246991, 0.7311435172823584], [9252156, 0.7197486838497262], [9340043, 0.7702823271914552], [9382328, 0.8031663950969281], [9383791, 0.7927269083793289], [9386772, 0.7530433080355177], [9425499, 0.7597718154502692], [9446774, 0.7773826027100444], [9475951, 0.7878675598733484], [9485234, 0.7588149284721046], [9486375, 0.7467467051138315], [9500232, 0.7186417585446052], [9539551, 0.7580851671466907], [9547852, 0.754164426067002], [9552313, 0.7608482780128312], [9553190, 0.7504200413332599], [9567169, 0.7609797486927877], [9595202, 0.7729897928312442], [9596591, 0.7743992985220354], [9609410, 0.7832247183029204], [9625243, 0.7117066687324175], [9651870, 0.7381865499091952], [9652267, 0.7314672437598013], [9696200, 0.7815238579499119], [9701739, 0.7636200939029142], [9762198, 0.7914317007471375], [9762623, 0.767973356048369], [9764500, 0.7366637292540319], [9802367, 0.7694609209882228], [9802876, 0.7500296520053249], [9859397, 0.834804590345588], [9862748, 0.6859723638914599], [9867317, 0.7067355393654716], [9875992, 0.7274843004037103], [9909121, 0.7723450122036495], [9910180, 0.7574461726758427], [9919509, 0.7326538889089819], [9919732, 0.7328904436625581], [9923219, 0.7091691213857692], [9924544, 0.7113864567159783], [9936895, 0.7839791369154165], [9942760, 0.8011371163342712], [9944337, 0.8197851472065024], [9945010, 0.7993184084860854], [9946419, 0.7576250489777695], [9946632, 0.7406539591764182], [9958017, 0.9089903350872303], [9958142, 0.8964898141621328], [9958443, 0.8621173119021172], [9959742, 0.799211125530996], [9960705, 0.8005071978123819], [9970268, 0.740211248382796], [9972637, 0.8013069290333706], [9972874, 0.7945152691661739], [9975331, 0.7555238347481273], [9981886, 0.7630292950974827], [9982769, 0.7716800417234422], [9987402, 0.8341057991041875], [9987427, 0.7116707632113124], [9989870, 0.5873948619737163], [9991777, 0.6345829247435547], [9991848, 0.6318013346511117], [9994069, 0.7717332039343733], [9995508, 0.8088541037128723], [9995723, 0.7960223239211749], [9996118, 0.7483842529998246], [9996403, 0.8029912828350242], [9997446, 0.8480392856152233], [9997491, 0.7716323676952943], [9997782, 0.8683661000178826], [9997791, 0.8495260072691511], [9998052, 0.8924702844922935], [9998378, 0.5491036196196983], [9998571, 0.5168604878715533], [9999306, 0.7846699034493579], [9999321, 0.5713646551116386], [9999478, 0.6317274115167462], [9999585, 0.5710694837612885], [9999692, 0.6038850940409394], [9999787, 0.6365134763919946], [9999863, 0.5674337160086115], [9999936, 0.7595500507890856], [9999969, 0.6829046698318808], [9999974, 0.7207937062055343], [9999981, 0.5838227396677483], [9999988, 0.7528559698803834]]}