{"seed": 813, "N": 10000000, "alive_speed": 0.9803408744572903, "non_threatened_speed": 0.9803409724913779, "survivors": [[0, 0.9803409724913779], [1, 0.8642260806130225], [30, 0.8533004733715126], [2541, 0.7894337426727407], [3372, 0.7888642948827039], [83093, 0.7855219297044448], [4188314, 0.756123520600111], [9805009, 0.7379279972381357], [9805088, 0.7341273666345857], [9992933, 0.6670371880126633], [9999872, 0.4953831862268683], [9999999, 0.12312678836738]], "still_alive": [[101158, 0.7500472255292374], [774377, 0.7554369930255311], [1096102, 0.7328897387306543], [1485737, 0.7347307022368672], [1876290, 0.754558132479997], [1992567, 0.7623797121211867], [2000272, 0.7602538030096315], [2469547, 0.7783731463283393], [2469550, 0.7603805477167218], [2645949, 0.7703386552946101], [3196478, 0.7503031226831249], [3212861, 0.7433669953367494], [3638558, 0.746823763244823], [3717327, 0.7559502157947181], [3898626, 0.7688571705698388], [4188309, 0.7677141808752476], [4189175, 0.7442868027220507], [4342318, 0.7508850099731947], [5506383, 0.744058051483608], [5666384, 0.7560426065214361], [5703771, 0.7213219128998491], [6386216, 0.7677823537510199], [6391701, 0.7685350913487992], [6391702, 0.737955239867081], [6786941, 0.7328646113864309], [7118346, 0.7614048455096506], [7214229, 0.7565896322995811], [7265496, 0.750578084927928], [7266203, 0.7409882550795074], [7337122, 0.7432202956363912], [7405597, 0.7566386352498512], [7411138, 0.7534997186619279], [7411415, 0.7532668821022843], [7413220, 0.7436037553474046], [7633389, 0.7394013201328815], [7826730, 0.7265095521481356], [8043847, 0.7739178396309626], [8048052, 0.7603541782310249], [8060851, 0.7516198719157402], [8110572, 0.725890033746168], [8123349, 0.7275609053871511], [8256960, 0.7544605998746052], [8386357, 0.7441871152456493], [8531848, 0.7617750199327666], [8549037, 0.76472700014321], [8549410, 0.7609401138880796], [8551585, 0.7614120000669694], [8562876, 0.7466324951283231], [8624687, 0.7794566510857596], [8634024, 0.758220827512687], [8701831, 0.7904663859517638], [8702724, 0.7631247992971455], [8809327, 0.79401655536777], [8809738, 0.746858672411406], [8992455, 0.7849732734490624], [9011226, 0.7231096147713987], [9173763, 0.8158811560714256], [9173782, 0.7861362616308353], [9175341, 0.783396361147939], [9196462, 0.7683565723528858], [9267227, 0.8017267870946845], [9267228, 0.7634887473635265], [9268535, 0.7618747809230908], [9282452, 0.76609216327002], [9283345, 0.7438625922797186], [9304562, 0.7624249578577338], [9359079, 0.7834298065297404], [9361946, 0.7760701511583233], [9401297, 0.8056150009474882], [9421504, 0.7296548686490787], [9476711, 0.7497495294521537], [9521316, 0.7881823367309709], [9624767, 0.7999738031615709], [9657244, 0.7650017119909005], [9671357, 0.7274560821648474], [9758670, 0.763009448044731], [9764259, 0.6682290425543114], [9797578, 0.7675425041764288], [9832519, 0.7516190102510479], [9836298, 0.763591183719416], [9844171, 0.7572700736050221], [9844172, 0.7125566139866865], [9854919, 0.7566245513200976], [9866780, 0.804528939541377], [9869389, 0.740275560054789], [9878766, 0.7845670247351386], [9880757, 0.7339077473157614], [9880928, 0.7275229608505254], [9892973, 0.7458987801354153], [9893494, 0.7382569660251729], [9900289, 0.7132989246640268], [9900640, 0.7012650442741551], [9905269, 0.7105963695967099], [9919734, 0.6918802931380084], [9939187, 0.7302778113105577], [9939192, 0.710060174583324], [9939789, 0.6383235216944646], [9942638, 0.5965560201566458], [9950527, 0.6862468028620144], [9955938, 0.7244227688948305], [9955977, 0.7116239256881042], [9964998, 0.8483922546221367], [9970407, 0.8435671616995194], [9970426, 0.8353640428417398], [9970427, 0.7583688165871649], [9970444, 0.7194055758004922], [9971171, 0.6949806894042331], [9972222, 0.702405157696232], [9978673, 0.781073074355056], [9982384, 0.6950291901508742], [9988317, 0.7308546219502773], [9989688, 0.7074644218653706], [9990581, 0.6671413216559511], [9990754, 0.6763145498243669], [9992934, 0.617132628220171], [9994123, 0.7320415408130929], [9994124, 0.5808557364963706], [9995687, 0.7403434139746167], [9996308, 0.6906979334229737], [9996395, 0.6824701074112283], [9997138, 0.744778173209281], [9997183, 0.7510344648122322], [9997628, 0.8782031755435041], [9997711, 0.8315721271803248], [9998612, 0.7919228966194012], [9998617, 0.7764189963118239], [9998822, 0.8277630699870293], [9998955, 0.7836852019425207], [9999242, 0.8622138740899974], [9999483, 0.8556050120050364], [9999484, 0.7364054536488278], [9999529, 0.7372170696167306], [9999566, 0.5505685391039137], [9999667, 0.581227530016692], [9999734, 0.6833105017594078], [9999735, 0.6573418961501822], [9999758, 0.44171646016132216], [9999835, 0.4904366428676077], [9999879, 0.49676872112633985], [9999950, 0.7128390584150264], [9999955, 0.5762002775612302], [9999986, 0.7561400436402167], [9999987, 0.45451817801036176], [9999998, 0.6925763378988493]]}