{"seed": 483722280, "N": 10000000, "alive_speed": 0.9700457473040008, "non_threatened_speed": 0.9700458443085757, "survivors": [[0, 0.9700458443085757], [3, 0.8852155955570156], [16438, 0.7757674955177334], [7724591, 0.7581968012699003], [8061790, 0.7315288495456465], [9636701, 0.7212475259117953], [9701524, 0.7209346948004165], [9876043, 0.7069524761657762]], "still_alive": [[16441, 0.7682748256212311], [751080, 0.7831977265292803], [777345, 0.7570646619936718], [781566, 0.7561481007493484], [785105, 0.7488284148464559], [932858, 0.7609381441024263], [1018191, 0.756399019368516], [1148026, 0.7345142908479811], [1221589, 0.7396856964437283], [1782814, 0.7798556699101753], [1782911, 0.766862956989392], [2118458, 0.7796240836234106], [2160263, 0.7731456009715122], [2386192, 0.7496420842221978], [2834753, 0.7770106329980193], [3141234, 0.7717869551974148], [4155281, 0.7893458497472665], [4179370, 0.7901689008847633], [4345359, 0.7718920862299851], [4606414, 0.8018253012878319], [4631395, 0.7747734467175528], [4689578, 0.7795742737650526], [4689579, 0.7609665194584563], [4689664, 0.7421565594609858], [4787611, 0.7518015731594686], [4893472, 0.7650212523895585], [5061225, 0.7668710532061762], [5145168, 0.7675964586568398], [5163855, 0.7498482778428617], [5354530, 0.7755374313346176], [5356301, 0.7495203797157527], [5390164, 0.7425359063200342], [5493831, 0.7481870193992168], [5494058, 0.7321006259995858], [5996309, 0.8027494347386159], [6009768, 0.8039783851497907], [6124605, 0.7625273525694456], [6259364, 0.7738581526146], [6288289, 0.7556326359329731], [6361198, 0.7596077258726173], [6680283, 0.7940534336255145], [6680390, 0.7858538732861152], [6713993, 0.7919086967007439], [6750678, 0.7658896861820416], [6751655, 0.7581923944871195], [6854332, 0.7630343698115173], [6881197, 0.7601100628958816], [6881826, 0.7480998012028328], [7004471, 0.772615779546764], [7234360, 0.8059780079664196], [7257975, 0.7309360069634798], [7554720, 0.8006875734523434], [7722947, 0.7806694627242173], [7723016, 0.7749842925557787], [7829548, 0.7554294460310813], [7844377, 0.7592709949026265], [7892606, 0.73138533186004], [7971753, 0.7592610820556476], [7971760, 0.7575530659867455], [8020749, 0.7700116739887051], [8244433, 0.7467128239280525], [8503632, 0.7498968998286224], [8562975, 0.7704660080515137], [8594040, 0.7777107644917026], [8605331, 0.7470334805339724], [8606612, 0.7403468046827107], [8752125, 0.7564072604364684], [8758298, 0.759062572713817], [8759109, 0.7471922848840596], [8793916, 0.742764693332098], [8838345, 0.7583901909828906], [8840096, 0.7570916610463323], [8907995, 0.7401214547142433], [9005290, 0.7782659075188207], [9171779, 0.7771894363003308], [9260382, 0.7727369505879221], [9271911, 0.7576662330897492], [9306656, 0.7910959206830248], [9312433, 0.7425625837701303], [9381442, 0.7620269030518659], [9391055, 0.7666077218130282], [9478910, 0.7554366624854867], [9512667, 0.740069701634882], [9512678, 0.7355962972489132], [9561963, 0.7217729921999518], [9589288, 0.7599762593727752], [9605929, 0.7829399392233147], [9630116, 0.7792452073611676], [9747447, 0.7320854800644049], [9747448, 0.7200383556618005], [9769797, 0.7661465970040694], [9784692, 0.7310518176955593], [9795965, 0.760945024455942], [9796974, 0.7456001791500019], [9797425, 0.7006995951896376], [9837014, 0.7195918583525892], [9850545, 0.778260827517258], [9864458, 0.8189878165173858], [9867611, 0.8153639851011266], [9867776, 0.7750476030335981], [9894528, 0.6875654484948958], [9906541, 0.759495838742994], [9910122, 0.7110353490231485], [9917421, 0.7526943204828251], [9928682, 0.7669354606085345], [9935913, 0.7959730441671895], [9944376, 0.7499177574749594], [9953279, 0.8542057039992824], [9953716, 0.7343387429478354], [9958743, 0.8169584546222912], [9967142, 0.7003345459353505], [9968147, 0.6879180348429625], [9972160, 0.5973035762337926], [9977031, 0.7002451501330254], [9982878, 0.7811913973184029], [9982891, 0.6863146573458417], [9982928, 0.6845248277019315], [9983455, 0.6881607240361636], [9985142, 0.7502176564236468], [9985239, 0.6637004646554663], [9986410, 0.6546561556855379], [9986425, 0.6471295049158012], [9990250, 0.8067074817318995], [9990251, 0.7678629982042993], [9993138, 0.6460182787788198], [9995455, 0.880369251166074], [9995662, 0.7346875235568927], [9996973, 0.9013350306671175], [9997044, 0.7390229886206158], [9997121, 0.731116354643738], [9997154, 0.7055485056424676], [9997665, 0.6963542194238662], [9997718, 0.6129983565822501], [9997729, 0.6108700702676699], [9998706, 0.7648622656035688], [9998989, 0.842976479794637], [9999200, 0.8892762187416507], [9999223, 0.8781622681694254], [9999228, 0.8434691626121916], [9999389, 0.871432304147674], [9999400, 0.8577609229686902], [9999411, 0.7891731379958464], [9999614, 0.8286820127536714], [9999673, 0.7518188651169183], [9999818, 0.7365558783437843], [9999819, 0.7234217867930454], [9999820, 0.5644157386813914], [9999829, 0.57963518926194], [9999876, 0.6378546654592823], [9999899, 0.632890315025848], [9999934, 0.8219636185500862], [9999979, 0.8480219630336737], [9999982, 0.7914456037287223], [9999983, 0.8339155079200015], [9999984, 0.4711403516525545], [9999995, 0.7085652462269975], [9999998, 0.7488378740373964], [9999999, 0.9765991467585352]]}