{"seed": 910, "N": 10000000, "alive_speed": 0.8343784575658291, "non_threatened_speed": 0.8343865511145655, "survivors": [[96, 0.8343865511145655], [175119, 0.8125596709631058], [9947506, 0.7323599831592678], [9953363, 0.721102524161507], [9956184, 0.7158548297198016], [9956187, 0.7152258371067615], [9997576, 0.6861161046050432], [9997581, 0.6495875637904479], [9999910, 0.6270675787908057], [9999965, 0.5021354576779213], [9999968, 0.43731383409703894], [9999999, 0.25117649245042895]], "still_alive": [[195432, 0.7558447840186481], [195465, 0.7410731633951042], [354854, 0.7296150477531502], [354879, 0.7041049657045177], [979046, 0.7466527287210185], [1247927, 0.755794136516801], [1497096, 0.7364305978234945], [2223677, 0.7605770141098388], [2234270, 0.7473019420059309], [2234559, 0.7400689387473159], [2883688, 0.7660834216072532], [2925821, 0.7585094720814246], [3006944, 0.7605247019870927], [3161807, 0.7579106637191395], [3366496, 0.7620001332953679], [3513837, 0.7592272040238225], [3872290, 0.7712188463650368], [3923853, 0.736703040558562], [4082298, 0.7532940344794034], [4214063, 0.7619160100954849], [4373590, 0.7698781411090507], [4391653, 0.7452108271854003], [4443922, 0.7372313228022718], [4444003, 0.7345729115734945], [4452528, 0.7340859430083178], [4792455, 0.7473511338710032], [5020610, 0.7555872523557519], [5165331, 0.7647518275546633], [5224528, 0.758305280748928], [5299817, 0.7650299750180983], [5305534, 0.7530407325853218], [5306177, 0.733987238707685], [5727930, 0.7817616985213042], [5833519, 0.7594014667657096], [5974450, 0.7576259804867943], [5975399, 0.7432600164231309], [6197894, 0.7752204423737457], [6198011, 0.7679168258263843], [6216978, 0.7549882700249624], [6579615, 0.7859277226430784], [6586714, 0.7603527527284654], [6705325, 0.7799546738874615], [6711584, 0.7747529093419696], [6774255, 0.7798120004492449], [6792848, 0.7579882335795377], [6897711, 0.7539872313079096], [6917276, 0.7156766287779345], [6917701, 0.7075820192117737], [7276892, 0.7588139944658541], [7309827, 0.7579309804028781], [7474442, 0.7435314246674058], [7543353, 0.7642371373259148], [7796286, 0.7781001443773964], [7796739, 0.7573192089093397], [7909202, 0.7485340321660963], [7909203, 0.7483127477064612], [7914918, 0.7404936196712277], [8235751, 0.7620548286128122], [8236104, 0.7410659183339054], [8332841, 0.7637935676757429], [8434002, 0.7835443120935638], [8435795, 0.7812266150373398], [8453202, 0.7157938994404514], [8728087, 0.7711255540336536], [8758388, 0.7868984461150108], [8764979, 0.7739286848381576], [8793992, 0.7731124639770194], [8799855, 0.7699679646530714], [8800532, 0.7362125382284114], [8817505, 0.7392585966119719], [8967250, 0.7687908379794929], [8993187, 0.7771934075583087], [9032934, 0.7284802969453974], [9118059, 0.7574878161619585], [9118060, 0.7454725032647895], [9121169, 0.7276864686910366], [9153182, 0.7485888003625447], [9163997, 0.7527207614167103], [9313920, 0.6781031511324931], [9443549, 0.8028217729815468], [9443586, 0.7950846052711945], [9445701, 0.7882159267148299], [9450702, 0.7324874299606159], [9484799, 0.7353070747788462], [9551956, 0.7872685082268415], [9551957, 0.7576424963949886], [9576278, 0.7403012536694636], [9678633, 0.7686314381730586], [9684466, 0.7754678997362718], [9689483, 0.7505648969129928], [9728180, 0.7553369425681116], [9759625, 0.7801559995285482], [9772392, 0.7752965590768509], [9775669, 0.7789732142194985], [9789824, 0.7647433367039038], [9849649, 0.8245497223432129], [9849662, 0.77869985145127], [9849683, 0.705105089725718], [9852980, 0.7192305072003069], [9864067, 0.7450798050891936], [9873000, 0.7190769371686478], [9884817, 0.7678219211120506], [9897446, 0.7219744699135242], [9917339, 0.7888272844049891], [9944906, 0.7582862210677244], [9946589, 0.7796653072329188], [9949889, 0.7291323671979676], [9951730, 0.7453282103006056], [9965024, 0.6699614289159114], [9975327, 0.7230667369546596], [9980888, 0.7637234823811957], [9982527, 0.8183672969582655], [9982528, 0.8152586697116858], [9982533, 0.781898872385514], [9983048, 0.7477715735884637], [9983117, 0.5670209210195045], [9983124, 0.5223226871155319], [9987987, 0.6868586836453112], [9991034, 0.8351825045937746], [9991047, 0.7867309359072291], [9991056, 0.7156241944182125], [9992697, 0.7925044791733865], [9992858, 0.711918975530905], [9994321, 0.781835968880604], [9994624, 0.8079172914630186], [9994985, 0.8408092940613405], [9995666, 0.8021244529342619], [9995875, 0.7470359838715062], [9996700, 0.8797026546398107], [9997083, 0.8460239048168052], [9997296, 0.8507991052934587], [9997575, 0.8747752632202592], [9997824, 0.6376335097623408], [9998005, 0.6190662047141368], [9998292, 0.7140517847704999], [9998459, 0.6442905742394953], [9998548, 0.6113636312397345], [9998663, 0.6418005672025411], [9998692, 0.640594932033457], [9998771, 0.6070641863807795], [9998888, 0.6173093348473164], [9999353, 0.9222730473701013], [9999370, 0.8792059398028846], [9999371, 0.8351739044069544], [9999372, 0.6608097821970756], [9999553, 0.8454807428788548], [9999556, 0.7813981636628964], [9999721, 0.7548026265924209], [9999826, 0.5373476511658909], [9999899, 0.6693653526521617], [9999947, 0.6576845341873472], [9999964, 0.715653435329149], [9999979, 0.4490488977852669], [9999986, 0.4951232868162696], [9999993, 0.951071951296539], [9999994, 0.7088237164654972]]}