{"seed": 928126206, "N": 10000000, "alive_speed": 0.8816552949466178, "non_threatened_speed": 0.8816553831121472, "survivors": [[0, 0.8816553831121472], [91, 0.7997934297660005], [8477284, 0.7634479112568091], [9982065, 0.7170455150342399]], "still_alive": [[347930, 0.7655679612333732], [711235, 0.7754430104830299], [1015398, 0.758490841386685], [1149543, 0.7631214779654582], [1549940, 0.7782935637798352], [1553667, 0.7607924496596485], [1668602, 0.7287882374606818], [2154579, 0.7718925088961729], [2322672, 0.7116734440016516], [2907747, 0.7601818809753332], [3317804, 0.7939709118186472], [3366825, 0.7964875889329157], [3620350, 0.7775808015261733], [3855605, 0.7717855412747288], [3856384, 0.7661103600838532], [3879353, 0.7613950458401301], [4077316, 0.7722753970969224], [4410899, 0.7815324292828285], [4411724, 0.7628830692570097], [4890241, 0.794611125671409], [5205380, 0.7683768987315913], [5332089, 0.7556872331333143], [5663792, 0.7695556664429133], [5664393, 0.7440177821535686], [5943470, 0.7862164803183797], [5990127, 0.7754252847089446], [5994226, 0.7613046577613244], [6195597, 0.8006498009257409], [6198978, 0.7419294924573298], [6285873, 0.7495703744530386], [6459712, 0.764571123001188], [6845907, 0.792115187191926], [6855960, 0.7919751990445625], [6857351, 0.74063055607624], [7247768, 0.7898235467832773], [7281481, 0.753371225942545], [7442454, 0.7951390612938777], [7454571, 0.7685135088104232], [7544942, 0.7917875599870805], [7593995, 0.8071315065564629], [7725904, 0.7940496377120763], [7727681, 0.746329795982456], [7739654, 0.747625529557377], [7766205, 0.7116733064499211], [7987188, 0.7575786635720864], [8142615, 0.7954949732145377], [8144738, 0.7256375233245362], [8144741, 0.7114982885855337], [8293890, 0.7572644696374142], [8467725, 0.7854985366489049], [8475666, 0.7744547391336152], [8477233, 0.7710671824957397], [8477977, 0.7072939073789941], [8478582, 0.7062318077838471], [8561099, 0.7223764315459943], [8748868, 0.7867916363210962], [8829269, 0.8004910330120242], [8868704, 0.7681561674176325], [8905975, 0.7840636081011424], [8906914, 0.7680097612283909], [8906929, 0.7368409802957043], [8908760, 0.701432014471228], [8908823, 0.6848902002581204], [8908912, 0.6738371980227578], [9028733, 0.7463099804153078], [9031082, 0.7465523239916904], [9092417, 0.7544566087645992], [9092498, 0.7500522030584899], [9092605, 0.7465612197385321], [9149480, 0.7569108127718251], [9200767, 0.7828620881225438], [9235150, 0.7847153949729448], [9270119, 0.7706954531570614], [9270414, 0.7680220976746559], [9270529, 0.7546845109470675], [9342982, 0.8011906143882362], [9351937, 0.6998981609221482], [9419152, 0.6914682659419529], [9506569, 0.6990752523504247], [9550686, 0.7537950162073807], [9550795, 0.6898062875656604], [9610682, 0.7573436613567514], [9631495, 0.7467083413060164], [9654562, 0.7727272561699451], [9655339, 0.7535726074687863], [9656298, 0.7254081961778642], [9706421, 0.7185485594656831], [9744562, 0.730631097061293], [9779019, 0.7449252624064419], [9800402, 0.7679288472042393], [9807531, 0.6660785988777993], [9830438, 0.6995119439418661], [9843103, 0.7269158159268917], [9860670, 0.7572366653550665], [9860819, 0.7220577830141935], [9881156, 0.8283306795264652], [9881317, 0.760641570488774], [9883516, 0.7443488510419403], [9906587, 0.7645873004970534], [9915638, 0.7388681067649103], [9915693, 0.7285969320419569], [9933084, 0.8153132126554642], [9942053, 0.7796855823791465], [9942610, 0.7738110974281397], [9944547, 0.7970181334582822], [9944924, 0.8007857816003864], [9945881, 0.7844593189185085], [9948426, 0.8047890119562218], [9951041, 0.7655685248403193], [9952438, 0.7045928141412026], [9952799, 0.7004064999680248], [9957002, 0.7508107676241007], [9957089, 0.7375255298649737], [9957556, 0.7180217386976336], [9960747, 0.7579070267904143], [9961466, 0.6902195830362016], [9970627, 0.8356674179615193], [9972674, 0.759477951097099], [9972825, 0.69381488049635], [9974924, 0.7511479806710306], [9974925, 0.716954313296308], [9975664, 0.721413394866622], [9981227, 0.8537879321227158], [9982044, 0.7563808177017821], [9982772, 0.6362698498913469], [9984017, 0.676055743506184], [9987148, 0.7664626107171838], [9988671, 0.8409573962378545], [9988696, 0.7811381221653887], [9989239, 0.8056614634361229], [9990452, 0.754247059547906], [9991037, 0.7708928022612537], [9991038, 0.7109497310195702], [9991043, 0.7106702386023445], [9991646, 0.685055232624098], [9991699, 0.6870287761870746], [9992708, 0.7232363937491649], [9996679, 0.7799928865541546], [9996686, 0.777928739963636], [9996687, 0.702357705429732], [9997354, 0.7312539307471392], [9997583, 0.7547248564776986], [9997674, 0.7726697635926313], [9997709, 0.7284149225468985], [9997934, 0.6940741985080713], [9998129, 0.6485795702364109], [9998352, 0.6958401582095409], [9998353, 0.6744442066450558], [9998728, 0.7847769185136766], [9999015, 0.8478972416844889], [9999016, 0.7100978674345422], [9999191, 0.6912916311961815], [9999314, 0.7149448588477871], [9999361, 0.6284914451711967], [9999590, 0.7784984973392866], [9999629, 0.8388122257846995], [9999672, 0.6832131105542409], [9999699, 0.7390067989354427], [9999786, 0.8266261058399749], [9999971, 0.5704378285577196], [9999986, 0.7176918459805821], [9999995, 0.4954187660648751], [9999998, 0.8954339306227004], [9999999, 0.8594989221473522]]}