{"seed": 483722410, "N": 10000000, "alive_speed": 0.7690999159122032, "non_threatened_speed": 0.7830059612303754, "survivors": [[511818, 0.7830059612303754], [1205899, 0.77377806624862], [9998286, 0.713840592782589], [9998489, 0.6644566149549573], [9998508, 0.6279134167858005], [9999925, 0.584630156040011]], "still_alive": [[1256720, 0.7656927086462816], [1259193, 0.756625404084238], [1855458, 0.7914485068195303], [2041499, 0.7701384083895043], [2348368, 0.7458054084498864], [2980735, 0.7601334686318092], [3009882, 0.7632504808299214], [3011113, 0.7492823938864474], [3026468, 0.7439129672285872], [3163013, 0.7370085939176994], [3176086, 0.7325838032375701], [3227879, 0.7244421199416422], [3475872, 0.7369735890180052], [3806371, 0.7622912278185985], [3816504, 0.7601494414524484], [3816505, 0.7588809896907681], [3816506, 0.7524965713347491], [3824701, 0.7405448003391021], [3932712, 0.7262762905806218], [3932793, 0.723371769429247], [4137770, 0.7469585567004949], [4139251, 0.7334140459134828], [4467166, 0.7607319192119557], [4504497, 0.7541327556073161], [4719352, 0.764295397626315], [4739105, 0.7387736386246077], [5262374, 0.7818672178276057], [5446043, 0.7719147297947152], [5514736, 0.7753618213913679], [5830963, 0.7499671254271947], [6135898, 0.7265623196673536], [6338137, 0.7655602718028763], [6370818, 0.7681536455379179], [6510667, 0.7810820414242404], [6586224, 0.7455020305991624], [7024909, 0.7379854654343208], [7025100, 0.7379601486085816], [7041393, 0.7304055918532167], [7191014, 0.7681923475163175], [7216521, 0.753264057392705], [7369572, 0.7596375911845497], [7396789, 0.7455958868100107], [7557898, 0.7680765451554201], [7604833, 0.7528525368773914], [7646076, 0.7649848608608121], [7647997, 0.7434008205522961], [7690332, 0.7552401328755229], [7860473, 0.8041162035509232], [8024820, 0.7820729656522252], [8065559, 0.768483653959112], [8149100, 0.7796369404490424], [8153505, 0.7744819185291035], [8162292, 0.7742744704364815], [8163171, 0.7619830067136513], [8193304, 0.757076159767937], [8302721, 0.7753411997741531], [8447852, 0.7929980726103828], [8448059, 0.7104581221374283], [8448180, 0.7014045722391513], [8602431, 0.6973902330055525], [8636802, 0.7130680504274708], [8772293, 0.7389270688387549], [8823684, 0.7596921966393164], [8860975, 0.7655182105818624], [8895506, 0.7710599270026317], [8917253, 0.7781446213017746], [8946568, 0.7138980137070107], [8982493, 0.6968406107133835], [9057102, 0.7292233128602406], [9058939, 0.7239617467400626], [9059086, 0.7182900851113172], [9147019, 0.7763805835199111], [9171680, 0.7592799834699289], [9210621, 0.7770691854825932], [9273550, 0.7410966104720301], [9310097, 0.7676699307802952], [9332352, 0.7665036967183386], [9344807, 0.763963527171691], [9360244, 0.7352584175489045], [9410397, 0.7567033251608603], [9410640, 0.7346789737034972], [9420187, 0.7236094876732865], [9465610, 0.7811148862995885], [9483047, 0.7952161736222902], [9498988, 0.8169611803455686], [9503071, 0.8107176657831233], [9506010, 0.808347699983511], [9511949, 0.7058619799478936], [9568156, 0.7864069783871653], [9568575, 0.7523592213506609], [9568580, 0.7521175996183004], [9568581, 0.7439071132755816], [9572782, 0.7473304096199767], [9607203, 0.7961363610673602], [9616276, 0.7388281529718825], [9639715, 0.7444076480996126], [9652754, 0.770152157189616], [9670793, 0.7977396310865624], [9671194, 0.7985207994591499], [9685959, 0.8228882733900363], [9706644, 0.7598321116170986], [9708663, 0.7143874503115523], [9739570, 0.7671148645923943], [9768531, 0.7460580327102165], [9769392, 0.744821409111531], [9794085, 0.7756946813793317], [9821072, 0.7876195639365635], [9830687, 0.7497293141376618], [9837546, 0.7227584317874651], [9856925, 0.7024377121893252], [9859112, 0.7019479304825481], [9881407, 0.78031467214702], [9891652, 0.673191605353373], [9908923, 0.7193930967630932], [9923892, 0.729019321079191], [9924551, 0.7306723565908425], [9925618, 0.7185308937415866], [9936597, 0.7612332731234415], [9936598, 0.7395925065879907], [9936887, 0.7145810217950842], [9937964, 0.7188195900633675], [9941679, 0.7490962931647289], [9941702, 0.7345024888678593], [9942217, 0.7307806859531647], [9944134, 0.6771420130283582], [9955559, 0.7566781952070865], [9955560, 0.7029261980074152], [9962167, 0.6788994863093462], [9962226, 0.6652057246809284], [9966383, 0.6749977608855511], [9974134, 0.7367656782019851], [9974323, 0.714603443845388], [9974784, 0.6662903082232123], [9982209, 0.8369098284752072], [9982210, 0.8090251929051326], [9982477, 0.7729878602163267], [9983926, 0.792294244099125], [9985293, 0.858419499786167], [9986744, 0.6744064591375187], [9988685, 0.650676486575375], [9994116, 0.9782249739428082], [9994119, 0.8511999570971122], [9994154, 0.7786117407296143], [9994201, 0.7462328492098481], [9994742, 0.7104679980904103], [9996277, 0.7073298430184632], [9998046, 0.8996334237739159], [9998079, 0.7887555398065197], [9998611, 0.5872105259042162], [9998658, 0.5738134088754744], [9998969, 0.6871663177217824], [9999402, 0.7762450537880148], [9999403, 0.6211248789770851], [9999524, 0.6440725838296583], [9999525, 0.6158795577976058], [9999574, 0.6424879490436313], [9999617, 0.5826314861912101], [9999802, 0.7617305424084051], [9999815, 0.6201641087213267], [9999882, 0.9123231692193222], [9999917, 0.8427685302145065], [9999922, 0.8643090106304335], [9999958, 0.4300362588126051], [9999969, 0.4251520306868397], [9999978, 0.5941085376868454], [9999983, 0.7541249721777811], [9999986, 0.9131177347409631], [9999987, 0.974074748008415], [9999990, 0.6603775524123505], [9999995, 0.8127046405512287], [9999996, 0.7018996431614221], [9999997, 0.8426109399325243]]}