{"seed": 844, "N": 10000000, "alive_speed": 0.8972068048460893, "non_threatened_speed": 0.897207253449671, "survivors": [[4, 0.897207253449671], [90077, 0.7946975596423902], [9990060, 0.7184591784994495], [9999925, 0.6799618080345832], [9999950, 0.5262357677990033], [9999979, 0.3059333022715607], [9999980, 0.20303720015586046], [9999999, 0.05995805391205322]], "still_alive": [[257148, 0.7522974475570624], [257621, 0.7328030736302414], [902938, 0.7570926797646617], [903481, 0.751282016103116], [992958, 0.7362098321161761], [993129, 0.7340828527832887], [1338212, 0.7277434951152911], [1542847, 0.7335535809734001], [1548340, 0.7152448555445589], [2000389, 0.7515676434682569], [2273986, 0.7693050903851508], [2674777, 0.7234194486056953], [2685692, 0.7151000396670167], [3423891, 0.7746885469669798], [3427578, 0.760112508082513], [3584719, 0.7480350949233094], [3632078, 0.7502515877941983], [3669587, 0.7034943313096514], [4023950, 0.7030511746032228], [4362323, 0.7244895489577633], [5162314, 0.7553186700261268], [5284123, 0.771989201122849], [5435918, 0.7823744250451248], [5549631, 0.763317719488157], [5590706, 0.7614630195931893], [5933739, 0.7371810977802776], [6020720, 0.7125509229027018], [6076381, 0.7214632056568272], [6470940, 0.724938159776748], [6480653, 0.704907982771617], [6555326, 0.6883121342627098], [6912599, 0.7661774649782663], [6945884, 0.7682284804875531], [6951779, 0.7556045903345703], [7134718, 0.7985309620620474], [7166421, 0.7795071668849566], [7179772, 0.7721825330934676], [7245939, 0.7533516301397325], [7592486, 0.7684877746170644], [7750999, 0.8006357480298392], [7751242, 0.7612553651842667], [7862365, 0.7814507249375007], [7903514, 0.7501881788329459], [7978307, 0.7646838509668143], [8127616, 0.7812834022021515], [8144551, 0.7301740003549244], [8367298, 0.7582369895892308], [8587743, 0.7952650629850962], [8587794, 0.750531130434671], [8618711, 0.7270443187315502], [8713208, 0.7758045507291795], [8846565, 0.750788246261023], [8958216, 0.7796627929974506], [8958439, 0.7635044209476616], [9014806, 0.8009980794817784], [9040337, 0.7492815480903173], [9087670, 0.7819369482821679], [9087671, 0.7738242671187056], [9143790, 0.7493223933684156], [9180789, 0.7665216907522272], [9208524, 0.7457073847381276], [9265235, 0.7846331628964284], [9283404, 0.7289744416597692], [9331693, 0.7762883018758276], [9331704, 0.7430539266751233], [9379097, 0.766906283609722], [9401546, 0.7536399669213618], [9401575, 0.7522129005645446], [9403036, 0.7237091321018332], [9429579, 0.7277805797006793], [9434616, 0.7245832700132349], [9484479, 0.7632289689736302], [9533816, 0.7643587406563933], [9558253, 0.7922424747558842], [9567168, 0.8040547629941814], [9569721, 0.7557745666409043], [9572732, 0.7546118527437313], [9584147, 0.7567770805096604], [9648482, 0.8050652000558451], [9654935, 0.788866321657499], [9656294, 0.7891635986833756], [9669249, 0.7596476447078808], [9699562, 0.8181726166479116], [9717215, 0.800360181061648], [9717944, 0.7857150229197781], [9728435, 0.7443290983608363], [9784010, 0.8678323657636785], [9844979, 0.792826754725452], [9845012, 0.776607715880723], [9846993, 0.7625534272125468], [9864790, 0.7404199045316979], [9865139, 0.7370476344286419], [9890568, 0.7689171372729365], [9891593, 0.6948155287612068], [9914056, 0.7005872351395963], [9925289, 0.7799396176833978], [9941942, 0.8206222791928963], [9941943, 0.7597977200908677], [9942222, 0.7423591090411759], [9949435, 0.690769303524503], [9959202, 0.7429443560401356], [9959795, 0.7104344611304655], [9968016, 0.8410188253011563], [9970327, 0.7463409675574537], [9971486, 0.7632777899337174], [9971805, 0.7108573761296109], [9977274, 0.7813131835133909], [9987655, 0.7701979528724557], [9989120, 0.7657512573452008], [9989715, 0.8029793609588514], [9989970, 0.7788575285737683], [9990059, 0.7811447704016089], [9990085, 0.7128763114163924], [9990424, 0.671288821947653], [9990767, 0.692683190353787], [9990928, 0.6840743354977797], [9991203, 0.6808231075223797], [9993456, 0.9115271403305174], [9993557, 0.8156813088597176], [9994164, 0.7712497119694086], [9994393, 0.786517627857601], [9995040, 0.5734640927005579], [9996565, 0.6409747485389035], [9997888, 0.8070404672817478], [9997971, 0.7111861588395899], [9998360, 0.7342491473660977], [9998431, 0.6902413001725508], [9998432, 0.656008622269732], [9998537, 0.6955172284400801], [9998558, 0.5880720900149938], [9999231, 0.5865872392320667], [9999500, 0.7633240975190001], [9999529, 0.7355698927719088], [9999540, 0.6348992576720287], [9999783, 0.7605943493094703], [9999784, 0.6228002186739414], [9999889, 0.8655680917602239], [9999894, 0.8928957343864808], [9999897, 0.9055409865864668], [9999924, 0.6906826718893165], [9999993, 0.2871941062577693], [9999998, 0.7696467963103565]]}