{"seed": 177791943, "N": 10000000, "alive_speed": 0.9074714735180394, "non_threatened_speed": 0.9074715642651867, "survivors": [[0, 0.9074715642651867], [11, 0.8283014302260066], [73426, 0.7788335591416812], [4423709, 0.7542519956085914], [5352612, 0.75048383892993], [9947279, 0.7321603354436187], [9965142, 0.7159989517152745], [9996579, 0.7095199831192202], [9999912, 0.5283675995533414], [9999915, 0.3158406984306471], [9999974, 0.2885907425498989], [9999997, 0.11879880389781095]], "still_alive": [[91145, 0.7672143364621103], [746062, 0.7807535375972531], [1271117, 0.7495167172258039], [1303394, 0.7495952790445767], [1386551, 0.7413513257444168], [1402942, 0.7409753087711578], [1403153, 0.7406512533347446], [1424608, 0.7381778642521192], [1548893, 0.7423353631946477], [1876158, 0.7491270726674883], [2009053, 0.7352988989510891], [2359646, 0.7629578286699169], [2652409, 0.7746132651395062], [2654670, 0.7699453589618201], [2655393, 0.7651110633956686], [3324336, 0.7998613071274104], [3330085, 0.7327712115541776], [3851058, 0.7711663207277343], [3951933, 0.7829970110888016], [4046632, 0.7888796921040144], [4192293, 0.7901459478518197], [4195034, 0.7832658205172384], [4198157, 0.7826316408784558], [4198168, 0.7721405152925661], [4312769, 0.773452881719761], [4362966, 0.7693493071857465], [4536214, 0.7496408691162016], [4538825, 0.7368673939058201], [4547186, 0.7320275861992747], [5108763, 0.784178949262677], [5227990, 0.770359974431092], [5229023, 0.7607682259783078], [5320588, 0.762477578635369], [5344805, 0.7553241969681951], [5405181, 0.7372763579827563], [5718608, 0.7302823598173179], [6144381, 0.742197494608527], [6722974, 0.7919215618398583], [6724291, 0.7901827526303604], [6779746, 0.7536799495293379], [6951155, 0.7865645610160913], [7035968, 0.758859287340551], [7539765, 0.7447295570458313], [7638770, 0.7598518591531362], [7656113, 0.7275702566310404], [7683622, 0.7289282267940238], [7683707, 0.7253348326048806], [7683902, 0.7243790600972069], [7758417, 0.7194604782162454], [7758418, 0.6969544766255259], [8035317, 0.7883083341838689], [8118428, 0.7862194561393739], [8272293, 0.7378594144576542], [8468024, 0.7841899141348209], [8468697, 0.7441034286341972], [8487662, 0.7137388668630251], [8533635, 0.7160364824093879], [8604474, 0.7345816136686683], [8698797, 0.7315122766791284], [8864646, 0.8361166250212564], [8867749, 0.8028059352111834], [8887660, 0.7824036412124613], [8954673, 0.796463184863274], [8954680, 0.7959747579743047], [9086509, 0.7592882161652968], [9092614, 0.7445649126639453], [9129569, 0.7612268038185046], [9131508, 0.7333832768573207], [9134563, 0.7156125770164723], [9167110, 0.732283101488709], [9168365, 0.728026038330192], [9241284, 0.6765502471493154], [9241311, 0.6752032342385125], [9331704, 0.7449642475554461], [9352637, 0.6735036941994934], [9432508, 0.7608128052466911], [9461109, 0.7781196266380397], [9461350, 0.747650338564345], [9461353, 0.7341967412750134], [9508668, 0.7818789939217349], [9508871, 0.7643760642874106], [9520000, 0.7767517379108303], [9520001, 0.7541668950106291], [9520016, 0.7396435085994677], [9538845, 0.7696998065358513], [9568412, 0.7872189277760047], [9570323, 0.782815678258839], [9624116, 0.7684191571462186], [9639025, 0.7673265027707938], [9657312, 0.768756262601087], [9666163, 0.7279723182552542], [9678732, 0.7353520337798304], [9699637, 0.7780606559816913], [9702014, 0.7735129895018057], [9702071, 0.755452450240432], [9737880, 0.8516257377578319], [9740729, 0.8217480175128481], [9746198, 0.7829281996780295], [9746199, 0.7757114019080905], [9748896, 0.7718039188566803], [9782687, 0.8180687637009462], [9783414, 0.7997404446668346], [9807295, 0.8180780673426739], [9808606, 0.7331934557250582], [9819241, 0.7547830457068163], [9826202, 0.7560743558606725], [9827495, 0.7113645659279463], [9865346, 0.777308914098727], [9868887, 0.7762676561743177], [9870436, 0.781287188119386], [9878209, 0.7824593669716823], [9880176, 0.7888864505667531], [9884021, 0.7637728938013391], [9888804, 0.6997180149703413], [9889719, 0.7048584163427829], [9895500, 0.7398401582308618], [9901215, 0.7662788051554494], [9915164, 0.8730312204681068], [9915189, 0.7175558480145439], [9921632, 0.7315511717905817], [9922675, 0.7127261164940537], [9930420, 0.7805004345089351], [9943589, 0.8779134881751359], [9943598, 0.7608656902114789], [9946933, 0.7385717186481422], [9946934, 0.7380333695181979], [9957262, 0.7154761740331838], [9963585, 0.763097825868272], [9963586, 0.7564620547062656], [9964595, 0.7705325428678984], [9965181, 0.6939143124239971], [9968122, 0.7095441469707247], [9968123, 0.6821291880740001], [9973888, 0.7393660486639612], [9975311, 0.7620285669092273], [9976342, 0.6749076845545912], [9980599, 0.7456794904546714], [9981146, 0.722968826343687], [9983493, 0.7488378550283434], [9983502, 0.6733464614980821], [9983505, 0.6417250217192031], [9987220, 0.7370790929972318], [9987257, 0.7081838399886555], [9989826, 0.5760078423733854], [9991407, 0.6639907891413598], [9991980, 0.7086975580472162], [9992597, 0.6619154942102913], [9993832, 0.7686735764122292], [9995451, 0.8165294195817451], [9995576, 0.7366103023722691], [9995579, 0.7176704939815957], [9996318, 0.7663081725830657], [9997016, 0.7152892529119848], [9997099, 0.6645950637598735], [9999030, 0.901719455981707], [9999059, 0.8663135069268707], [9999346, 0.5890256798013201], [9999353, 0.5704418769057328], [9999612, 0.7414892999350717], [9999617, 0.6866156964190323], [9999618, 0.606689483543088], [9999779, 0.8087843917370809], [9999800, 0.7366945095493562], [9999871, 0.9465495053381479], [9999892, 0.9953091505474966], [9999903, 0.6133180778386765], [9999946, 0.36068874848583465], [9999947, 0.3639932642465986]]}