{"seed": 933, "N": 10000000, "alive_speed": 0.8743612843488024, "non_threatened_speed": 0.8743613717849309, "survivors": [[0, 0.8743613717849309], [77, 0.8063140158255453], [976528, 0.7686557371639678], [985185, 0.7607655349019984], [9991746, 0.7150594937951315], [9999983, 0.42510165483247253]], "still_alive": [[381518, 0.7899285346425647], [415153, 0.7915159389974646], [1003164, 0.7536528749732623], [1008217, 0.7532790229452986], [1782728, 0.7649285675396915], [1822829, 0.7251060735881678], [2406292, 0.7513486095549508], [2534007, 0.736609998089433], [2545876, 0.7317500359661925], [2882371, 0.7272518068910677], [3391068, 0.7782112156983158], [3574625, 0.7626786784241849], [3692834, 0.7283732779442416], [3692837, 0.7111126833776578], [3734904, 0.7118176466214192], [4780861, 0.769087462354373], [4782374, 0.7504580397634159], [4802357, 0.7266166204505284], [5131902, 0.7625264748335129], [5405589, 0.7757088100386506], [5665228, 0.7772316434426259], [5798593, 0.7701238641746168], [6055848, 0.7388169179159301], [6243321, 0.7364919774191938], [6423084, 0.766465848963018], [6424483, 0.7638908340641216], [6623740, 0.7840605953768006], [6639295, 0.7752265790823778], [6668470, 0.7763082726014813], [6840547, 0.7398010119458992], [6843496, 0.678002663270754], [7035853, 0.7040758595167855], [7427104, 0.7437123817624791], [7488589, 0.7485428747241882], [7804974, 0.7873122345443904], [7809523, 0.7433437341295458], [7955498, 0.7775289925682891], [8106255, 0.7565741885654939], [8106374, 0.7318333160725173], [8106377, 0.719615919417758], [8234242, 0.7548334942804027], [8252937, 0.761050302298162], [8256596, 0.7450955279281415], [8316915, 0.7525916202416779], [8412504, 0.7795711968909429], [8600603, 0.7705672136656996], [8600604, 0.7479339924200985], [8809489, 0.8020970777598558], [8832518, 0.7576021729647259], [8902599, 0.7496676051711837], [8905816, 0.734113526576326], [8958019, 0.7585625819885451], [8961756, 0.7235055440003643], [8966437, 0.7216974009302719], [8971174, 0.7236389393534406], [8979411, 0.7294130966228398], [9133892, 0.7898002943055676], [9133925, 0.7609472823537541], [9133928, 0.7461743089916826], [9149955, 0.7596526151303591], [9152052, 0.7302292378388017], [9229937, 0.8010376951027481], [9243408, 0.7497493382988414], [9317323, 0.7662776389731236], [9317352, 0.7421064689434832], [9317517, 0.7021356417518015], [9338236, 0.676835239807545], [9433105, 0.7655138413685888], [9447346, 0.7639994820936059], [9489853, 0.7714147780667099], [9490582, 0.7716237032715201], [9519063, 0.7800241640633812], [9541134, 0.7760760825386601], [9542635, 0.7730852194862154], [9580148, 0.83310228912045], [9583779, 0.7622147138249545], [9598206, 0.7491016029084052], [9598905, 0.6913981564286849], [9598910, 0.6906595923500902], [9668383, 0.78394883379791], [9668788, 0.7635644199151299], [9668983, 0.7585240815028839], [9693858, 0.7187117219599709], [9718331, 0.7237842133723091], [9727032, 0.7244955160143628], [9727149, 0.6882746111043806], [9745352, 0.693407774526019], [9753279, 0.7112065601277784], [9758212, 0.7238204533817957], [9804391, 0.7816293249138548], [9823546, 0.7960620134031955], [9823547, 0.7745288768990286], [9837180, 0.7850925391383724], [9842321, 0.6949342016274423], [9842338, 0.6754861963817015], [9870405, 0.7644644981738078], [9870448, 0.7435585803799024], [9873223, 0.7308756262333171], [9879314, 0.7314207762513926], [9890685, 0.7582689152183044], [9893112, 0.7239626324252673], [9898983, 0.7234888481424726], [9917358, 0.7264832205804838], [9917539, 0.6972724409124246], [9933324, 0.7636634295045162], [9933667, 0.7155155233404377], [9934518, 0.6818938601910425], [9935241, 0.654828719995601], [9951418, 0.8467695553693405], [9951459, 0.7888806929342563], [9955358, 0.8051033060127553], [9955965, 0.7585354793345838], [9956696, 0.7489449824015285], [9958413, 0.6251825706781914], [9964612, 0.7040237211954008], [9964791, 0.6488528423768218], [9973338, 0.8501632356243191], [9973339, 0.8160285891873789], [9973668, 0.734465089209384], [9979109, 0.8050772619679759], [9979438, 0.6866179911903955], [9980001, 0.6866917137267426], [9982962, 0.7904037385270986], [9983333, 0.7749355605861564], [9984370, 0.8149070175554347], [9984971, 0.7063177973551878], [9986688, 0.7970536475294301], [9986689, 0.744231773486912], [9988252, 0.838613645016575], [9989129, 0.8183665104908789], [9989268, 0.7388965417485375], [9990099, 0.7636586274535544], [9990118, 0.7426981025181342], [9990537, 0.7728936017385997], [9990712, 0.7364536169366556], [9991745, 0.7301597021681152], [9991757, 0.693503808807789], [9991762, 0.6385336026979942], [9995679, 0.8214190802085422], [9996604, 0.8534589443766645], [9996715, 0.6401961894606361], [9997204, 0.6658893260377174], [9997211, 0.6666918232673992], [9997230, 0.6180298222619187], [9998189, 0.9147673850541108], [9998308, 0.9190603034328721], [9998493, 0.780979380101312], [9998724, 0.6753369446896398], [9999339, 0.8340764518850049], [9999432, 0.7393890884793736], [9999435, 0.7404928665696043], [9999444, 0.6755846966578979], [9999723, 0.6325344649122926], [9999738, 0.49243212265142033], [9999741, 0.47236883808030183], [9999866, 0.8220891746532949], [9999923, 0.8539257595907181], [9999934, 0.4651349088461729], [9999961, 0.6392894695253084], [9999964, 0.6835756846344448], [9999981, 0.8003387632277916], [9999982, 0.7804991703678145], [9999992, 0.3315140182424907], [9999995, 0.42911653670548167], [9999996, 0.23156365454464456], [9999999, 0.9097435660512448]]}