{"seed": 972, "N": 10000000, "alive_speed": 0.9933163519664414, "non_threatened_speed": 0.9933164512980767, "survivors": [[0, 0.9933164512980767], [71, 0.9176651467609931], [128, 0.7985997746354087], [78545, 0.7853540534942716], [80750, 0.7758916132736452], [2191425, 0.7720035106045321], [2579100, 0.7609786638345756], [9784301, 0.7571991034806996], [9785738, 0.7451703554784468], [9790137, 0.7406349687894626], [9999892, 0.7236948520993475], [9999997, 0.2961907319502092]], "still_alive": [[888033, 0.7542425828159441], [1250022, 0.7706460106956201], [1250139, 0.7483358794619843], [2191424, 0.7925322336579171], [2579263, 0.7570216919409966], [2579496, 0.7362392730269531], [2954659, 0.7541011474866791], [2955538, 0.7487676461100502], [3090447, 0.7530437526468423], [3534234, 0.7781643221021641], [3569171, 0.7672871497759517], [3570212, 0.7636210475131078], [3647071, 0.7440611568018838], [3836562, 0.7439762300652621], [3851035, 0.728255390567413], [4362532, 0.786557361755101], [4401027, 0.780642613056306], [4551416, 0.7919386134778763], [4879103, 0.7552828725638239], [5128380, 0.7446441300825427], [5332179, 0.7695097551785096], [5484348, 0.792789023990516], [5484617, 0.7600748074704491], [5504284, 0.7423361401135642], [5697401, 0.7543160924915263], [5705388, 0.7307501194130825], [5890915, 0.7585591280667585], [6144296, 0.7247938107516398], [6442435, 0.7716763356598526], [6472952, 0.7554788946272488], [6472983, 0.751336675557365], [6571736, 0.7611548262865143], [6571773, 0.7550699276144868], [6586150, 0.7509904671093719], [6591549, 0.7386402731887792], [6591744, 0.7330754832592988], [6712827, 0.755119384684168], [6828712, 0.6980391620165523], [7236575, 0.7700248895887984], [7236576, 0.7580976886584856], [7243621, 0.7464900845638428], [7243982, 0.7116187761190046], [7537573, 0.768164003465112], [7541216, 0.7626587956759329], [7553189, 0.7206239755213057], [7595360, 0.7313302239716428], [7819601, 0.7646800769962737], [7944110, 0.7236230851377515], [8095911, 0.766502503767313], [8142080, 0.7609002489705724], [8184831, 0.7662946901018579], [8195276, 0.7357326433555545], [8195291, 0.7337561190822041], [8293800, 0.7646804742194263], [8362111, 0.7770194120799669], [8375762, 0.7761683849022798], [8375815, 0.7749084678900913], [8539650, 0.7847118290788494], [8655321, 0.7529273872809188], [8745894, 0.7744503465188639], [8783063, 0.7761109627941205], [8799648, 0.7538951243014683], [8819195, 0.7418942185031885], [8986418, 0.7981850898253395], [9031821, 0.725725173118663], [9108550, 0.7879934086632104], [9137533, 0.7789740410579546], [9166698, 0.7944021808049476], [9218887, 0.7764616894877946], [9270248, 0.7942105822725908], [9310145, 0.7622907515260959], [9366734, 0.7833883148235384], [9424285, 0.7754560917186001], [9426622, 0.7740836575140456], [9429621, 0.7301493926220765], [9429644, 0.7015377670374953], [9538115, 0.7534125410329063], [9538300, 0.7200431011966978], [9538369, 0.6799706581003203], [9616894, 0.7393253055886733], [9652093, 0.7894115912894873], [9664066, 0.8077789612682843], [9680183, 0.768214520744363], [9702310, 0.7675594669351936], [9707735, 0.7244956203677972], [9747302, 0.7931458036743418], [9802968, 0.7432210167466774], [9809673, 0.7465632480789645], [9811514, 0.7478259650891034], [9813639, 0.7442314459392507], [9825126, 0.7786983594351504], [9826067, 0.7739533194284558], [9853552, 0.8190102912135514], [9859351, 0.7590060125511652], [9862470, 0.7223824747319799], [9864289, 0.728298137238531], [9873678, 0.7463467707336376], [9875545, 0.7017948310688357], [9901866, 0.8095402673732692], [9902181, 0.7903763640866966], [9902182, 0.7441232212712547], [9902183, 0.709661641996183], [9919400, 0.7802599256097483], [9931569, 0.8195685127477729], [9931572, 0.7099636438411567], [9940771, 0.7767405608493193], [9959120, 0.712127273743342], [9963043, 0.75205069670717], [9963084, 0.741383801467515], [9965727, 0.7882752728079426], [9968268, 0.7637937321628657], [9973719, 0.811672300768037], [9975316, 0.7263851058454082], [9975319, 0.6812372308578377], [9976894, 0.7160923828124166], [9976895, 0.703524769560992], [9976964, 0.6931297538344541], [9980001, 0.7485741837324511], [9980144, 0.7102381167220986], [9989189, 0.8066125775862959], [9990042, 0.6565383852055937], [9990827, 0.7025600774148684], [9990834, 0.6467861588633815], [9990837, 0.6071002960900325], [9993752, 0.7470762344421064], [9994199, 0.7347774134648403], [9994384, 0.73636716748061], [9994489, 0.7230219166784665], [9995890, 0.7801788950111205], [9995977, 0.71586357976694], [9996516, 0.8260233449914077], [9996525, 0.6433591247188157], [9996546, 0.5653043343203957], [9997475, 0.7581149668496888], [9997654, 0.7088713058172467], [9997949, 0.7734999842531568], [9998028, 0.7757336405237075], [9998031, 0.6736013526750805], [9998774, 0.7897124957902745], [9998983, 0.9110674704232893], [9999054, 0.9018647105892043], [9999223, 0.9669443208871841], [9999326, 0.8430157750615468], [9999589, 0.8170217250674211], [9999592, 0.8169001298149879], [9999679, 0.6488813529198685], [9999808, 0.992086890926824], [9999829, 0.8065052602318559], [9999866, 0.9781894366558738], [9999883, 0.7354334470235262], [9999917, 0.6018398320704008], [9999954, 0.7076570989183105], [9999973, 0.8038991806757437], [9999980, 0.8567780791033779], [9999981, 0.5562838898797879], [9999986, 0.745755761624858]]}