{"seed": 177791928, "N": 10000000, "alive_speed": 0.999051322921806, "non_threatened_speed": 0.9990514228269384, "survivors": [[0, 0.9990514228269384], [12805, 0.8141457699979204], [9143680, 0.7725797212486109], [9160977, 0.7528879747113304], [9161170, 0.7460822274761991], [9999995, 0.4977482009629236]], "still_alive": [[14220, 0.7751147991920154], [270463, 0.7854093937012674], [308436, 0.7318615725811217], [613875, 0.7268105593462565], [1600016, 0.7817402021856725], [1627239, 0.7572791003180664], [1629784, 0.7443093664597127], [1999807, 0.7468311205259222], [2001908, 0.7392150042156249], [2417755, 0.7721682641105899], [2647070, 0.7740669638282721], [2681589, 0.7544326976720153], [2852296, 0.7524977141930603], [3252305, 0.788366719656645], [3367376, 0.7716376926466081], [3513315, 0.7849440633795627], [3991382, 0.7377104432854551], [3991811, 0.713887416597548], [3991954, 0.7101088181926454], [4132869, 0.6960090837542027], [4866636, 0.7796918230673969], [4896397, 0.781416020124004], [5428762, 0.8186812836811524], [5708329, 0.8161873497195405], [5762016, 0.7179619688428888], [6000065, 0.7541222116132351], [6000996, 0.7528890622817754], [6016299, 0.7523294254311269], [6034856, 0.7540681916311333], [6357871, 0.7478500933608271], [6534902, 0.7817872746705143], [6821633, 0.7619035496865677], [6821692, 0.7559765160433711], [6904413, 0.7465739997112794], [7142596, 0.8062829806144282], [7199875, 0.7930138735336768], [7387292, 0.761116538121251], [7541569, 0.7460716494926861], [8090442, 0.7989311616685588], [8096895, 0.7876155107859186], [8096900, 0.772351453519259], [8116429, 0.7274281270589475], [8117892, 0.7273528828728166], [8130277, 0.7161586647058118], [8153710, 0.7228966585311938], [8554019, 0.7561605474695621], [8554726, 0.7472825905896023], [8556019, 0.7447415429544498], [8742040, 0.7866915318720104], [8751847, 0.7782687346664616], [8751860, 0.7769267260538292], [8878387, 0.8204115820978304], [8878704, 0.8095387709251122], [8879547, 0.8064891037826858], [8888394, 0.7812895901588269], [8904717, 0.7721788054352586], [8968736, 0.7740269729002167], [8968755, 0.6987505525209868], [9050600, 0.7501052958436444], [9141281, 0.7732077063440477], [9197103, 0.7487288305230956], [9203442, 0.754627541885957], [9207947, 0.733061992468075], [9286340, 0.8061855839673026], [9286469, 0.7456519379396225], [9308590, 0.7427766859624273], [9317941, 0.6921047317725264], [9393818, 0.7183857354457471], [9406801, 0.7298889860255956], [9444966, 0.7501395479804244], [9444967, 0.7464286313186058], [9495746, 0.764029670771244], [9497153, 0.7485734683139201], [9516800, 0.7533930595198292], [9559963, 0.7592192732480091], [9565300, 0.762127797165706], [9601561, 0.8202860842052052], [9602346, 0.8038373399128417], [9620669, 0.7813866213545307], [9649512, 0.7528780437599886], [9660295, 0.7702481076941713], [9669818, 0.7531843779099715], [9684675, 0.7740512319663362], [9711294, 0.8239134870139414], [9711911, 0.7462045226289961], [9730550, 0.7450136914393405], [9747941, 0.7760061710224028], [9748258, 0.7680690867505593], [9748839, 0.7305070479083963], [9772276, 0.7375015590065364], [9777611, 0.7520051715863154], [9789110, 0.7179923441492391], [9808033, 0.7405345752970693], [9814420, 0.7170228875649016], [9820927, 0.6772131035257467], [9831144, 0.6510641506837518], [9840769, 0.685111173216318], [9860196, 0.7394952095590642], [9860365, 0.737936567600172], [9864752, 0.7172871602216696], [9875517, 0.7633725719575977], [9888936, 0.6963402557873302], [9900469, 0.7255196006773722], [9907324, 0.721736958904226], [9917131, 0.7931825932281289], [9925072, 0.8456935077052958], [9925075, 0.8434189060520694], [9925872, 0.8145956419852738], [9925885, 0.7803398494825887], [9926690, 0.7365267631644464], [9932009, 0.7763457200952045], [9932404, 0.7428726937864268], [9941467, 0.7273381244866362], [9953914, 0.8012996861497534], [9953917, 0.7775335513721342], [9955512, 0.7260300019650945], [9955557, 0.6324273823668204], [9961600, 0.7115624301826534], [9963543, 0.7363082344053813], [9968410, 0.8202288098948208], [9969301, 0.7892723181906269], [9970204, 0.7903997839804214], [9970209, 0.7811030044027022], [9972614, 0.7502897875363165], [9973567, 0.7388492384650057], [9973964, 0.7439487306202682], [9976271, 0.7735071070384293], [9976534, 0.6836222773780585], [9979823, 0.77590821718401], [9979888, 0.7474570984490903], [9983287, 0.7218998385509476], [9986558, 0.6725695590395877], [9989711, 0.7312616221913921], [9991052, 0.7283988406297506], [9991221, 0.6340638560682121], [9992246, 0.6209475999451354], [9992253, 0.6182399309885096], [9993984, 0.7693424099025699], [9994067, 0.7796657460414785], [9994438, 0.7726910510267473], [9994901, 0.7766073693540376], [9995194, 0.7337413489035745], [9995371, 0.6241161606847654], [9996564, 0.8330618666867047], [9997055, 0.893175445938005], [9997786, 0.7052650412938022], [9997859, 0.7023800712944648], [9997932, 0.6858191574097533], [9998949, 0.8966194317131875], [9998984, 0.7216925635501641], [9999327, 0.9119214244008569], [9999372, 0.777886940660217], [9999381, 0.6134667920940606], [9999580, 0.6904299754258839], [9999783, 0.966506052046406], [9999804, 0.8244392116583905], [9999815, 0.6454135713046588], [9999846, 0.689075876009943], [9999913, 0.8189041838699835], [9999922, 0.6406887323038071], [9999943, 0.7973060175731478], [9999964, 0.9919688683935077], [9999969, 0.6961062546591629], [9999976, 0.5036820766120503], [9999993, 0.885392639923034], [9999994, 0.8930313442776301], [9999996, 0.35418857280682126], [9999999, 0.9079232394256102]]}