{"seed": 908, "N": 10000000, "alive_speed": 0.7824656291424216, "non_threatened_speed": 0.782494816196147, "survivors": [[372, 0.782494816196147], [1416911, 0.7508229112628299], [7501454, 0.7483149751331105], [7504261, 0.7373245175628554], [9993268, 0.6280831051280074], [9999999, 0.43320271619412287]], "still_alive": [[31971, 0.7265737512019147], [99698, 0.7261698722257464], [1016611, 0.7934134312063076], [1407296, 0.7582936701317257], [1450520, 0.7383716413219491], [1457281, 0.73473632948805], [1458928, 0.7340370498301448], [1520695, 0.734436272415976], [1986378, 0.7551218913342603], [2141451, 0.7547382105141843], [2141452, 0.7525486448208653], [2513981, 0.7416146739799938], [2792044, 0.7463959942557142], [2821339, 0.7491191939332098], [3351850, 0.8029000292429666], [3368363, 0.7681820226638023], [3601968, 0.7242841196972348], [3637025, 0.7169792176444011], [4199928, 0.7747427159991688], [4200679, 0.7696520521099377], [4572810, 0.82061969978588], [5250045, 0.7625045827746519], [5250106, 0.7585721536961666], [5392533, 0.7580604876275718], [5407850, 0.7416019561176029], [5785497, 0.7213935730227891], [6194490, 0.7864744713100257], [6347751, 0.8031293363746401], [6363128, 0.790795248423528], [6598077, 0.7954324159512955], [6598168, 0.7861739264267034], [6600317, 0.7140874286726816], [7014186, 0.7516466321363694], [7022205, 0.7411798587305183], [7224990, 0.7848396541841022], [7409123, 0.7931013943883788], [7497790, 0.77507832344627], [7497791, 0.7601969229456049], [7513888, 0.7374781670714744], [7516845, 0.7116292214665036], [7516846, 0.6926322073277865], [7855035, 0.7563377779718676], [7856884, 0.7558700890047284], [7943497, 0.7712788008705995], [7945172, 0.7235101825571975], [7945209, 0.7029503157843586], [7984918, 0.6970626963736665], [8162367, 0.7251092458345743], [8206056, 0.7375960391862725], [8285129, 0.7455442641751455], [8313574, 0.74607516886319], [8447991, 0.7823176891961259], [8447994, 0.7706910435789388], [8448941, 0.7661473622898574], [8450688, 0.7625604872315089], [8450717, 0.7455402520936258], [8470218, 0.7238949413425291], [8705745, 0.7826453143674864], [8796156, 0.7940769252795644], [8838385, 0.8065541866800428], [8886652, 0.8081156245733067], [8909565, 0.7870816756350403], [9068706, 0.8069696118443263], [9072961, 0.7770776498669102], [9073012, 0.7080718134250056], [9073699, 0.6974707273143499], [9073766, 0.6907887821837053], [9079757, 0.6807752464416255], [9171742, 0.7498653963649026], [9264849, 0.7960136339780324], [9335904, 0.7584731521934616], [9345707, 0.7419766291618899], [9345710, 0.7255477652787801], [9383339, 0.762983143337312], [9383386, 0.7335372878618049], [9385201, 0.7248184705691687], [9451620, 0.8122058026492176], [9457661, 0.7659706604929175], [9478986, 0.7827495768463226], [9478993, 0.7225540660894523], [9539354, 0.7642762820632069], [9541631, 0.7675307929368564], [9563616, 0.7970557716945944], [9569551, 0.7677461983843974], [9570128, 0.7680189360700316], [9570129, 0.7345609109135587], [9573246, 0.6694438467934262], [9662699, 0.8313966007294828], [9677714, 0.8697087667493386], [9680127, 0.766457122034908], [9680168, 0.7546113395319032], [9680271, 0.7539925215014854], [9711584, 0.8026285448032351], [9732855, 0.7144199704237046], [9743398, 0.7323104624596204], [9780443, 0.8063151694662294], [9798188, 0.7161738586520247], [9816017, 0.7704051694640287], [9820004, 0.7479351843655045], [9820011, 0.6883138962038313], [9821636, 0.6935849080888996], [9839189, 0.7284314830136673], [9854254, 0.7596000745983518], [9872195, 0.8025043251156495], [9872246, 0.7983780469595815], [9878727, 0.8055336940421179], [9879416, 0.8101025040684744], [9880381, 0.7942219681043918], [9884360, 0.806129866314687], [9884361, 0.7991064788107305], [9908660, 0.7037998077841499], [9911789, 0.7262495212000488], [9926172, 0.7149436346742196], [9932389, 0.7537189952478685], [9935788, 0.7874063539975293], [9935799, 0.7407355901117614], [9944468, 0.8203221554202547], [9949525, 0.8400275714527896], [9949556, 0.7404770574776878], [9955879, 0.7873076454435931], [9956540, 0.7763246167710067], [9956559, 0.7511724942329243], [9957296, 0.6839469209536228], [9961823, 0.6978273796202804], [9967630, 0.803575830542376], [9968431, 0.7745048356326143], [9971580, 0.8463364379609362], [9971617, 0.790972698436054], [9973632, 0.8210958756735771], [9973723, 0.7209025835892414], [9974706, 0.7361541080122367], [9974725, 0.6821037850270961], [9980728, 0.8010953005349872], [9980733, 0.7674465246181351], [9985744, 0.8228583372944012], [9986033, 0.7932352053477114], [9992930, 0.8301423440719564], [9993225, 0.7327546951634403], [9993973, 0.6332829217069695], [9996100, 0.8063560768629567], [9996919, 0.707546453566557], [9997034, 0.6308413152935375], [9997891, 0.7704100105421481], [9998384, 0.7605979153071084], [9998849, 0.6315562972508787], [9998856, 0.602025588050374], [9999209, 0.8610671811058085], [9999224, 0.7808809723153421], [9999241, 0.7560815413157946], [9999252, 0.7593284782101236], [9999283, 0.7716256450354132], [9999296, 0.7126065778631505], [9999557, 0.9426704346132111], [9999560, 0.8998899102835664], [9999561, 0.8955625073485699], [9999566, 0.8229549177646301], [9999619, 0.7103141678592053], [9999662, 0.6824993227309907], [9999855, 0.6798390189773117], [9999902, 0.8461139815679429], [9999905, 0.7494316540332858], [9999918, 0.8557416365179863], [9999921, 0.6973093643304045], [9999952, 0.8319058901438758], [9999961, 0.9880166342368191], [9999964, 0.8952731871031824], [9999969, 0.8339760584343363], [9999972, 0.5684393292605234], [9999983, 0.7553252091370611], [9999990, 0.7972608571947566], [9999991, 0.7463180701043972], [9999996, 0.809775096413646], [9999997, 0.41728843267690474], [9999998, 0.5004946836640088]]}