{"seed": 942755589, "N": 100000000, "alive_speed": 0.823139107188276, "non_threatened_speed": 0.823139148345233, "survivors": [[4, 0.823139148345233], [14292639, 0.762146712892794], [99956414, 0.7293083471140632], [99999993, 0.6384835751025577]], "still_alive": [[25255, 0.7604478169809088], [26436, 0.7594434550581263], [211595, 0.7468871495518402], [487132, 0.7461373670826316], [1814265, 0.7526894767562595], [8885486, 0.7919161629888622], [8885489, 0.7811000482797588], [9257652, 0.7633396998528521], [13866875, 0.7694471538623404], [14038030, 0.7634014499081376], [16169786, 0.7352957208023166], [19814107, 0.7496865498341828], [21244762, 0.755861200423914], [22889065, 0.7710752071446529], [22899496, 0.7481771178408126], [23294039, 0.7400553153211679], [23299024, 0.7360756558751026], [27327411, 0.7759910733613393], [28081828, 0.7456606902801644], [28107789, 0.7409695966698966], [34754516, 0.7851950310941375], [35135381, 0.7472249906584839], [37646892, 0.775207311879304], [38069087, 0.749013378732155], [39402970, 0.7492470998843352], [40351705, 0.7513041507505835], [40360398, 0.7475973062319571], [42543681, 0.7679209143187689], [42739756, 0.7587710862101825], [43958611, 0.7683182009682571], [43958794, 0.7604315292521306], [44132711, 0.7619736364862004], [47373088, 0.77886017093799], [47505379, 0.7528549611031], [48436852, 0.7653463126348499], [49253211, 0.7754591195972053], [50608638, 0.7496129491283293], [52690195, 0.7598300791200194], [52690356, 0.7562862628022726], [53121705, 0.7488833947793871], [55833448, 0.7800396527437492], [55949959, 0.7781757312666585], [55954968, 0.7776459057623812], [56246043, 0.7440601612699392], [57128524, 0.737335505886911], [57632815, 0.7439144686990001], [58365890, 0.7410570614783833], [62418217, 0.7533205483762572], [63953448, 0.7605296150083645], [64966745, 0.7612174726481423], [66001490, 0.7550595276726008], [66945679, 0.7478899531965061], [67815262, 0.7464863771260586], [68078585, 0.7254869165008282], [70718422, 0.7767498568849626], [70761663, 0.7520523164148535], [70809696, 0.7486589937675168], [72042301, 0.7796426455919724], [72043188, 0.7785578718425037], [72239391, 0.7228782310678794], [73805694, 0.738778786477783], [75194027, 0.7591210286705572], [75195318, 0.7430931850661019], [75437631, 0.7499379844249167], [75958204, 0.760468015788474], [76119691, 0.743982502702668], [77796086, 0.7832625762088674], [77830619, 0.7686940686639672], [78293288, 0.7640105426201385], [78296081, 0.7613911969876168], [78845500, 0.7739717887009061], [79121565, 0.768192530808568], [79121568, 0.7616019162045202], [79385945, 0.7439988565393038], [79875174, 0.7540630505515602], [80492035, 0.7563047104569589], [80492924, 0.7454046950352984], [82048331, 0.7536249936976188], [82608600, 0.7471237406917401], [82613161, 0.7462257117555636], [82616892, 0.7300530317928839], [83569061, 0.7659160624676858], [84227748, 0.7571475641013824], [85364749, 0.7457531234659457], [85522282, 0.7362727856919614], [85920171, 0.7390577558398084], [85920182, 0.7389157516717529], [85921815, 0.7300615481668523], [86559188, 0.7445175405703177], [86665633, 0.7415010624413855], [87461454, 0.7627704106016474], [87472255, 0.7515033448435768], [87553432, 0.7436094486877853], [87584427, 0.7442557282976454], [88040736, 0.7595969448153437], [88045369, 0.7417908296288435], [88530132, 0.7577015699612886], [88603889, 0.7407753349366125], [90100732, 0.7711853661934805], [90115861, 0.7272560729020626], [90298842, 0.7363289130361556], [90365193, 0.7388988032375677], [90434210, 0.7174675676571144], [91209631, 0.7640953672972353], [91265436, 0.7593389149555351], [91343403, 0.7619025493916918], [91343580, 0.7610851958982968], [91482451, 0.7545368228081729], [92532910, 0.7581743880970232], [92535115, 0.7338671792845247], [92967274, 0.7701167953658371], [93075331, 0.7216891390145014], [93284584, 0.7232443834152238], [93612411, 0.7523631864081474], [94023292, 0.7732480818191779], [94151323, 0.7635030886995552], [94443272, 0.7556343939774912], [94691095, 0.7710346577158474], [94762612, 0.7362182298253233], [94762649, 0.720953679481724], [95271752, 0.7615489879147882], [95289785, 0.7452566298517012], [95449274, 0.7514951538918883], [95992005, 0.7941764243370251], [96000616, 0.7564015455491779], [96001863, 0.7435283580654977], [96343466, 0.7931966713153128], [96353503, 0.7637449450809175], [96543158, 0.7838638332787701], [96734045, 0.7645671853691354], [96891620, 0.7858078108202703], [96948009, 0.764411931430923], [97187834, 0.7621729528181441], [97398783, 0.7633983117813156], [97415048, 0.7233640429072861], [97576983, 0.761754528753976], [97622162, 0.7354966578344967], [97662031, 0.7345003656657341], [97662044, 0.732682630990458], [97791911, 0.7427218899642973], [97801900, 0.7357234025097315], [97857839, 0.7478184831726737], [98062366, 0.7433733470096598], [98079671, 0.7296111692894418], [98250524, 0.7500022078653835], [98309319, 0.7637497531673569], [98338452, 0.7681468279030461], [98402991, 0.7816058693536025], [98407420, 0.746943139252917], [98409087, 0.7384361815908778], [98635460, 0.746144343911353], [98642779, 0.708597849819369], [98747556, 0.7530723296470627], [98909715, 0.7740980003910287], [98954206, 0.7965432138621391], [99018987, 0.8126995662317061], [99019176, 0.8025834832953197], [99019177, 0.7632738850123064], [99019432, 0.7491849991689591], [99058711, 0.6836299175176866], [99185750, 0.7343301787920855], [99247475, 0.7655781841485476], [99273152, 0.7620855810434396], [99278397, 0.7321302617209096], [99282122, 0.7131462149159014], [99356017, 0.791679385793031], [99405550, 0.7113797723097043], [99470685, 0.7740972596120557], [99481324, 0.7688312608652477], [99481331, 0.7629851880416932], [99481770, 0.7587598780392097], [99547513, 0.7677642875445032], [99599084, 0.7441421577558938], [99613991, 0.7513800886638172], [99614276, 0.7420845808342327], [99647075, 0.7553438857758044], [99652752, 0.7228744976525157], [99705959, 0.7902312494878813], [99708226, 0.7790216748025974], [99728105, 0.819214873645089], [99734942, 0.7725170454976323], [99735017, 0.7611170853527485], [99735232, 0.7572661606472627], [99746555, 0.7703706600844031], [99747918, 0.7067186021257075], [99787745, 0.8057586177236925], [99787946, 0.7002513244288526], [99815169, 0.790991489552995], [99821030, 0.797177990055647], [99823839, 0.7998539194409272], [99823864, 0.7952767181985366], [99823939, 0.7875866987002443], [99825832, 0.7696055513556518], [99828319, 0.7490626959576494], [99828320, 0.7074753237221133], [99850059, 0.8098691290519874], [99853034, 0.7888641642238136], [99867983, 0.7471130760273583], [99897098, 0.797613455386773], [99901803, 0.8133353149097152], [99908582, 0.818695967087767], [99913109, 0.7056008337590237], [99925718, 0.8083091740917495], [99929983, 0.7652766900212058], [99929986, 0.7375536806856554], [99930127, 0.6678813169290801], [99931210, 0.672647239633703], [99935939, 0.7187462314098657], [99950778, 0.8602257784792059], [99956413, 0.8466431179005821], [99956415, 0.7263097237902736], [99965968, 0.6358272584869611], [99965969, 0.6283854715113032], [99975070, 0.7748451113405754], [99976605, 0.7865263202695681], [99976610, 0.7301721523392992], [99976611, 0.721998415029693], [99976756, 0.7246532741094308], [99977413, 0.7299070034356672], [99981908, 0.8456392073546677], [99983327, 0.6175424807852975], [99983410, 0.61514138562116], [99983905, 0.6053605755965912], [99990476, 0.6796757800612337], [99992289, 0.7906276480539268], [99992380, 0.7863378106574594], [99992405, 0.6537382928896085], [99994744, 0.8200181998246638], [99994745, 0.8111447122454845], [99995216, 0.696588912129031], [99996655, 0.7866514826431089], [99997418, 0.7768108592003681], [99997481, 0.7553501067098488], [99997532, 0.7686787140918386], [99997539, 0.6839014283821259], [99998078, 0.8189751981488649], [99998797, 0.7915612750930132], [99998914, 0.481522015590794], [99999041, 0.5240322145639889], [99999274, 0.6155237348715733], [99999309, 0.564923884128118], [99999516, 0.6045195765421443], [99999545, 0.6413873900662982], 