{"seed": 177791911, "N": 10000000, "alive_speed": 0.7738968698784454, "non_threatened_speed": 0.7916309044637484, "survivors": [[224018, 0.7916309044637484], [9246689, 0.7665574861071563], [9906228, 0.7285727117012583], [9906235, 0.7250858040093683], [9906876, 0.7037336454094911], [9999997, 0.4797745047125229]], "still_alive": [[675259, 0.7571483704466542], [720778, 0.7575635673347274], [1684737, 0.7835186409685395], [1833590, 0.7676710447691654], [1956039, 0.7436182468577266], [1956234, 0.7343733987413497], [1964269, 0.7268490029200514], [2173472, 0.7447639010651426], [2385683, 0.7353150134882611], [2656326, 0.7488684901700273], [2845729, 0.7626420721814712], [3020590, 0.7794422796336469], [3074677, 0.7623978829062941], [3130456, 0.758287085940324], [3155937, 0.7436366368365747], [3571634, 0.7876773187159226], [3630693, 0.754930812731468], [3767176, 0.7140420556915595], [3769827, 0.7097347400109663], [3973264, 0.7335434368544879], [3973267, 0.7183886070991956], [4471404, 0.7661179328214833], [4488587, 0.7650524304688426], [4528440, 0.7040197444328078], [4528773, 0.6864024889038013], [5394702, 0.7988446457185808], [5551833, 0.7518623226219683], [5673402, 0.7547084330942659], [6015223, 0.7902024198442956], [6023070, 0.7871302730191377], [6024369, 0.738020718599211], [6048324, 0.739385070947238], [6305961, 0.7679067330351548], [6325186, 0.7559364169118225], [6617463, 0.7609676743013171], [6617500, 0.7542780487780135], [6618645, 0.7426937475537908], [6778848, 0.7795422481768233], [6780269, 0.755770474917929], [6780270, 0.7482402564695664], [6781349, 0.7433264230926613], [6842464, 0.7495696701795688], [6843323, 0.7114431329843256], [7156390, 0.7785763833431121], [7238157, 0.78443929640954], [7240538, 0.7307944850292962], [7498059, 0.7829862109451662], [7619474, 0.7856190679675691], [7654291, 0.7776581813755941], [7808366, 0.7894290608859319], [7808489, 0.7816045631583681], [7974708, 0.7789863958941047], [7996187, 0.7517872993234084], [8113060, 0.7777906863896694], [8118659, 0.7644049518626489], [8124442, 0.7572940566533585], [8140887, 0.7094339774455665], [8262942, 0.736096367504154], [8350037, 0.7727977186618189], [8444106, 0.8080520384352269], [8444111, 0.8010288092818312], [8477964, 0.7860679828293647], [8513511, 0.7591198992610706], [8583904, 0.7945230153958447], [8593557, 0.7707802442468518], [8598524, 0.7323088953207213], [8756569, 0.7764862635286597], [8907694, 0.7195483698057537], [8948169, 0.7316163634840843], [9008830, 0.7575179203919019], [9008833, 0.7508167298434967], [9009384, 0.6787213448774809], [9040793, 0.6957808256536115], [9187084, 0.8003090171701343], [9187221, 0.7722148402736873], [9215026, 0.7737688667856086], [9248842, 0.766869728415419], [9270611, 0.7710612987086655], [9270692, 0.7346643651989639], [9273429, 0.7271554013904384], [9274362, 0.7129387805667851], [9323917, 0.6926143310582193], [9324430, 0.6749019073957038], [9440257, 0.7509837848567642], [9471082, 0.7529962536006303], [9472081, 0.7211535104429987], [9608822, 0.7976248964543701], [9609519, 0.7856610988173031], [9665902, 0.8304378770228735], [9665905, 0.7032596966308587], [9719532, 0.7538016353977511], [9732649, 0.7875826435474249], [9732698, 0.7426006110243084], [9736465, 0.7167686865035658], [9785146, 0.7708581549799829], [9785943, 0.7143321367272504], [9800002, 0.7421127029149768], [9802035, 0.7374903852874509], [9802432, 0.7354779673996795], [9825097, 0.7531108532719878], [9832870, 0.7654389711508252], [9854145, 0.7882932916370331], [9854154, 0.7832677102029818], [9858863, 0.7925798343627195], [9862478, 0.7570437137659997], [9862907, 0.7586336551937134], [9870094, 0.7398508086056917], [9889823, 0.7764519604159916], [9896652, 0.8035658610255068], [9901719, 0.8331769096214294], [9902672, 0.8227256566420358], [9904861, 0.737035927107571], [9909351, 0.6827800527122407], [9912972, 0.6944961570012008], [9923027, 0.7506505433647929], [9923260, 0.7244857525561147], [9923789, 0.6979684918565573], [9928064, 0.6912537627482734], [9928271, 0.6855383303825711], [9939664, 0.7367947918264739], [9939665, 0.7333991608238645], [9941898, 0.752535312149243], [9945835, 0.7850750742998681], [9946094, 0.7489077553101172], [9947649, 0.7127623907815804], [9957970, 0.6875701406499356], [9964093, 0.7601822834941131], [9964170, 0.7366318287220881], [9965769, 0.7245638110998203], [9965770, 0.7028688071137187], [9975301, 0.8207734877856224], [9975302, 0.6954178011633974], [9976361, 0.7232503599901176], [9980678, 0.8528029529593248], [9981699, 0.8887343631778694], [9981968, 0.80943549594854], [9981969, 0.7378595609001682], [9982044, 0.7116882620783088], [9988893, 0.8346344928742461], [9988898, 0.7587991819758412], [9989409, 0.7482013349573704], [9990002, 0.6991708380298961], [9992111, 0.8233095490552075], [9992366, 0.8361202419814058], [9992369, 0.7990135844308159], [9993490, 0.8543052029044423], [9994259, 0.8674878270118838], [9994260, 0.8289878197288723], [9994279, 0.8265765825526703], [9994520, 0.8569937494405407], [9994547, 0.7844703931208554], [9994792, 0.6433357504501785], [9994809, 0.6231191225977568], [9995804, 0.7438452499202217], [9995859, 0.7402025153699504], [9996836, 0.9367528777836709], [9996837, 0.914498456928605], [9998096, 0.7299678015440549], [9998319, 0.6567151377044036], [9998564, 0.6916348354548466], [9998753, 0.7092335541892768], [9999122, 0.8649513151872179], [9999233, 0.6723779380461332], [9999456, 0.8602712690483048], [9999507, 0.6319486221713205], [9999582, 0.550498940596625], [9999589, 0.5512699830854153], [9999690, 0.7224058516147699], [9999727, 0.6851568515163557], [9999756, 0.5977213126749936], [9999895, 0.8509843683951765], [9999950, 0.8832327804824243], [9999961, 0.5765389107386255], [9999970, 0.6897912070201463], [9999971, 0.40688203433725023], [9999990, 0.4134689091355548], [9999993, 0.5499730312673036], [9999994, 0.547769363720496]]}