{"seed": 177791862, "N": 10000000, "alive_speed": 0.881642367291524, "non_threatened_speed": 0.881642367291524, "survivors": [[15640, 0.7830977560600197], [173389, 0.7661066097264861], [173390, 0.763269105849893], [2453025, 0.7584907749626336], [2453472, 0.7562471542993643], [6112807, 0.7537804030810723], [6880620, 0.7531343569339227], [9997011, 0.7374317935836148], [9997308, 0.7072130086746063], [9999999, 0.5463852018348389]], "still_alive": [[319145, 0.7408922490120403], [515234, 0.7494772291193479], [891477, 0.7547772568639531], [1299698, 0.7567818062389466], [1311307, 0.7424558609519442], [1535974, 0.7591912239737588], [1536453, 0.7334870612653466], [2438528, 0.7667618502250395], [2467663, 0.7160298254354823], [3012254, 0.7650666838825692], [3080007, 0.7306308358975333], [3093068, 0.7145729826326399], [3449309, 0.7522220600247476], [3625868, 0.7568523426221937], [3693579, 0.7294543955238906], [4423298, 0.743408376709053], [4478795, 0.7455922429522144], [4826758, 0.7727733993022882], [5021537, 0.7603957359670271], [5137230, 0.7354215236615093], [5173701, 0.7073702718206742], [5193062, 0.7100079718321791], [5674351, 0.778561588492271], [5775538, 0.7822888986533357], [5920225, 0.7964180377389705], [5920930, 0.7830539987605829], [5980095, 0.7864890391350506], [6033112, 0.7905662014139246], [6116570, 0.750579267219077], [6166967, 0.7596869874977842], [6223694, 0.7426830969293193], [6303785, 0.7379363890997732], [6421514, 0.7545186303863395], [6880227, 0.7954101932274491], [6887137, 0.7387609972804661], [6894718, 0.7276617623380272], [6966173, 0.7294203979120496], [7048264, 0.7368095660277859], [7206361, 0.7692016538864247], [7207586, 0.7576597139160015], [7218051, 0.7361851963155207], [7228340, 0.7382938518623958], [7228575, 0.7240914679757365], [7480768, 0.7722138911794328], [7739757, 0.7634841056405784], [7899642, 0.7876245738630437], [7910841, 0.7748434026585521], [7935600, 0.7496869237130469], [7999121, 0.680125397624654], [8097068, 0.7052283025471348], [8151075, 0.7220856843665302], [8294718, 0.7793217109806148], [8322113, 0.7381598416789771], [8322144, 0.719620203162889], [8458457, 0.7693165459101926], [8646422, 0.8714351960682137], [8646671, 0.8401822668271772], [8646674, 0.8223535703349729], [8683009, 0.8035350180048456], [8795980, 0.750566202620048], [8809951, 0.7421266977544259], [8848272, 0.7586458478499359], [8860483, 0.7405868890801505], [8860732, 0.7289894503533542], [9044031, 0.8139048844540049], [9088558, 0.808469746731862], [9088665, 0.7634031476720591], [9093196, 0.7531940950951304], [9101389, 0.7407786217727054], [9154010, 0.7832132118701313], [9195929, 0.7672932558154384], [9197218, 0.7426379260235538], [9197581, 0.7388652169507296], [9202012, 0.7416356304756407], [9208133, 0.7418011031370895], [9210686, 0.6946914485240848], [9340841, 0.7787230470482068], [9340926, 0.7680437882515185], [9342123, 0.7578618173779169], [9346612, 0.7504369973248249], [9346627, 0.7261924736106954], [9346876, 0.7137343278952478], [9367311, 0.7257456805317856], [9416516, 0.7686764423918376], [9430661, 0.7366250175555776], [9432232, 0.7226256884709304], [9455847, 0.7238367449109897], [9499024, 0.7375895624816268], [9503719, 0.728012365187782], [9553960, 0.7411526469179198], [9602917, 0.7764145944425197], [9623320, 0.7830902562456278], [9623485, 0.7231441830630284], [9693222, 0.7993965615094647], [9721865, 0.7929373615965617], [9721902, 0.7408948088112741], [9731643, 0.7521433200841142], [9734378, 0.7497048622360161], [9738703, 0.7281911847714104], [9756410, 0.7359570004289119], [9797143, 0.7778569854113752], [9797146, 0.7744629867874497], [9797153, 0.7338892205686006], [9810090, 0.7798779887431105], [9828905, 0.8231117417075345], [9840526, 0.8812550171585195], [9859461, 0.8291662927821392], [9865498, 0.7917042834881657], [9866647, 0.7838965919239377], [9869824, 0.7892836099857999], [9876773, 0.7933639534082367], [9876896, 0.7337312084572692], [9878175, 0.7070207166863254], [9906810, 0.834993082772338], [9910067, 0.8381234606902618], [9910458, 0.8366270003478149], [9910771, 0.8096768875987811], [9910960, 0.7794274544032195], [9912057, 0.7573848434285007], [9917612, 0.7375225094527817], [9920729, 0.7573918358477761], [9922190, 0.7570391503243371], [9928269, 0.7167793992433705], [9928270, 0.6760681539541872], [9934369, 0.7224779454919027], [9937572, 0.7515796705721164], [9947995, 0.7973813956234224], [9947996, 0.7637781211623222], [9949647, 0.7278273046277871], [9952780, 0.7700434743981065], [9952879, 0.720438098821892], [9957716, 0.7694296652314517], [9961023, 0.8339258666018416], [9962140, 0.80225714203573], [9962713, 0.711507779488823], [9962714, 0.7115248039881239], [9964697, 0.6684445642962887], [9976960, 0.7488201363806546], [9976965, 0.7027596359542324], [9981720, 0.8024506893019127], [9984965, 0.7675590441484819], [9987602, 0.8218983736300821], [9987631, 0.7467656819829536], [9990918, 0.764312949847982], [9990921, 0.6829298434167251], [9991288, 0.7051802372218655], [9991377, 0.5803991581516244], [9995544, 0.8678047820902083], [9995547, 0.7840772182477918], [9995820, 0.7740306540851839], [9996171, 0.7220736037628797], [9996970, 0.78189189652369], [9997349, 0.6951133118227136], [9998170, 0.7174122374479923], [9998467, 0.7552478474198311], [9998468, 0.7040898939146787], [9998631, 0.755135498169104], [9998730, 0.7686850041608013], [9998817, 0.658409312246284], [9998892, 0.49227327790292097], [9998945, 0.48970669538234146], [9998946, 0.46685510663294405], [9999301, 0.50104848841049], [9999666, 0.7501479692547477], [9999671, 0.7004967456859325], [9999728, 0.8045670258464857], [9999751, 0.8334764003799606], [9999754, 0.6541117907886786], [9999889, 0.7771875971834245], [9999910, 0.7617068790311938], [9999915, 0.7961065715271854], [9999928, 0.9002458885217574], [9999979, 0.6978319306677437], [9999980, 0.6439200003766921], [9999989, 0.8227785414500434], [9999990, 0.6519334671504693], [9999993, 0.6542091101458751], [9999996, 0.9774751079263515], [9999997, 0.8297476526197739], [9999998, 0.6977747305267407]]}