{"seed": 483722155, "N": 10000000, "alive_speed": 0.8010135098902963, "non_threatened_speed": 0.8010280084958002, "survivors": [[180, 0.8010280084958002], [28345, 0.783367703770676], [1854232, 0.7779846533350392], [3968951, 0.7658068749907655], [6373750, 0.7466245904224207], [9997033, 0.6975705046817056], [9999790, 0.6203572522738505], [9999797, 0.6044875340686223], [9999984, 0.5903745004292585], [9999999, 0.26471376211218034]], "still_alive": [[320254, 0.7743819122880627], [480817, 0.7335825979321865], [779754, 0.7546046150535789], [1825439, 0.7816326378171667], [1926869, 0.7751425425733558], [2295126, 0.7760951884036649], [2295135, 0.7580165938083067], [2393902, 0.7629519414115127], [2396065, 0.7447846279917174], [2985040, 0.7552016899840637], [2985337, 0.7380939384266324], [3453352, 0.7775600019298686], [3741957, 0.7648366475450094], [3932846, 0.7786627691091157], [4078256, 0.7377236329589383], [4695739, 0.7468208603955843], [4695746, 0.738987917778468], [4697181, 0.7352406648218636], [4830172, 0.741878567138417], [5242681, 0.7746394330874989], [5432238, 0.7714248296258718], [5486961, 0.7624464295288191], [5861074, 0.7969616348077138], [6112525, 0.7458695485415417], [6141042, 0.7485959170728541], [6271841, 0.7523399551990255], [6373861, 0.7160895276140763], [6622424, 0.7586666863033986], [6645441, 0.7630031624290088], [6653250, 0.7611983224257867], [6843355, 0.7993317057827325], [7115012, 0.7385803103125963], [7207453, 0.7392583592094266], [7217830, 0.7300129615056514], [7377267, 0.7476873800156181], [7385796, 0.7389454705779662], [7537441, 0.7432493967446312], [7545100, 0.7362827005442402], [7545103, 0.7169649042332875], [7546116, 0.7169457558855444], [7852495, 0.7397040015968532], [7881298, 0.727952860331834], [7881429, 0.7273147496452249], [8008596, 0.7516083340749419], [8124909, 0.7343500291660817], [8409248, 0.7301075175110049], [8533261, 0.7891358769347754], [8541712, 0.7745947810167996], [8568407, 0.7874108905733349], [8633682, 0.7816295205719854], [8633707, 0.7510507606583269], [8668742, 0.7242548962872232], [8791513, 0.7593025981148157], [8792644, 0.7390456040417246], [8859575, 0.7640741933885746], [8873312, 0.7617781588046058], [8877693, 0.7638633761529453], [8891996, 0.7038124120976162], [8998891, 0.7471170130819162], [9067660, 0.7657625473382886], [9069821, 0.7517343057735475], [9073788, 0.7246770774955844], [9083157, 0.7278903800481918], [9198978, 0.7969630482571914], [9199335, 0.7602909151709575], [9208260, 0.735564861458902], [9292179, 0.7762146573445263], [9301190, 0.7734648366833853], [9305263, 0.752902928158251], [9305694, 0.742748151765308], [9419799, 0.7355493287490428], [9455242, 0.7802231110497313], [9490767, 0.7416174465493622], [9508818, 0.7512288486055855], [9562999, 0.7851702946357536], [9575110, 0.7947820458660496], [9582401, 0.7811788165764569], [9595720, 0.7637846331329584], [9612987, 0.7407017577198967], [9656398, 0.8017639124303058], [9681095, 0.7749980044186824], [9691650, 0.7542109098150164], [9691651, 0.7328379334706554], [9771754, 0.7845675449090358], [9771843, 0.7302590757750472], [9789586, 0.7426363709476125], [9801801, 0.742225859690931], [9802382, 0.7199135721896909], [9807377, 0.6750300900524921], [9826400, 0.7487690225559039], [9837685, 0.7747949548815998], [9840980, 0.7720464510435366], [9841895, 0.7596046150385362], [9865268, 0.7783976608989812], [9878353, 0.7712252684115589], [9881642, 0.7241620649166919], [9917905, 0.8303377135022674], [9917908, 0.7165399874804044], [9932607, 0.7934117897770816], [9935014, 0.7910443857222091], [9935861, 0.7790056265326256], [9935896, 0.7742283551942573], [9944705, 0.7608845106901208], [9944706, 0.7425657880501415], [9945389, 0.7075926784546231], [9947302, 0.7164701202347452], [9948509, 0.712414811362039], [9955178, 0.7847296921318171], [9955361, 0.7362010565188771], [9959946, 0.720405707005729], [9968509, 0.8150790198555009], [9968808, 0.8057661847932114], [9974305, 0.8226174978307401], [9979078, 0.7611007681484219], [9980729, 0.799312420550231], [9981762, 0.7401631357519447], [9983433, 0.7495498358997806], [9984004, 0.7490237404597557], [9984965, 0.7812795699647664], [9985086, 0.7697285368173257], [9987951, 0.8204098408744023], [9988132, 0.8134625046406175], [9988137, 0.7878697215213805], [9988318, 0.7800635115372959], [9992389, 0.787070765939737], [9993812, 0.927706329824438], [9993819, 0.8858971422989322], [9993950, 0.852178211127866], [9994137, 0.8340575506624889], [9994294, 0.7551008999320781], [9994369, 0.7100797319554524], [9994370, 0.632985322369066], [9995053, 0.6758788252090193], [9995834, 0.6818519149206685], [9996035, 0.6759909388818227], [9996848, 0.8491748225969521], [9996891, 0.7361357445266737], [9997024, 0.7303240300183635], [9997718, 0.6175252885482923], [9998529, 0.7789458720886824], [9998550, 0.6746751981659284], [9998551, 0.6537632546790775], [9998676, 0.5749379917577215], [9999035, 0.6550808000828628], [9999402, 0.7383782926444191], [9999643, 0.8627280750567166], [9999646, 0.75980396180808], [9999655, 0.7072441111213542], [9999656, 0.7063750235165833], [9999769, 0.7702982721410879], [9999774, 0.7290697974301183], [9999785, 0.7149541395090065], [9999808, 0.43830732430743347], [9999897, 0.7121430860975914], [9999914, 0.6980623898039481], [9999923, 0.7720320856836304], [9999928, 0.6616179539724437], [9999957, 0.7697154757176043], [9999970, 0.49775420181303964], [9999981, 0.6673951236464685], [9999991, 0.6330980882648057], [9999996, 0.7864584215006256], [9999997, 0.7672985046599894], [9999998, 0.8419897805427735]]}