{"seed": 483722204, "N": 10000000, "alive_speed": 0.8386715940871166, "non_threatened_speed": 0.8386731875660136, "survivors": [[18, 0.8386731875660136], [13991, 0.7965549210251055], [33734, 0.7851309720515156], [2504089, 0.7779592080773311], [4948344, 0.7600508692206464], [7264089, 0.7541183551378443], [7264952, 0.7446708104162303], [7267301, 0.7432399029468452], [9736000, 0.720874483355441], [9904095, 0.7181832711619583], [9995726, 0.7054349707909325], [9998857, 0.6671153992123685], [9999790, 0.6482882984984232], [9999997, 0.3674639457852923]], "still_alive": [[33735, 0.7654284100992231], [36124, 0.7546388289966451], [595279, 0.7860496196256708], [603312, 0.7787950266178247], [1015895, 0.8003136173462778], [1015908, 0.7997134863984385], [1234237, 0.7630398047220935], [1942644, 0.7766404439412906], [1942833, 0.7293514941574805], [2503970, 0.7832291967285163], [2742548, 0.7600017585689501], [3050215, 0.7624813783617655], [3110342, 0.749250470143553], [3110345, 0.7384370661246445], [3200052, 0.7222434647816187], [3628011, 0.7443434540575428], [3686510, 0.7258443730598904], [4269413, 0.7805095537213679], [4269416, 0.7696098663190708], [4354383, 0.7704771674674697], [4354450, 0.7617139921973544], [4356131, 0.7573813683535747], [4770964, 0.7850940046436183], [4877105, 0.762919980412183], [4950181, 0.7481264736423074], [4987538, 0.7398173316167679], [5231715, 0.7587936157651626], [5231750, 0.7473188130805655], [5464527, 0.72478973994933], [5706394, 0.7356803728514306], [5741309, 0.7351022697520616], [5921226, 0.7668908128976174], [6193761, 0.7487026694905972], [6201624, 0.7327075298581921], [6537435, 0.776459532608215], [6674646, 0.7833339859873926], [6875447, 0.7699762368625653], [6882226, 0.7690716026767264], [6883567, 0.7479426344627602], [6886368, 0.7447224306175788], [7093365, 0.7495908047468502], [7250506, 0.7901939547942735], [7252915, 0.7893239210504085], [7256468, 0.7896239957658526], [7267548, 0.7308803989410888], [7434695, 0.7342255485090653], [7469796, 0.7290339014262128], [7736473, 0.7629154677107663], [7744826, 0.7599128875820566], [7956331, 0.7785332636357812], [7961418, 0.7658584508755003], [8006093, 0.7648873960572481], [8006094, 0.763140661371494], [8055167, 0.7805367861725554], [8080134, 0.7776481494932239], [8080357, 0.7710431264242156], [8080520, 0.7602892470507927], [8203475, 0.7714696064920186], [8294844, 0.7925371400887503], [8361875, 0.7780488091297605], [8361878, 0.7354575154348695], [8388237, 0.7309237677889633], [8493388, 0.7375068773604408], [8668525, 0.7910531780564227], [8673074, 0.7903219691432574], [8707217, 0.7844072190257843], [8812558, 0.7365781380704085], [8812897, 0.7199802005121441], [8905634, 0.7476964880704806], [8985805, 0.786596478388272], [9048870, 0.7632437113880807], [9051697, 0.7556080238036482], [9150866, 0.8001344058717325], [9164799, 0.7951107335699996], [9166358, 0.7751849406870432], [9201237, 0.7458945773423347], [9255908, 0.7353427964598246], [9315177, 0.7479440833167018], [9325776, 0.755665580180594], [9469187, 0.8416497449539463], [9471140, 0.8137636280144943], [9471189, 0.7859302143317551], [9474356, 0.7183768943799963], [9514681, 0.7381033632527242], [9562822, 0.815253620211269], [9577857, 0.8169389563868233], [9579248, 0.7192450998307065], [9646427, 0.7123699945399574], [9673480, 0.7438257366713945], [9710973, 0.7388207781203929], [9765809, 0.7431090265206782], [9766520, 0.7354934406351622], [9804063, 0.7733278376301201], [9805228, 0.7366668782428683], [9816035, 0.7086155651532083], [9823500, 0.7255072121747733], [9843319, 0.8155014244644272], [9850584, 0.7926320954815864], [9881405, 0.8450583303551813], [9897312, 0.929002705783946], [9897405, 0.8868407252455963], [9897812, 0.8667746741501042], [9914686, 0.6764549188268049], [9925983, 0.7467691406810654], [9936274, 0.8272866025307919], [9941905, 0.7143669031217438], [9942298, 0.7011262186326538], [9953959, 0.8152133370226284], [9958658, 0.7774330275154121], [9969731, 0.8295952295847391], [9971256, 0.6610694264959827], [9977249, 0.6635072601518949], [9979232, 0.7004042166203288], [9979273, 0.6845653183775433], [9981818, 0.7108626996769039], [9982133, 0.6662749595752706], [9986936, 0.6752000518630441], [9989285, 0.761112561944226], [9989552, 0.7756357312832037], [9991377, 0.7682577762059144], [9991656, 0.7298897422118734], [9993437, 0.8214312952156981], [9993438, 0.797579490345014], [9993441, 0.7910385045509238], [9993442, 0.7359076754002495], [9994405, 0.765006651164268], [9995130, 0.7441901440863857], [9995723, 0.7650542372160892], [9996615, 0.7364153377102695], [9997392, 0.768673537059027], [9997763, 0.7121024694816134], [9997916, 0.6544354992697314], [9998755, 0.8700520378887431], [9998822, 0.8129714615622258], [9998900, 0.62948689325433], [9998939, 0.5849733472421612], [9999228, 0.7895958301764002], [9999295, 0.6293587064511795], [9999524, 0.7809516500128402], [9999541, 0.6299077792626363], [9999734, 0.8118308761380223], [9999735, 0.7203595992480467], [9999849, 0.671285363565455], [9999868, 0.6923883696921292], [9999873, 0.5840905442474909], [9999922, 0.6910216273505205], [9999947, 0.9109418214884344], [9999996, 0.5980514863519784]]}