{"seed": 942755628, "N": 100000000, "alive_speed": 0.8744569660340459, "non_threatened_speed": 0.8744571146917539, "survivors": [[16, 0.8744571146917539], [149507, 0.7681826838756349], [7325120, 0.7635035934584858], [7342233, 0.7610394222990744], [85381126, 0.7500150212092084], [99959503, 0.7107622802163515], [99999996, 0.5330228899473453], [99999999, 0.5197532030485075]], "still_alive": [[335968, 0.7596797348345712], [337437, 0.75615478532138], [1830012, 0.7663678635917169], [3357789, 0.7689071190931129], [7528502, 0.7505612097618084], [17705843, 0.7839556999148944], [17707940, 0.7507903135489706], [22128583, 0.763407484494539], [22807886, 0.7583814381419898], [24598773, 0.7604142638427266], [24909752, 0.7412144983355053], [26969327, 0.7589352997982239], [26970528, 0.7496042170080188], [29626927, 0.7634736677750238], [30591312, 0.7704922699449078], [35248365, 0.7443119120576301], [36073984, 0.7441804832135737], [39492385, 0.7742799645884815], [39540592, 0.7449174911612978], [41356955, 0.7617870784684544], [41472374, 0.7474462639711793], [42396451, 0.7428075863920005], [44083932, 0.7600548760825931], [44231637, 0.7605836035910972], [45735110, 0.7537813689618019], [45840261, 0.7521061425854514], [49715828, 0.7622510876764957], [49771539, 0.7575908799142075], [51172148, 0.7511559406924911], [52839173, 0.7558255711146378], [53477358, 0.753271167325153], [53739991, 0.7509673728439406], [55185984, 0.7741562730673414], [57965561, 0.772859801080532], [58913096, 0.7686802102959099], [60303187, 0.7946180513424329], [60999278, 0.7460190615451835], [61054769, 0.7326085160946415], [61057240, 0.7266086531340114], [62315949, 0.7478184252107841], [64239220, 0.7778074370567486], [64260301, 0.7655546731387515], [65423962, 0.7836453700091968], [65424071, 0.7534065407286861], [65985188, 0.7486080154195799], [67191309, 0.7620083980426686], [67200708, 0.7608269096613087], [67437693, 0.7584853648318779], [68270340, 0.7692209135047957], [70284957, 0.7623088056284659], [70284980, 0.7483887620458192], [70762843, 0.7582233074078023], [71547422, 0.7766872141486556], [71685999, 0.7785792905430495], [72048606, 0.7719491030753813], [72125047, 0.7560385252436244], [72195816, 0.7515289596623682], [73521213, 0.7829748154360437], [73521224, 0.7796031388090443], [74224799, 0.7636082203047033], [75073856, 0.76099307546244], [75187743, 0.746213542396115], [75701278, 0.7482585766971507], [75871355, 0.7492439581097229], [75895042, 0.7382109756288057], [75897797, 0.7350566007812073], [78013090, 0.7433486388347645], [79331815, 0.7692710869215881], [79450492, 0.7573461294845545], [79613503, 0.7516279648264242], [80060926, 0.7612527815052211], [80525629, 0.7612477519795846], [80667052, 0.741804533198908], [81007947, 0.7510239961103294], [81039830, 0.7432073291392041], [81474317, 0.7545555905399589], [81931912, 0.7620198810134563], [81957649, 0.7540519108906049], [81974438, 0.7544625830708616], [81984603, 0.735730501766385], [83477120, 0.8021542046163519], [83504257, 0.795498853115408], [83504258, 0.7754992734849339], [83516051, 0.7664985234313095], [83956612, 0.7609455558394669], [84092773, 0.7567230183407018], [84140590, 0.7280003725135554], [84330113, 0.7349080920777614], [84605694, 0.7345065038844785], [84762305, 0.7410051643058362], [85155648, 0.7553113380017044], [85347439, 0.7569905736042428], [86158369, 0.7708888820721194], [86369258, 0.7772882637962033], [86597469, 0.7417453942697495], [86597474, 0.7218395647217859], [87090203, 0.7211819610862382], [87502340, 0.723463281107269], [87866839, 0.7447177281506949], [87897702, 0.74438439131885], [89254323, 0.7585841304419961], [89715106, 0.7393753499804634], [90668877, 0.7289340309637471], [90701018, 0.7312604270868736], [91067041, 0.7496298099867462], [91516162, 0.7381979526329641], [91533679, 0.7373679161455096], [91706450, 0.7289084657624044], [91731715, 0.7289113426121061], [92109746, 0.7334967306140305], [92914819, 0.7656479005148612], [93611722, 0.7973564658942727], [93656281, 0.77841930063146], [93707520, 0.7817122448420664], [93718705, 0.7623849662839365], [93904612, 0.7525044580819863], [93922739, 0.7474962094833794], [93997980, 0.7456982565746153], [94708165, 0.7578665856954693], [94715532, 0.752166265419716], [94723213, 0.7456427607487925], [94867088, 0.7391748591832428], [95242097, 0.7656026801487814], [95490376, 0.7551289053867208], [95490399, 0.7329304996247209], [95490406, 0.731012055056689], [95497915, 0.7156863750556078], [95521498, 0.7053023568240112], [95832797, 0.746029246973269], [95979310, 0.7635107877055869], [96116331, 0.7630627209877316], [96291070, 0.7795838910275562], [96291083, 0.7148451725157112], [96420058, 0.7367210752957266], [96592185, 0.7530560612894601], [96647110, 0.7614088345902226], [96647195, 0.7552747454785288], [96733370, 0.7684842401774371], [96878991, 0.7417312984881134], [96922032, 0.7376172609775759], [96944265, 0.7410585914398755], [96986576, 0.746921575358431], [97157551, 0.7857989961027956], [97216622, 0.7834413220794418], [97235665, 0.7813861792848942], [97237124, 0.7762731033823689], [97243931, 0.7532694176381801], [97245434, 0.7312562110318072], [97430045, 0.7433443130146319], [97525520, 0.7715083954608671], [97559615, 0.7766567661191662], [97614204, 0.7937212563954814], [97614265, 0.7626962846645375], [97615228, 0.7590983551957631], [97652977, 0.7498524550276738], [97914240, 0.8119834191789601], [98022783, 0.7778424478098444], [98605086, 0.7586465052120546], [98606013, 0.7519462736094628], [98704564, 0.7723059430318845], [98705235, 0.7361134140756287], [98752642, 0.7259431588704901], [98813313, 0.6965861250018489], [98904204, 0.734873470797763], [98906047, 0.7128454009844629], [98988984, 0.7528001216593586], [99060661, 0.7712993244188616], [99085448, 0.7434029248154097], [99152091, 0.7657496636440535], [99199882, 0.7654719967725284], [99212023, 0.7757460951228793], [99371852, 0.8055981785510787], [99373975, 0.7543010690190785], [99455214, 0.819200984031422], [99482503, 0.7855276417001879], [99497260, 0.776755490065568], [99506439, 0.7897089922499585], [99515694, 0.7928282214127306], [99515697, 0.7920846601029227], [99557000, 0.764508377708773], [99565709, 0.7203756213670117], [99647800, 0.7866475672179106], [99692259, 0.8039900103421692], [99706388, 0.7705181766363105], [99731591, 0.7732526201761043], [99749730, 0.7861190212386732], [99749747, 0.7581050011867103], [99754944, 0.7589809405459745], [99773417, 0.7837272240431997], [99774124, 0.7235327170908251], [99789481, 0.7245395488131781], [99807712, 0.7539570944007451], [99809845, 0.6939144815809474], [99856794, 0.7908677423576861], [99857227, 0.76173415963814], [99858726, 0.710427541348356], [99881741, 0.8003136292553391], [99881742, 0.7553949328159222], [99893241, 0.7783847907526107], [99904494, 0.8069946856786586], [99904743, 0.705069785291164], [99913936, 0.6889969166024551], [99932875, 0.8082252540173042], [99936522, 0.7073548664042235], [99942721, 0.7806202653768467], [99950436, 0.7736583191734921], [99951939, 0.7800739026311481], [99952592, 0.7445874138914939], [99958865, 0.763406808964688], [99958870, 0.739314608286718], [99961716, 0.6551897496828418], [99961865, 0.6155237664221396], [99961868, 0.5807995250721889], [99975245, 0.6816530510596686], [99980558, 0.822634431908297], [99980563, 0.800340993960939], [99983956, 0.791157454672327], [99984229, 0.7949186383758654], [99987108, 0.8515094176367765], [99987371, 0.7116129409762265], [99990778, 0.7739609306367693], [99990951, 0.7813664308797684], [99992444, 0.7515215648121246], [99993655, 0.8087829200802646], [99994986, 0.8685642780737283], [99995379, 0.8970697793030478], [99995524, 0.8908095286440144], [99995657, 0.9170421735219424], [99995956, 0.8324060926815458], [99996145, 0.8344711199355107], [99996626, 0.8806578550060604], [99996693, 0.884500713789962], [99996694, 0.8612251350581868], [99996745, 0.7720138299220219], [99996824, 0.730822574985792], [99997519, 0.8926434219778684], [99997538, 0.8127244416604963], [99997743, 0.825988633845688], [99997762, 0.8184887876279665], 