{"seed": 853, "N": 10000000, "alive_speed": 0.9350101302185425, "non_threatened_speed": 0.9350223790104827, "survivors": [[130, 0.9350223790104827], [699, 0.846688530265679], [896, 0.8431733181910409], [8379793, 0.7407562690509206], [9997926, 0.7049640911345213], [9999883, 0.6998251012667177], [9999998, 0.03938182196696849], [9999999, 0.003273629442539727]], "still_alive": [[1230409, 0.7540155294383826], [1478972, 0.7743329434296188], [1664663, 0.7240344215215507], [1664712, 0.7175828600092556], [1840583, 0.7245968732881353], [1840598, 0.7202448830833459], [2328109, 0.7558261363680485], [2454418, 0.76048585662172], [3230009, 0.7614075000009348], [3298560, 0.7153829008942271], [3598279, 0.7459854258070995], [3921228, 0.770408973714569], [3921613, 0.7513704308672093], [4464382, 0.7848101914364921], [4496157, 0.7849664373299238], [4496158, 0.7545757613331704], [4593673, 0.7415131924062881], [4834974, 0.7734882823859891], [4840213, 0.7585170776787015], [5156138, 0.741752331444868], [5589731, 0.7438588204485647], [5590678, 0.741620464338891], [5616159, 0.7303342275748528], [6015604, 0.7694738699488393], [6118011, 0.7541478354440798], [6606038, 0.7404846389073364], [6795959, 0.7671494783932532], [7011830, 0.7679382062745841], [7026751, 0.7637343163660103], [7235256, 0.744101187419582], [7316057, 0.7512805263146836], [7317146, 0.7274752246187363], [7403617, 0.7512073790992924], [7404876, 0.7431038689123824], [7459055, 0.7468950167710763], [7460924, 0.7132348853169577], [7467561, 0.7041833957531292], [7949402, 0.7992719289777547], [7949403, 0.7723724257311809], [8197276, 0.7800771446752305], [8198641, 0.7731123708436792], [8225610, 0.7726482371727458], [8302791, 0.7914258877913976], [8374526, 0.784194813906542], [8522236, 0.7402414965587719], [8522877, 0.7175063405919185], [8566708, 0.7206310127930278], [8566715, 0.7164178852255569], [8578740, 0.7063467033521424], [8665187, 0.7394262179340295], [8665952, 0.7292425286981099], [8671023, 0.7228501308917631], [8731660, 0.7435714324874969], [8802429, 0.7677885976575786], [8900572, 0.7409903001148613], [8900581, 0.7340120000567015], [9037440, 0.6977815179879298], [9037443, 0.69681311184034], [9248828, 0.6980319721401711], [9310439, 0.7407019508700309], [9321400, 0.7451064024931975], [9328721, 0.7493236290024557], [9329948, 0.7292139717814283], [9364315, 0.7672690059808142], [9365500, 0.7334427066453859], [9385985, 0.7109025169063731], [9406620, 0.7275992404022188], [9437849, 0.7578612277272646], [9497942, 0.754515103184871], [9516883, 0.7247615463791838], [9536442, 0.7281402971582762], [9537889, 0.7091920406657654], [9540696, 0.690038886394362], [9625927, 0.8112534985362864], [9625950, 0.7371017719106057], [9625955, 0.735548175090593], [9626016, 0.7288865095134321], [9636581, 0.687955575415887], [9747152, 0.804841194186225], [9747537, 0.785758921763954], [9758910, 0.7703363880202507], [9768429, 0.773013625061413], [9776902, 0.7933648071217169], [9798441, 0.8078383213005083], [9798476, 0.7980588026599155], [9798545, 0.7615960375528463], [9813882, 0.7929126936286446], [9814633, 0.7956448617338193], [9853162, 0.7920454240524581], [9853629, 0.7601697525507828], [9857472, 0.7090166136419112], [9867371, 0.7520324793628902], [9868868, 0.748517737553208], [9869289, 0.74678853266301], [9876246, 0.7551551667666856], [9885065, 0.7113554108843455], [9893024, 0.7216487213574305], [9902469, 0.7650018882694037], [9902492, 0.6956332728247417], [9919737, 0.8220998741705272], [9920334, 0.7829650956391989], [9924605, 0.7626080118280195], [9926008, 0.7622331367140527], [9930953, 0.7438637177914649], [9930954, 0.7338965829116257], [9934041, 0.7377209993120181], [9948708, 0.7551926824191262], [9948755, 0.7174762076410496], [9951890, 0.6827220572169953], [9963099, 0.8399340098550169], [9963102, 0.8238063446837833], [9965745, 0.7827997070190343], [9965802, 0.7362894407668564], [9966075, 0.7059040316544757], [9966076, 0.7009879370692831], [9966253, 0.6612705195145733], [9973772, 0.8266173342883834], [9973867, 0.8134176242375435], [9973878, 0.8125493076465352], [9973905, 0.7823195890857025], [9974030, 0.7859847522209431], [9974383, 0.7847350115604128], [9974384, 0.7401832769397312], [9974661, 0.7158711410473911], [9974682, 0.6950881397219851], [9978949, 0.7535099071392574], [9981394, 0.722300589610766], [9981435, 0.7217029931123573], [9982532, 0.7542947415276859], [9983925, 0.7317138066548042], [9986946, 0.7767194231856696], [9988341, 0.78655000780937], [9988636, 0.7197057266997594], [9989977, 0.7985245978175849], [9989980, 0.782276493150016], [9990917, 0.8354860434766217], [9991818, 0.761293951184624], [9992353, 0.7841066281612185], [9993040, 0.8395101658716351], [9993059, 0.8415487076175252], [9994488, 0.8334102138044724], [9994579, 0.8396607087249495], [9994724, 0.8318615933074893], [9994995, 0.8320721773139966], [9995884, 0.8091273517496717], [9995933, 0.7758975448437831], [9996224, 0.6031059004961424], [9996225, 0.591412914230648], [9997216, 0.7932167431304056], [9997231, 0.7561562221441079], [9997298, 0.7566117891093732], [9997451, 0.7492399246902903], [9997929, 0.6919142419334569], [9997944, 0.6186632796430586], [9998065, 0.651703915422856], [9998456, 0.7634270391415428], [9998507, 0.7183944216735596], [9998532, 0.6629208626425516], [9998541, 0.5339846737319583], [9999250, 0.7183710539261446], [9999455, 0.8697224913433326], [9999608, 0.6754580844793563], [9999791, 0.9018684420333838], [9999824, 0.9551884313103708], [9999829, 0.9040215598575113], [9999830, 0.8681301302699141], [9999831, 0.8043392872059295], [9999844, 0.8089727983840321], [9999853, 0.6632733576970857], [9999882, 0.699063038731882], [9999884, 0.5357827611044598], [9999899, 0.5717600284216463], [9999934, 0.610754000274449], [9999937, 0.5704045158073532], [9999946, 0.5854688203448921], [9999959, 0.4264545955335436], [9999978, 0.7234679432870095], [9999979, 0.5192231864120214], [9999990, 0.7501083944663706], [9999997, 0.6292393899205876]]}