{"seed": 928126100, "N": 10000000, "alive_speed": 0.8526044966064688, "non_threatened_speed": 0.8526044966064688, "survivors": [[3182, 0.8476445579055882], [3647, 0.8295072809262911], [4265092, 0.7582087330401629], [6238157, 0.7574545527612969], [7223122, 0.7544883175176946], [8853191, 0.7529429993605684], [9184728, 0.7481920724891845], [9998547, 0.7334844882664098], [9999676, 0.6991859506316564], [9999997, 0.4619782792959465]], "still_alive": [[11806, 0.7594578658540686], [176499, 0.7684146421088688], [455128, 0.7337936359272053], [990807, 0.7713785467792422], [990820, 0.7459136809135876], [1895599, 0.762465896102884], [2115166, 0.7615741117417867], [2627573, 0.7320631597885215], [3285130, 0.7324470059437572], [3285371, 0.7242727614448047], [3807880, 0.7773237867543311], [3832757, 0.75438385843669], [3952026, 0.7691852261408751], [4241923, 0.7924323844538304], [4247654, 0.7916599048441524], [4265063, 0.7694986604998467], [4268637, 0.7506731856442023], [4269024, 0.7485879600995754], [4277319, 0.7471362976061184], [4277414, 0.745673434950496], [4489609, 0.7722423770569656], [4639882, 0.7794530778769283], [4640421, 0.7581066670319814], [4689324, 0.7575413482332545], [4692883, 0.7456097615765316], [4990922, 0.7609065704846905], [5094521, 0.7492655571727427], [5233854, 0.7583900759487752], [5505829, 0.7349437261168568], [5574208, 0.7331072662100205], [6029631, 0.782913174049991], [6213026, 0.7817222146305773], [6238158, 0.749321996343435], [6403421, 0.7370979641978673], [6562708, 0.7474803659081565], [6563919, 0.7219592818939363], [6867662, 0.7627848677770542], [6900895, 0.7708411760363507], [6903956, 0.7712588007523683], [7149107, 0.7582750562735842], [7225025, 0.7417198678614362], [7267454, 0.7500447819469191], [7304001, 0.7470377987856792], [7485044, 0.7320244536616615], [7632203, 0.7662935683442712], [7634670, 0.7482082719186394], [7692245, 0.7625200443105755], [7789190, 0.75516744993721], [7789263, 0.738211109170882], [7792922, 0.7265098271094994], [7893521, 0.7439970908811508], [7903602, 0.7447299392178712], [7946437, 0.7368177181458209], [7959618, 0.7341778228876223], [8224383, 0.814153598325545], [8255880, 0.7895711637329067], [8311229, 0.8029229395609362], [8311352, 0.7751113648068275], [8369783, 0.7690256547638888], [8374066, 0.7494769807115709], [8374435, 0.7171953448273597], [8638634, 0.7909757846374381], [8642193, 0.7784158488422589], [8677098, 0.7634371186803829], [8707117, 0.7559271912815944], [8707178, 0.7547771250366466], [8709433, 0.7554463681942062], [8764616, 0.7708914032013086], [8821497, 0.7397644229854452], [8853168, 0.7593376955833379], [8880372, 0.7382956238160601], [8883033, 0.739767145204259], [9059894, 0.7178324378777794], [9142009, 0.779893147634872], [9217955, 0.718382339113717], [9325908, 0.7595874051492181], [9328377, 0.7502844981615827], [9454912, 0.6892463103172919], [9544783, 0.7528783851020584], [9581304, 0.7001814492933057], [9608269, 0.6941557042930988], [9611094, 0.6954304970718345], [9652785, 0.6669135999093391], [9699606, 0.7502921142925346], [9730779, 0.8310506981992204], [9730780, 0.8107444607591865], [9735313, 0.7975957002068753], [9737672, 0.7550990998985061], [9764247, 0.8180992552853928], [9767700, 0.7794025998615971], [9800829, 0.8220110210272054], [9801006, 0.7893216649693827], [9808789, 0.7849725046200438], [9827544, 0.7809944405554204], [9829833, 0.7782027683304394], [9831882, 0.7854348870267907], [9838087, 0.7694904250646452], [9852080, 0.8206636155999008], [9890071, 0.7990507791706517], [9892374, 0.7836950565572417], [9908019, 0.8656488554876605], [9916902, 0.7593654209338729], [9917755, 0.7468773733677923], [9917760, 0.728859272422835], [9924723, 0.7912336556429357], [9924724, 0.7571617976355054], [9924731, 0.7345673200768208], [9924732, 0.705096782472677], [9924941, 0.6833984685104321], [9938764, 0.7914752848905084], [9946861, 0.7617051497058523], [9947610, 0.7394229042200079], [9947731, 0.7357389343538373], [9951220, 0.7801678669091338], [9951789, 0.717599962687021], [9952066, 0.707321720484414], [9962165, 0.8108437861311524], [9962170, 0.7974005411448883], [9962171, 0.7604330474625031], [9962172, 0.759590670313078], [9963831, 0.7225288333026254], [9974386, 0.7715434103200585], [9976219, 0.6891450944595473], [9981388, 0.8592936187181476], [9982273, 0.6970530190592221], [9985426, 0.7616919271562581], [9985663, 0.7438027894431983], [9985750, 0.6924084565873332], [9987865, 0.7422269518673001], [9989064, 0.8197506297549801], [9989523, 0.746372327897054], [9989562, 0.687908399464655], [9989603, 0.660041527139079], [9993620, 0.8419605818601497], [9993621, 0.7636108014415139], [9994990, 0.7883757190278516], [9994991, 0.6693578534916224], [9995226, 0.6451853353978511], [9995871, 0.7091369735964003], [9995928, 0.7093513249739214], [9996037, 0.7231051999359737], [9996140, 0.6955653964993731], [9996681, 0.8001314241061213], [9996682, 0.736031072533292], [9996989, 0.7302484626509622], [9997112, 0.7585504846142502], [9997303, 0.7509626345111304], [9997310, 0.668908485325052], [9997685, 0.7760375192731316], [9998186, 0.9661681451210998], [9998668, 0.7010321396729422], [9998797, 0.5528242780228366], [9999404, 0.8688361955510447], [9999437, 0.6412672551962765], [9999646, 0.8623252760394052], [9999651, 0.8042185639620661], [9999821, 0.6015808589361775], [9999856, 0.6237200516303886], [9999913, 0.6614095290591698], [9999954, 0.7903491213126586], [9999959, 0.806259756888697], [9999968, 0.8592024924244591], [9999969, 0.7306915604510075], [9999974, 0.5238261973693819], [9999995, 0.7495419763140856], [9999996, 0.7417243160421836], [9999998, 0.514611370597587], [9999999, 0.8807481203124359]]}