{"seed": 886, "N": 10000000, "alive_speed": 0.8545682361777736, "non_threatened_speed": 0.8545686634620625, "survivors": [[4, 0.8545686634620625], [16161, 0.7938765215237019], [2015422, 0.7717696982721673], [2242865, 0.7645230089113549], [2251298, 0.7643643735626648], [4445339, 0.7576164238231852], [4478030, 0.7574152563881116], [5529313, 0.7561681402234943], [9960698, 0.7429310080092612], [9960915, 0.7365797890687144], [9995912, 0.6960857452614352], [9995925, 0.6910202481234333], [9996270, 0.6628435734151635], [9996785, 0.6516873174559245]], "still_alive": [[22130, 0.7710756750310868], [56269, 0.7359629870483887], [56336, 0.7339196155369906], [339533, 0.7550779484331532], [632682, 0.7563468832391099], [1408167, 0.7836070713901906], [1753276, 0.7552621503475136], [2015411, 0.7799125578664909], [2252527, 0.7600516660660469], [2614004, 0.7479373993089863], [2696651, 0.7530684569943211], [2702346, 0.726303784549378], [3130023, 0.7687547530191848], [3140608, 0.7619055544644497], [3191843, 0.7384467279259943], [3193078, 0.7290489368401821], [3539247, 0.7574624216012114], [3695094, 0.7625341432342431], [3702639, 0.7617974818620443], [4020958, 0.7809300966865002], [4030845, 0.753278188156126], [4382390, 0.7737806622384901], [4478031, 0.7522677880989193], [4600274, 0.7486906574284188], [4701383, 0.7528075691686745], [4967344, 0.7606434344491642], [5085049, 0.7295216182982255], [5351420, 0.7642843830127458], [5835596, 0.7449188671133388], [5840499, 0.7333935910138355], [5921966, 0.7410520700851653], [6309163, 0.7881567919000153], [6437376, 0.7692696657656661], [6604907, 0.7291728133752738], [6777896, 0.7497293584000928], [6905143, 0.736460189157011], [7016550, 0.737481609116154], [7340489, 0.7168168813500899], [7345576, 0.70539058389213], [7567285, 0.7434157854626016], [7573330, 0.7097126168537784], [7650297, 0.6838717520297722], [7943096, 0.7718928228099008], [7945071, 0.758497436358999], [7958366, 0.7154234179182514], [7958729, 0.7080820475542609], [8191438, 0.7196362251900401], [8399915, 0.7851949553334604], [8426410, 0.7590152229741399], [8427511, 0.7494403575236741], [8427516, 0.7211800919650587], [8623127, 0.784908238041656], [8623132, 0.7479242898406416], [8623155, 0.745892549428106], [8626482, 0.7291042785654444], [8747353, 0.7907869062750965], [8762324, 0.7765588559867611], [8894191, 0.7649127982642151], [8917874, 0.7497432569684701], [8917949, 0.7458269329834103], [8983996, 0.7500423153524053], [9011793, 0.7520100366872315], [9013540, 0.7350885898275977], [9043035, 0.7414935699254038], [9187256, 0.7614527319690189], [9190509, 0.7457039112253276], [9288178, 0.83825823867116], [9313123, 0.7903254811031563], [9313132, 0.7876260475329572], [9313133, 0.7452846857668702], [9313196, 0.7411366472435278], [9331849, 0.7335994224589218], [9331850, 0.7269762777362634], [9422781, 0.7677506455170753], [9502290, 0.8225368152997707], [9512741, 0.790567030636543], [9520502, 0.7538807225655989], [9541073, 0.7801154070881411], [9541080, 0.7562805137644769], [9541103, 0.7332240772075517], [9550798, 0.7325585060797318], [9597489, 0.8120575898876521], [9597494, 0.810598915876411], [9599597, 0.741572986795006], [9624076, 0.7684126886726378], [9628915, 0.770802086242042], [9647130, 0.7672813881636631], [9647155, 0.7211900801299145], [9647226, 0.6988126905127275], [9702445, 0.8045491973152148], [9730854, 0.851658449035709], [9770965, 0.7712342525363671], [9774742, 0.722423522034766], [9774745, 0.7186606849837589], [9808576, 0.7809878592932403], [9817753, 0.7724811662070662], [9817754, 0.7457734778486179], [9819495, 0.7474549922761832], [9819684, 0.7289477048364877], [9824129, 0.7360214051979631], [9835882, 0.7432773621468581], [9844797, 0.7547572812020572], [9844800, 0.7383533269706912], [9876751, 0.7800514404885199], [9878962, 0.7339792205556102], [9891721, 0.7369621653807793], [9901992, 0.7415095050992906], [9903555, 0.7072888910211264], [9918032, 0.792107353937988], [9918119, 0.7081130841568126], [9933318, 0.8013494493177321], [9933351, 0.7364936804442145], [9938448, 0.6901471078293223], [9941209, 0.6909032263579392], [9942890, 0.6860778462747351], [9944777, 0.6460944775179785], [9952074, 0.7410903245258524], [9958423, 0.8349623951755238], [9958452, 0.7977738794355176], [9958519, 0.7963977965670216], [9958604, 0.7569028312026025], [9960051, 0.7431344517081637], [9960930, 0.7239413789246465], [9960949, 0.7164840616136117], [9961892, 0.7241645835856487], [9967245, 0.7552053201075049], [9969288, 0.7823162562759426], [9970915, 0.7026113998811222], [9972740, 0.7003991561253405], [9975635, 0.7072120641892004], [9976868, 0.716802018485494], [9980819, 0.781623438418207], [9982028, 0.7625087563875557], [9985795, 0.9338238078074594], [9985796, 0.8652055709441369], [9986235, 0.7804049212350994], [9988068, 0.7606485448320989], [9988415, 0.6613961133614262], [9988786, 0.6227573544842396], [9989765, 0.6604836668458294], [9992352, 0.7879636239882927], [9993979, 0.798982078314304], [9995434, 0.7752642937696163], [9995721, 0.7586697129886067], [9997128, 0.6391749421483093], [9997565, 0.6885640445960163], [9997832, 0.7385860175745065], [9997833, 0.7268399531671398], [9998246, 0.8672014620179246], [9998249, 0.8376954745459679], [9998250, 0.6516939976448524], [9998287, 0.6361676676795567], [9998692, 0.6506681031987799], [9998751, 0.6638395571844823], [9998974, 0.7365970197985557], [9999021, 0.6575163956559902], [9999134, 0.7087327122215054], [9999145, 0.591303944316733], [9999146, 0.5474466839077253], [9999335, 0.6515630177839415], [9999458, 0.7329802447074161], [9999477, 0.6752228960056627], [9999596, 0.8003140901570294], [9999651, 0.7191736529288104], [9999682, 0.6073044497164957], [9999711, 0.6567716751761897], [9999826, 0.8162389383914663], [9999829, 0.8152979868750044], [9999854, 0.7849531877865935], [9999875, 0.6631030299126657], [9999958, 0.43903234653009093], [9999999, 0.5629903899926398]]}