{"seed": 177791816, "N": 10000000, "alive_speed": 0.7818500154066365, "non_threatened_speed": 0.7818500154066365, "survivors": [[6456, 0.7728942350632394], [1453021, 0.7544611181950721], [4302644, 0.7499621273064], [4323043, 0.7423493187346363], [4323044, 0.7205350918169522], [9999963, 0.36124284598548084]], "still_alive": [[15803, 0.7565125261490494], [594728, 0.7618117280825333], [598697, 0.7609249104571958], [1414402, 0.7724305783070099], [1542018, 0.7335402383485942], [2535751, 0.7646567205057236], [3133308, 0.7521297145756262], [3597377, 0.7667600241815967], [3670942, 0.7554765938291841], [3838143, 0.7493651715075098], [3838144, 0.7363942242379982], [4132093, 0.7689127913867588], [4180740, 0.7731281800026618], [4302627, 0.7558778359659122], [5264281, 0.7366536972575407], [5672732, 0.7769735026856542], [5747985, 0.732634515390149], [5820574, 0.7345963013265836], [5988583, 0.7259874047388877], [6051726, 0.7298004768763219], [6057555, 0.7307010910156092], [6186686, 0.7295537746251461], [6232247, 0.7374565355387434], [6443746, 0.7729805756006912], [6631053, 0.7607007787146761], [6683480, 0.749616795749865], [6877563, 0.775825325527156], [6929498, 0.7614826355792582], [7296217, 0.7343754391636429], [7296236, 0.716841908828219], [7426281, 0.7237537091988253], [7704590, 0.7793776880382232], [7706869, 0.7411368326005968], [7768670, 0.7023554545814005], [7885813, 0.7313971763737115], [7885874, 0.727600994453935], [8056709, 0.7425318018969999], [8219130, 0.7832333635683225], [8233297, 0.7622306949380135], [8235646, 0.7177468977434311], [8380665, 0.7445517107493246], [8487992, 0.7529184712181425], [8487995, 0.7506884663740421], [8548768, 0.7635880776102223], [8559353, 0.7374313074215513], [8559524, 0.7369815074059618], [8615377, 0.7513047453342101], [8661708, 0.7748023674782505], [8677533, 0.7451497991635527], [8691178, 0.7452215950937622], [8785721, 0.8028762297808938], [8785734, 0.7374568947755379], [8814487, 0.7257777626790175], [8911770, 0.7433495350227842], [9036167, 0.7551300720470737], [9110854, 0.8174018186525729], [9149627, 0.8395818881948134], [9149628, 0.8367070125338028], [9158809, 0.7722671547515337], [9194366, 0.7851590165448966], [9219717, 0.796346157725454], [9219858, 0.7331189683980252], [9270179, 0.7394723919938733], [9355768, 0.8156845439015683], [9355789, 0.8080458707142111], [9356688, 0.7827677219353153], [9356887, 0.7680169317341968], [9358658, 0.7687220028652904], [9361545, 0.7700453417037605], [9390600, 0.7689805554450808], [9390657, 0.7530555990473152], [9390774, 0.7376810696447249], [9443037, 0.8002254101614172], [9444848, 0.7962180976805093], [9452031, 0.7715097524150674], [9524972, 0.7534374483438744], [9525071, 0.7149874374867324], [9560080, 0.7540960162552217], [9601103, 0.7697108948469733], [9636308, 0.7825436220135291], [9636673, 0.7779354041110278], [9650052, 0.7134371514408412], [9676449, 0.7449155462890762], [9704092, 0.6648512748023296], [9704325, 0.6559987802923262], [9738978, 0.6955677076411789], [9754297, 0.738065807891619], [9812338, 0.7706056504368801], [9814967, 0.7107944292293645], [9831346, 0.7589102980064425], [9838549, 0.7734333861596265], [9838552, 0.7307753074190617], [9838687, 0.7226758705291113], [9842710, 0.7386118672849599], [9843195, 0.7064136078185569], [9843198, 0.7042842744921811], [9859799, 0.7828230493429965], [9863566, 0.7830557231853], [9870673, 0.7934836662222191], [9870684, 0.758586199563888], [9881207, 0.7959584971116326], [9881244, 0.6998756703520511], [9883397, 0.671526574914815], [9888104, 0.6975990452063545], [9906855, 0.7823176735425742], [9907236, 0.7152373730524263], [9909427, 0.7209833338219267], [9916922, 0.7419040934566506], [9916923, 0.7288215219984727], [9916926, 0.7118118122075058], [9917681, 0.698990829281852], [9936718, 0.8452144731705872], [9936727, 0.66782434918], [9936764, 0.6591095790310932], [9944541, 0.712291592363932], [9945778, 0.7230839895094145], [9949937, 0.712044193522966], [9949970, 0.6847566598572595], [9957767, 0.6457585314864536], [9961390, 0.6841326264430593], [9966557, 0.6948269607441354], [9969580, 0.7512077684740813], [9971265, 0.7566587068508348], [9972190, 0.7620170785890591], [9972197, 0.7416223552311124], [9972244, 0.7319025600723895], [9972279, 0.635603350976877], [9980950, 0.7504041273119029], [9981027, 0.7338342721794533], [9983300, 0.7556202156352246], [9985409, 0.8304434781018092], [9986438, 0.8367878132362221], [9987077, 0.7752011146121252], [9988870, 0.7891914031716464], [9988871, 0.7117136072274363], [9988872, 0.6891174034383704], [9990683, 0.8028619195263909], [9991410, 0.7478369681197476], [9993813, 0.7326267368513844], [9993816, 0.6979512175063662], [9994217, 0.6446729423895603], [9995388, 0.7202198038171562], [9996377, 0.8336506131399621], [9996942, 0.839383253779967], [9996975, 0.7984687137847405], [9996998, 0.6874979322713594], [9997299, 0.7486907861764707], [9997300, 0.698600149182088], [9997581, 0.7495446780305539], [9997922, 0.7089783327639838], [9998557, 0.7999266288376784], [9998674, 0.7745657674497505], [9998721, 0.7848489704564898], [9998852, 0.7798307638490312], [9998907, 0.7629228586286525], [9998912, 0.7539547158078784], [9998997, 0.6944070787556961], [9999284, 0.66247712083955], [9999367, 0.7320626888968396], [9999528, 0.6686945988350462], [9999633, 0.5812857142568457], [9999704, 0.6643520462207774], [9999765, 0.6873991798995964], [9999810, 0.8444362593675803], [9999825, 0.8484970897266915], [9999870, 0.9267600358785245], [9999897, 0.8741274376498565], [9999916, 0.8640868345643763], [9999935, 0.9524045029623015], [9999936, 0.9430821613517775], [9999951, 0.8216255739188427], [9999952, 0.7197910850970511], [9999964, 0.244511693077737], [9999975, 0.25298006807143103], [9999998, 0.9108589368482911], [9999999, 0.7679570051311696]]}