{"seed": 177791884, "N": 10000000, "alive_speed": 0.8492574596625948, "non_threatened_speed": 0.8492577144398837, "survivors": [[2, 0.8492577144398837], [13203, 0.7936971892072938], [15382, 0.7781373934226471], [75863, 0.7716579996620375], [7944222, 0.7534727977935669], [9999969, 0.31710278464356667]], "still_alive": [[283682, 0.7609509800495775], [327263, 0.7609785769592833], [327450, 0.7609819927295982], [334781, 0.7553503460473471], [789956, 0.7771736202765684], [789963, 0.7706331737168375], [849124, 0.749330264588261], [1539507, 0.7541372326998808], [1741986, 0.759712903682456], [2258009, 0.7838484800418938], [2271208, 0.7699560191052739], [2278877, 0.7425916314398076], [2627354, 0.7398666974102954], [3020373, 0.7503357318876305], [3268804, 0.7550342704139473], [3591579, 0.7703018626803086], [3604420, 0.7545277830029261], [3639653, 0.753043858197841], [3730178, 0.7384595500804908], [3736085, 0.7369693317526506], [3905400, 0.7505131631656168], [3990545, 0.7592134890960537], [4052746, 0.7489675513421001], [4053077, 0.7440302869187465], [4183844, 0.7603055559617892], [4234959, 0.7366430938084843], [4740136, 0.7878440955780691], [4938209, 0.7637615377715353], [5028780, 0.7522824974000627], [5154417, 0.7252677197725962], [5563840, 0.7862765606051205], [5804827, 0.7533361304602229], [5974888, 0.774491450754353], [6049915, 0.7769307796875489], [6119646, 0.7857206193850002], [6232431, 0.7404261874217322], [6893506, 0.7843061611566982], [6893509, 0.760331743407925], [6918466, 0.7487339342536107], [6919815, 0.7273977358572195], [6986046, 0.7412772980603609], [7425135, 0.7597379488231272], [7516236, 0.7812588549419782], [7516869, 0.7524824763964827], [7516908, 0.7315445503008623], [7735303, 0.7795057398831898], [7756468, 0.768844927807227], [7762677, 0.7560980978812779], [7869224, 0.7687187874551101], [7884627, 0.7599379098528517], [7966229, 0.682108943514661], [8207322, 0.750140548602683], [8216817, 0.7445173026721903], [8238000, 0.747946312609419], [8396489, 0.7903831604133195], [8471602, 0.735025593719404], [8524731, 0.7433257134876768], [8572790, 0.731872971758485], [8572817, 0.7151460709083695], [8809416, 0.698146337816071], [8968233, 0.7253157293171372], [9040178, 0.7700618786326321], [9057319, 0.7751632411954009], [9059072, 0.7566073934117225], [9061815, 0.7537234044721429], [9270738, 0.7842420481085172], [9270793, 0.7399629503601022], [9358878, 0.8003979982542362], [9361465, 0.7693504957034274], [9389410, 0.7611333014819514], [9395127, 0.7580700885710746], [9395932, 0.7360100095905838], [9482823, 0.7658239422657513], [9496914, 0.7576973067449099], [9517957, 0.7507682045836196], [9534400, 0.7711939743565255], [9544625, 0.7485187472728556], [9594578, 0.7805623256251621], [9648113, 0.8535848085909971], [9651338, 0.8512601445415865], [9653449, 0.8125289986658789], [9664186, 0.7710877932686706], [9664411, 0.7608852305481406], [9719228, 0.7617743717746286], [9719341, 0.7287195695804213], [9734608, 0.7305158804454593], [9738399, 0.6883721021586234], [9788316, 0.770090036596709], [9792939, 0.7549724795286028], [9802938, 0.7072805703702859], [9833055, 0.7970394552064478], [9836032, 0.779060116148491], [9839883, 0.7245747947952387], [9849014, 0.7483052781758086], [9868901, 0.8162239410240888], [9873990, 0.7268061875063213], [9875369, 0.7255612451109404], [9875522, 0.6941779412917516], [9875609, 0.6832794346949949], [9894454, 0.7539436713587795], [9894931, 0.7335416222192757], [9900492, 0.7585585442991452], [9901093, 0.731113420262105], [9916872, 0.7287571285757074], [9932819, 0.8317608356754247], [9932820, 0.8133649334349218], [9932823, 0.7751721930835517], [9934682, 0.7087874102758883], [9945189, 0.7181279882643424], [9945636, 0.6909927100669411], [9951465, 0.7149571223154753], [9958262, 0.7855003179836594], [9963545, 0.8284166899486941], [9963560, 0.7689049558205181], [9969645, 0.8017545029060144], [9969894, 0.7942746049832226], [9970133, 0.7799843738820321], [9977288, 0.725254882442638], [9977483, 0.6880786076780968], [9982882, 0.8205016035281858], [9984973, 0.839631833133696], [9985008, 0.7012134221413493], [9990631, 0.7471496106759532], [9990650, 0.7345340107033068], [9990989, 0.6057937683463891], [9992482, 0.6351879613449785], [9992653, 0.6288561451500004], [9994126, 0.7638041034050632], [9994255, 0.7723703350460375], [9994444, 0.7976561682929044], [9995041, 0.8463337016463894], [9995180, 0.8277351699339173], [9995899, 0.9271318098028678], [9995956, 0.8471066005075106], [9995967, 0.8115451580864709], [9995972, 0.6984229877633729], [9996543, 0.7867674116386034], [9997662, 0.7862106385614933], [9997925, 0.8369473120588635], [9998288, 0.7494342000732112], [9998289, 0.7336760881437145], [9999108, 0.8391214788237201], [9999215, 0.8674139251180446], [9999510, 0.9572927568849965], [9999649, 0.6984491031801966], [9999686, 0.7587275905367966], [9999691, 0.6486143450653113], [9999828, 0.8636061871783329], [9999829, 0.6714614236722468], [9999830, 0.6697790636890824], [9999937, 0.9645432420654231], [9999950, 0.9316660320251656], [9999953, 0.9768966837309394], [9999958, 0.8822907615380319], [9999996, 0.2716057491831062], [9999999, 0.8735131830341287]]}