{"seed": 928126045, "N": 10000000, "alive_speed": 0.8648097935550536, "non_threatened_speed": 0.8648097935550536, "survivors": [[754, 0.7638752095722283], [139493, 0.759665920259013], [9887568, 0.7307296533944229], [9999977, 0.5717216901429568], [9999998, 0.4194643501761136], [9999999, 0.2698311987907922]], "still_alive": [[161320, 0.7520873020036138], [835865, 0.7629212173390952], [1453612, 0.7433544863060287], [1456145, 0.7395493397512934], [1617698, 0.7293527715966074], [1890697, 0.7249038759373361], [2836952, 0.7116658160061473], [2838617, 0.709059419394313], [3127948, 0.7380399150758735], [3597293, 0.7441320366617633], [3781814, 0.7355055208528252], [3825085, 0.7399392748276575], [4379364, 0.7840153290324385], [4379887, 0.782420884653148], [4425726, 0.7807063625819142], [4425741, 0.7586395063180805], [4702972, 0.7703903789493469], [5156577, 0.7724425167578678], [5497144, 0.7754139651896411], [5515969, 0.7612039276345917], [5529528, 0.7528726999051353], [5675935, 0.7651584791691223], [5723082, 0.7637897078856125], [5865347, 0.7770411097709993], [5868270, 0.7704140869561196], [5914233, 0.7428704836330997], [5920798, 0.7373603885494319], [6085539, 0.7267956028915733], [6426610, 0.7648076181866975], [6488019, 0.7720218989566178], [6610768, 0.7422844233498412], [6812343, 0.7367074902381346], [6987916, 0.7734408531767228], [7152407, 0.7617815839725816], [7154556, 0.7612352822361544], [7236699, 0.7729146567911465], [7318776, 0.7550136497357167], [7448145, 0.7544407541318827], [7586194, 0.761546321434503], [7680439, 0.770581176220029], [7683658, 0.7299076406295312], [7683877, 0.7294539524062723], [7755268, 0.7444049771612942], [7756269, 0.7446116556644912], [7765152, 0.7473225318223046], [7765159, 0.7165466005341524], [7924418, 0.764917665265677], [7924603, 0.7610254756034797], [7939822, 0.7617430067254876], [8081165, 0.797981812356705], [8087996, 0.7618819375979428], [8136745, 0.7601617036027446], [8148798, 0.7531576209589558], [8303675, 0.7641141715529252], [8320794, 0.7709052581870598], [8374729, 0.7475717730113413], [8382304, 0.7324481392695192], [8502723, 0.7549310826128464], [8502730, 0.7258113768093778], [8509345, 0.7224174928455799], [8686288, 0.7816171779828143], [8686825, 0.7400532855903204], [8690538, 0.7332742390790417], [8690563, 0.7273720141378963], [8764940, 0.7535383636614844], [8809361, 0.7436274962700828], [8971640, 0.8279905274781266], [8988197, 0.790381382860937], [8988312, 0.7697257903753556], [8992489, 0.7614553250102535], [9045822, 0.7680253586342747], [9047701, 0.7662614969750682], [9090772, 0.7294972434805408], [9190199, 0.7693688182643166], [9191366, 0.7117528894260685], [9324805, 0.7680482102775178], [9396648, 0.7900428712364045], [9396707, 0.7509230209477943], [9408000, 0.7533788128610445], [9486239, 0.8087812774210112], [9486548, 0.8071384698857541], [9486979, 0.7971623999874464], [9493738, 0.7586811111376297], [9493855, 0.7442702367446716], [9494908, 0.7240993275057853], [9505149, 0.7370694166401729], [9561246, 0.7840527535196156], [9668939, 0.7437282319767418], [9670914, 0.747732158591427], [9688679, 0.7568519392568456], [9708152, 0.7631596178248524], [9722485, 0.7517198969562783], [9722500, 0.74295883445142], [9727557, 0.7097574829099412], [9826298, 0.8059179196409968], [9826519, 0.793255446636568], [9827238, 0.7334016434090505], [9847635, 0.7791950811467762], [9865124, 0.7689160333741285], [9866013, 0.7575800885689016], [9873438, 0.7890026935375646], [9878503, 0.771250034719796], [9884790, 0.7616266748975962], [9884845, 0.7613819778826709], [9894329, 0.724791560667618], [9896964, 0.7176214698797485], [9905663, 0.6628951599593094], [9915568, 0.6870526137269063], [9921811, 0.7379359990427149], [9925946, 0.7545196627917585], [9933275, 0.7445425413603314], [9933276, 0.7425440080225485], [9933279, 0.742173911673048], [9936100, 0.7203225887721014], [9947995, 0.8172338404108472], [9950490, 0.7668679154821672], [9950583, 0.7391062284280748], [9955920, 0.7654015010902117], [9956671, 0.7680863677297639], [9960984, 0.7756578184391807], [9962199, 0.7661322644191358], [9964724, 0.8012469543975663], [9964749, 0.7610339829930355], [9970092, 0.7698875049487515], [9970093, 0.7243434243510409], [9972920, 0.7082423697208131], [9976383, 0.7505138070266328], [9979658, 0.7108063496829979], [9982091, 0.7578601235636357], [9983514, 0.6398585025394851], [9987471, 0.7124962206872041], [9990062, 0.7751065445193057], [9991289, 0.693771556238854], [9992046, 0.7016614199906694], [9992059, 0.6990762211669878], [9994902, 0.8919177819176682], [9995939, 0.7920833183074626], [9996332, 0.5966515865951999], [9996335, 0.5495387802884958], [9996382, 0.5478859458913707], [9997921, 0.8540737076697723], [9998016, 0.6268842474283439], [9998825, 0.8281945973907293], [9998886, 0.8171333319392701], [9998887, 0.8014745756696717], [9999160, 0.6414392824248575], [9999397, 0.7546311396970035], [9999444, 0.526946152642503], [9999901, 0.7741244413187607], [9999902, 0.751049589953332], [9999963, 0.724195511202419], [9999976, 0.7674580079807088], [9999978, 0.4594080674600379], [9999979, 0.3844136156554686], [9999994, 0.8390691126574462], [9999995, 0.8435728066403485]]}