{"seed": 177791904, "N": 10000000, "alive_speed": 0.9861254763649978, "non_threatened_speed": 0.9861297167223556, "survivors": [[42, 0.9861297167223556], [47, 0.9666095945510371], [82, 0.8512374848515932], [211, 0.7922846003331618], [9184, 0.7898532460254405], [24501, 0.7880012372207584], [33890, 0.7870459863506281], [40641, 0.7816595286535147], [436850, 0.7725064634322854], [800793, 0.7648312864454113], [8650490, 0.7369455669561201], [8662195, 0.7361053502437718], [9998734, 0.7014091768549594], [9998885, 0.6529640964482335]], "still_alive": [[40742, 0.7503154378035664], [142151, 0.7564682964764686], [549103, 0.751414167206378], [800288, 0.7658310761060568], [866834, 0.7588559428100289], [899709, 0.7454965643931574], [2083010, 0.7600275991459112], [2133463, 0.7019667383619638], [2742606, 0.7501855541266065], [2928393, 0.7629192814082307], [2935328, 0.7635939888186234], [2949165, 0.7502074685573165], [3068376, 0.762470557244286], [3070115, 0.7585442649613686], [3266220, 0.7693635899855912], [3276793, 0.7465209785844567], [3637986, 0.7664848799170355], [3795505, 0.7432840833059288], [3802022, 0.7391359177647827], [4042317, 0.7507518974573191], [4127430, 0.7294498412687827], [4127437, 0.7292557403584077], [4546820, 0.7832488513504269], [4565331, 0.7772908383407343], [4816926, 0.7696899830118783], [4864035, 0.7638803733951283], [4871028, 0.7426892972254835], [4889377, 0.7329190604510735], [4899206, 0.7043431838150621], [5335983, 0.7599120611951103], [5358500, 0.7402970357117047], [5403525, 0.7192187991967792], [5866674, 0.7811432871886849], [5899801, 0.7865404211726927], [6263216, 0.7650285064321961], [6263221, 0.7481125009404641], [6263224, 0.7468687115411771], [6307589, 0.7555926180064592], [6429884, 0.7449082055988021], [6818149, 0.7580789466542385], [6840738, 0.7200853495985243], [6945503, 0.7370900639915461], [6983622, 0.7204768406348893], [7252531, 0.7861498230500945], [7311006, 0.7618087322473646], [7545839, 0.7559491704406415], [7652314, 0.7242863124686725], [7652403, 0.7222364634759743], [7952526, 0.8076284860536107], [7953655, 0.7600059629323243], [7961438, 0.7566314695793656], [7968129, 0.7521288809737484], [7975708, 0.727601721049602], [7976835, 0.7220646470239077], [7976900, 0.7012681436774241], [8151811, 0.766849493708057], [8151878, 0.7514727914802796], [8221197, 0.7645707148690901], [8225164, 0.7537538996999271], [8562893, 0.7744034556264412], [8612656, 0.7727790676697008], [8650471, 0.7664349905227424], [8696362, 0.7264752187389956], [8846071, 0.7387973295135911], [8952178, 0.736003459086487], [9051493, 0.7576037809966671], [9053290, 0.75441835784675], [9209133, 0.7504780740100696], [9391766, 0.7966074904328726], [9394615, 0.7568117055782644], [9437786, 0.7965541036678052], [9439027, 0.7965493458723313], [9459426, 0.7484621749288396], [9470303, 0.7403345728965153], [9470908, 0.7215282113667189], [9551835, 0.7486790528783871], [9575008, 0.7780844867858531], [9611863, 0.805239583252535], [9612494, 0.7423941399624822], [9635573, 0.7672788148109135], [9640640, 0.711321088659719], [9700771, 0.8211752476032128], [9706052, 0.8120590249444495], [9709969, 0.8181620350639487], [9722498, 0.822271497406146], [9729001, 0.7834281189277957], [9743270, 0.7512070288037014], [9748177, 0.7502193847045973], [9749746, 0.7043742108825107], [9783435, 0.7561198459794987], [9797450, 0.7183890092961845], [9797979, 0.7159812452788586], [9803106, 0.7341848582475461], [9816079, 0.7553727668809476], [9824792, 0.7741192393991289], [9830491, 0.793637351408281], [9832930, 0.7451656184553739], [9832931, 0.7412100950506225], [9843842, 0.7889299137967454], [9844779, 0.7656641903309267], [9855264, 0.6788943379386024], [9866385, 0.7228435291140057], [9890342, 0.8028705112307272], [9897107, 0.8544896011729306], [9897926, 0.8402516555019868], [9902397, 0.755733225952033], [9902500, 0.6648226669861618], [9902981, 0.6631926695447354], [9904510, 0.6620736003682088], [9904513, 0.6507103840480255], [9917692, 0.6405114847450031], [9930603, 0.6876573116071341], [9933594, 0.7138842915077499], [9941951, 0.7484013442974626], [9946178, 0.7571121985448171], [9957087, 0.786694638541707], [9958798, 0.740051449820949], [9960897, 0.7276171734380051], [9974412, 0.7681204378731701], [9979299, 0.7681468399338955], [9986580, 0.9006084233876737], [9987193, 0.857926191242464], [9987420, 0.8481182961940219], [9987587, 0.8270065192668788], [9987820, 0.8120627631544256], [9989211, 0.8379720053927839], [9989510, 0.8205414089945067], [9989553, 0.7331116765545469], [9990754, 0.7678039014406741], [9990773, 0.7585580457126028], [9991200, 0.7111959241644537], [9993275, 0.6336237900789142], [9993968, 0.583291397482983], [9995575, 0.7321484809429325], [9995872, 0.7690394949982292], [9996515, 0.8617225221203716], [9996532, 0.7387914791038017], [9996999, 0.7284421980534403], [9997252, 0.78971563558853], [9997253, 0.7232053768659001], [9997994, 0.753407601699016], [9997999, 0.698153894086497], [9998512, 0.8391738308926656], [9998555, 0.8477792262704372], [9998570, 0.8550442084900813], [9998575, 0.8302870203446542], [9998735, 0.620298347186352], [9998870, 0.6596217115324681], [9998902, 0.5994867942265251], [9998907, 0.5880227484468565], [9999016, 0.6524495636033867], [9999147, 0.6491253178237842], [9999154, 0.6154302234983406], [9999287, 0.6079957384753846], [9999436, 0.7512302466396638], [9999451, 0.6624085873247906], [9999618, 0.6994815014868984], [9999771, 0.7471881325458315], [9999824, 0.8686299855237767], [9999911, 0.5573944248076244], [9999954, 0.7940350860578277], [9999957, 0.6213295629700086], [9999968, 0.47455033493539056], [9999979, 0.6926367304910734], [9999992, 0.9931311112739573], [9999993, 0.6488587250621473], [9999994, 0.6960841270586055], [9999995, 0.7147700829521718], [9999996, 0.5783154877025339], [9999999, 0.6337850828205143]]}