{"seed": 914, "N": 10000000, "alive_speed": 0.9338329136113935, "non_threatened_speed": 0.9338329136113935, "survivors": [[200902, 0.7674925643530666], [320653, 0.7625079672692958], [1910380, 0.7468166671889722], [9976005, 0.7383525483214936], [9994116, 0.694830838964413], [9999333, 0.6822792389382608], [9999692, 0.6472732216567374], [9999981, 0.25057441151297677]], "still_alive": [[404036, 0.755044070100857], [1292089, 0.7758138127717096], [1581476, 0.764905748861372], [1758013, 0.7705538652302073], [2445009, 0.7416881548243969], [2445414, 0.7338261811266675], [2793641, 0.7496047412563195], [2822912, 0.7508721039272039], [3452827, 0.7361278440931083], [3683458, 0.7015181572366334], [3939231, 0.713806133519223], [4105668, 0.7194355607859724], [4456659, 0.7339909291549095], [4851256, 0.7523424292061577], [4918537, 0.7431371848730728], [4954422, 0.7301944549700407], [5361161, 0.7841069562710131], [5362890, 0.7675177081781914], [5418415, 0.7711105436040043], [5616794, 0.7537661716981383], [5616857, 0.7458938773288987], [5685164, 0.6999140677717776], [5878145, 0.7291239550962882], [5929722, 0.7305691773864024], [6051189, 0.7326536395665673], [6056428, 0.730705400318271], [6264493, 0.7472890275123591], [6295818, 0.7310813078963624], [6299851, 0.726986130205508], [6301908, 0.7235213803068354], [6451491, 0.7406555535238324], [6711058, 0.7952696429992078], [6852675, 0.790828728385941], [6853884, 0.7820673009430822], [6923265, 0.794693517470519], [6936468, 0.7723616619293344], [7374941, 0.7516577250480833], [7551030, 0.7328077768021705], [7753751, 0.7575778373066934], [7768168, 0.749239781739859], [8007227, 0.7598110710612295], [8048160, 0.7434879188950666], [8122317, 0.7510891586336483], [8200912, 0.7830569074037962], [8200955, 0.7759517560922657], [8201248, 0.7760204308758234], [8305703, 0.7516999043142676], [8482808, 0.7505288683193431], [8550649, 0.7695631470614409], [8550650, 0.7521386996822795], [8578799, 0.7453839721691427], [8793238, 0.7232077356054046], [8941525, 0.7873399693008675], [8960160, 0.7448610401441793], [8960933, 0.743722743456414], [8978784, 0.7435088618759578], [9158809, 0.7213037899697353], [9159732, 0.7133758146270874], [9246743, 0.7917175280979353], [9295662, 0.7905502927835393], [9302813, 0.7710675267522862], [9342088, 0.7354107842625937], [9424963, 0.7782774620888694], [9425586, 0.7686587963073195], [9426383, 0.7515939526974359], [9426474, 0.740210083687688], [9433653, 0.7306765488488525], [9433736, 0.7301910178379849], [9538517, 0.7386153004345754], [9591016, 0.7381852042322001], [9632209, 0.8017943052889034], [9641158, 0.8084207454528177], [9643881, 0.7531214680840284], [9686214, 0.7642987791158846], [9708715, 0.7108443958201208], [9743896, 0.7776456235633137], [9747085, 0.7712278292488252], [9747086, 0.7562236704350316], [9760139, 0.7518373016964075], [9786580, 0.7267346974076226], [9787329, 0.7292874919612866], [9787338, 0.720983222594055], [9793301, 0.7312292234239598], [9808680, 0.7647559912674294], [9814411, 0.6972809362113148], [9833108, 0.7483602332871863], [9834213, 0.7492036774774383], [9841030, 0.7415907981710526], [9849533, 0.7724557292551677], [9850870, 0.7365161101828422], [9863503, 0.7606815480088467], [9867942, 0.747668435479406], [9868641, 0.7210834584044431], [9887956, 0.8129708121151157], [9888005, 0.7531209438308516], [9900612, 0.8450168437732551], [9900689, 0.7935602040535776], [9900846, 0.7745884485561125], [9900867, 0.7719747854194544], [9905924, 0.7324261229491588], [9918169, 0.8060000080158934], [9919936, 0.8003563988408499], [9927657, 0.7997627786370515], [9932984, 0.8106198876804304], [9933323, 0.7929706630673854], [9937534, 0.7199649674304631], [9943235, 0.724708451200236], [9947992, 0.7664746797600706], [9948005, 0.7257024694014569], [9958306, 0.8026489820313254], [9961037, 0.830123037411614], [9964384, 0.6794000831930607], [9971959, 0.825678421669305], [9971984, 0.7644559916893091], [9973389, 0.801245778305835], [9974462, 0.8041983376495395], [9975433, 0.7694667886692651], [9975844, 0.7530389442639133], [9979316, 0.7190304525017129], [9980253, 0.6976894936662179], [9982496, 0.6717077992202002], [9983351, 0.7015893647921667], [9991192, 0.866214311265532], [9991275, 0.842173281505068], [9991350, 0.7512753962138433], [9992235, 0.8027955358681189], [9992242, 0.7014101467197621], [9993911, 0.7803860853314006], [9994749, 0.6977110662902087], [9995866, 0.7958223481294627], [9995879, 0.7048052389829619], [9995928, 0.6797822032437035], [9996019, 0.6693527690884271], [9997002, 0.6525438756346671], [9997457, 0.7528793090507949], [9998274, 0.8762363812735934], [9998737, 0.7927720890721907], [9998770, 0.7043299531953521], [9999013, 0.810633572312278], [9999018, 0.6592778591614288], [9999037, 0.5853603624941511], [9999270, 0.7696751516226625], [9999321, 0.7949402953726614], [9999324, 0.791852644358792], [9999394, 0.6514951005920471], [9999583, 0.8786705801748681], [9999921, 0.42900221357929014], [9999960, 0.6718148927188836], [9999963, 0.5300668000961508], [9999966, 0.5415510602880897], [9999984, 0.2076392581003106], [9999997, 0.41145333580646093], [9999998, 0.5102502892194242], [9999999, 0.6812294893249046]]}