{"seed": 863, "N": 10000000, "alive_speed": 0.8538897092116429, "non_threatened_speed": 0.8539582820548346, "survivors": [[802, 0.8539582820548346], [813, 0.8443466167566532], [6615140, 0.761725158827525], [9003589, 0.741709795742603], [9989948, 0.7052909499213906], [9994923, 0.6025464217521491], [9999992, 0.5099070679986982], [9999999, 0.39028618215667243]], "still_alive": [[21056, 0.7601059278414793], [201351, 0.7476320829715628], [298972, 0.7532517753278389], [453975, 0.737741459897279], [552052, 0.7153568394130541], [1695113, 0.7476102483380433], [1911116, 0.7508598871270878], [2324049, 0.7747457340325137], [2587658, 0.7478311680845413], [2733473, 0.75325399269331], [2906264, 0.7460596393808492], [3243113, 0.7388748994543106], [3365382, 0.7499218629139434], [3368947, 0.7440771506566324], [3855274, 0.7759843416646676], [3860425, 0.7681791674744964], [3930442, 0.7583061235739553], [4070117, 0.7666711138854423], [4104262, 0.7484606698231047], [4583789, 0.7851753655612371], [4803754, 0.785804242434261], [4852549, 0.7699260329821908], [5230032, 0.7656669559823962], [5478331, 0.7708223386251042], [5489536, 0.7278945416197665], [5617373, 0.7465005711580925], [6021262, 0.7694112311311377], [6134003, 0.7540569917533807], [6233504, 0.7677772066453136], [6431599, 0.7754235752868971], [6735479, 0.7611933728670316], [7015284, 0.7406118197789124], [7420101, 0.7730867571730463], [7427414, 0.761334005520239], [7520507, 0.7679121613077582], [7555680, 0.7709551486447671], [7664897, 0.7276818938458957], [7874420, 0.7333152574886459], [8004887, 0.7711407296401679], [8006656, 0.723841055510467], [8173295, 0.7671866946599833], [8236978, 0.7553967988724503], [8237025, 0.7376862002301715], [8293204, 0.7533049368384446], [8329251, 0.7472837622081782], [8461278, 0.7657985973444191], [8556649, 0.7717659821547594], [8604426, 0.7929956123673247], [8692231, 0.7509227698109728], [8702222, 0.7418361263020362], [8856559, 0.7687239678249835], [8874124, 0.7249708818017958], [8934971, 0.7572590246987454], [8986090, 0.7653597848198095], [9004252, 0.7274789568312727], [9026825, 0.70480293928083], [9107210, 0.6741504973396919], [9248963, 0.7699078769915462], [9248964, 0.7430393952498355], [9297035, 0.764109898098053], [9344392, 0.8170096754863589], [9366693, 0.780361642949607], [9374710, 0.7819176896286898], [9376029, 0.7824985197529926], [9376098, 0.771084291544915], [9377773, 0.7193251425903175], [9381970, 0.7100246527462577], [9381989, 0.7087813288927358], [9434132, 0.7262702819625712], [9471531, 0.7531647408853537], [9537930, 0.7852420149529091], [9544051, 0.7388227994233948], [9608420, 0.7770503995379507], [9616175, 0.7636341851340533], [9623630, 0.769776578738941], [9643257, 0.7899807972548976], [9646752, 0.7571837883149207], [9659741, 0.7723467784683248], [9692162, 0.7869650015839187], [9710235, 0.7673587356051186], [9722108, 0.7830676043186913], [9775047, 0.8699532751248538], [9775338, 0.7312990596757067], [9790743, 0.682953281126294], [9827814, 0.8189242174026689], [9828305, 0.8000963233466813], [9828316, 0.7965370151598008], [9837281, 0.7997683354313609], [9837374, 0.7513093639652697], [9872679, 0.7968001774399354], [9876984, 0.7616619326628811], [9895157, 0.7357720324010163], [9898788, 0.6912691046167786], [9910915, 0.7596217847685722], [9914610, 0.7601768322358275], [9916081, 0.7523394203246982], [9916082, 0.738653800755159], [9930691, 0.7214706829414018], [9940136, 0.7988774264743206], [9942135, 0.7753953322112787], [9945920, 0.7006907541621475], [9949461, 0.7369106638833642], [9960942, 0.946990789316462], [9960949, 0.9372276387155677], [9961462, 0.7585443828385917], [9962267, 0.7571036647259418], [9969900, 0.7475182294482132], [9970299, 0.7559721700875626], [9970350, 0.7225116246606147], [9972873, 0.6942862581177215], [9982030, 0.7410818359339735], [9987213, 0.7574950938064798], [9987414, 0.6702151871697963], [9988961, 0.7328388337700951], [9990775, 0.6517073168377855], [9990862, 0.5858939002442396], [9990863, 0.5688635072776814], [9994382, 0.8566600446106123], [9994665, 0.7709678445000345], [9994906, 0.7007542220162323], [9994938, 0.5994295653755217], [9994939, 0.5954957097638679], [9996834, 0.795494988755803], [9997305, 0.9169665189487517], [9997336, 0.5996155144157366], [9998121, 0.7535604762425411], [9998140, 0.7222140523224688], [9998159, 0.5787092127614976], [9998354, 0.6198898326917265], [9998735, 0.6241073217048769], [9998838, 0.6355245743262261], [9999039, 0.584082468556], [9999114, 0.4775771896673101], [9999477, 0.6894311132514286], [9999504, 0.680022580998394], [9999937, 0.5627547077804219], [9999940, 0.5841694920117524], [9999963, 0.7324722543737698], [9999964, 0.5843311980431228], [9999973, 0.6531366033110233], [9999982, 0.6865673162390755], [9999987, 0.9479304539353608]]}