{"seed": 928126145, "N": 10000000, "alive_speed": 0.8981626622493186, "non_threatened_speed": 0.8981634705963614, "survivors": [[8, 0.8981634705963614], [1095105, 0.7656384940398664], [1099544, 0.761253877610828], [1244747, 0.7573352921216119], [1290866, 0.7515163022759713], [6656315, 0.7489083191238273], [8408438, 0.747682453499805], [9296963, 0.7413341145433379], [9996772, 0.7128001783862274], [9997149, 0.6826980207251949], [9999888, 0.6504198462429264], [9999933, 0.5956163312689883]], "still_alive": [[63057, 0.7427804888014645], [346708, 0.7502448435079803], [389657, 0.7424797709951352], [458804, 0.7441195430994977], [809903, 0.765621150515077], [1090872, 0.7731367697769812], [1307695, 0.7332621121035872], [1485832, 0.7337659171277026], [1807943, 0.7480716253060321], [1860468, 0.7346293070749204], [1881225, 0.7351213810463945], [2487562, 0.7759948046425766], [2512955, 0.7685662468738073], [2519644, 0.7506783203793931], [2519801, 0.7359332712813038], [2519890, 0.7344532504298894], [3141899, 0.7531151459621438], [3469836, 0.7891600878955195], [3505039, 0.7919118686759962], [4390268, 0.7583037765526935], [4534905, 0.7179720473821791], [4792924, 0.7350176790033547], [4860423, 0.7361201653815324], [4961240, 0.72299226258995], [5209771, 0.7588030708757998], [5213114, 0.7521610937881283], [5252135, 0.7563901557895409], [5253580, 0.7320174290052732], [5266839, 0.7259386861711726], [5267324, 0.7189641483392616], [5876181, 0.77325749819378], [6001120, 0.7745998358261251], [6001263, 0.7581099561370738], [6637014, 0.7812741061286008], [6663438, 0.7284534018571165], [6763869, 0.7324636627545698], [6997642, 0.7562869473841821], [7000013, 0.7286677551142197], [7347878, 0.7419496124364803], [7352139, 0.7414574144302467], [7467828, 0.7369975791633867], [7632995, 0.7527178433564988], [7633234, 0.748247845159116], [7656929, 0.7422215733899368], [7657952, 0.725012581274449], [7892701, 0.743461056138482], [8074068, 0.7623032732944344], [8093667, 0.7619936473013919], [8144270, 0.7542311168170761], [8340445, 0.7892537004750151], [8511265, 0.7421459930830737], [8511596, 0.6974200943103672], [8511601, 0.688059079881618], [8621884, 0.7120801575875875], [8750941, 0.7374352491764281], [8764022, 0.7406546847561233], [8915615, 0.8043275000316951], [8952280, 0.8015511042350267], [8965949, 0.8061403076512664], [8974236, 0.7885500137180612], [8979979, 0.7816283199424209], [9018482, 0.8076586747687821], [9018591, 0.7527451459328118], [9118674, 0.7693008278400848], [9148161, 0.7719279115002703], [9166162, 0.781112407189318], [9200559, 0.7863312575464065], [9200646, 0.7743885736133707], [9235829, 0.7547731456597485], [9294290, 0.8057924909095059], [9300716, 0.7309734280655129], [9300959, 0.7170702570626557], [9317164, 0.7326949166294423], [9361653, 0.7102437844734016], [9447302, 0.7914528967122497], [9453917, 0.728380211927739], [9478648, 0.7576207697321655], [9490743, 0.7304722737700767], [9566154, 0.7611663478532632], [9609987, 0.8358793039827885], [9632920, 0.7351439618493842], [9632923, 0.7279612266819033], [9675874, 0.7950853668168211], [9675909, 0.758459737863636], [9721328, 0.849431501391171], [9721353, 0.8423442964015949], [9722816, 0.7809302806861238], [9766787, 0.7789537641309909], [9770058, 0.717560747889901], [9795437, 0.72711166977711], [9808660, 0.7767650760520652], [9832821, 0.8760719246060232], [9836964, 0.8410222159067113], [9838757, 0.7760994623952199], [9838864, 0.7301594312903656], [9842185, 0.7451621242836032], [9852970, 0.7952507277893799], [9853017, 0.785017635371677], [9869706, 0.7872276515445122], [9883213, 0.8007448875686021], [9896292, 0.7903193158944013], [9909329, 0.7666528753729952], [9934030, 0.8359929780398296], [9938681, 0.864831068971255], [9938686, 0.8057892413571505], [9940141, 0.7733421690451365], [9942638, 0.7633169154685281], [9946007, 0.722654240638377], [9946472, 0.7084889340900592], [9947567, 0.7112438590739827], [9952188, 0.7312521126782129], [9954829, 0.6967905076952889], [9956578, 0.6281693343286401], [9956657, 0.6192180006762883], [9961380, 0.6758775129337887], [9963957, 0.7090949500148839], [9970042, 0.7395678510229926], [9976755, 0.8321763015503366], [9976792, 0.8325039481241251], [9976801, 0.7609496287426069], [9976932, 0.7372323575052239], [9988561, 0.9491080766413545], [9988740, 0.8724913436362285], [9988801, 0.8688403078057302], [9989872, 0.8545135819154133], [9989929, 0.8235604675787279], [9992438, 0.8708559339977207], [9992445, 0.8692612442910326], [9992522, 0.8695287390542207], [9992629, 0.7771748452631254], [9992640, 0.7511779182771123], [9994297, 0.856051024118951], [9994438, 0.7905148390078771], [9994547, 0.742589810705161], [9994666, 0.7569870790487235], [9995011, 0.683534025268466], [9995704, 0.7841619262427278], [9996187, 0.7814179134850403], [9996610, 0.8618405964616419], [9996635, 0.7888734864528527], [9996779, 0.6895085200483367], [9997138, 0.7428843305229598], [9997834, 0.6319270051388082], [9998053, 0.6392724798453205], [9998646, 0.6732130198938697], [9998825, 0.5183345411949595], [9999310, 0.7743595407971655], [9999451, 0.8806693089241242], [9999454, 0.6662760508727412], [9999499, 0.6905194876579946], [9999644, 0.6696162199503187], [9999653, 0.5065832220673901], [9999788, 0.7040990470652083], [9999845, 0.6843352690286482], [9999889, 0.5367597093975026], [9999912, 0.5676265849209696], [9999938, 0.5720397140144228], [9999939, 0.4318304534357019], [9999990, 0.495253833004614], [9999995, 0.6664806436077094], [9999998, 0.6365714104238221], [9999999, 0.6213444843808344]]}