{"seed": 928126244, "N": 10000000, "alive_speed": 0.871274542433902, "non_threatened_speed": 0.871274542433902, "survivors": [[2808, 0.8550181388838621], [31723, 0.7667386036106366], [31960, 0.7596266067137021], [1980583, 0.7552633468800299], [9934264, 0.7384313686359476], [9993917, 0.6505098575140964]], "still_alive": [[93717, 0.7517469180632299], [149162, 0.7442736692353695], [262605, 0.7470502493183027], [425712, 0.7573137628193299], [443885, 0.7558109273039721], [493278, 0.7432579464186255], [788339, 0.749931890081533], [1650532, 0.7832545426445823], [1731079, 0.762519433846068], [1958408, 0.7602784318197947], [2080840, 0.7419547008932206], [2314575, 0.725314754163804], [2317856, 0.7187037432993677], [2709699, 0.7322428865783303], [2967060, 0.7569680255958213], [2998549, 0.7405099798907151], [2998598, 0.7354215431172862], [3392915, 0.762816881629236], [3575290, 0.7356392086222343], [3734973, 0.7104617469183921], [4038874, 0.7359779214010678], [4038883, 0.7341319230864234], [4869546, 0.7888317649258649], [5101095, 0.7473732521010111], [5101124, 0.7384279560900736], [5160039, 0.7342224125578427], [5465686, 0.7756864356265049], [5480609, 0.748616859629199], [5823032, 0.7760091617104165], [5833197, 0.7605892370461464], [5847386, 0.7533378779479148], [6297283, 0.7431184847492058], [6679738, 0.7635976746835822], [6679763, 0.7554519988245221], [6682238, 0.7485533249988824], [6690655, 0.7289031887466624], [7017672, 0.7288916051524008], [7273865, 0.7533377248157239], [7305572, 0.7237298332449023], [7543439, 0.7659956633529856], [7594360, 0.7821717431555009], [7639333, 0.7381356264893354], [7725458, 0.7606239999891746], [7738519, 0.7625453467260467], [7859864, 0.7943416741580925], [7933145, 0.7785162917735354], [7936412, 0.7738659572168434], [7941365, 0.7730145094707852], [8189420, 0.7520833078543601], [8208285, 0.7560338048403378], [8221280, 0.7502169148294728], [8356961, 0.7872562704958102], [8542990, 0.7987603299509648], [8586067, 0.7522019115520101], [8586246, 0.738348120814888], [8637215, 0.7363818411674665], [8710986, 0.7582301783100606], [8767293, 0.7804488198428338], [8797732, 0.7797767033782916], [8801379, 0.7711951910930871], [8833362, 0.7630232155223211], [8835593, 0.7467450437258826], [8872104, 0.7374669508407927], [8966825, 0.799511407567346], [8968342, 0.7906809707767117], [8998817, 0.7865166650370992], [8998820, 0.7726785228268385], [9017609, 0.7857446921711805], [9019380, 0.727597306120759], [9174585, 0.8175990342293247], [9174586, 0.8095720286718415], [9213187, 0.788917722520034], [9240806, 0.8141679162952458], [9240827, 0.800919398571107], [9258300, 0.8111864723075858], [9303643, 0.7512371847254313], [9319886, 0.7292750266490922], [9368161, 0.71401813771758], [9377508, 0.7034042176377646], [9454837, 0.8003675231059939], [9468576, 0.7185861744538508], [9560541, 0.7829662725036859], [9579090, 0.7752462034368084], [9610813, 0.8024530481346619], [9611296, 0.7327663475691697], [9611297, 0.696060261527008], [9667284, 0.7846419559899325], [9667687, 0.7721959462599887], [9679214, 0.7734748588106414], [9681207, 0.7446858150592273], [9686116, 0.7527803844478467], [9711031, 0.7430776130076192], [9712116, 0.7224447801047621], [9722493, 0.7342789469830314], [9758866, 0.8221077119055438], [9758949, 0.7781001249869599], [9759820, 0.7784110946479282], [9761269, 0.7409733419678954], [9769992, 0.7136377772002638], [9770005, 0.693230449221365], [9786404, 0.7210285925443225], [9795465, 0.700401297099061], [9795704, 0.6987169410866504], [9805821, 0.7315111949869068], [9830476, 0.7936101694886616], [9837855, 0.6998863274539177], [9863350, 0.7888961456256521], [9864447, 0.7378850017786173], [9864974, 0.7225764378809273], [9866817, 0.7301383023403613], [9884102, 0.7729303933100796], [9888773, 0.7352408530129985], [9889652, 0.6933600967537178], [9892039, 0.697499329333122], [9893098, 0.6902153807803417], [9894063, 0.6913961684789376], [9911168, 0.779601485929013], [9913345, 0.7980252314816418], [9933146, 0.7802271999285271], [9934185, 0.788367529154902], [9938389, 0.7359650177012164], [9939672, 0.7166103584560819], [9946475, 0.6596275787887526], [9957448, 0.7613425318346876], [9961131, 0.8107178187282745], [9961482, 0.7869411849190181], [9962083, 0.7759500028452402], [9967224, 0.8191399010347078], [9967607, 0.7988502262383417], [9969032, 0.8267406426765077], [9972581, 0.6537656857538133], [9982988, 0.7524828461770197], [9987013, 0.7916958792736513], [9987020, 0.6892306734118583], [9987333, 0.6588661220163958], [9988196, 0.6958970722491643], [9988303, 0.6975049009970163], [9990744, 0.7652250212434155], [9991361, 0.7174831059316588], [9992848, 0.7782321501076578], [9993871, 0.7772856474661626], [9993888, 0.7478858957422405], [9993918, 0.6199195712331321], [9993971, 0.6221288681126478], [9995204, 0.6979114478428717], [9995205, 0.6846589529099082], [9995256, 0.6847250033573286], [9995503, 0.709522270098733], [9996002, 0.7380845277330028], [9996447, 0.7184757893203848], [9996956, 0.7824871561961716], [9997433, 0.8009300357532588], [9997800, 0.8660972539865697], [9997979, 0.618052930333435], [9998568, 0.7296359991069461], [9998777, 0.7920335278318839], [9998844, 0.8333525143896291], [9999053, 0.7603328411308871], [9999132, 0.8115598685237575], [9999543, 0.7942762476163866], [9999564, 0.7155824723370701], [9999573, 0.7085079552064386], [9999598, 0.7402035785723293], [9999685, 0.7540781594621605], [9999708, 0.6964505150341317], [9999731, 0.7485236366660192], [9999834, 0.7606960618222854], [9999871, 0.7018683373668549], [9999874, 0.7137055547285626], [9999887, 0.7061162983202524], [9999940, 0.8337594712441361], [9999959, 0.9488159172720605], [9999972, 0.9228918181008134], [9999973, 0.38235765563991286], [9999978, 0.41093822460138607], [9999989, 0.7142337854455136], [9999990, 0.7650486021092561], [9999991, 0.8407311177285205], [9999992, 0.7345301757647092], [9999993, 0.2524866281926734], [9999998, 0.7895088256194225], [9999999, 0.9428450619973346]]}