{"seed": 942755593, "N": 100000000, "alive_speed": 0.8646752731674476, "non_threatened_speed": 0.8646752731674476, "survivors": [[242, 0.8279337882783583], [4519539, 0.7717914115405751], [12460654, 0.7670730166739549], [12677773, 0.7619698974609268], [31954180, 0.7605503298616912], [36909891, 0.7552521708591086], [37202122, 0.7527060929671454], [61063333, 0.7492018069152772], [99999998, 0.3257446624622452], [99999999, 0.17113856969710706]], "still_alive": [[5791656, 0.7462986908574514], [7277673, 0.7536113960369204], [8771966, 0.757777083128244], [12171823, 0.7811736641914897], [12727784, 0.7589716033418887], [12743893, 0.7523442334209798], [15253010, 0.7454681179816371], [15253015, 0.7407452703425268], [17349370, 0.7590179197930272], [17516359, 0.75892453483169], [17520550, 0.7548467199841978], [19490119, 0.7543081358783841], [22673710, 0.764951478236356], [25115705, 0.7668392470336113], [25175292, 0.7637372378189309], [27782785, 0.7603155560174462], [28770444, 0.7576314142007871], [30641007, 0.767289361662251], [30641744, 0.764907555526698], [31691885, 0.7619021537486284], [37377633, 0.7331102595664262], [37378258, 0.7285562201957547], [40438997, 0.7487653202691832], [40442750, 0.7382663513413286], [40692707, 0.7220175040181364], [40710182, 0.7183599984708356], [44994197, 0.7553014333952328], [45530962, 0.756972949276085], [45536389, 0.7509136600044615], [45565238, 0.7406615049713616], [46340181, 0.7457703195318839], [47831366, 0.7636899177027614], [48391047, 0.7156378317949774], [49648132, 0.7306631035001817], [52243967, 0.7659548044502108], [52255228, 0.7530624799026464], [53861771, 0.772743190057008], [53970306, 0.7727889095894107], [55612685, 0.7577846281680538], [55662190, 0.7464029325660937], [55679541, 0.7448077995842004], [55877586, 0.7335728280583913], [58911869, 0.7656822956083486], [58938072, 0.7660582001856087], [60611127, 0.7922768885306835], [61033418, 0.772594289158455], [61154012, 0.7454658825258033], [61812693, 0.7485763983664011], [63187840, 0.7684319470019757], [63521729, 0.7586540330660474], [64765024, 0.7792039500079588], [64772817, 0.7775480868682052], [65363282, 0.7556883690673089], [65940133, 0.7595257789545554], [66844484, 0.7373650667210637], [67512083, 0.7477318539926058], [67637350, 0.7484543737563667], [67778431, 0.7486863317266033], [69217454, 0.774067205571236], [69340277, 0.7739544854785456], [69769122, 0.7789887341550253], [70040365, 0.7804533561011688], [70947478, 0.7365432281455132], [72066643, 0.7398931961363256], [73774124, 0.7683068839635117], [74787775, 0.7390708308434965], [74841762, 0.7392699250170852], [75646271, 0.7499922555409293], [76112628, 0.737858005826359], [76382639, 0.7449526087890274], [77342596, 0.7353112729431412], [77890369, 0.733051747534569], [78628628, 0.7535048433051504], [79274877, 0.7703991789196881], [79275352, 0.7687663291559214], [79275571, 0.754269260596075], [79516012, 0.7545113038222], [79523719, 0.7524189147920156], [80118784, 0.75360612902341], [80123091, 0.7465867741637476], [80686920, 0.7540878616872148], [81158929, 0.760143858892888], [81194454, 0.7582545362014766], [81671803, 0.7641840219788374], [82048264, 0.7551978341936951], [82631179, 0.7802549043636761], [82636120, 0.7359641789519714], [83468099, 0.7502589482676962], [83522632, 0.7157269344379369], [84805015, 0.7411169661101218], [84970864, 0.7382378071089177], [86096867, 0.7818572263113769], [86104404, 0.7751297354812176], [86104405, 0.7682462159283403], [86191668, 0.7530284056439388], [86213605, 0.7250195292712268], [87118050, 0.7674979056956451], [87530179, 0.7751369423327441], [87911470, 0.7735997562818747], [87962467, 0.7676941469513866], [88885656, 0.7672256570841177], [89123637, 0.7727244832885426], [89383140, 0.7390417585997686], [90078933, 0.7525113435471238], [90323172, 0.7463026287265674], [90442173, 0.7385564877605812], [90730220, 0.746922165786736], [90826487, 0.7397016908449775], [91221710, 0.7675756931427735], [91371735, 0.7275576015415377], [92076486, 0.755017264829053], [92855013, 0.790464375295501], [93045892, 0.7336963356497571], [93187805, 0.7347741313969983], [93643362, 0.7537803065262564], [93838115, 0.7770988135768796], [94244894, 0.7562290864448884], [94282971, 0.7308772550904072], [94397924, 0.7319291849275134], [94863411, 0.793243879372826], [95664914, 0.7739619531755396], [95665203, 0.7677218037311351], [95729254, 0.7667570785150389], [96110415, 0.7729390105251707], [96119300, 0.7493053452474874], [96119397, 0.7351418577109033], [96392200, 0.7840962772514808], [96447699, 0.7446243228894837], [96454156, 0.7397016848191815], [96662969, 0.7465066934545698], [96703534, 0.7427880224716198], [96746595, 0.7491791610538133], [96900698, 0.7620667723776205], [97250801, 0.7646162092434701], [97251004, 0.7546046936429021], [97467917, 0.8010647125620282], [97604766, 0.7863147202397315], [97639225, 0.7611674194222208], [97749036, 0.7325447418745619], [97918269, 0.7812787534802483], [97918272, 0.774350323244479], [98115477, 0.8094436136863539], [98157562, 0.7936048181008756], [98260069, 0.7701068469160397], [98576872, 0.791566505096843], [98578907, 0.7871127040233742], [98588896, 0.7847514973404243], [98589069, 0.7587219992755592], [98662742, 0.7670851144251064], [98665175, 0.7557131143784567], [98669122, 0.7513579022118023], [98672729, 0.7428199534635631], [98753868, 0.7700532022046975], [98789375, 0.7720630694171489], [98881624, 0.7364893202392525], [98926275, 0.7372407262904228], [98973208, 0.7582090162037158], [98975553, 0.7377364596900491], [98975554, 0.723178489664918], [99100715, 0.766027726893817], [99135222, 0.7690873066591737], [99162977, 0.791696883540116], [99163004, 0.7848979980226518], [99170831, 0.772773493998025], [99179054, 0.774628207028707], [99220529, 0.7837054338129356], [99226748, 0.7492797674122772], [99233183, 0.7376211197314189], [99371014, 0.7741659441837444], [99378021, 0.7497012715254326], [99401552, 0.7622817081408848], [99455249, 0.793936820919024], [99534168, 0.7338392671720811], [99534209, 0.7238798882908647], [99539774, 0.7261365744065021], [99560449, 0.7489518373677994], [99566584, 0.742066825086729], [99566731, 0.71850120825369], [99566732, 0.7118602492824382], [99630151, 0.7632737883126776], [99664768, 0.7487622542515722], [99670633, 0.7620244960495317], [99670634, 0.7486472458428858], [99670639, 0.7074142159535481], [99670704, 0.6821314391737785], [99679763, 0.7002707836082463], [99698530, 0.730383349555985], [99727741, 0.7355806548791689], [99732856, 0.7217214672075583], [99776315, 0.7854783649433231], [99776436, 0.7629034884076712], [99791827, 0.7662608392962345], [99793346, 0.6965125091117775], [99827643, 0.6748717225435082], [99837152, 0.683833606322309], [99851191, 0.7423489745949252], [99851800, 0.727793295631278], [99851955, 0.7205407707924073], [99852066, 0.7100404476086927], [99881787, 0.7701307290899928], [99889286, 0.6986443685136745], [99890321, 0.6997331474886808], [99916786, 0.7460825354489998], [99916865, 0.7425532714885386], [99917192, 0.7166384435016894], [99929125, 0.7463771739336502], [99931808, 0.7461191653054288], [99937259, 0.7730152819640306], [99943830, 0.7238193318205843], [99945467, 0.7361501084792766], [99948704, 0.7393664690323453], [99957721, 0.7970864788618016], [99960120, 0.7151536793403933], [99965009, 0.700298995449314], [99971824, 0.8046873211886832], [99972259, 0.7589200497297738], [99973444, 0.7802510330652681], [99981399, 0.7188353448943561], [99981630, 0.6992759198985778], [99981631, 0.695920727325911], [99985830, 0.7658528534461033], [99987125, 0.7140372279835698], [99989588, 0.7441299454194207], [99989695, 0.7027774035443769], [99992434, 0.8721302172548311], [99992511, 0.8316479272726403], [99993190, 0.7700894544086726], [99993305, 0.780546043785397], [99993682, 0.7533648179335566], [99995625, 0.8170890826824562], [99995978, 0.6921001658118626], [99996001, 0.6542546641971968], [99996106, 0.6620424453774366], [99996997, 0.7933643657419125], [99997274, 0.7845158313152323], [99997515, 0.7060361611769961], [99997686, 