{"seed": 928126125, "N": 10000000, "alive_speed": 0.813634277437072, "non_threatened_speed": 0.813634521527404, "survivors": [[2, 0.813634521527404], [9999943, 0.6896749579094107]], "still_alive": [[4527, 0.7581762378887897], [1003596, 0.7960024863267994], [1024391, 0.7480819771562165], [1039790, 0.74730375824127], [1276271, 0.7597132395784905], [1731990, 0.7566758774170591], [1732015, 0.7460783104641778], [1739956, 0.728769718307397], [1755953, 0.727478209524612], [2491078, 0.7436939928192459], [2998701, 0.7858460550500618], [3067898, 0.7090928609369539], [3281405, 0.7204219491233508], [3502016, 0.7314284833272315], [3951699, 0.7289332926120965], [4267940, 0.7555627190230085], [4504301, 0.7722849825034439], [4706816, 0.7588276622439685], [4732953, 0.7564458231248049], [4983462, 0.7648423581854774], [5014765, 0.7281636362877543], [5062698, 0.7342534312944947], [5286023, 0.7594672427458652], [5301340, 0.7402281271649104], [5475911, 0.7523297742454863], [5536860, 0.7578307066662041], [5850195, 0.7771972613343113], [5878334, 0.7758144651832326], [5909817, 0.7254144079298563], [6259692, 0.772885495977122], [6260347, 0.769045076898868], [6285426, 0.749500591206551], [6285467, 0.7294660610064666], [6467930, 0.7355161689412659], [6485993, 0.7194748687523116], [6765372, 0.7695585868171516], [6765377, 0.7575722999443665], [6765874, 0.7230028834403203], [7080357, 0.7446885466674306], [7094000, 0.7400597380024913], [7097889, 0.7279243933183244], [7100274, 0.7191171314731405], [7382117, 0.7765216068056084], [7391966, 0.7300233240619926], [7431019, 0.73697451149808], [7433232, 0.7307188211236868], [7602321, 0.742254997462808], [7707044, 0.7616328683324466], [7708385, 0.7525040408220268], [7709780, 0.7027186713718022], [7795485, 0.7138100972821222], [7799996, 0.7071075262508825], [7975461, 0.7569056607769824], [8148172, 0.7792962819762753], [8167113, 0.7495429043196988], [8261132, 0.7636537396730835], [8265277, 0.7246502928644565], [8343324, 0.7545518923122875], [8349375, 0.7493615190930437], [8394342, 0.7464117732849025], [8394711, 0.735121892218205], [8394874, 0.7180171134406265], [8475477, 0.745350503828727], [8600948, 0.7400707977465392], [8629451, 0.7491547261272333], [8635470, 0.751628952650776], [8810943, 0.7415159131200083], [8840900, 0.7563543043754167], [8879449, 0.7791138511045076], [8929218, 0.7720866710709486], [8929251, 0.7532704737797076], [9023604, 0.7654677221515653], [9026583, 0.7400969433537014], [9026784, 0.7277928013840763], [9026785, 0.7110462382823666], [9041352, 0.6949020549214446], [9172061, 0.771583487841398], [9197628, 0.7858733306483776], [9204299, 0.7627685051892932], [9204432, 0.7423266863582934], [9325935, 0.7340019315090973], [9395536, 0.8118240920935584], [9425717, 0.7541406265732192], [9503626, 0.7468064128140591], [9514187, 0.7284068472456415], [9556808, 0.7848003561741028], [9571529, 0.7714448455770947], [9588150, 0.7872132918637622], [9588557, 0.7524245622541171], [9594556, 0.7589401642339269], [9596823, 0.7179131603339552], [9646900, 0.7441379080174095], [9654949, 0.7507266528592766], [9674698, 0.7557424843569917], [9674805, 0.7508706889680291], [9676192, 0.739599217263893], [9696119, 0.763840305460539], [9696140, 0.7575207495069771], [9696999, 0.7240006647335466], [9768846, 0.7589404257932502], [9774089, 0.776167184699219], [9782746, 0.7440118904496944], [9790689, 0.7451240405526804], [9792372, 0.7086096388826926], [9792409, 0.6671980373494522], [9839118, 0.7639991437473761], [9894161, 0.849553680965324], [9894162, 0.8186396613160611], [9894163, 0.7709474857711643], [9894202, 0.7583986512375512], [9909573, 0.7887540100057021], [9909584, 0.7606791463288605], [9912047, 0.7620259084189346], [9912082, 0.7378479257439331], [9919119, 0.7600107390938767], [9930912, 0.7763292909264519], [9942181, 0.7937269714286255], [9942182, 0.7426072346854998], [9943275, 0.7439575622624084], [9947592, 0.7740978910230638], [9948481, 0.7672189737271417], [9950332, 0.7876823502402704], [9950333, 0.7722628054439185], [9950374, 0.7362466778395957], [9961673, 0.8149893171229632], [9969644, 0.8522721077179031], [9969801, 0.8371523573990601], [9970850, 0.7871288951331227], [9974147, 0.7572539552551273], [9975360, 0.6951677106014011], [9982465, 0.7318706135647071], [9982566, 0.644228150701882], [9982763, 0.6341535439329377], [9985032, 0.7120136824475962], [9985115, 0.7055024762498775], [9988498, 0.7629440727241532], [9988611, 0.7616437629762809], [9990296, 0.8230640652346001], [9990477, 0.7061159008121796], [9993116, 0.7200522842200391], [9993423, 0.6496957997950431], [9997512, 0.7515696685104132], [9997637, 0.78830972325473], [9997722, 0.8086453280237221], [9997927, 0.8191337280418887], [9998006, 0.726149897673708], [9998567, 0.6487437871446488], [9998808, 0.7305552024625034], [9999043, 0.7905386324466651], [9999384, 0.8223318724749981], [9999385, 0.6728546190953897], [9999556, 0.6715429089939584], [9999845, 0.9823672936663735], [9999846, 0.9245204423873163], [9999899, 0.7254652661730742], [9999914, 0.7471139173118101], [9999917, 0.7484911394249724], [9999936, 0.8972936248336575], [9999937, 0.8027130590940087], [9999942, 0.836847042640914], [9999946, 0.6114595933737224], [9999949, 0.5766210481521391], [9999970, 0.7880845630048987], [9999993, 0.6297408606883782], [9999996, 0.709308286756932], [9999999, 0.6559222687961199]]}