{"seed": 483722228, "N": 10000000, "alive_speed": 0.7598860497784895, "non_threatened_speed": 0.7840093544040949, "survivors": [[413808, 0.7840093544040949], [440813, 0.7810910101345573], [514432, 0.7779741572741915], [519761, 0.7735895257221939], [758400, 0.7726209673875862], [5920961, 0.763964739565655], [5968128, 0.7518684974458557], [6608247, 0.7476057567106921], [7547452, 0.7470814270037451], [7901617, 0.7385886044980875], [9995952, 0.674894345166924], [9998983, 0.6571033223052417], [9999780, 0.5553316657357504], [9999999, 0.49233764602594465]], "still_alive": [[887919, 0.7496433367365284], [890196, 0.7445855706985901], [893435, 0.7372064586417049], [1044162, 0.719883438426512], [1702271, 0.7546334639676638], [2303306, 0.7830972694869827], [2349625, 0.7767797765926513], [2370264, 0.7328668899071515], [2875517, 0.752847032605248], [3004436, 0.747725541543713], [3274339, 0.7734556412792273], [3274366, 0.7624820041790801], [3312595, 0.751827557419378], [3488926, 0.7356737374763925], [3803271, 0.7718598717032151], [3828328, 0.7483074746150453], [3828329, 0.7466620212577164], [4046506, 0.7729220361417647], [4335849, 0.7591926331032477], [4346710, 0.7582286320341044], [4393159, 0.745911957891814], [4662352, 0.7498628843426611], [5349963, 0.7221815880508216], [5884718, 0.7661014039713714], [5968131, 0.749072134964559], [5974202, 0.7336722773568845], [6121707, 0.751298371197192], [6242948, 0.7749446501194444], [6288947, 0.7581390121526388], [6315636, 0.7410945659322018], [6397719, 0.7506538397905165], [6593668, 0.7572594965031413], [6751934, 0.7233001030714376], [7013895, 0.7761891287408879], [7351992, 0.7489329252488821], [7542465, 0.7560094162282416], [7658979, 0.7280969185988968], [7890994, 0.7628324685938279], [7919186, 0.7188710122594262], [8091661, 0.7407726016528373], [8148596, 0.7554565433292898], [8164369, 0.75559848787067], [8296172, 0.7896474503429884], [8296625, 0.7645545753793636], [8310912, 0.7458292508831488], [8373655, 0.7682612651863794], [8415234, 0.7352213092619029], [8536485, 0.7446014371190316], [8733184, 0.783541459864524], [8773477, 0.7774144784855954], [8785216, 0.752754899745087], [8797219, 0.7277923284620528], [8797976, 0.6922384769521313], [8963177, 0.7627838549084474], [8963182, 0.7460295425167056], [9174781, 0.8046939003725787], [9175244, 0.7677025595120698], [9181719, 0.763873994822757], [9181722, 0.7513663890570267], [9198583, 0.7495698196025236], [9260586, 0.747670634731037], [9296381, 0.7233776075898313], [9296414, 0.7095112185364075], [9393241, 0.7874533943165275], [9406124, 0.7489846010581744], [9471327, 0.7701811640338929], [9491866, 0.7626376569630114], [9491901, 0.7389077222543436], [9493474, 0.734625595714012], [9534741, 0.7595533041794915], [9554664, 0.7729958641281309], [9571533, 0.7799918633510787], [9633602, 0.7299356567276478], [9676205, 0.7377691806439705], [9676206, 0.7155734841315485], [9717957, 0.7780775024272192], [9722076, 0.6904811400745916], [9757001, 0.7862221940091431], [9757350, 0.7714483978996576], [9761103, 0.7817840534950384], [9761118, 0.76639489870306], [9789713, 0.8610992049724218], [9790912, 0.838833032512431], [9794979, 0.8373198839833871], [9794994, 0.8238541802683765], [9795105, 0.8136233541018637], [9796552, 0.7622612263385785], [9836083, 0.8474323094640848], [9836084, 0.8276557233459091], [9847001, 0.8039334518544651], [9847252, 0.6987425771682233], [9847369, 0.6981953991759949], [9852648, 0.6975714096788117], [9882221, 0.7870717805983782], [9882380, 0.7748427301033532], [9887703, 0.7937674236009284], [9889866, 0.8089072974604532], [9889867, 0.7711591972255127], [9902862, 0.7807587366796964], [9906731, 0.7081135178696983], [9906756, 0.6997854859968399], [9917247, 0.7827031352506612], [9919086, 0.761735082646779], [9919985, 0.7533973526182978], [9926786, 0.7678040702625634], [9933835, 0.7617950538127222], [9936312, 0.7908726227543432], [9936575, 0.7796063891274826], [9936616, 0.6932508055266313], [9939151, 0.7127580287343199], [9945022, 0.7766191001568665], [9945325, 0.7790661171924533], [9945652, 0.717310241610445], [9949469, 0.7427607492783563], [9949876, 0.7384310251462644], [9949917, 0.7344914095041415], [9953986, 0.7589770573254981], [9956897, 0.7785622170858537], [9960248, 0.7719003311942944], [9960997, 0.76401200845719], [9967588, 0.9055019759930163], [9967589, 0.8582504801437455], [9967608, 0.8355242257201438], [9968251, 0.8398295432232445], [9970034, 0.838177510711099], [9970231, 0.7356581313338358], [9971240, 0.6966269405963224], [9972889, 0.715602374442492], [9976368, 0.7435096316341032], [9977045, 0.7426646962008209], [9977046, 0.6931547120690654], [9977049, 0.6904596703784912], [9977352, 0.6391129146213397], [9982061, 0.7691433189079561], [9985058, 0.7516881848789331], [9985437, 0.7537702596003847], [9988580, 0.8420915887252906], [9988593, 0.7932663106105309], [9989302, 0.8336611216904821], [9989507, 0.7788600724650571], [9989530, 0.7152333640963698], [9989989, 0.7336484313698186], [9990090, 0.7171603845903863], [9990867, 0.6469641199253542], [9993202, 0.7484716430838676], [9994115, 0.736751677097174], [9995494, 0.846317843733246], [9995763, 0.8144093110807992], [9995953, 0.6579726091214292], [9997768, 0.7641051022084296], [9997769, 0.6995790403431824], [9997920, 0.7191940333724706], [9998745, 0.8576303595895437], [9998748, 0.8087273449069712], [9998765, 0.7662333422406162], [9998844, 0.7861001655218369], [9999188, 0.5638459406058167], [9999363, 0.7146073654545927], [9999388, 0.6147542264559182], [9999389, 0.53999996664627], [9999672, 0.8021091968574307], [9999681, 0.7751642081531767], [9999722, 0.8246247076843846], [9999773, 0.8800786757284828], [9999943, 0.8496700641659537], [9999960, 0.9398708909191199], [9999961, 0.505318892890044], [9999964, 0.35558911534887816], [9999983, 0.6308328251241968], [9999988, 0.8574969058587922], [9999989, 0.9251044064637326], [9999998, 0.6936942231360946]]}