{"seed": 483722379, "N": 10000000, "alive_speed": 0.9325706828839245, "non_threatened_speed": 0.9325706828839245, "survivors": [[1228, 0.8821975966154458], [668227, 0.7609169748163037], [828436, 0.7563017911333609], [830213, 0.7555402393574618], [830492, 0.7531099612551508], [6491913, 0.7413074895568649], [9999996, 0.7037545478245402], [9999997, 0.37625954129469796]], "still_alive": [[245857, 0.7745212069487236], [668150, 0.7785891571283513], [1062831, 0.7174262814095024], [1263914, 0.732026011717694], [1478935, 0.7349914360891749], [1483334, 0.726154438776906], [1541587, 0.7200205097831411], [1748038, 0.7322587576194034], [1764611, 0.7237358913290042], [2109954, 0.7421822867603464], [2529913, 0.7475380714786316], [2534984, 0.7418300186423442], [2741351, 0.7559905605293797], [2768334, 0.7575954790969976], [2769117, 0.757444269912588], [2769118, 0.7563786230613719], [2879095, 0.7443342410203185], [3394678, 0.755423244137275], [3397143, 0.7481484108615285], [3604476, 0.7600220054402248], [3768981, 0.7445733826132852], [4234492, 0.7517277956332199], [4234513, 0.7461301056233082], [4386222, 0.7536263993186143], [4653073, 0.7651440247492706], [4696286, 0.7438975173509198], [4940331, 0.7543082395033276], [5394880, 0.7513175064262461], [5923703, 0.8076107035118278], [5923704, 0.7481121118095745], [6007237, 0.719379246864612], [6318472, 0.762175214200939], [6411335, 0.7547692117405415], [6422398, 0.7469727352730675], [6491948, 0.7386831441984817], [6547757, 0.7375704916681554], [6548384, 0.7216397729797743], [6561589, 0.7022670824711532], [6934596, 0.7678918786462353], [7007801, 0.7581669960978579], [7025470, 0.7407299281163278], [7171567, 0.7393752947592441], [7171786, 0.7337818580359324], [7183185, 0.7242999326403092], [7185390, 0.7177733783648503], [7281621, 0.7335757868279038], [7285320, 0.7234944727946261], [7689615, 0.7343514880339683], [7712334, 0.7089375947631604], [7897855, 0.7456899108926404], [8027738, 0.7395576007104776], [8030717, 0.7319529187402544], [8031606, 0.7306005542347088], [8031607, 0.728790033617078], [8179544, 0.7410442040080635], [8239297, 0.7373828088093356], [8239444, 0.7206032228179658], [8317381, 0.7528648811204877], [8356562, 0.7290622445795771], [8427831, 0.7502283176865004], [8474154, 0.7566764208289246], [8552389, 0.7906878740054688], [8567740, 0.7289076155745053], [8829137, 0.771490171859487], [8914084, 0.7645742031233819], [8945599, 0.7672392711460982], [8960374, 0.7424191271135951], [9143409, 0.7518746695449234], [9291910, 0.7697176584963105], [9324039, 0.7363249997569005], [9411806, 0.7954431471281235], [9481219, 0.7678672638110623], [9511474, 0.7972542681189017], [9538479, 0.8215384146472041], [9539642, 0.7659050168574504], [9540215, 0.7592999501061609], [9540336, 0.7516484421715585], [9590895, 0.7614100225757814], [9629010, 0.7583114182064907], [9637867, 0.7499623961140732], [9658538, 0.7408429899590312], [9725871, 0.655042588694831], [9763352, 0.7262350428167081], [9777041, 0.7071688639997155], [9809088, 0.7930238078293229], [9824965, 0.8551927970038824], [9826150, 0.7028703255382186], [9854651, 0.7740604969463388], [9858838, 0.7950107763749003], [9858965, 0.7883897590304999], [9872858, 0.7142430977272447], [9898239, 0.8416448778039718], [9905738, 0.7706736353778395], [9906341, 0.7554916566301638], [9906342, 0.7395306252446745], [9907009, 0.7284156282908205], [9907064, 0.7272782830154433], [9910323, 0.7009322040792405], [9913078, 0.6760781832584266], [9920595, 0.7126968097194123], [9930742, 0.7538028258019572], [9936229, 0.7919292529293597], [9936368, 0.791183804137083], [9937961, 0.7949056305722713], [9947118, 0.776254842110914], [9951527, 0.8359858540684569], [9953912, 0.8632662777411781], [9953913, 0.8460905074372717], [9953962, 0.8425231244518889], [9956169, 0.7993121171955365], [9956284, 0.791806829735356], [9956551, 0.7006029130895784], [9962574, 0.6709559738249499], [9972439, 0.8545511281138054], [9972916, 0.7540620108248766], [9974637, 0.7669930177038432], [9975710, 0.7648165406140063], [9978357, 0.7648951727046837], [9978406, 0.7070193734905019], [9979575, 0.6799422824624404], [9984126, 0.7510041682193433], [9990413, 0.6045168881702475], [9991594, 0.5908002225349964], [9994149, 0.6150269314929873], [9995772, 0.7341783463800869], [9996517, 0.8593551438958131], [9996556, 0.7854568945757004], [9996561, 0.7768808920214507], [9997604, 0.7135916643885841], [9997995, 0.8390254668422908], [9997996, 0.8134357780715288], [9998203, 0.678902075622606], [9998644, 0.8527348826109223], [9998719, 0.8293350603519231], [9998720, 0.8223669746129499], [9998739, 0.8338214615291507], [9998766, 0.8101760899031883], [9998769, 0.7603118135107348], [9999168, 0.7006060073795727], [9999169, 0.5914193608951535], [9999466, 0.7101133202773415], [9999777, 0.7074949813403937], [9999778, 0.6856803425026411], [9999781, 0.49492632357101285], [9999870, 0.5012963966758929], [9999891, 0.5565021830383384], [9999908, 0.6135203960912567], [9999937, 0.664088954991869], [9999954, 0.8595277562347782], [9999969, 0.9557343830309087], [9999970, 0.9330616100118699], [9999995, 0.7365914074797248]]}