{"seed": 928126178, "N": 10000000, "alive_speed": 0.8123853355736188, "non_threatened_speed": 0.8189344354927881, "survivors": [[79970, 0.8189344354927881], [381641, 0.808848135945883], [381644, 0.7998842464470278], [381681, 0.7893345970504305], [942878, 0.7777557685422554], [1782839, 0.7632977112635827], [9999914, 0.7218153285552927], [9999999, 0.5986164564480715]], "still_alive": [[409072, 0.7575717735908398], [942833, 0.778856256110699], [956409, 0.7702401277079491], [1041994, 0.7374824485058826], [1749575, 0.7872065667310091], [1760326, 0.7720508468781689], [1891042, 0.7165660594318226], [2318601, 0.7402125324347821], [2318624, 0.7391553048676112], [2490971, 0.7486357959860521], [2811666, 0.7587539282417423], [2994413, 0.7515018842202611], [3357638, 0.7448881985649908], [3388221, 0.7328674135500833], [4034420, 0.7593920896051359], [4074153, 0.7588808295318531], [4080640, 0.7577814165170382], [4740989, 0.7913510560170995], [4784674, 0.7698484680260437], [4804751, 0.7325052170874761], [5196304, 0.776156183929114], [5196837, 0.7378471616126431], [5199434, 0.7046023800456002], [5498307, 0.7263287026022694], [6055940, 0.8005667012506679], [6060927, 0.7938257269208381], [6214598, 0.7746504816476613], [6214627, 0.7693052711153052], [6230156, 0.765359723149153], [6329331, 0.7704683717279364], [6382656, 0.7724405981265616], [6435669, 0.7597592583252714], [6435766, 0.7186659254664872], [6438161, 0.711194215891], [6446676, 0.7112915192477245], [6721711, 0.7561512084941541], [6739274, 0.7260172296907144], [6983387, 0.7643749678166548], [7170516, 0.7809087654116533], [7195897, 0.7755003160363203], [7283416, 0.7629594078072144], [7503999, 0.7795736370437603], [7518020, 0.7769247931034036], [7561795, 0.7809900922938198], [7569198, 0.7258302652194403], [7569203, 0.7212971171159996], [7569210, 0.71852915419701], [7570343, 0.701906083581898], [7740014, 0.7536661595964994], [7837819, 0.7603468077605589], [7949788, 0.769826440566862], [7957485, 0.7494919530738866], [8156374, 0.7688652990305476], [8156375, 0.7574748696151264], [8158730, 0.7433332153150154], [8199719, 0.758013293105825], [8200392, 0.7550477825811273], [8210437, 0.7465153795573672], [8238452, 0.7570763631151178], [8260015, 0.7440403763452248], [8369632, 0.7801306286537821], [8379395, 0.7729458054993543], [8393360, 0.7784312278492242], [8414631, 0.737126397277325], [8716882, 0.7725053160026186], [8716889, 0.761917896782945], [8822226, 0.8027825110421182], [8863507, 0.7878980766904461], [8873824, 0.7623914317630447], [8983227, 0.7482793896714122], [9044124, 0.7823683180265384], [9044125, 0.7590548465376284], [9124972, 0.750562085809738], [9125149, 0.7248491711070573], [9176468, 0.7284654960357546], [9193091, 0.7428962514125997], [9215210, 0.7310497305716777], [9273475, 0.7377996670223829], [9273606, 0.7326424012039284], [9325311, 0.7267411035653789], [9325458, 0.724314451391822], [9352351, 0.7353758461347826], [9411152, 0.7637680072013072], [9412343, 0.7474981293518146], [9418658, 0.7431836481699388], [9459157, 0.7583999539661829], [9465040, 0.7639446769385666], [9497093, 0.7501734388249399], [9497642, 0.7395082106823445], [9537891, 0.7083495454164405], [9559096, 0.7388834696246155], [9608083, 0.8042924213167668], [9609298, 0.8017890681701237], [9614189, 0.7193027251651479], [9648592, 0.786972439343492], [9690759, 0.7671771961559378], [9717276, 0.7892127949476359], [9717473, 0.750611767559979], [9717520, 0.6946034925877376], [9772459, 0.7805770364416205], [9773878, 0.7738898578806739], [9799801, 0.7608194464135254], [9799834, 0.757473244449216], [9806159, 0.743742771104443], [9808236, 0.6948801772223343], [9842817, 0.8040729498717776], [9852852, 0.8141471294683923], [9857927, 0.7551703990007225], [9873288, 0.77036030657197], [9885235, 0.7814046260393858], [9888228, 0.7939202248106246], [9890939, 0.7893517971999903], [9895434, 0.8194072456268129], [9896021, 0.6511816019360915], [9906134, 0.7076314222742599], [9906313, 0.6855780017746396], [9918920, 0.7608245771341452], [9919503, 0.7354994273273885], [9919568, 0.7324090378712449], [9919569, 0.7301590240183015], [9937254, 0.796976797220153], [9937733, 0.7781530661260021], [9938496, 0.7858567820242532], [9941201, 0.7714648870323292], [9941308, 0.6842548056296195], [9941771, 0.6628756931526179], [9949420, 0.7475681821770136], [9954989, 0.7740499199962507], [9963508, 0.7796807544089551], [9964341, 0.7594606485074912], [9976496, 0.7700719735433936], [9978899, 0.7999277613539628], [9981388, 0.7667390199570137], [9982381, 0.8087804137735604], [9982416, 0.7447579476534801], [9982851, 0.7280912980654854], [9984372, 0.7045421177817018], [9984453, 0.6796104250168773], [9988820, 0.8574564730431077], [9988921, 0.8610362611425588], [9989966, 0.8110905452067328], [9989995, 0.7133906434768892], [9991156, 0.76555818729542], [9992007, 0.7862480055300661], [9992286, 0.7851144327827413], [9993443, 0.8561968099650796], [9993506, 0.8131012357727812], [9994031, 0.8004422729471095], [9994204, 0.6883671880065827], [9995391, 0.6907530967223388], [9995664, 0.6875856510414967], [9996283, 0.7580830325821306], [9996312, 0.7520682762455354], [9996321, 0.5931805024295892], [9996872, 0.6163776587245512], [9997353, 0.7036524085202311], [9997612, 0.6801095976147153], [9997809, 0.6067966375892275], [9998090, 0.6296431096622448], [9998513, 0.7368053244766865], [9998648, 0.7232743580155359], [9999365, 0.664137221946024], [9999434, 0.6873858419933048], [9999595, 0.7947865115249141], [9999624, 0.8551454012232607], [9999689, 0.7713388062929342], [9999716, 0.564183717944033], [9999837, 0.5667049437718548], [9999892, 0.7056329813667054], [9999903, 0.7413844126510301], [9999949, 0.6554870570191059], [9999966, 0.7431455220173854], [9999967, 0.6688497180052718], [9999976, 0.6447514552096411], [9999995, 0.8282469474322335], [9999998, 0.8643393847482068]]}