{"seed": 928126242, "N": 10000000, "alive_speed": 0.7453833390850353, "non_threatened_speed": 0.7611227881715591, "survivors": [[851946, 0.7611227881715591], [7833563, 0.7585268020474957], [9999996, 0.6342602458274667], [9999999, 0.23883096634664258]], "still_alive": [[143880, 0.7562645479391172], [144185, 0.7527373613871993], [469180, 0.7658802121967414], [469703, 0.7537058129600767], [831568, 0.7825309969478943], [839291, 0.7654677596880946], [854997, 0.7588978147198306], [1025288, 0.7502550130936644], [1066913, 0.752598797402221], [1238202, 0.7591633958952956], [1847633, 0.7562314454525111], [1865642, 0.7488794701423814], [2278231, 0.768187418819858], [2286762, 0.759107901426687], [2396491, 0.7642359329380483], [2402294, 0.7601916489851981], [2811487, 0.748310244544074], [3487656, 0.7936232738668355], [3504683, 0.7474654900667228], [3504704, 0.7335402387109582], [3843183, 0.7590194369557689], [3982270, 0.7698321219449958], [3987187, 0.7254576818140938], [4285006, 0.7591318769149602], [4379197, 0.7609173575537181], [4402234, 0.7616411646404183], [4404337, 0.7556491565388772], [4666458, 0.7763568791671278], [4676269, 0.7707790625045156], [4754894, 0.7812373033127322], [4827625, 0.771816010339434], [5146754, 0.7457098110330795], [5215613, 0.7453730090433551], [5215702, 0.7364231186167778], [5680931, 0.8098365284253132], [5722040, 0.7629525703807946], [5754761, 0.7592073310122792], [5977118, 0.7752169854049386], [5979167, 0.7531226356101547], [5979856, 0.7426912327361462], [6258019, 0.7852836966043596], [6523174, 0.7936596766200259], [6936391, 0.7529500527881036], [7038212, 0.7763383330854935], [7040995, 0.7377248713577844], [7206436, 0.7675986324155383], [7208285, 0.7495889194674636], [7450380, 0.7802106142425498], [7682585, 0.7869894201279191], [7688220, 0.7821713579677552], [7725057, 0.7629677641496379], [7831316, 0.7838009928857985], [7833564, 0.7548812336403763], [7892315, 0.7414937997920968], [8141510, 0.7522928562377749], [8142679, 0.7241157632739695], [8187742, 0.7384590204621235], [8286061, 0.7631557791297869], [8335220, 0.7583575992984659], [8352277, 0.7517573528567377], [8352280, 0.747462111918257], [8485169, 0.812554052297423], [8546666, 0.7779374504143428], [8546671, 0.7677966489838032], [8571116, 0.7477767536433725], [8586791, 0.7549413239282892], [8636040, 0.7542564263573015], [8720101, 0.7657744151708608], [8742116, 0.762307106551672], [8822761, 0.7361772087944087], [8873316, 0.7455243647683295], [8873319, 0.7383180245810654], [8888464, 0.7360051662197424], [8941225, 0.7404879288549756], [9012688, 0.7814082831018764], [9015331, 0.7603156475324458], [9086688, 0.7435624344379275], [9091637, 0.7191156372242085], [9093784, 0.7202543052816556], [9152007, 0.7427477030163889], [9207370, 0.7676099726731057], [9210411, 0.6999236168260186], [9261844, 0.7404578584913568], [9262209, 0.7148604290649963], [9353002, 0.7585218614196949], [9427159, 0.7712577998052284], [9460588, 0.8035480678138914], [9463247, 0.7323089375345663], [9476430, 0.746639548960145], [9526187, 0.8193497983878277], [9526190, 0.805485750538535], [9526541, 0.7794806313560235], [9528796, 0.74984091697695], [9532973, 0.7508081975422886], [9558258, 0.7681014310435131], [9574037, 0.7626573867497347], [9645138, 0.8315571415657885], [9690423, 0.789322857931304], [9690432, 0.7587360821819565], [9698255, 0.7391324740376368], [9758754, 0.7639198528662365], [9759555, 0.7175335458984248], [9795822, 0.8172954727414073], [9802125, 0.7503034691298834], [9802290, 0.7469172140791286], [9821259, 0.8087906379523807], [9821340, 0.8018584113907083], [9825479, 0.7796454313598871], [9825482, 0.7774879279652434], [9841673, 0.8185370211193205], [9860864, 0.7726689998132422], [9865831, 0.7655520957978192], [9868078, 0.7087918590520734], [9872389, 0.6995862572893203], [9878892, 0.7137639655288118], [9882773, 0.7237233095000037], [9883446, 0.7028315836965515], [9884961, 0.6918128100805058], [9900450, 0.7657937618128908], [9900453, 0.7270388359000154], [9913996, 0.7807482211099792], [9914001, 0.7733954720631571], [9914906, 0.7203133452435985], [9915997, 0.7275864312940775], [9919404, 0.7324354839285282], [9924517, 0.6628470542718709], [9924626, 0.645544931111519], [9933801, 0.7136395696037593], [9933880, 0.6834944757904923], [9941149, 0.7590636586098077], [9943656, 0.7914215205106188], [9944215, 0.724519471589406], [9953116, 0.8056629426415601], [9954091, 0.7464730221206295], [9957342, 0.681211405816449], [9962099, 0.7350825155283003], [9963362, 0.7340749769694273], [9963363, 0.7170687293781073], [9969886, 0.8275176627211959], [9971065, 0.8328726799114452], [9971076, 0.7594806879308554], [9972819, 0.6623491686112544], [9978306, 0.7390194026218283], [9980383, 0.8146093069426948], [9980394, 0.7897092463774543], [9981987, 0.8119983797726802], [9981996, 0.7962144835351747], [9982249, 0.7255341420089658], [9982432, 0.7136914515111338], [9982701, 0.7127793726039396], [9984426, 0.7363788086031544], [9984449, 0.6168561388672146], [9990274, 0.7786138972217476], [9990279, 0.698331277484773], [9990978, 0.7364215426612313], [9991577, 0.7549950701919181], [9993094, 0.7562259120776], [9993435, 0.7557130968729818], [9993436, 0.6841900717402459], [9994115, 0.6630684726390353], [9997288, 0.8450520500392736], [9997391, 0.5985861135192281], [9997766, 0.6853671682501329], [9998817, 0.9514980434158625], [9998988, 0.8939571270195912], [9999013, 0.8739798821312068], [9999096, 0.7796079140300068], [9999101, 0.6087938266986669], [9999446, 0.8655626502287214], [9999681, 0.8281899446690334], [9999710, 0.6537676464485542], [9999753, 0.4468050625406458], [9999880, 0.7835822184916926], [9999893, 0.7762723988492262], [9999898, 0.6161759426172784], [9999971, 0.8917182736539977], [9999990, 0.8903651454745547], [9999991, 0.8482513350463748], [9999997, 0.7529113770300944], [9999998, 0.9468431447142384]]}