{"seed": 177791826, "N": 10000000, "alive_speed": 0.8533148034340049, "non_threatened_speed": 0.8533171073899644, "survivors": [[26, 0.8533171073899644], [495345, 0.7651653566872618], [4188918, 0.7615653580692743], [4270381, 0.757122890249923], [9999782, 0.7222609854018124], [9999987, 0.5376438963161229]], "still_alive": [[498262, 0.7379750190863524], [1077173, 0.7442066031781593], [1077714, 0.7376780357773595], [1389653, 0.7582860017787578], [1663362, 0.7722189272636417], [1761499, 0.7543905774554378], [1892532, 0.7603717209552389], [1967445, 0.7504666440992575], [2164266, 0.756533049535373], [2206571, 0.7529616730696598], [2456154, 0.7531028938711208], [2794977, 0.7624024838468252], [2878372, 0.7428851835859794], [3106929, 0.7656184342444664], [3824162, 0.7896868283589492], [4188805, 0.7652030664737836], [4398770, 0.7539981013311977], [4411653, 0.746346527797433], [4413812, 0.7401203660050456], [4413941, 0.7350041891885497], [4558966, 0.7257764533694208], [4623995, 0.7252743096754892], [5081248, 0.7440171447862657], [5489637, 0.7645376828457322], [5765416, 0.7424766001508791], [5937105, 0.76994222542917], [6071848, 0.7683285606569562], [6074749, 0.7628675197579686], [6086282, 0.7405068190597256], [6387203, 0.7599559070979213], [6393672, 0.7403296102750738], [6700257, 0.7683556157845766], [6754848, 0.7793384896608948], [6801795, 0.7716576420192807], [6927868, 0.7315349044381153], [7340531, 0.7263043994214058], [7539034, 0.770974228025883], [7602913, 0.7741902589950376], [7606170, 0.7722150774880305], [7800005, 0.765805637764644], [8077572, 0.7680653656608464], [8257187, 0.7599380785448361], [8353836, 0.7531001540843247], [8360051, 0.7502654742414149], [8530304, 0.8288881842268556], [8536791, 0.7326752244237553], [8737822, 0.7162147161781753], [8785301, 0.7342880422798614], [8866900, 0.7501718831030372], [8905871, 0.7689936541746291], [9040024, 0.7875118130845438], [9132381, 0.8190306557412391], [9133304, 0.7790946071878775], [9177147, 0.784642394928673], [9248116, 0.8218463828466818], [9248581, 0.7138863104513834], [9283062, 0.7479015614811507], [9283487, 0.7255069756251284], [9348242, 0.7626567877977282], [9358483, 0.7222815230259549], [9399812, 0.7677778692688844], [9407511, 0.7412707708183724], [9458472, 0.7489952814247264], [9470547, 0.7189297856076008], [9498894, 0.7383863128165868], [9590303, 0.8081160673668861], [9590542, 0.762194809021648], [9594963, 0.7550365882086502], [9609698, 0.763545514016685], [9614579, 0.7667913384670096], [9615286, 0.731590122415096], [9671507, 0.7396584249023542], [9687880, 0.7232331644537174], [9710293, 0.7696622044591264], [9713420, 0.7444688205647557], [9741959, 0.7919573839225931], [9750242, 0.79275247930686], [9750243, 0.7674235491442866], [9767638, 0.7791458837518771], [9779179, 0.7466177900267617], [9813734, 0.7355530380299584], [9817111, 0.6911736028600577], [9822970, 0.6967278719603983], [9857183, 0.7769004417078403], [9872894, 0.756956577492652], [9875519, 0.6922476308603381], [9897202, 0.7717592100367149], [9897753, 0.689660877806335], [9911558, 0.769125190181399], [9928511, 0.8108325723862028], [9936748, 0.7206896220386719], [9938603, 0.7068429086388921], [9949576, 0.7378191134093306], [9950595, 0.7342786010284877], [9950624, 0.6953412698849413], [9951075, 0.683099408937735], [9951088, 0.6691596715868423], [9952709, 0.6862441918421823], [9969726, 0.859259757986241], [9971585, 0.821717996182941], [9973002, 0.7192223012674015], [9978375, 0.7875063782246134], [9978434, 0.6978646305281163], [9985507, 0.8040237602904367], [9988530, 0.6679342454961698], [9989825, 0.739436368606979], [9990532, 0.7695799416715786], [9990943, 0.6972582378324418], [9992686, 0.7573811474415274], [9992775, 0.6763157068367672], [9994252, 0.7672149112042151], [9994711, 0.7488601490637495], [9995374, 0.828168145377895], [9995455, 0.782612082825889], [9997194, 0.9799916325756471], [9997303, 0.7290566669917442], [9997958, 0.6890050246746794], [9998657, 0.8149085608297194], [9998676, 0.7671501311338264], [9998739, 0.7564878119784245], [9998906, 0.8213901884908921], [9998909, 0.8040159971525088], [9998914, 0.610178131822578], [9999191, 0.7625650804505417], [9999450, 0.8704645316775544], [9999473, 0.7636568513970615], [9999502, 0.5719267698159463], [9999701, 0.9154209781786296], [9999706, 0.7006573271987775], [9999719, 0.7170456080175739], [9999785, 0.5851286681928245], [9999854, 0.830382592131933], [9999857, 0.7687695352011532], [9999894, 0.9506320419888992], [9999911, 0.48764317196950324], [9999972, 0.6085852935468905], [9999981, 0.7155015676048836], [9999986, 0.6659286141709303], [9999988, 0.45214767093292074], [9999995, 0.5231184422874514], [9999996, 0.18919513103004093], [9999999, 0.3885978055127849]]}