{"seed": 928126172, "N": 10000000, "alive_speed": 0.8195535389606402, "non_threatened_speed": 0.8195687009800922, "survivors": [[184, 0.8195687009800922], [7821537, 0.7545633802010634], [9999674, 0.6873685042806332], [9999981, 0.5319459123718652]], "still_alive": [[142125, 0.7606126919526979], [142258, 0.7357577895985693], [484535, 0.7211653492985365], [941234, 0.7393314149427493], [1294949, 0.742961384322971], [1410464, 0.7486958227597567], [1432641, 0.741934346470915], [1757184, 0.7402838482048639], [1953923, 0.7539155550585458], [2238170, 0.7716350727594503], [2257753, 0.7699547943479349], [3165634, 0.7677604854122375], [3165635, 0.7670260671267468], [3288410, 0.7373155834435826], [3585459, 0.742091808429514], [3585470, 0.7406856527971208], [3821723, 0.7609626103716663], [3821780, 0.7442048106562895], [4000303, 0.7388016866298546], [4159450, 0.7510610520349307], [4893603, 0.7824045820996185], [4905196, 0.7823520560930717], [5398153, 0.828614878916577], [5751174, 0.8102578631681606], [5761295, 0.8030540319757935], [5761352, 0.789973109036567], [5826165, 0.7851217139262487], [5951472, 0.7851699314614833], [6075949, 0.7893286354131602], [6085168, 0.7461258377717441], [6142547, 0.7543869070312723], [6334604, 0.7558482089020307], [6361399, 0.7454531004893569], [6493358, 0.7724870603373822], [6688599, 0.7979623734857559], [6698546, 0.78393786833968], [6992111, 0.7537123862057236], [7042010, 0.7364235586569843], [7320479, 0.7106224654208989], [7348716, 0.706699473748831], [7538233, 0.7585504148060349], [7538834, 0.75402492483932], [7625039, 0.7758028425408107], [7631108, 0.7558053898236488], [7635299, 0.7554869777345767], [7635534, 0.7484026700951351], [7743021, 0.7590788485810447], [7753204, 0.7546500141888581], [7837986, 0.724509557182839], [7958577, 0.698701298856523], [7986116, 0.6896591793264358], [7986541, 0.6812422534884957], [8517580, 0.8218379455987959], [8538469, 0.7709883504952586], [8545578, 0.7135453006793087], [8545737, 0.705241357157203], [8604856, 0.7266625681258156], [8646015, 0.7263847914288928], [8652864, 0.7061798493318091], [8701049, 0.7266025123761997], [8770654, 0.7381299770640124], [8894533, 0.8083830765903853], [8900142, 0.784738966845543], [9019853, 0.7694754533013385], [9042550, 0.7864950243486086], [9048289, 0.7604555334311182], [9049722, 0.7593484997120118], [9085579, 0.7879399457974374], [9105312, 0.8032264233164976], [9127489, 0.8157688998761241], [9127712, 0.7958364335932643], [9138609, 0.7704046660731129], [9259614, 0.8067219526909808], [9259841, 0.80680722163991], [9260748, 0.781841073822343], [9261641, 0.7513123089536807], [9320792, 0.7554197542442492], [9342331, 0.7519954249974434], [9346002, 0.7557796607618771], [9370177, 0.7827662397982846], [9370196, 0.7785675079156018], [9370211, 0.7777579639216364], [9373698, 0.7053979148646661], [9534543, 0.8349552754913758], [9534838, 0.8077973418288744], [9573629, 0.8216454717266021], [9574070, 0.7582310923296973], [9580199, 0.7238359566935099], [9642036, 0.765157615769513], [9646177, 0.7647557699165466], [9658230, 0.7908851748237049], [9675497, 0.7672185507129868], [9676292, 0.7095553323086929], [9676463, 0.7006004591417564], [9741150, 0.8175925696924675], [9741153, 0.8000580532339941], [9741712, 0.7487102697883328], [9746729, 0.7057264326645738], [9773858, 0.7269607280792794], [9823309, 0.8065767161188716], [9823344, 0.7719896046805924], [9828349, 0.7232492559572533], [9839558, 0.7229039640101955], [9839821, 0.6728963504972199], [9867178, 0.7346632503073348], [9867199, 0.7268186320961398], [9893744, 0.8147521608003762], [9894517, 0.809584216387412], [9897148, 0.8114978442720748], [9897319, 0.7528022351664524], [9903914, 0.7390622884512192], [9904757, 0.7287314676502745], [9911076, 0.7193559929242899], [9937727, 0.7879673980539569], [9941156, 0.7118977843739361], [9945535, 0.7277262681911151], [9945642, 0.6714227442503686], [9945835, 0.6632058953751738], [9962802, 0.7684324510862754], [9963653, 0.7447453317888683], [9963914, 0.7377223687990035], [9963915, 0.7169501923619918], [9966922, 0.7549651957901914], [9966935, 0.718600004359998], [9968420, 0.7517952287255624], [9968551, 0.7297378641474996], [9972598, 0.8298576561365255], [9972659, 0.8291549621438685], [9972734, 0.8132597100747749], [9972735, 0.7850093106853117], [9972738, 0.7757752122038631], [9977011, 0.7524062480602361], [9979374, 0.7491181969207337], [9980373, 0.7131705709895902], [9980402, 0.6923556434099194], [9981443, 0.7273197623436206], [9982156, 0.7425551737383537], [9983159, 0.7765485104569316], [9983352, 0.7231663897426173], [9987049, 0.877184337398184], [9989460, 0.8566242530023155], [9990405, 0.9299928895222868], [9993826, 0.7448500539489735], [9993837, 0.7368540177191722], [9994004, 0.7476657893068633], [9994033, 0.7319414720784015], [9995546, 0.8836957584227549], [9996059, 0.8067700200776996], [9996372, 0.7052802663779117], [9998097, 0.9719764622048294], [9998116, 0.8123650362798482], [9998259, 0.8089983938372531], [9998282, 0.8103173886035411], [9998295, 0.7651471716456874], [9998300, 0.7418369093201204], [9998595, 0.8017271721928878], [9998840, 0.7204392170370165], [9998843, 0.7141808545686184], [9999172, 0.9203369730992942], [9999175, 0.7566624726620648], [9999284, 0.8617500756812058], [9999287, 0.7834001770727943], [9999290, 0.5900232038669496], [9999365, 0.6402403645791747], [9999378, 0.5745976389613203], [9999669, 0.9061750755563583], [9999675, 0.666323567729688], [9999708, 0.6739874448511893], [9999711, 0.6223777726246882], [9999718, 0.5823226629414866], [9999843, 0.6577286715136377], [9999852, 0.617705252505758], [9999931, 0.7084632575470797], [9999970, 0.7474444441591702], [9999988, 0.26342545900258874], [9999999, 0.6174642336782472]]}