{"seed": 177791922, "N": 10000000, "alive_speed": 0.9076916146511663, "non_threatened_speed": 0.9076917054203277, "survivors": [[0, 0.9076917054203277], [1, 0.8046546019639389], [303754, 0.7814801229238303], [316531, 0.7670095448303228], [1508080, 0.7638872290006028], [9513679, 0.756672253894767], [9943078, 0.716961612935979], [9997873, 0.7140062314354745], [9998904, 0.7032047423978377], [9998909, 0.6577366976223586], [9999902, 0.6377246040697365], [9999975, 0.5195630207410872], [9999984, 0.4318829680200228], [9999999, 0.3554260021880439]], "still_alive": [[324422, 0.7556257004315399], [763205, 0.7493340892374798], [1471874, 0.786390383668912], [1472661, 0.778358969173118], [1604397, 0.750415222111073], [1694544, 0.7568601879715632], [1892959, 0.7586763686300587], [2002168, 0.7669840501023202], [2002181, 0.750508551308365], [2082228, 0.7471429285281448], [2782465, 0.7562315838024761], [2810234, 0.7168097842109227], [3533617, 0.7913939416281093], [3533746, 0.7522728453535348], [3544711, 0.7494410696728709], [3545542, 0.7453099124161903], [3844367, 0.7731241967712024], [3934258, 0.7413761644471281], [4550015, 0.7829990796190237], [4659906, 0.7964404216758398], [5164129, 0.7286155406935648], [5476842, 0.7651979258785773], [5476907, 0.7647644470817181], [5598978, 0.7286572656679106], [5837265, 0.7498354346583742], [5900470, 0.730936622242157], [6086201, 0.751644666698702], [6288570, 0.7470471851369046], [6552809, 0.7972609234582159], [6553558, 0.7895443869876827], [6607223, 0.7907522408849799], [6620626, 0.7880444314884363], [6685369, 0.7811209820765209], [6851954, 0.7862029641419592], [6950199, 0.7506287023752088], [6955026, 0.7305729247687724], [6958603, 0.7135132351201647], [7294590, 0.7766460604439659], [7294599, 0.7537358348003043], [7647482, 0.7814069028923524], [7745103, 0.777027168265276], [7745114, 0.7542261666405773], [7769131, 0.7604185986982249], [7799816, 0.7467358865059363], [8057379, 0.7663590242010874], [8065490, 0.7539019071613253], [8163259, 0.7745447460288106], [8603932, 0.8094574796109378], [8603933, 0.7554976428375955], [8660676, 0.7711332105531976], [8720977, 0.7487903622706283], [8756276, 0.7614844800423333], [8779925, 0.7683651107706797], [8859908, 0.7898597738467368], [8864779, 0.7929498143306495], [8910604, 0.7899199334767386], [8950095, 0.7691196625014314], [9003692, 0.8094495258543601], [9047917, 0.79190029567453], [9231216, 0.8155467994741369], [9231545, 0.7846495762510769], [9287200, 0.805003978548394], [9304727, 0.7242975964379771], [9345984, 0.7592184745893702], [9348813, 0.7378567317344864], [9440570, 0.7882062957988881], [9440571, 0.7757418543379493], [9444022, 0.7787383611720767], [9492865, 0.8409823882703916], [9494974, 0.7850128911095959], [9564208, 0.7404114028281491], [9584985, 0.6956859095242715], [9593488, 0.7038135450319235], [9623411, 0.7488938424116853], [9651110, 0.7991312228656327], [9662393, 0.7459034013579439], [9687574, 0.7920300453131125], [9687631, 0.7606508495693008], [9700428, 0.7793812440790215], [9734573, 0.7311698032835069], [9761736, 0.7340313600735403], [9791243, 0.7876025255614046], [9794444, 0.7099741052638057], [9815193, 0.7410889471332769], [9824902, 0.7646228911396262], [9834867, 0.7259258827848304], [9868970, 0.8389864685515122], [9873027, 0.7790760202618876], [9873298, 0.7716621724004661], [9895601, 0.7664171645278238], [9905056, 0.7980750967781058], [9905057, 0.6711989919875627], [9924530, 0.7994244196993282], [9925403, 0.7580882496719494], [9935314, 0.8173482490741437], [9936147, 0.7595186845014396], [9948145, 0.7168344020340512], [9949970, 0.7311536934823846], [9950135, 0.7108359456734539], [9950290, 0.6983486990092166], [9950495, 0.6795906787308771], [9950548, 0.6556288727290844], [9964329, 0.793304492643322], [9966004, 0.7006406508697364], [9970003, 0.7910669721868625], [9970928, 0.7797694754487043], [9976147, 0.8883933159798728], [9976272, 0.8564939846429078], [9976561, 0.8075086914445853], [9979076, 0.7267697952915078], [9980061, 0.7277484866584653], [9982316, 0.7177600563097384], [9986935, 0.8176640568755813], [9987012, 0.7812836274881991], [9989159, 0.8250889339629205], [9989612, 0.7767905486554401], [9989613, 0.7371969371210337], [9990956, 0.780089827645283], [9992319, 0.7888865489292111], [9992520, 0.7605816192773389], [9993697, 0.6920005368363844], [9995152, 0.874450777589857], [9996763, 0.5962013389829346], [9997236, 0.6766635766476847], [9997699, 0.8071467357678754], [9997712, 0.7941478015119142], [9997713, 0.727102243181831], [9997872, 0.7641081762536388], [9997878, 0.6564448733543513], [9998189, 0.6434139754598946], [9998566, 0.7865916238434524], [9998759, 0.8765727061196862], [9998972, 0.6164021718959398], [9999093, 0.5737349789705112], [9999330, 0.7100227905425617], [9999539, 0.9672014701257885], [9999548, 0.6916489906425335], [9999565, 0.649567571363525], [9999598, 0.6474116392974937], [9999611, 0.6065622106940175], [9999612, 0.6036124261714446], [9999733, 0.7825630300450772], [9999752, 0.7574930422864556], [9999759, 0.7219417611295686], [9999832, 0.550099546388851], [9999883, 0.7368252472087715], [9999913, 0.5566563778468975], [9999972, 0.611071166559657], [9999980, 0.5485680797043789], [9999983, 0.6264970894974023], [9999989, 0.31666370155585555], [9999998, 0.8095179457002827]]}