{"seed": 928126136, "N": 10000000, "alive_speed": 0.8440154011323951, "non_threatened_speed": 0.8440154011323951, "survivors": [[55956, 0.7936446070958108], [198085, 0.7926227807099674], [5494014, 0.7609322755099802], [9638663, 0.7486852396284375], [9939632, 0.7384202327623147], [9999865, 0.5768666654834645], [9999962, 0.5398970654040456], [9999991, 0.42015584435129516]], "still_alive": [[56043, 0.7908636284264409], [176236, 0.7961161708472982], [453106, 0.765643574590387], [468097, 0.7479820109346925], [1048858, 0.7961379378483567], [1112677, 0.7653037242732692], [1895240, 0.8255574824512355], [1944835, 0.784298568149179], [2329132, 0.7484747591166135], [2793979, 0.7694030431785709], [2873018, 0.7553096799583968], [3306081, 0.7527187051474915], [3330508, 0.7420025484173541], [4059799, 0.7998038903419148], [4059800, 0.7903029793445288], [4099019, 0.7620666381503134], [4101398, 0.7368678908176826], [4261897, 0.7536580457802811], [4434382, 0.7711703522732667], [4530199, 0.7683064206870744], [4530884, 0.7642117442234335], [4586457, 0.7716652952902546], [4621742, 0.7504006461262352], [4911595, 0.7659374895785762], [4999020, 0.7488600807699581], [5025833, 0.7498596316334204], [5028708, 0.7479993789868434], [5307183, 0.7602374359127283], [5366832, 0.7539948282347197], [5493953, 0.7725285841974879], [5494711, 0.7594226380375259], [5974158, 0.7605647645695987], [5978963, 0.758214911924394], [6180504, 0.7695546546167439], [6216835, 0.7250016694782124], [6470360, 0.7646999970634806], [6723383, 0.797871748774646], [6729424, 0.7800608728879337], [6729785, 0.7305491487249205], [6730302, 0.7266288709905977], [6913465, 0.7624940667862447], [6931678, 0.7612150674909951], [6931799, 0.7406992955193579], [7094872, 0.7439625718861166], [7242809, 0.7446492631662239], [7271062, 0.7479792768398749], [7491613, 0.7731118809863737], [7685408, 0.7452315221699318], [7797959, 0.77723000864242], [7798298, 0.7553368496898287], [7960957, 0.7788990398485444], [7970442, 0.7782184175598759], [7972713, 0.7629039833072442], [7978590, 0.7191543482048728], [8147559, 0.7590362390423984], [8235230, 0.7645006238484888], [8307969, 0.7654328112897092], [8308320, 0.7422224365972337], [8430537, 0.795058143003459], [8604864, 0.7990133140122614], [8614065, 0.7694916558568711], [8662958, 0.7902924316386534], [8663043, 0.7838289002498278], [8717130, 0.7382876988391532], [8719007, 0.7262859276393009], [8834288, 0.7466802655119383], [8878581, 0.7537584899994223], [8900994, 0.7387615802165391], [8956713, 0.7377348155084609], [8971836, 0.7483975885171537], [9007245, 0.7693864992132452], [9050190, 0.7314546874507261], [9058115, 0.7350740078738566], [9206594, 0.7530059882089989], [9247471, 0.7784323649132262], [9357064, 0.7222412849406761], [9455531, 0.796942222904415], [9463830, 0.7130860511174694], [9509729, 0.761013851478611], [9528290, 0.746894786784655], [9555443, 0.7704651163354227], [9593218, 0.7948206254287506], [9609563, 0.8272960457049156], [9610586, 0.8166392486505435], [9665102, 0.7196437644556184], [9665103, 0.7106164712077759], [9665412, 0.6686392264027502], [9702085, 0.7415862943146273], [9705518, 0.7467578967493036], [9726985, 0.7730886899983199], [9728662, 0.7449481964226662], [9760623, 0.7548927580253323], [9795016, 0.7347535087133387], [9818065, 0.7533688674728659], [9819490, 0.7143261090503221], [9826721, 0.7187734838157481], [9827682, 0.7130408153158337], [9845639, 0.7855135001736877], [9869596, 0.8010455485617637], [9869679, 0.7411682571689785], [9890688, 0.7090467416034607], [9916151, 0.7225468042210287], [9926722, 0.7522621085351106], [9926735, 0.7280121021427606], [9935686, 0.7768855730582128], [9937115, 0.7523364458952477], [9937838, 0.7343629399267405], [9939421, 0.7441820116913586], [9939633, 0.7303245311709499], [9940488, 0.6654445471968881], [9944635, 0.6915976936410144], [9956042, 0.8189218102863572], [9962469, 0.7407109928122505], [9967764, 0.7360650673735083], [9973403, 0.7388042199932993], [9977542, 0.8733070841086025], [9979099, 0.7802694444879852], [9981350, 0.8604458930799012], [9981547, 0.8486342669743256], [9981694, 0.8278201738141806], [9985067, 0.7793488681397424], [9985808, 0.8039394303806506], [9985809, 0.7782771798634035], [9986820, 0.7987026040320114], [9987705, 0.7557790863372815], [9990158, 0.8530810842219237], [9990383, 0.7711155414554856], [9990790, 0.7847305756447234], [9991217, 0.816454406937175], [9991342, 0.7346232636247298], [9991467, 0.7144759165969359], [9991534, 0.6791493279551656], [9993953, 0.7913554102819734], [9994898, 0.6703460067688104], [9995023, 0.6501967408526936], [9995696, 0.7322471557710922], [9996011, 0.7507657758205192], [9996170, 0.7312991329226998], [9996201, 0.5946264652987091], [9997164, 0.6585467082763405], [9997979, 0.7576141045281948], [9998086, 0.7722230613702485], [9998743, 0.7718878102264599], [9998756, 0.741502555286172], [9999169, 0.699376464578228], [9999602, 0.8664261585513008], [9999609, 0.8474634551418564], [9999624, 0.7927865638854866], [9999693, 0.8625650463306106], [9999716, 0.7470240549780871], [9999737, 0.5853796133008458], [9999824, 0.5960136641602869], [9999914, 0.5663943810100915], [9999921, 0.5115913142390665], [9999954, 0.8071614450004688], [9999955, 0.8094657697423813]]}