{"seed": 483722331, "N": 10000000, "alive_speed": 0.7975814843177902, "non_threatened_speed": 0.802645292698515, "survivors": [[63088, 0.802645292698515], [150333, 0.7843547122943211], [2277230, 0.7826667963813838], [2306119, 0.7759642416169911], [2306124, 0.7744529246872953], [2432081, 0.7682513370024724], [2728680, 0.7670248702862345], [9983221, 0.7174756078662059], [9983246, 0.7051445979406862], [9997719, 0.6269914847686109]], "still_alive": [[150338, 0.7772908526120849], [150881, 0.7472982813454343], [976064, 0.767336746296398], [1226345, 0.7374837621318132], [1654400, 0.7559030767441273], [1654651, 0.7490586844832978], [2037258, 0.784841435614354], [2180355, 0.7916334417274861], [2180394, 0.7897097774565038], [2180959, 0.788807430941929], [2180960, 0.7821331748888384], [2276965, 0.7885405286919027], [2307409, 0.7737197915689872], [2371294, 0.7764963517228196], [2729701, 0.766851452699418], [2729706, 0.726153833055424], [3601635, 0.75437453704925], [3669616, 0.7499284276301341], [3988405, 0.7522962099782631], [3988630, 0.7298613876803526], [4401571, 0.7634029197667139], [4459450, 0.7620711877947388], [4815155, 0.7877693998672458], [4815160, 0.7766184997064468], [5027937, 0.7617734062486557], [5273806, 0.7535596571931259], [5310303, 0.7133762881454844], [5557080, 0.737071609206542], [5568927, 0.7359597153886005], [5839012, 0.7643113159520194], [5860613, 0.7597447395864585], [5995154, 0.745606836948813], [6118385, 0.7469134985060633], [6380134, 0.7526943030527464], [6381637, 0.7382124263345194], [6520254, 0.7413885869487693], [6520255, 0.7323490813823326], [6565058, 0.7359187359012123], [6635747, 0.7478578292458223], [6898352, 0.7781525629317467], [6901945, 0.7460766510693404], [6962212, 0.7385200511222584], [7138747, 0.769997880662142], [7187700, 0.7589631839869158], [7633901, 0.7809537169572318], [7672196, 0.7808585275529887], [7778417, 0.7847149555802049], [7780904, 0.7728354693396601], [7812433, 0.7598218806615921], [7841408, 0.7600484899436183], [8070219, 0.8000527977591266], [8101594, 0.7578016554971042], [8154517, 0.7774428422600346], [8165694, 0.7762966478077554], [8257277, 0.7481760757133514], [8270668, 0.7525589971968646], [8344515, 0.7443059655876854], [8361766, 0.7431252997469469], [8441103, 0.7511263939937162], [8522658, 0.7481137191583354], [8620287, 0.7932243995271323], [8620408, 0.7842494955038174], [8653767, 0.7988771459840136], [8654322, 0.7893633228830265], [8663289, 0.7752014885708123], [8690686, 0.7833341895939415], [8703069, 0.776690387431282], [8842690, 0.7385309430090697], [8918153, 0.726202268284951], [9007868, 0.7547452472260036], [9057039, 0.7695887941524799], [9092554, 0.7135001328556574], [9138943, 0.7149038590005217], [9248862, 0.7479497873900546], [9249579, 0.74706200794129], [9305828, 0.7668077769419077], [9314345, 0.768490179095283], [9410178, 0.8211099286929264], [9410183, 0.8085835908451159], [9414002, 0.7736757637364416], [9414145, 0.7628981664276726], [9426172, 0.7505846057091207], [9491561, 0.8007535716355119], [9582138, 0.8027065073300953], [9582203, 0.7424152272987544], [9628800, 0.7947861945640421], [9629285, 0.7866750759962833], [9631080, 0.7290949644763958], [9670873, 0.7359030649402765], [9707970, 0.707941307203151], [9759157, 0.7825028458688333], [9768210, 0.7686808362498414], [9776267, 0.6999961356272841], [9791104, 0.7026131510484681], [9815263, 0.756147942780107], [9849030, 0.8148816536404464], [9854391, 0.7770301799215983], [9858432, 0.6995395521362484], [9868359, 0.746955357328644], [9895230, 0.8630117897780778], [9900159, 0.7986647476591091], [9904506, 0.7922830828538314], [9904995, 0.7802509389271148], [9906948, 0.7421244449266726], [9909275, 0.7175990997006337], [9918702, 0.7856308376703455], [9919797, 0.7852979894070805], [9920278, 0.7169595796238576], [9928031, 0.7297958895928724], [9936762, 0.7841562383157608], [9945439, 0.7568066564647108], [9947668, 0.7477990722861106], [9951485, 0.7983751041930129], [9957444, 0.7519356751060132], [9957445, 0.7154108505100674], [9965504, 0.8107317970663521], [9965561, 0.7887974356991885], [9965562, 0.7772177503159884], [9968525, 0.7928620323004651], [9972168, 0.7994385998877527], [9972181, 0.7983478149563615], [9972182, 0.7975549691050315], [9972471, 0.7780225059499254], [9972666, 0.7760791803233135], [9975445, 0.7241654235026239], [9975482, 0.716937178779341], [9976395, 0.7337017479655359], [9976916, 0.7288420326481646], [9977023, 0.7216997505612095], [9981824, 0.8563182520884502], [9982141, 0.7697846091356054], [9983214, 0.7917213049403823], [9983599, 0.673825149374647], [9985794, 0.6910067181636622], [9987971, 0.6919959831472148], [9987978, 0.6670737261033264], [9989605, 0.7242094375128519], [9990648, 0.7757324638563527], [9991445, 0.8132548030974751], [9991460, 0.7611147557071796], [9992371, 0.8217814063025453], [9993062, 0.7836844407683254], [9993367, 0.8162345580120098], [9994196, 0.9295454363740854], [9994227, 0.9232662921919914], [9994436, 0.8062595579067414], [9994707, 0.6353403802248937], [9995336, 0.7193953414567775], [9996409, 0.5568506497895982], [9997082, 0.6436305080920727], [9997906, 0.6441005201836849], [9998255, 0.6813950881179917], [9998272, 0.5433378127664658], [9998745, 0.6720372510945133], [9998754, 0.5690904516295217], [9998755, 0.5371191358434108], [9999034, 0.6911830606450716], [9999035, 0.6815100564515442], [9999052, 0.5771465634787293], [9999337, 0.6864138785649774], [9999502, 0.7044322587719798], [9999695, 0.7334083316647069], [9999722, 0.5210309271064719], [9999817, 0.7604931438328364], [9999856, 0.7534535519789911], [9999857, 0.7018971730400837], [9999890, 0.7800363998135839], [9999899, 0.7945664866744875], [9999900, 0.6395724813211463], [9999903, 0.6257953635347767], [9999916, 0.6655125261210413], [9999919, 0.6674219136958083], [9999948, 0.6322495096929437], [9999953, 0.6874891271071181], [9999984, 0.9466268768241486], [9999987, 0.799256943475818], [9999988, 0.819202115628549], [9999993, 0.9684261037812876], [9999996, 0.34582670559167483], [9999999, 0.38804972314570463]]}