{"seed": 928126069, "N": 10000000, "alive_speed": 0.9151712108083729, "non_threatened_speed": 0.9151738648123156, "survivors": [[28, 0.9151738648123156], [4809, 0.8719499984258056], [4069726, 0.7558434957084152], [4100247, 0.7529768586026007], [4100290, 0.7512696726362309], [8826291, 0.7468531771671152], [9877548, 0.7323480666193173], [9884765, 0.720311035586149], [9884966, 0.7113280161468197], [9994193, 0.6957906294785503], [9999998, 0.6766553512695929], [9999999, 0.5565541049405427]], "still_alive": [[218112, 0.732729856029196], [313217, 0.7387527122570114], [736740, 0.7700503320295861], [784365, 0.7609206972322056], [803784, 0.7360602300380121], [1071875, 0.7500140058747661], [1408780, 0.7405175208203272], [1546761, 0.7507582534010934], [1707166, 0.736227256953112], [2756939, 0.8311271776770603], [2757002, 0.7831425492299651], [2970723, 0.746510679022655], [3383966, 0.7646110941339597], [3390047, 0.7445490038843611], [3574754, 0.758714892881088], [3585827, 0.7583044473829966], [4061716, 0.7920744575408319], [4069725, 0.7894820812524356], [4100293, 0.742228943311799], [4385696, 0.7412853332219943], [4391033, 0.732917364268284], [5004912, 0.7280843680447852], [5019283, 0.7247165972259186], [5019338, 0.71853377869507], [5127263, 0.730926170427947], [5562808, 0.7832622942901626], [5792283, 0.780947302264316], [5793330, 0.7564413278074886], [5869643, 0.7600618824326383], [5871222, 0.7246468439975776], [5892305, 0.7184074687739355], [6037796, 0.7414864825147759], [6291893, 0.7734970778944963], [6440238, 0.7508345758239456], [6675605, 0.7892242020063871], [6751344, 0.784461967330931], [6792427, 0.7053814646912905], [7066218, 0.7500617636591169], [7253603, 0.7909081953528092], [7311124, 0.7849171642143011], [7311825, 0.7661840255126713], [7547890, 0.7737848132491463], [7659055, 0.7850127094878325], [7659056, 0.7787141134461482], [7821349, 0.7928921284601271], [7833742, 0.7033312344821788], [7841883, 0.702251138998622], [8061682, 0.7601506448186324], [8095067, 0.7637838367515517], [8198900, 0.793037277117272], [8417995, 0.770381147449953], [8421318, 0.7557104087399755], [8558271, 0.7711513393430538], [8558334, 0.763258468992749], [8558511, 0.7444828862303086], [8572692, 0.726333937598425], [8729977, 0.7718705088183175], [8810660, 0.7496762249337124], [8826862, 0.7375904526264411], [8827077, 0.7092838374962301], [9001010, 0.7440401249065183], [9001091, 0.7372810849772458], [9055390, 0.7661519885681947], [9093079, 0.7892438670913124], [9093100, 0.7078700673723576], [9309155, 0.764978233356363], [9311114, 0.7353906801343205], [9323345, 0.7423349841560026], [9403282, 0.8043424820497274], [9433469, 0.7766499185685523], [9439008, 0.7505826766906611], [9446537, 0.7480899618668175], [9485210, 0.7852241361633971], [9486569, 0.7542012517897236], [9543880, 0.7741162026159368], [9550567, 0.7201034947120228], [9560144, 0.7161479188093802], [9608183, 0.7569927424657731], [9624384, 0.7806252415841772], [9640855, 0.7451589440973869], [9643508, 0.7401347496396705], [9677567, 0.7833435050246363], [9682650, 0.7780139038662656], [9690661, 0.7920902685284134], [9696798, 0.7531113691961158], [9701971, 0.7430692403461358], [9702032, 0.6881157043442507], [9731587, 0.753499368819743], [9740250, 0.7595112016086675], [9770623, 0.8041788207706875], [9772182, 0.8008364950385114], [9772253, 0.7353344483704488], [9785362, 0.7597335281617731], [9814307, 0.7837109131054926], [9816986, 0.7628780912389115], [9831077, 0.7640595373529872], [9832786, 0.7509373573669776], [9833461, 0.7389573380446456], [9857270, 0.793080950828547], [9865459, 0.7807316715849553], [9865684, 0.7766425286366012], [9871451, 0.7429397782321365], [9871658, 0.7182700119233991], [9877501, 0.7525203073768393], [9884973, 0.6946675820561167], [9900234, 0.7155287561804871], [9900427, 0.7144859359700646], [9900722, 0.6966904552632461], [9902701, 0.6859806251122827], [9915578, 0.786866793646767], [9923827, 0.8046544222726402], [9923890, 0.7876848821839297], [9923959, 0.7031224814938188], [9924048, 0.6679601670284026], [9932341, 0.7348942727666187], [9941156, 0.7160851836279574], [9951191, 0.7838262385812348], [9957734, 0.6780895861317638], [9964909, 0.7840365912203422], [9964914, 0.7552016888304335], [9968103, 0.7305716874838275], [9974324, 0.8497313177175014], [9974511, 0.7708989408860081], [9974512, 0.7035771404146053], [9976107, 0.7003903460269996], [9978466, 0.7468872755437975], [9980287, 0.6834310554150946], [9980450, 0.665538714717212], [9982521, 0.6333006134582749], [9986098, 0.7793743658702159], [9986111, 0.7218514958723411], [9987442, 0.7456732163672652], [9988875, 0.8097494946715276], [9988900, 0.7032554852393338], [9990939, 0.8323951272489022], [9991768, 0.7345536298370864], [9992811, 0.7380634096184152], [9994114, 0.8614264202218733], [9994230, 0.6366874561530544], [9994247, 0.6299251774088939], [9994976, 0.6797966162989079], [9995425, 0.6194719109313624], [9995486, 0.6145448942382861], [9996747, 0.8142830841567843], [9997526, 0.7535217363724018], [9997871, 0.8391728515678161], [9997872, 0.7656532453408128], [9997939, 0.6937630093076124], [9997994, 0.6706025933649535], [9998049, 0.5583969521887041], [9998740, 0.8533008403073552], [9999045, 0.6585911154459477], [9999348, 0.6811239295352833], [9999661, 0.8738969516200463], [9999662, 0.7759112595748624], [9999669, 0.5816115682625147], [9999766, 0.6383228626228323], [9999805, 0.6296636944444374], [9999864, 0.7854256836383217], [9999865, 0.5898918070956821], [9999960, 0.8293659308106721], [9999961, 0.7015275743369077], [9999986, 0.7354625551363801], [9999993, 0.9738258604362886]]}