{"seed": 928126166, "N": 10000000, "alive_speed": 0.8609120977562176, "non_threatened_speed": 0.8609137334921477, "survivors": [[18, 0.8609137334921477], [1653, 0.8298605918124982], [11628, 0.8079419575955031], [11753, 0.7813856111742564], [12202, 0.7612110129131303], [7426285, 0.7471707187054426], [9685404, 0.731841092249023], [9884629, 0.7244163890045568], [9993000, 0.6912238534573207], [9999999, 0.5892620902523654]], "still_alive": [[401835, 0.7654063211890796], [697740, 0.7756309622895032], [736901, 0.7657816860628722], [952574, 0.7808354308223887], [1236703, 0.7365214236128013], [1331028, 0.7307319015103803], [1337811, 0.728750387117201], [1589018, 0.7425115982489324], [1589405, 0.7285807405212942], [1592396, 0.7237995879748678], [1634373, 0.7247026530357082], [1635260, 0.7165802556629547], [2569145, 0.7823732952739829], [2571350, 0.7681416549917444], [2630613, 0.7573597845551607], [2780726, 0.7673733372844097], [2780727, 0.76623729873209], [3183918, 0.7765196263811821], [3220593, 0.7484434962299115], [3281174, 0.7352035851978166], [3391959, 0.721092764737451], [3405294, 0.7173382576955626], [4050497, 0.7793955774247625], [4050504, 0.7666638989828851], [4050517, 0.7566808860804839], [4096440, 0.7514022599749262], [4096447, 0.7442635238500304], [4404368, 0.7645502769268498], [4420915, 0.7632073846431575], [4422072, 0.7537407275473654], [4426981, 0.7456133469471256], [4426992, 0.7393439210097155], [4428071, 0.7127935663226576], [5059174, 0.7678593888839187], [5079817, 0.7464860534715958], [5478764, 0.7552703619386298], [5726869, 0.7737801803788509], [5726900, 0.7300421104732664], [5726909, 0.7240330360907041], [5881622, 0.7418054133553004], [6096925, 0.7502412692278646], [6272982, 0.7710547680607178], [6538673, 0.7668778688796861], [6719614, 0.7975176892059977], [6723337, 0.7977031979797589], [6744436, 0.7305915561784682], [6744459, 0.7202962393101178], [7278516, 0.7696712945630044], [7279059, 0.7652092258586943], [7344298, 0.7773642551172901], [7378929, 0.765299639489356], [7378932, 0.7485354510315148], [7671954, 0.7442273381654403], [7715471, 0.7356739654296957], [7797314, 0.7268193367452508], [7848537, 0.7385159742807617], [8005480, 0.7652864156910397], [8186855, 0.7806011910692056], [8194142, 0.7295564952928472], [8194155, 0.7205879610967184], [8442946, 0.7681786074996592], [8532151, 0.791255925890863], [8596822, 0.7486218701657578], [8708739, 0.7410200011169007], [8792072, 0.7453499246949276], [8792073, 0.7357739032774562], [8792102, 0.7195958582697918], [8873509, 0.7577653563795578], [8876100, 0.7452409497570116], [8876101, 0.740962120355611], [8892802, 0.7394402589855026], [8935873, 0.7563893223134993], [8966184, 0.768319614851711], [9032395, 0.7631261457994762], [9081930, 0.7596701250306079], [9123447, 0.7926232748215069], [9149506, 0.7570361750795642], [9149577, 0.7416884046573575], [9149578, 0.6620252366947608], [9167261, 0.6734946525835644], [9332042, 0.8174857879723967], [9332993, 0.7639549606947983], [9379644, 0.7916460393823126], [9458537, 0.8345046330514079], [9464858, 0.8298896020740304], [9476419, 0.8435982935157589], [9508800, 0.7724134195510212], [9510061, 0.764855399928864], [9510062, 0.7481392589013959], [9528195, 0.757184305746484], [9550948, 0.739751202870005], [9557853, 0.7429129975891847], [9557854, 0.703439877642817], [9585381, 0.7415886057764263], [9585388, 0.7297710970423673], [9682567, 0.732217967006119], [9698711, 0.7303591108561546], [9705016, 0.7022920390635679], [9728299, 0.7545385268941345], [9758512, 0.7414902877636204], [9786855, 0.6792475591923725], [9788574, 0.6648215784223411], [9814597, 0.7490633720119654], [9824084, 0.7271363988169367], [9849787, 0.7214249413335043], [9865974, 0.7509477779187202], [9867673, 0.7156428455809942], [9881288, 0.7431673922554435], [9899010, 0.7447689630691094], [9907159, 0.7880237296156694], [9908306, 0.7156310179992887], [9908949, 0.7125908164729763], [9910006, 0.654695257137672], [9924207, 0.7538628970936886], [9935884, 0.7565824271714588], [9936141, 0.7438167923831752], [9936278, 0.7337845177852569], [9936541, 0.7086735182576709], [9936586, 0.6988645003374078], [9937905, 0.7103210101154809], [9949166, 0.7461310297642472], [9950029, 0.7086233450468791], [9950104, 0.6667742587209735], [9950235, 0.6645411127432312], [9963078, 0.8433795384894621], [9963879, 0.7373375943745334], [9964864, 0.7361592101208717], [9965895, 0.7489939781337632], [9971562, 0.7773282309977476], [9971563, 0.699864016080157], [9978988, 0.8379037591335677], [9980225, 0.8746888095350969], [9982142, 0.8358748899405632], [9983999, 0.8934045530872803], [9985366, 0.8395785020663167], [9985407, 0.758052869319337], [9986400, 0.8096463327859628], [9987449, 0.8295529209596209], [9988084, 0.812913603250833], [9988645, 0.7763553130049312], [9991228, 0.8239775310228065], [9991403, 0.8303232162507139], [9991608, 0.8203575648318038], [9991619, 0.7403743658187463], [9991622, 0.6849961120965332], [9991653, 0.6859970012254182], [9992618, 0.7637676494846357], [9992865, 0.7207608761362609], [9993029, 0.6513157943209952], [9993544, 0.6817903181360057], [9993627, 0.664016821333793], [9993886, 0.6675445900287827], [9994867, 0.7886649485093808], [9994870, 0.6617378265280335], [9995181, 0.6805831841135744], [9995336, 0.6686480846461581], [9996257, 0.7226503721186391], [9996292, 0.7288698851775525], [9996423, 0.6559174358394932], [9997196, 0.7135264614830019], [9997649, 0.804324204072909], [9997666, 0.6082845184831823], [9998423, 0.7748995271136914], [9998526, 0.6786076133085359], [9998531, 0.6772966533341489], [9998572, 0.6934183419708362], [9998719, 0.617995021681137], [9999088, 0.6533952278476894], [9999089, 0.6135566865217891], [9999368, 0.8477486696406145], [9999373, 0.7780441216556012], [9999386, 0.7613616977099205], [9999569, 0.7481836772466227], [9999574, 0.7123985228755637], [9999615, 0.7479122492648146], [9999616, 0.6887828382599941], [9999689, 0.8287335612755611], [9999694, 0.8024899656490087], [9999739, 0.6727209683966398], [9999842, 0.8923527938355157], [9999873, 0.5301834163224182], [9999956, 0.25356991326999945], [9999985, 0.703327219573534], [9999986, 0.654558867704732], [9999991, 0.18693169940254872], [9999998, 0.7847103918996113]]}