{"seed": 483722239, "N": 10000000, "alive_speed": 0.9656667703567895, "non_threatened_speed": 0.9656668669234665, "survivors": [[0, 0.9656668669234665], [37, 0.9599019019659876], [164, 0.792914386326906], [2711, 0.7788681399637594], [608688, 0.7764448745361286], [628517, 0.7747292968792341], [4420378, 0.7722398940603903], [8422075, 0.7442810653394736], [8422422, 0.7405929826780353], [8430933, 0.7365224624635494], [9999372, 0.6609258663912607], [9999997, 0.37272305615336343]], "still_alive": [[3156, 0.776764748215803], [5103, 0.7581045229795951], [300732, 0.771924644156639], [596201, 0.7781630717420449], [640152, 0.7572818434101187], [1202465, 0.7800509681861693], [1404178, 0.7418100184559026], [1575073, 0.7522819001566966], [2219994, 0.8105121607098121], [2243135, 0.7688146554103743], [2757650, 0.7487696521732811], [2788885, 0.7508923992012931], [2798404, 0.7298747961129274], [2801971, 0.7264538567572619], [3359158, 0.7824215956648751], [3507661, 0.7690544472920858], [3528136, 0.7418716063420505], [4112669, 0.7988778661339432], [4420491, 0.7609043533628408], [4802552, 0.7964433764301647], [4839361, 0.7720805903371302], [4864644, 0.7741163464623824], [4874053, 0.7526026681161685], [5028998, 0.7536480021069956], [5238469, 0.759870214827405], [5400012, 0.7400202945494765], [5527671, 0.7588738464443279], [5527978, 0.752237486610178], [5690773, 0.7591791842162521], [5791556, 0.7541082629801021], [5923509, 0.7566709758200786], [6492518, 0.8138327519701359], [6520079, 0.8128140240777822], [6528104, 0.8036760680082263], [6629507, 0.8075607728218215], [6650954, 0.7638581511777883], [6650955, 0.6962259312298712], [6651704, 0.6896446988800129], [7015533, 0.7567946725855378], [7121524, 0.7167113953467302], [7604327, 0.822373137310591], [7652454, 0.7707681642524994], [7652511, 0.7664292083877043], [7715786, 0.7567880691017538], [7768793, 0.7597655139537093], [7794446, 0.7659607442293649], [7864489, 0.7624426296243335], [7975640, 0.7793399473296796], [7980113, 0.7382696822280956], [8041634, 0.7579084966442186], [8111721, 0.7786060942789501], [8331108, 0.810166906630164], [8332737, 0.7736426168308533], [8340338, 0.772788302224926], [8433502, 0.729819398338041], [8433553, 0.7274820044350262], [8433554, 0.7126008862753022], [8523697, 0.7413676425352342], [8550632, 0.7299215421235302], [8573749, 0.7175150790966418], [8768148, 0.7447451744619081], [8892775, 0.7492161678732076], [8999214, 0.7873694656663865], [9008051, 0.7607520416652218], [9027164, 0.7726787934697392], [9030787, 0.7604088370826477], [9055234, 0.7373689245580815], [9058909, 0.7075601580223505], [9140074, 0.7540288723998466], [9153967, 0.752211053027333], [9154374, 0.7472194198357316], [9220705, 0.7513055977114482], [9275944, 0.7610602799071066], [9351303, 0.8476558475394933], [9351350, 0.8116869796011336], [9385419, 0.8402364957788478], [9385478, 0.8018292763512446], [9400047, 0.7273799179254963], [9433604, 0.7486572739242415], [9438561, 0.748796242601735], [9456936, 0.7722989352257945], [9509523, 0.7856204917466378], [9527068, 0.7751827616054662], [9579929, 0.757417021631505], [9585636, 0.7609894844524776], [9595789, 0.683395918844112], [9597250, 0.6745349184230918], [9621149, 0.696685430112503], [9643432, 0.7386447053537653], [9673301, 0.7398433430881922], [9723780, 0.7277242052694335], [9723781, 0.7272661825819791], [9766196, 0.7394412069535746], [9766859, 0.7339308986348615], [9769762, 0.738000085022647], [9816559, 0.7235950396722914], [9816822, 0.6950827154794994], [9818965, 0.6933819188630791], [9819314, 0.6945075893616296], [9826445, 0.7190978618852517], [9828042, 0.7122998730671064], [9828207, 0.6936290547233945], [9838438, 0.719409557438264], [9838783, 0.7044216480267054], [9859810, 0.8081746543630275], [9861731, 0.7291093618569722], [9864832, 0.7318943573497717], [9865901, 0.7307780716403839], [9868296, 0.7025825920903492], [9875421, 0.6855138219672624], [9891356, 0.7797422873348976], [9893207, 0.7279948051828865], [9893638, 0.7059097584801057], [9904747, 0.7804450005290913], [9905264, 0.7761670047435466], [9907741, 0.7349164162257527], [9913050, 0.6672345602994256], [9915165, 0.6508390122377617], [9919088, 0.6747024438039884], [9919297, 0.6713298369515319], [9936606, 0.8124303917105129], [9936845, 0.81092998643242], [9936850, 0.7808057662728802], [9937253, 0.7235534722573993], [9938104, 0.7320162116101444], [9950885, 0.7719233454885569], [9961328, 0.8822440126099165], [9963543, 0.7826609337118471], [9964084, 0.7593020452219603], [9966749, 0.6105938802141961], [9971470, 0.7105684939711103], [9974851, 0.7564877265652927], [9976276, 0.7579583459046297], [9977631, 0.7739590850378643], [9982670, 0.7790285561145247], [9983809, 0.7284696971064161], [9984720, 0.7560961344155912], [9984879, 0.7062785087830394], [9986998, 0.7413567595558872], [9989123, 0.8269733302310532], [9989956, 0.8290789985516371], [9989957, 0.762855326736566], [9990400, 0.7815570432056103], [9990413, 0.678547955663617], [9993664, 0.6366851306292638], [9996083, 0.666773664439008], [9997464, 0.8979700635456562], [9997539, 0.792042370698368], [9998050, 0.9526468184764942], [9998059, 0.8268251259875984], [9998060, 0.8042118654380281], [9998457, 0.8212571818796224], [9998756, 0.9088368266116253], [9998987, 0.7523612160206056], [9999645, 0.690786616236007], [9999668, 0.6418755640300393], [9999687, 0.5256314542415617], [9999794, 0.789050192081509], [9999817, 0.8648418000903639], [9999834, 0.8921013315650922], [9999841, 0.6082093647952135], [9999886, 0.70598362038326], [9999959, 0.70595740603533], [9999984, 0.8473594497107718], [9999987, 0.7006278497971853], [9999990, 0.722917386443564], [9999991, 0.5116581765331987], [9999996, 0.8385344958417454]]}