{"seed": 177791903, "N": 10000000, "alive_speed": 0.7904316226872287, "non_threatened_speed": 0.7904316226872287, "survivors": [[3014446, 0.7534922247701545], [9955929, 0.7243185090136487], [9960780, 0.7151466452540818], [9999997, 0.6412378293946318]], "still_alive": [[316704, 0.7542237713813761], [628121, 0.7689579019054673], [697302, 0.7723126534209581], [707595, 0.7543094293611047], [1066752, 0.7627442481429061], [1082935, 0.7478074374332091], [1589662, 0.7380613187965128], [1886787, 0.756944171088808], [1957338, 0.7595437929469493], [1957507, 0.753288243389578], [2564978, 0.7927621261219491], [2619419, 0.7778389855223306], [2813330, 0.7842318871582236], [2827185, 0.7567613399689163], [2887630, 0.7604856406303966], [2935789, 0.7621980453249173], [3038823, 0.7515477680339965], [3046818, 0.7286387748800609], [3047107, 0.7159926013752146], [3828252, 0.7624974109459327], [3829025, 0.7539915947943558], [3856798, 0.753287391030998], [3857139, 0.7478879989774334], [3873602, 0.7456342462112541], [4084273, 0.7520888308434776], [4620160, 0.7398806611714538], [4848867, 0.7447977974380384], [4854898, 0.7403530665998443], [4876223, 0.7263217721308025], [5084392, 0.7509278101757523], [5187267, 0.7413605772231641], [5187284, 0.7345568408302664], [5469083, 0.7564861320702159], [5525018, 0.7553976743801719], [5620941, 0.7400593414051023], [5785424, 0.7651253994446491], [5845903, 0.7629400647384039], [6064164, 0.7697372934569577], [6242347, 0.7753549626622828], [6271728, 0.7574521279990407], [6545287, 0.7658051823974928], [6545492, 0.7251216504930428], [6863953, 0.7788874686044323], [6922530, 0.7629226207531646], [7037337, 0.7519180524313486], [7260256, 0.7598430463907527], [7407777, 0.7667368881201201], [7429844, 0.7476893104762111], [7447269, 0.7459358794307992], [7499496, 0.7558517943045775], [7754285, 0.7695788368890171], [7760288, 0.7671292216514193], [7760299, 0.7456988198656999], [7824052, 0.7468078855564351], [7969913, 0.7393630409988811], [8189910, 0.7356555761896082], [8243839, 0.7488890424187591], [8487886, 0.7523800338254901], [8487999, 0.7488538681588923], [8535048, 0.7277496996026412], [8536675, 0.7052023042490128], [8669900, 0.7729197036862768], [8670617, 0.7106363996855652], [8805188, 0.7547330780602719], [8871901, 0.7380355386631567], [8916240, 0.7610281199668436], [8918493, 0.7417175983768798], [8950616, 0.7546653909950709], [8951159, 0.7478477636092381], [8954152, 0.7397837389780438], [8980733, 0.7583741170587247], [9089400, 0.8277548333826054], [9124389, 0.796909017334804], [9133292, 0.7727126602566825], [9149915, 0.7728721536057903], [9150044, 0.7469823227868185], [9223007, 0.7973611431260056], [9224942, 0.7590864822845854], [9225565, 0.7521313770183015], [9226746, 0.741305138307165], [9291037, 0.7959173037319535], [9327066, 0.7849129291072859], [9330807, 0.7706406019680279], [9336886, 0.7104814798742638], [9339783, 0.685134893596036], [9375606, 0.7164872142420914], [9376533, 0.7129386306041529], [9444838, 0.7840748243300578], [9444883, 0.7535442782683796], [9547484, 0.8006345878672638], [9547655, 0.790745811887471], [9572336, 0.7782992037490183], [9573331, 0.7458458842128535], [9604080, 0.7942191183860795], [9622529, 0.790856416579092], [9622560, 0.740778697414586], [9625169, 0.6784997099588105], [9656998, 0.7050254732231404], [9680759, 0.7507418674691732], [9715004, 0.7822920014154076], [9715309, 0.7781261274465865], [9724280, 0.730168181954374], [9726605, 0.734120315906202], [9746730, 0.781073722697282], [9752875, 0.7375392953144294], [9772492, 0.7367147124226057], [9817393, 0.7666249472071782], [9818338, 0.7569837968992935], [9833891, 0.7756079649058515], [9834694, 0.7291999457849181], [9834781, 0.719127071319637], [9843670, 0.7191437960288078], [9873377, 0.8150776901829438], [9881064, 0.8018776268245167], [9897625, 0.7444808217566183], [9900570, 0.7582253171002986], [9906227, 0.7774423335602216], [9920336, 0.779896093710749], [9921627, 0.7397226178847195], [9926578, 0.7441689897338868], [9930435, 0.6758264586360107], [9930702, 0.6745779746159596], [9945771, 0.7811461025435474], [9947280, 0.7708093992025202], [9951039, 0.77722115706579], [9951894, 0.7789121045394848], [9951897, 0.7739053878347134], [9952722, 0.7433063219175601], [9952747, 0.7354636324643385], [9954368, 0.7410889324914194], [9960957, 0.7129726806697039], [9961216, 0.6989706301470978], [9966971, 0.7857378213185411], [9967102, 0.7302588886623353], [9970881, 0.6964310821643456], [9973612, 0.6617789438401823], [9977575, 0.650302777370973], [9981700, 0.6711549321051449], [9984365, 0.725837475092223], [9986698, 0.6582293258091764], [9989089, 0.7164993124472728], [9989476, 0.7419994323435183], [9989981, 0.7074865868482644], [9991576, 0.7353398184377323], [9993089, 0.7933134109175481], [9993720, 0.6737204516493532], [9993721, 0.6570360332297971], [9995428, 0.8064240354215155], [9996101, 0.7462522023326424], [9997586, 0.7438540931211651], [9997943, 0.778030684786318], [9998362, 0.8098457913112694], [9998505, 0.8544948822180942], [9998508, 0.833184737394927], [9998509, 0.8134042396501189], [9998584, 0.8454980470746625], [9998585, 0.7611942169239241], [9998806, 0.7041824893963181], [9999009, 0.8400960439664223], [9999036, 0.8073056503036252], [9999081, 0.7769051889786709], [9999110, 0.7897335246447467], [9999111, 0.7775626607730026], [9999116, 0.766471284909415], [9999249, 0.7762279054423796], [9999256, 0.7729642995977438], [9999439, 0.8437329436554717], [9999480, 0.6980155170027884], [9999509, 0.6494073154894919], [9999638, 0.8431123353438369], [9999639, 0.7776093678185334], [9999690, 0.820475183005979], [9999741, 0.6229695475831147], [9999766, 0.547137738053457], [9999857, 0.8125077597412028], [9999860, 0.7702762996969156], [9999863, 0.679878202805488], [9999874, 0.6604456004739966], [9999921, 0.3239122924003024], [9999976, 0.677885595303824], [9999985, 0.8253854800690669], [9999994, 0.7134695324033455]]}