{"seed": 483722321, "N": 10000000, "alive_speed": 0.8738514379525361, "non_threatened_speed": 0.8738514379525361, "survivors": [[21030, 0.8074570449507106], [4113729, 0.7748297932952259], [8843926, 0.7590123760626413], [9999979, 0.5102212315470782], [9999984, 0.4874979277462155], [9999995, 0.4873562402476236]], "still_alive": [[277753, 0.7710990252194392], [290140, 0.7391015895489892], [907831, 0.7583309839686693], [1189690, 0.7771078004247469], [1205965, 0.756278701164331], [1206038, 0.7302329837402415], [2291241, 0.7368835850524486], [2404886, 0.7465868585980436], [2812553, 0.779907137516133], [2934078, 0.7830860112011333], [3474685, 0.7372593775348845], [3997502, 0.7747084920660386], [4495934, 0.7533765239278283], [4507537, 0.7536011095232277], [4738486, 0.745955343009251], [5021835, 0.7529301154416279], [5021940, 0.7367372036716652], [5412231, 0.7863185353986218], [5415892, 0.7365316569593541], [5416001, 0.7270748395764958], [5704894, 0.7735033802508814], [5720051, 0.7456896252485711], [5838008, 0.7319614976907394], [5838095, 0.7280263118640273], [6426620, 0.7746401870312783], [6701171, 0.7468250489226794], [6726510, 0.7452065084137919], [6753449, 0.7353946000760209], [6957298, 0.7791843819941224], [7050639, 0.7901317747859773], [7051002, 0.7660174500274785], [7101943, 0.7633984178842748], [7276062, 0.7387988300025969], [7288877, 0.7396894597874648], [7331882, 0.7279932988492627], [7400517, 0.7307500825603759], [7426682, 0.7246863026142142], [7562909, 0.7376096775358508], [7923250, 0.8014042002719068], [7923377, 0.800198434299374], [7923470, 0.7991218895875782], [7927689, 0.7846402528982304], [7927700, 0.7542952103347937], [7927771, 0.7264630708209556], [8098974, 0.7577211768400709], [8104873, 0.7187486717866978], [8374332, 0.8061324720770009], [8394049, 0.709342512956957], [8506160, 0.7553697564522146], [8757979, 0.7868786797534616], [8855417, 0.7432735384762852], [8890998, 0.7390965127820701], [8903439, 0.7424232653822526], [8985370, 0.7780477809366464], [8986923, 0.7664190780540748], [9082438, 0.8335228953504601], [9098477, 0.7249287665426064], [9098550, 0.7247208146938963], [9251683, 0.7716513771096242], [9262688, 0.747510779240916], [9298035, 0.7428057265420362], [9332942, 0.7800921879563221], [9366843, 0.7469494329842593], [9366844, 0.6894773988994946], [9458613, 0.7239366093671586], [9459476, 0.7171081543071678], [9519679, 0.7590177723103018], [9598374, 0.8034991830440636], [9660447, 0.7801994727300383], [9662008, 0.7364113345020512], [9667043, 0.7427276709027796], [9673042, 0.74692700110447], [9711799, 0.7808754760748037], [9713242, 0.7609500154277282], [9771643, 0.8168911762840413], [9771650, 0.7371837626880323], [9792255, 0.7749263722067973], [9803004, 0.7387615683062653], [9817635, 0.7345809530596794], [9830146, 0.7596502338952679], [9836653, 0.7579572951621611], [9837976, 0.7329343498291587], [9844189, 0.7357479415892608], [9866996, 0.8286758690048156], [9877611, 0.8169886540469994], [9877854, 0.8028735703259896], [9878439, 0.7565488667966664], [9878968, 0.7387694043424418], [9892929, 0.6921942257301742], [9896512, 0.653715339216491], [9917523, 0.7534445583701191], [9928182, 0.7903810883482354], [9930399, 0.8025495188551065], [9933514, 0.8267166734257237], [9947331, 0.8223951404593086], [9947378, 0.7999050918538634], [9949917, 0.6311210036785793], [9962100, 0.7416401595447343], [9962103, 0.6997812074861048], [9962122, 0.6250834298031896], [9968265, 0.7368073976725474], [9974186, 0.7658805402908964], [9979737, 0.647836761578349], [9983898, 0.7706597247616949], [9983919, 0.7578473176428389], [9985352, 0.683823218304019], [9985463, 0.6637323557728914], [9985778, 0.6760096217490608], [9989169, 0.7034879743808615], [9992240, 0.8166030241658115], [9993207, 0.7792833364475986], [9993776, 0.661474860939689], [9994381, 0.6959987042489831], [9995208, 0.7746766636262997], [9995303, 0.743325221600666], [9998430, 0.9222706959620265], [9998539, 0.8732846206310909], [9998564, 0.7389290830692703], [9998877, 0.8342308905726324], [9999068, 0.7444746032885735], [9999069, 0.6757241511518038], [9999078, 0.6572453519323452], [9999095, 0.6656156682913914], [9999290, 0.7103729861502524], [9999293, 0.7095946427264193], [9999370, 0.7577219855319568], [9999603, 0.9686524632859421], [9999658, 0.7760092597034455], [9999813, 0.6323543446059486], [9999896, 0.6857631273445579], [9999998, 0.40573740567102556], [9999999, 0.7740304575717071]]}