{"seed": 845, "N": 10000000, "alive_speed": 0.9858681804012289, "non_threatened_speed": 0.9858704479030322, "survivors": [[22, 0.9858704479030322], [77, 0.8947607949831229], [11690, 0.7725949824032726], [13629, 0.7579702532628405], [14232, 0.740339164642904], [9114535, 0.7399424400254576], [9833178, 0.6764259616248973], [9999945, 0.46713563218090093]], "still_alive": [[15091, 0.7397863211761434], [441996, 0.7495740922966835], [442037, 0.7447235565175859], [1109656, 0.7730351103961292], [1399149, 0.774106481123198], [1427412, 0.7662686504660199], [2516159, 0.763241022298444], [2674928, 0.7678129992100182], [2818955, 0.7546452140059662], [3342192, 0.7682248552522816], [3414159, 0.7259043479035193], [3876346, 0.7475173308444368], [3876349, 0.7364999614946646], [3937132, 0.7352912442313135], [3937139, 0.7342956929336661], [4360126, 0.7888480790754351], [4366427, 0.7389791508767685], [4712930, 0.7719973225760443], [5013593, 0.7476700389428659], [5136476, 0.7527945521312585], [5142263, 0.7345119277355547], [5229132, 0.7466747847670844], [5229573, 0.7346437315358736], [5414042, 0.7460956658893977], [5553651, 0.7623354743609208], [5687658, 0.7165729530073254], [5704133, 0.7178935953835421], [5893612, 0.7293173660646388], [6330883, 0.7786474013324415], [6803566, 0.7395708414750101], [7024109, 0.7923521888618439], [7028192, 0.7782575953783566], [7176399, 0.813050595587402], [7176400, 0.7896374557076903], [7254849, 0.752962955969545], [7368044, 0.773034615595098], [7373163, 0.753980647895823], [7602050, 0.7778318831264799], [7607673, 0.7258647547217499], [7717700, 0.7340934963005241], [7873713, 0.7271627221110439], [7955588, 0.729468566970932], [8053127, 0.7387976392320732], [8146758, 0.74997203731206], [8240165, 0.7844840648962084], [8251556, 0.785697754482629], [8307941, 0.7823135980854656], [8310046, 0.7722166608451152], [8310727, 0.7500734948901265], [8432944, 0.7827792065250573], [8467781, 0.7755623045880683], [8512200, 0.7791872009262802], [8524525, 0.7733767029517159], [8616090, 0.7465249862624486], [8742241, 0.7851675548305309], [8757714, 0.7815367033649678], [8759173, 0.7524039094949344], [8803468, 0.7479137314985378], [8952723, 0.7788489601464526], [8952924, 0.7495926826064697], [9116624, 0.721873768385386], [9154405, 0.7142892614656645], [9163658, 0.6842726408636558], [9167247, 0.6852370435955589], [9253648, 0.7645217443598258], [9254555, 0.7334954536348671], [9264090, 0.7225449567726947], [9348305, 0.7966350380865715], [9440846, 0.7481373894765534], [9488297, 0.8082461442835291], [9488336, 0.7974173943246619], [9493673, 0.7782940385216403], [9543846, 0.8553240715204153], [9543847, 0.8533644544051244], [9547438, 0.8198796873219852], [9556457, 0.7315488442266672], [9556610, 0.7174178309946659], [9573305, 0.6931405043125987], [9585578, 0.7086687924845342], [9626999, 0.7765829329325354], [9627322, 0.7769393732479664], [9628367, 0.7470148408213303], [9632760, 0.7371990991725447], [9667461, 0.7215581530772368], [9687014, 0.748075834189731], [9687977, 0.7478096453294165], [9711658, 0.8027739438846834], [9741013, 0.7859841177363828], [9741528, 0.7378379197243206], [9744337, 0.7258365700670116], [9744758, 0.7215031616085082], [9774613, 0.7281357407396258], [9779152, 0.7127015051636937], [9791755, 0.7503426410448996], [9811906, 0.8120095098601531], [9825889, 0.8280829556091492], [9826740, 0.7877821606268847], [9827529, 0.7547886377776155], [9827548, 0.701499782675441], [9833177, 0.7194432842611796], [9833251, 0.6763213760346615], [9850416, 0.6650977413556667], [9868417, 0.7450874559302888], [9868418, 0.6949163532552372], [9876243, 0.7182270471184032], [9911488, 0.8825206273599169], [9914225, 0.7784614889053415], [9918902, 0.7982921594678344], [9919067, 0.746593994026382], [9933162, 0.7292091449585097], [9938113, 0.6694922480448587], [9941474, 0.6892473658742065], [9942697, 0.6883648371052199], [9951554, 0.7330530418990818], [9953309, 0.7414552295610963], [9953320, 0.7401908416417657], [9953377, 0.7398458910635154], [9960000, 0.762177196907592], [9960003, 0.7387851954585334], [9960010, 0.7097096527110835], [9960627, 0.7129433691643703], [9960748, 0.7110944578680737], [9964973, 0.7287356106823542], [9973556, 0.7517248114885969], [9978243, 0.8569203142693826], [9978244, 0.7763227803787072], [9982135, 0.6395394616340714], [9985992, 0.6932237801411228], [9986325, 0.7073747506491412], [9986326, 0.6163735807701906], [9989735, 0.6820523072541036], [9992186, 0.8744629934303809], [9992203, 0.8037131997128252], [9993094, 0.7352760925127734], [9993295, 0.7053063661972602], [9995236, 0.7531434254362257], [9995309, 0.6650844406637604], [9995320, 0.6281653035141171], [9996673, 0.8780350500556058], [9996700, 0.8351466993109702], [9996701, 0.7801927651605255], [9996730, 0.774518014539134], [9996733, 0.7552197710628373], [9996896, 0.7893123225859564], [9997711, 0.7972850972427626], [9997718, 0.7742758707888844], [9998071, 0.7867859469003774], [9998080, 0.782676291142022], [9998733, 0.8839874910988742], [9998734, 0.7727664323323753], [9998939, 0.7308342084445407], [9999418, 0.7750837891478514], [9999427, 0.6253944428345859], [9999538, 0.6664427246990294], [9999647, 0.6965499849331419], [9999790, 0.9652653489402371], [9999805, 0.592577437997252], [9999854, 0.5411775633416296], [9999913, 0.7517683978163027], [9999938, 0.9521787627078253], [9999941, 0.9544797240924692], [9999944, 0.9431427105881894], [9999946, 0.4722356716392667], [9999957, 0.5610892850776007], [9999978, 0.6877566243354407], [9999979, 0.5710365280383408], [9999992, 0.8701688789526233], [9999993, 0.9000204205882463], [9999994, 0.4456178621711583], [9999999, 0.8210498095549364]]}