{"seed": 928126127, "N": 10000000, "alive_speed": 0.8738346467392536, "non_threatened_speed": 0.8738347341227184, "survivors": [[0, 0.8738347341227184], [386059, 0.7776244954384148], [3215790, 0.7635758787319405], [7640931, 0.7552980806855074], [8639144, 0.7512083562484579], [8803947, 0.7457900941031], [8894446, 0.7346728831442015], [9645143, 0.7250536850495797], [9996348, 0.7151862046285068], [9996373, 0.6906349016937284], [9999998, 0.3753142704356769], [9999999, 0.17298745853841602]], "still_alive": [[894134, 0.7629422820253935], [1101413, 0.7513924510389169], [1499796, 0.7772941752508963], [1980559, 0.783190175517693], [2018642, 0.7519460887338606], [2438481, 0.7928440657725373], [2458772, 0.7934865110457158], [2492855, 0.7799185131363082], [2616746, 0.7900814701899213], [2800547, 0.8057169821593008], [2800964, 0.7702781653111894], [3048179, 0.7721385252488911], [3611747, 0.7547951698899145], [4279134, 0.7393591214462027], [4520063, 0.763388523156051], [4634044, 0.7435149982181697], [4868273, 0.7592524849940439], [5041070, 0.7561539332770888], [5047681, 0.7462765803564295], [5353546, 0.7271039297124464], [5597113, 0.7598148650690371], [5646724, 0.7536213975957976], [5647631, 0.7471030731072714], [5678170, 0.7422554259514011], [6238317, 0.7705522731024038], [6239338, 0.7634274806493153], [6354047, 0.775634641526123], [6368898, 0.7747782747082534], [6416503, 0.7830315067543332], [6417036, 0.7460415176101199], [7313313, 0.7477847812975582], [7394062, 0.7689030708756025], [7398019, 0.7534979229222039], [7472186, 0.7714130023187047], [7626011, 0.7903349820164626], [7629460, 0.7562121770382627], [7714926, 0.7558931849577616], [7758689, 0.7695914427239899], [7827538, 0.7273023641968626], [7940511, 0.7608173651625205], [7947476, 0.7557057687332207], [7974567, 0.729290706140613], [8107934, 0.7562988267167496], [8261757, 0.7659701384598417], [8262632, 0.7624063181222335], [8495767, 0.8333042085444151], [8500292, 0.7815813561811924], [8545051, 0.7793762649707149], [8545866, 0.7597473648728454], [8636653, 0.7652742035038009], [8659033, 0.753027457412203], [8729180, 0.7683326606637388], [8777727, 0.783174765701155], [8803946, 0.7752504031527915], [8804086, 0.7344649704435929], [8832887, 0.7430208825922788], [8865922, 0.7554871637550231], [8866217, 0.7515272797412709], [8889414, 0.7395868931893048], [8892663, 0.7417056959837312], [8897371, 0.7271565406544286], [8908886, 0.7070680210116985], [8941837, 0.7082748244937813], [8941846, 0.7016568794646078], [8984803, 0.7118377850933513], [9092294, 0.7666211614083052], [9127655, 0.7859384700668784], [9128082, 0.7471247448079371], [9160763, 0.7638607396932225], [9200494, 0.7558720384174901], [9200517, 0.7060065185137198], [9294174, 0.756163639831124], [9319971, 0.715073190825405], [9347288, 0.7304825870918334], [9347491, 0.7288164979335078], [9386644, 0.7597014196954526], [9386651, 0.7536978992689698], [9387834, 0.7338390065208636], [9387897, 0.7115120440356101], [9391654, 0.7006265783755536], [9474805, 0.805604041041075], [9474806, 0.745119380667823], [9483921, 0.726797684976796], [9585716, 0.7533050533593532], [9643301, 0.7802765963607579], [9645116, 0.762389083803053], [9668344, 0.719664127027903], [9668383, 0.7125260117312798], [9668436, 0.7069759979688071], [9715285, 0.7236894560558347], [9732324, 0.726011143634511], [9777191, 0.7289605689324352], [9795058, 0.7725917671676197], [9800291, 0.7546805728644702], [9800668, 0.7529728087215019], [9810439, 0.7864170896374311], [9810442, 0.7729870829340139], [9817223, 0.6909998393998698], [9834096, 0.7523238532157779], [9848461, 0.7730661224239269], [9865742, 0.7264775705353022], [9885861, 0.8315208550456102], [9890824, 0.67794451449501], [9911111, 0.7639396656266628], [9925816, 0.7925725304697064], [9925855, 0.6999936153055508], [9931948, 0.7617895870945506], [9938543, 0.7860456459672507], [9938548, 0.7082158767807297], [9938549, 0.7071905708450686], [9940442, 0.7119066067243475], [9956155, 0.6681898538978782], [9959966, 0.7041800892016972], [9960479, 0.7014326926700009], [9968500, 0.7037297593209775], [9975093, 0.7781745453254559], [9975150, 0.7519641147455999], [9976447, 0.7539274596569809], [9976464, 0.7519952467908977], [9976659, 0.7358053416605213], [9976764, 0.7008037966802602], [9982173, 0.6743737651132193], [9984728, 0.7673715418069629], [9985649, 0.772883101105224], [9988700, 0.88399499506789], [9989311, 0.8597044135982614], [9989382, 0.8421567114036965], [9989609, 0.8157663782417867], [9989806, 0.8024540586254529], [9989809, 0.732603220958789], [9992442, 0.7521446823651265], [9992449, 0.6865460998519738], [9992450, 0.6594694610643412], [9993813, 0.7557211284178986], [9993900, 0.7452092541250275], [9995851, 0.8833298688052289], [9995852, 0.7673396240100603], [9996333, 0.7263589557949017], [9997372, 0.7492152351242154], [9997667, 0.8001642291379628], [9997712, 0.7014096668589009], [9998337, 0.8063980486669944], [9998438, 0.8454937831061791], [9998579, 0.7666820347864021], [9998582, 0.6466100670562683], [9998757, 0.6583176247594319], [9998824, 0.624370640577264], [9999117, 0.7868478579235226], [9999184, 0.736282820478269], [9999187, 0.6609802288298693], [9999330, 0.6015392621566149], [9999383, 0.5775967554730229], [9999488, 0.6860107321609444], [9999489, 0.6420893250125813], [9999536, 0.5513423219470764], [9999857, 0.7636472127206403], [9999924, 0.7686180069931575], [9999933, 0.6793128014934158], [9999934, 0.38923276243004257], [9999973, 0.6810881029178287], [9999984, 0.9175489993167483], [9999985, 0.85408515682182], [9999994, 0.5268260636852341], [9999997, 0.9467440406057112]]}