{"seed": 928126120, "N": 10000000, "alive_speed": 0.9329380503246404, "non_threatened_speed": 0.9329381436184455, "survivors": [[0, 0.9329381436184455], [2703, 0.874526289959092], [2906, 0.8744038691163939], [8158059, 0.7767061175797281], [9349774, 0.761931121058383], [9349789, 0.7463656756605829], [9532894, 0.7315708800583574], [9533137, 0.7163435200859825], [9999112, 0.6790458253497221], [9999807, 0.6210162129117613]], "still_alive": [[228599, 0.765702808511204], [467986, 0.762017978698913], [535367, 0.7441315199399511], [797842, 0.7564328898884299], [1138833, 0.7206884373517186], [1138884, 0.7150231564774663], [2741687, 0.7982138832579541], [2743194, 0.775335701315573], [2874431, 0.7612149440627916], [3452704, 0.7887180261563718], [3497531, 0.7846243232639161], [3578582, 0.7828400669371357], [3825109, 0.7480182464749572], [4148822, 0.771439461749073], [4207845, 0.7586436723117814], [4266728, 0.7194274070153779], [4454265, 0.7392717596094472], [4606792, 0.7354056002059345], [4613813, 0.7349779343258038], [4729530, 0.7422283733846017], [4736459, 0.7420251101700287], [4879474, 0.7160409229385135], [5092037, 0.7310117942803046], [5330668, 0.7669846053969444], [5930441, 0.7821891622658836], [5930448, 0.7723731703328751], [5931171, 0.7639991112259698], [6149628, 0.7900341723304812], [6150039, 0.7774729570696977], [6369758, 0.7899281102958778], [6372367, 0.7527139051310482], [6372556, 0.7403240677293], [6421429, 0.7249371476705698], [6517382, 0.7370890841899838], [6712709, 0.7559059589080918], [6882022, 0.7721045253895076], [6885707, 0.7554821358731103], [6888888, 0.7490890194980182], [6892343, 0.7168777424546116], [7136172, 0.7618786088268635], [7146107, 0.7400460861745787], [7146288, 0.7152953911992734], [7146301, 0.685696373403581], [7329742, 0.7291847264457174], [7329743, 0.7280358547771193], [7498702, 0.7594547508125155], [7735203, 0.7651540842427158], [7735204, 0.7502137071569429], [7948191, 0.7981413640098379], [7949458, 0.781881804177038], [7951703, 0.7817372928080497], [7987498, 0.7640735861587599], [8157835, 0.7836826591373897], [8157948, 0.777998182730557], [8294300, 0.7707342130088468], [8304453, 0.7206231866956251], [8392660, 0.7470766824706393], [8609695, 0.769988071399958], [8618782, 0.744149840957206], [8764565, 0.7314629445164045], [8829536, 0.7460924624018809], [8906687, 0.7903529334105129], [8906688, 0.7898737900310228], [8911483, 0.7809356967111479], [8911500, 0.7343304649434284], [8913475, 0.7353560088071857], [8970922, 0.7702513837030865], [9011505, 0.7825550445872704], [9067792, 0.7411543764076773], [9108799, 0.7510985377520798], [9149138, 0.7523095847207089], [9196375, 0.7907087484170143], [9202048, 0.7256297349256964], [9283573, 0.7961987474300786], [9289190, 0.7956094875215725], [9289211, 0.7932570567360584], [9331860, 0.7655725787859331], [9349315, 0.7773690018244186], [9350350, 0.7048319485147996], [9364099, 0.7137204205801121], [9408318, 0.7206522667475613], [9465201, 0.7540384774180834], [9553088, 0.7228506080150704], [9572695, 0.7436873213573182], [9579782, 0.7195392175822584], [9589439, 0.6994259025078668], [9623104, 0.6879631619514014], [9623109, 0.6741372963426222], [9623186, 0.6658605816609312], [9661437, 0.7311361615608133], [9723794, 0.7494936908380335], [9731507, 0.7634302524468842], [9744694, 0.7666234968005768], [9750369, 0.7796552074853611], [9755242, 0.787145956525193], [9755633, 0.7680459192251784], [9756948, 0.7535213091544715], [9756969, 0.7333919180539777], [9791990, 0.7395581676268479], [9807371, 0.7733967223043091], [9807752, 0.7602075054708365], [9820293, 0.8036356342901924], [9821144, 0.7620177351737911], [9844519, 0.7358741425912062], [9845680, 0.7321285187881498], [9876695, 0.7913101754596855], [9876710, 0.7804898683758135], [9878995, 0.6887279780906956], [9888570, 0.6927739009245699], [9911627, 0.7677896651641399], [9918242, 0.8134283916445191], [9919203, 0.7612119464159277], [9919230, 0.7379396069636982], [9925891, 0.7466865027634043], [9926242, 0.7085681897294226], [9945001, 0.7066422073979988], [9950582, 0.7471935214111161], [9954765, 0.7555597966004288], [9954882, 0.7451580122779582], [9957759, 0.701653748056486], [9959622, 0.7282942725344018], [9959889, 0.7262636328365244], [9962572, 0.751778430086482], [9962955, 0.7341044857618705], [9962984, 0.731595782099164], [9972007, 0.8954422772349475], [9972094, 0.8611074260768885], [9972095, 0.8557043340786393], [9976522, 0.906050471905886], [9976581, 0.9071280434462174], [9978750, 0.7560721383403013], [9984385, 0.8272276822147036], [9985404, 0.8601594964697358], [9985897, 0.6949554672141095], [9990362, 0.7848404444953531], [9991277, 0.7328820363094202], [9991574, 0.7332991654764246], [9991741, 0.6763553557807709], [9992642, 0.7197459614368003], [9992935, 0.7409090573769337], [9993104, 0.742568594905262], [9996281, 0.9432889899685654], [9996850, 0.90987308525063], [9996853, 0.886308635171566], [9997388, 0.7082493521840056], [9997915, 0.7359191957736949], [9998342, 0.7684710773714288], [9998447, 0.7513763135936871], [9998640, 0.8210540284722675], [9998747, 0.7465090836291332], [9998960, 0.7994137856362491], [9998961, 0.7684829058121581], [9999115, 0.6780542795848652], [9999252, 0.6703153123242588], [9999399, 0.6993691058322532], [9999408, 0.6365010794788291], [9999529, 0.5759026908917663], [9999530, 0.5408993815613585], [9999661, 0.6790596047275652], [9999792, 0.881793575364452], [9999793, 0.8237958895404394], [9999794, 0.7845970178020988], [9999810, 0.5152490105447394], [9999813, 0.4516965485186164], [9999908, 0.6476747619718116], [9999923, 0.7299182234677646], [9999948, 0.9061521685710118], [9999949, 0.78452317504532], [9999978, 0.5049285979613748], [9999981, 0.5777280333987976], [9999982, 0.44065675970981166], [9999987, 0.552445851609409], [9999992, 0.8585532763681509], [9999997, 0.8293516912902705], [9999998, 0.31054408216504503], [9999999, 0.45276630780050564]]}