{"seed": 483722377, "N": 10000000, "alive_speed": 0.8993674944906941, "non_threatened_speed": 0.8993675844274436, "survivors": [[0, 0.8993675844274436], [1519, 0.8209949128253035], [1910, 0.793955819862367], [7596217, 0.7690174663505813], [7603326, 0.7491367602864656], [9350261, 0.7424615346864318], [9356728, 0.7093336795666394], [9356927, 0.7001223213293902], [9376612, 0.699210719127522], [9999975, 0.6397093014525548]], "still_alive": [[6171, 0.755633403611542], [397888, 0.7518092245811835], [568033, 0.7533286428546911], [1033088, 0.7731464981440902], [1044169, 0.7631114073541779], [2114808, 0.7546805268096277], [2403731, 0.7743352670683727], [2404252, 0.7323556569054728], [3223973, 0.744613448714298], [3487524, 0.7517317968991625], [3816211, 0.7607774677314216], [3865118, 0.7458367044388203], [3926015, 0.7459336959223605], [3932730, 0.6848190333255684], [4843581, 0.7970037513036535], [4850654, 0.7746967836105286], [4941337, 0.7567330742707223], [5157036, 0.7807518870713059], [5216239, 0.7447193844444233], [5353174, 0.7491711272526961], [5471743, 0.7650046559252479], [5586520, 0.7689417119460084], [5705185, 0.7663830614093672], [5705186, 0.7549974638812958], [5750243, 0.7407484930839977], [6076816, 0.7845019928207471], [6089609, 0.7723279281311306], [6294480, 0.7653165597838927], [6294561, 0.7389374939076525], [6595094, 0.776208650204677], [6663383, 0.7591332608273301], [6802408, 0.7741479524341517], [7160297, 0.7975792004751457], [7177736, 0.8006702562037582], [7386089, 0.7739769746635136], [7560236, 0.795972066326859], [7567179, 0.7713355112890984], [7568538, 0.7703392052796054], [7619967, 0.739051626884475], [7622468, 0.738528570815101], [7629257, 0.7233370460065955], [7774136, 0.7698444374601381], [7835847, 0.7705439134668322], [8019934, 0.7682012338609883], [8251953, 0.7563364252321648], [8386302, 0.7645169928010734], [8504943, 0.7598178506245855], [8605008, 0.7729035330083477], [8612361, 0.7494820980916181], [8703192, 0.794696106538958], [8704275, 0.7931797236512595], [8748176, 0.7903903433655598], [8754615, 0.7733727061197135], [8812166, 0.7776994707430229], [8825769, 0.7505835073055109], [8902302, 0.7802147261488968], [8910003, 0.7456901998200167], [8936878, 0.7274839010886548], [9017551, 0.7786530792206765], [9029470, 0.745246819002886], [9029603, 0.7206618195844751], [9052034, 0.7129138859097557], [9089053, 0.7302049195169743], [9200380, 0.7891369914689604], [9218051, 0.7643379630836663], [9247808, 0.7410356451968453], [9345227, 0.8293703856536917], [9345242, 0.8068194586797407], [9348407, 0.788563072404379], [9349526, 0.7864534154819776], [9401399, 0.7047154035158234], [9491512, 0.7552033163281386], [9574707, 0.7409029652788618], [9591696, 0.7662151769089137], [9595023, 0.7155475517180676], [9618178, 0.7195578017199921], [9620925, 0.711615358287073], [9722854, 0.8002611889359446], [9726747, 0.7589697087789941], [9802800, 0.7399277536158411], [9802801, 0.7356191716207953], [9810344, 0.7610569878423997], [9816223, 0.7829435785385893], [9851366, 0.8372671527403054], [9851519, 0.8326920236939858], [9851992, 0.769907197515441], [9867655, 0.7982626015755936], [9870006, 0.7509722327925672], [9878891, 0.8040623029919834], [9895946, 0.6759678591420631], [9901455, 0.7032859914909937], [9919920, 0.7429436414922754], [9920353, 0.7291773202556627], [9923074, 0.7257819031957582], [9942923, 0.8789345070249732], [9943468, 0.7924271403110121], [9943477, 0.7436378007385478], [9956250, 0.8888830540447568], [9959053, 0.7800068350540831], [9961280, 0.8239886239843002], [9961297, 0.8205509965924591], [9961310, 0.697284381387643], [9963053, 0.7284834014313476], [9967376, 0.7801609839382418], [9969169, 0.8186996288508581], [9969170, 0.8027647270877416], [9975063, 0.8439812522805141], [9975194, 0.8246533155453762], [9976763, 0.7182377355495352], [9978274, 0.7677972749847327], [9985191, 0.7554084671712082], [9987118, 0.7999856273795567], [9989927, 0.8669657499385411], [9989928, 0.8298536260533351], [9991201, 0.7700723199638163], [9991788, 0.8148320349891434], [9991909, 0.7106683784532878], [9993130, 0.786854628301443], [9993739, 0.7559016272898077], [9994238, 0.7260223865623299], [9994551, 0.7444573502506335], [9994554, 0.6881080993311927], [9995765, 0.7358425650288095], [9996370, 0.8238019664559908], [9997355, 0.8661434179990747], [9997596, 0.9447564662171224], [9997959, 0.83162684397917], [9998120, 0.850744536333742], [9998531, 0.877458087899684], [9998672, 0.6424677421644689], [9999007, 0.7574694468559106], [9999060, 0.7138104848795807], [9999383, 0.8180054819331797], [9999592, 0.8271185258699482], [9999767, 0.8587014098071826], [9999768, 0.8401515551075388], [9999769, 0.8236988329596358], [9999770, 0.7166219385975637], [9999853, 0.9592909119075889], [9999854, 0.9102386987135506], [9999869, 0.907502518787893], [9999878, 0.6631754863659488], [9999919, 0.7567628069555405], [9999938, 0.7685030609051205], [9999973, 0.8763229011525805], [9999974, 0.9005867065636056], [9999996, 0.30031146489765115], [9999999, 0.6641852803482196]]}