{"seed": 177791913, "N": 10000000, "alive_speed": 0.9005209430020368, "non_threatened_speed": 0.9008136173170356, "survivors": [[3248, 0.9008136173170356], [3253, 0.880641803868102], [3254, 0.8692978197391384], [3255, 0.8639241646885589], [4826, 0.8135483246352937], [9897, 0.7994030125872551], [10482, 0.7855700570466637], [5802221, 0.7627520944911811], [9819688, 0.7297565029641603], [9999997, 0.5614765436224816], [9999998, 0.12505185160136134], [9999999, 0.05583605796410662]], "still_alive": [[453621, 0.7450696632365538], [673838, 0.7593056132674219], [673847, 0.7585719608867009], [956850, 0.7664220951085491], [1013045, 0.7695525222894106], [1364508, 0.7317047902593553], [1481065, 0.7352468356581593], [1774438, 0.7605100406375289], [1785103, 0.7489707849490307], [2124238, 0.7800738162145852], [2124347, 0.751786157413428], [2290718, 0.7411627303325542], [2502973, 0.7611937067776624], [2545930, 0.7551985516055463], [3244347, 0.7691920664829918], [3625020, 0.7517280046590181], [3939747, 0.7848333750626552], [4179042, 0.7802619355668196], [4485667, 0.7856023588023746], [4485670, 0.7835941802027161], [4488723, 0.7558742331802684], [4740144, 0.7621392918309151], [4936407, 0.7539666129744639], [5022942, 0.7465529221304822], [5235759, 0.7658324635742471], [5248646, 0.7470514799886155], [5539013, 0.7685338178995884], [5539268, 0.7620680123816851], [5840128, 0.7449642104760309], [6115543, 0.762459997544537], [6338070, 0.7646266945894559], [6415307, 0.7760870929865549], [6507658, 0.7550096042664285], [6522699, 0.7527147550970141], [6650540, 0.7794701629982692], [6850969, 0.7275058463568035], [7139318, 0.7578071822750329], [7447679, 0.7448750004106273], [7663158, 0.7664081777511006], [7683391, 0.7644329655919051], [7713222, 0.7648069244763842], [7723697, 0.721088000518919], [7767934, 0.7212705117039812], [7883937, 0.7597992896214599], [7910792, 0.7579734052077775], [7996357, 0.7823614798724738], [8003308, 0.7793124775843002], [8097597, 0.7157915969511564], [8138016, 0.7078168821069584], [8309619, 0.7628184855330209], [8309624, 0.7589644920570875], [8344457, 0.7430071254708255], [8431352, 0.7581172876434039], [8431365, 0.7460693621010132], [8459638, 0.723411109436461], [8522101, 0.7532119106434093], [8553520, 0.7485061241867501], [8555403, 0.7468665562705771], [8610950, 0.7576508719864361], [8623827, 0.749622507142797], [8766226, 0.7529937412263444], [8770587, 0.7555758936680362], [8796792, 0.7385393494726216], [8827705, 0.7087771218291823], [9033306, 0.8394839043421741], [9038261, 0.7765648724151083], [9058226, 0.7705503336525865], [9059311, 0.7531741955097229], [9059676, 0.7369683676522724], [9143831, 0.7758298767378695], [9207324, 0.7735988080311593], [9277391, 0.8299733161201327], [9277790, 0.8249229208215355], [9285903, 0.7655505409804385], [9378658, 0.7658751040241422], [9475711, 0.7620695572549585], [9478486, 0.7300053952115014], [9478583, 0.7179191432126599], [9534580, 0.7273553410326216], [9536859, 0.7249867153609764], [9564850, 0.7467638092437279], [9607735, 0.7070196705924128], [9610076, 0.7015150709781085], [9622545, 0.7204812855004068], [9624746, 0.697840060229147], [9624747, 0.6790673020641194], [9624872, 0.673680701059588], [9657925, 0.7356736161330005], [9659168, 0.7332174236882067], [9674937, 0.7273850787778944], [9718108, 0.720209895581002], [9739461, 0.7539321838055291], [9743916, 0.7471522239620547], [9745495, 0.6763827836853772], [9770172, 0.7362011005624373], [9812995, 0.7417928469471574], [9820035, 0.7165480435185674], [9839028, 0.7067575615151376], [9848009, 0.6990029582494629], [9864394, 0.7648992421257892], [9864535, 0.752018964275617], [9886416, 0.7945715823687156], [9889125, 0.7353763837727151], [9902196, 0.7457246878243796], [9912877, 0.7578011516573216], [9918772, 0.8041236179943891], [9918775, 0.8018457909297946], [9919056, 0.772610875608101], [9920951, 0.7395653962094014], [9945118, 0.8609922223751213], [9947861, 0.7949376316281821], [9952378, 0.8615128233134943], [9952883, 0.858456051285504], [9953624, 0.7422447965744345], [9954365, 0.7364428354824438], [9964288, 0.7846978361548195], [9975239, 0.7643302040411777], [9976118, 0.7682749930760716], [9977373, 0.7341712129881117], [9978524, 0.719402957961341], [9979011, 0.6464964984059252], [9986150, 0.8208139271503223], [9987843, 0.8912253053357784], [9987912, 0.7428847686182317], [9990525, 0.7688270335721008], [9990632, 0.7475202976247752], [9991463, 0.8185318044300014], [9993750, 0.7488525600418927], [9994993, 0.7847715315114462], [9995684, 0.773422933747064], [9996147, 0.5593304561932793], [9998260, 0.7991197597340872], [9998635, 0.866243663210228], [9998638, 0.8440496990786622], [9998723, 0.7262459261317906], [9999236, 0.8033322576119817], [9999271, 0.6242035884580629], [9999574, 0.684290626062669], [9999575, 0.663174153508498], [9999578, 0.6645751487131403], [9999661, 0.7793819005861703], [9999726, 0.7086353648934377], [9999859, 0.7653848412565812], [9999888, 0.6234305074161092], [9999889, 0.3843699130060828], [9999964, 0.9540297476637716], [9999965, 0.8728097744391305], [9999980, 0.826516206107254], [9999989, 0.8685218051523929], [9999992, 0.9196051057625523]]}