{"seed": 483722238, "N": 10000000, "alive_speed": 0.7728727394696966, "non_threatened_speed": 0.7745573240252607, "survivors": [[21748, 0.7745573240252607], [8995635, 0.7536869259848554], [9008936, 0.7471124699220768], [9010607, 0.7383865238495779], [9911206, 0.7173438151859574], [9999505, 0.6690884188397326], [9999994, 0.49898653833689266], [9999999, 0.012124237068664834]], "still_alive": [[45511, 0.7516677376281848], [346238, 0.7446108190120495], [346469, 0.7206360976674074], [1517656, 0.7390415044482295], [2413955, 0.7432533514079235], [3058058, 0.7711125060587561], [3219983, 0.7880686383132904], [3231172, 0.7752877760122526], [3330837, 0.7801348169482767], [3337886, 0.7718397697332755], [3803085, 0.76395490238619], [3842142, 0.75225376256384], [3848901, 0.7472837593156182], [4113400, 0.7660672958354335], [4571341, 0.7813988400250861], [4892226, 0.7541176223688661], [4961603, 0.7443815969710553], [5104886, 0.7626885626119129], [5239843, 0.7503142364694706], [5330108, 0.7477811214825603], [5558039, 0.7781896440032989], [5559274, 0.756043209469956], [5745029, 0.775072908193011], [5847660, 0.7399291810728318], [6162633, 0.7608868066604236], [6183848, 0.7597497426467862], [6248221, 0.7703787647079908], [6301014, 0.7444734522489744], [6424219, 0.7656805728778743], [6438940, 0.7685739572178338], [6472319, 0.7487486068592484], [6489364, 0.7502529898823495], [6799573, 0.805894509793872], [6799612, 0.788545862546889], [6801963, 0.766003819663465], [6813420, 0.7611494235589673], [6849373, 0.750236441593344], [7084426, 0.7941577906712575], [7172335, 0.7916444812869525], [7174316, 0.7692087812088876], [7223469, 0.7797159064217758], [7332054, 0.7816290616999165], [7392543, 0.7735635988861066], [7420534, 0.7428382778250096], [7475145, 0.7423340423610665], [7487266, 0.7179584231475992], [7689497, 0.7587162688846271], [8042180, 0.7946086041781538], [8070817, 0.7633322286154659], [8165180, 0.7565995018083849], [8268747, 0.7187901387085229], [8272228, 0.6875244240431134], [8500145, 0.7652562851208233], [8520176, 0.7398424717406978], [8521561, 0.7344338253297213], [8527544, 0.728859614235547], [8527545, 0.6968708519719194], [8619886, 0.7352551318981356], [8935455, 0.8498899605848883], [8943896, 0.8072799321067154], [8944187, 0.7456198235650693], [8995028, 0.766125711053981], [9024858, 0.7366717785265847], [9049993, 0.739297528989753], [9050112, 0.7376603131304736], [9090377, 0.7516561139871751], [9091128, 0.7170788426340599], [9168825, 0.7421518588758205], [9182522, 0.7440684670610433], [9235225, 0.7757612233499181], [9285808, 0.7490134509987817], [9295339, 0.731744208045004], [9356538, 0.7637583801465234], [9356617, 0.7597795438713639], [9357096, 0.7353056473688848], [9437131, 0.7687928820652856], [9490240, 0.7416280635550397], [9518211, 0.7587773527295569], [9540606, 0.7738325831606357], [9568461, 0.7987921356584388], [9586218, 0.7544146496395493], [9641649, 0.7251194219769799], [9651698, 0.7371923158890449], [9678419, 0.7376354619658899], [9690030, 0.7082829643056836], [9745337, 0.8401266339817964], [9750074, 0.7427138746885521], [9774983, 0.7872599807893483], [9801818, 0.8176593282172393], [9802227, 0.7448851989222751], [9823712, 0.7825969543316162], [9823829, 0.7635679262134425], [9825638, 0.7403601707976688], [9842865, 0.7456174893208175], [9870108, 0.8370488312758654], [9870517, 0.7888467423035446], [9870746, 0.7231661261360636], [9872565, 0.6837318923235964], [9895318, 0.8136017273036659], [9895565, 0.7245312513378271], [9897570, 0.7220222177955721], [9910655, 0.7658223083909735], [9910706, 0.7377636025488774], [9911007, 0.733249011375065], [9911229, 0.7122323226452332], [9917970, 0.7299737462016548], [9925343, 0.7822601152223955], [9927456, 0.6488243493109213], [9936039, 0.7342483259350371], [9936076, 0.7263090167632563], [9938461, 0.7502017610872006], [9942296, 0.7394333660019902], [9943497, 0.7499392923453515], [9948612, 0.7168460563526872], [9949449, 0.7220312099235152], [9949614, 0.6598653268142354], [9949769, 0.6474567570100747], [9968956, 0.8417239331191914], [9969165, 0.8298403215413505], [9970176, 0.6977042065197522], [9974953, 0.8279824175476957], [9974954, 0.8076575083740467], [9978869, 0.6944367497823928], [9983900, 0.7850765593453383], [9986251, 0.7905748800382643], [9988232, 0.799936816892492], [9988275, 0.7811077187080085], [9988280, 0.7415338068311268], [9988373, 0.73930925745877], [9988442, 0.5811969406949666], [9989409, 0.6314353346275339], [9990398, 0.635356904303885], [9993175, 0.8634760238425494], [9993840, 0.6682635365742886], [9994477, 0.7278891987127649], [9995584, 0.7392577854853726], [9996359, 0.8883675477153165], [9997016, 0.9105532371379625], [9997019, 0.8400178660602367], [9997080, 0.8248580206215028], [9998995, 0.6724843538086797], [9999084, 0.6730818062667131], [9999089, 0.6742763786112995], [9999206, 0.7216339739749921], [9999297, 0.7760452992806255], [9999496, 0.6893072726612962], [9999512, 0.6523885512682914], [9999545, 0.6209533296526407], [9999698, 0.7549714980818442], [9999775, 0.7280850531952661], [9999944, 0.8489944772373363], [9999953, 0.9055107753996848], [9999966, 0.8908287846940022], [9999969, 0.7966060213602724], [9999972, 0.5565094684558519], [9999973, 0.5709580433497813], [9999978, 0.539407511129778], [9999993, 0.7467649911110602], [9999997, 0.6612221269495427], [9999998, 0.9053892189097598]]}