{"seed": 483722362, "N": 10000000, "alive_speed": 0.8188217253790676, "non_threatened_speed": 0.8252616540524733, "survivors": [[78034, 0.8252616540524733], [1341583, 0.7805256691648288], [3700950, 0.7609746428038032], [8765587, 0.7582217835673577], [8767654, 0.757366295781087], [9997769, 0.7070658130370444], [9999746, 0.6398191923247062], [9999997, 0.2689631069930115]], "still_alive": [[1182791, 0.7750861958144233], [1335268, 0.788216143705739], [1345482, 0.7508548401805238], [1348925, 0.7491172047822904], [2077470, 0.7711865720254659], [2216715, 0.7698082554519506], [2291002, 0.7379192499786251], [2291615, 0.7122662525447385], [2545810, 0.7273820169127004], [2580227, 0.7208337514310014], [3139410, 0.7534609729528562], [3141775, 0.7255137444703981], [3591540, 0.7682620220384424], [3678877, 0.7611979377314491], [4135891, 0.7525982211708636], [4196532, 0.754178249107005], [4228013, 0.7363996564649632], [4966686, 0.74929162554903], [4977623, 0.7158395435873409], [5167804, 0.7381275193537159], [5202137, 0.74134200574499], [5308238, 0.7496752896403303], [5308243, 0.745849020998222], [5512324, 0.7635693824179031], [5512437, 0.7283586531054007], [5696230, 0.7508465635943471], [5819971, 0.7376904924333605], [6076528, 0.7498413992634559], [6282235, 0.7576876585533451], [6547142, 0.7586936267850302], [6554363, 0.7509426641323855], [6572466, 0.7341734402349571], [6733425, 0.7543765602975168], [6925162, 0.7591530644579411], [6950553, 0.7638780169024003], [7090090, 0.7823580873929317], [7214227, 0.7717441177333914], [7227752, 0.738098733469342], [7476559, 0.7981184225316013], [7493480, 0.7280854886109377], [7715677, 0.750382472645918], [7736248, 0.75636526602855], [7836501, 0.7546415146073041], [8032476, 0.7868555510712584], [8048121, 0.7861741321449333], [8070996, 0.7936161606123476], [8075513, 0.7723988848112667], [8190706, 0.7831606751461324], [8191049, 0.7745525082090752], [8357418, 0.777651115678447], [8357985, 0.6871001716145735], [8358672, 0.6679799804305148], [8459111, 0.7015138282312746], [8706662, 0.7607325896390191], [8758051, 0.7881479187325418], [8765392, 0.7617913453421002], [8767807, 0.752134627265438], [8810158, 0.7324282676865362], [8810215, 0.7273471177045022], [9126576, 0.7801219675572953], [9127949, 0.7391857375165216], [9232388, 0.7652650301684442], [9304279, 0.763481681650688], [9399120, 0.7828298302296949], [9404097, 0.7094555874960731], [9430806, 0.71804090548288], [9478929, 0.7485400570405866], [9516742, 0.7482474944151093], [9517457, 0.6992984589093892], [9599554, 0.7683344410775695], [9624997, 0.7926698348588904], [9627338, 0.7780941959227113], [9695631, 0.7770573709835044], [9695774, 0.7585495262517373], [9695785, 0.7205206461946636], [9696552, 0.7156509468682033], [9732587, 0.8004510179225403], [9732592, 0.7934595664886229], [9737329, 0.7810084933555945], [9741108, 0.7889522027301087], [9757879, 0.7742290513224844], [9757930, 0.7661997314864023], [9766855, 0.7404055587417753], [9778438, 0.7284439688426065], [9820367, 0.839312261692101], [9821890, 0.809924537406209], [9822055, 0.7922348641954947], [9826288, 0.7012831958417205], [9859463, 0.7402542781197771], [9881494, 0.7799561908456394], [9885103, 0.72885394270661], [9898198, 0.8151758782656211], [9903973, 0.8199985129412186], [9910100, 0.7357886683956814], [9917319, 0.7625710104590903], [9924132, 0.8253905864575918], [9924265, 0.8229390021069753], [9924746, 0.7947538517186197], [9932007, 0.7265295493147689], [9942640, 0.7846645245409333], [9943547, 0.7700759000921865], [9943576, 0.7595408805532746], [9949817, 0.7109580948835922], [9953054, 0.7031222275597264], [9962207, 0.788798176395017], [9962256, 0.6887834672095794], [9974137, 0.7338404712632152], [9976180, 0.7097603755255849], [9977693, 0.7322874901189061], [9978966, 0.6434883816756453], [9981965, 0.7128463006923641], [9982596, 0.6934648939953604], [9985641, 0.8202891099122883], [9985956, 0.8132384736117441], [9987989, 0.8484939417930359], [9988000, 0.787897780146542], [9988117, 0.7752545586893652], [9988150, 0.7772785326541092], [9989001, 0.7410094699772001], [9990116, 0.7584159323077524], [9990377, 0.7224256685189983], [9991204, 0.756735793442487], [9991205, 0.7411459823657512], [9992400, 0.6717321142700418], [9992407, 0.6170904564092529], [9992548, 0.613389737422495], [9994537, 0.6418547974666715], [9995900, 0.7923627107538309], [9996347, 0.809635570716586], [9996418, 0.6110031568775564], [9997699, 0.9303464670099102], [9997742, 0.9159393332927438], [9997761, 0.8693334004273904], [9997762, 0.8372102121600971], [9998092, 0.5966476079264489], [9998509, 0.6222451494028566], [9998510, 0.6004528540422953], [9999165, 0.9759244498812769], [9999318, 0.9822979354109566], [9999335, 0.8557062583895609], [9999338, 0.6332782815058812], [9999463, 0.6505888378427074], [9999652, 0.7840407626883211], [9999735, 0.9849240396085559], [9999744, 0.8955612021839586], [9999745, 0.843035826646553], [9999779, 0.6104111828490558], [9999808, 0.5957379747978012], [9999817, 0.5986692519038262], [9999912, 0.9943627504712413], [9999919, 0.9089317192003252], [9999942, 0.9698857090424889], [9999945, 0.8461212621029672], [9999996, 0.9581934754864824]]}