{"seed": 483722447, "N": 10000000, "alive_speed": 0.9548263777620466, "non_threatened_speed": 0.9548266642100173, "survivors": [[2, 0.9548266642100173], [13, 0.9188632251088952], [7183510, 0.7677812391206431], [9999997, 0.5386028927897193], [9999998, 0.488568162305813], [9999999, 0.20798442220833846]], "still_alive": [[187462, 0.7549385927585812], [607155, 0.7306429218977823], [2078594, 0.7826673249900395], [2097201, 0.7348116997265994], [2407396, 0.7643634195507507], [2524243, 0.7636581243363176], [2728340, 0.7567467812296751], [3128253, 0.7697276564671722], [3128254, 0.7489730586780268], [3144679, 0.7428168754405353], [3286604, 0.749209058671758], [3294723, 0.7158021155308487], [3618882, 0.7421241323789034], [3714631, 0.753380270955064], [3834230, 0.7249405050421607], [4384951, 0.7814802083739069], [4526190, 0.7740729412097758], [4682133, 0.7177253197026453], [4682218, 0.7032403470815796], [4685305, 0.703232789149899], [5273858, 0.769100269989069], [5282361, 0.7580546349843192], [5383988, 0.7587761232660074], [5386671, 0.7528559385232341], [5669732, 0.7776643236468646], [5726525, 0.769893876204974], [5773696, 0.7483655819207741], [5808339, 0.752699860691451], [5969944, 0.7610534076957574], [6273691, 0.7828348666944611], [6366814, 0.762072262161451], [6647269, 0.7734548043434032], [6647544, 0.7635575887938949], [6890751, 0.7791457313195054], [6957400, 0.7947824260699423], [6957593, 0.7832888740379995], [6959238, 0.7563082182732129], [7183441, 0.7685389345741988], [7186111, 0.7289530757946049], [7272452, 0.7500170081709412], [7356943, 0.7172620268381162], [7419452, 0.7186874098351668], [7429491, 0.7088826663702813], [7450294, 0.7078453939557962], [7728815, 0.7795377598854287], [7863234, 0.7713233300154401], [7919797, 0.7575096330483844], [8012394, 0.7912940649940889], [8037979, 0.738747925289189], [8097512, 0.7537331802022105], [8205025, 0.760804578903914], [8273228, 0.777500172483872], [8469147, 0.7573270166846008], [8517054, 0.7351619443328408], [8694537, 0.7264886140843543], [8735386, 0.7439507882516537], [8805375, 0.780850091831751], [8805514, 0.7623191539842858], [8859673, 0.764840993682643], [8860348, 0.7638172522660934], [8875207, 0.7337625150089061], [8946458, 0.7364246994684389], [8972809, 0.732072782156767], [8973282, 0.7003408770350139], [8973299, 0.693713693823366], [9120708, 0.809459575308626], [9122457, 0.7247985291952298], [9202626, 0.7872449186597951], [9233643, 0.7354031228747225], [9342840, 0.7891097516156275], [9354461, 0.765542968202791], [9367440, 0.7280953816801908], [9384967, 0.7438962046367279], [9385038, 0.7065480984556289], [9385219, 0.7027926643308785], [9472452, 0.7820095772673229], [9490801, 0.7894957576095291], [9509678, 0.7447715885576724], [9546787, 0.7929163569851181], [9554820, 0.7271072035624049], [9562767, 0.7119183341160241], [9716020, 0.816761200690476], [9716299, 0.8098764563285321], [9751178, 0.8133777586239028], [9758569, 0.7697913509724511], [9758608, 0.7670035033743738], [9779075, 0.7466710714540651], [9801348, 0.8165147172604389], [9805685, 0.6965583623119112], [9805710, 0.6948967781136202], [9821757, 0.7303392710783567], [9838206, 0.7420444478089723], [9842895, 0.7130578016573731], [9854946, 0.7446528701833593], [9882417, 0.8109069100471376], [9882456, 0.7883528839586281], [9884299, 0.6953543938021326], [9895094, 0.7269844661065271], [9901193, 0.7518806127464268], [9921774, 0.7855769028144032], [9922219, 0.6913338789867632], [9925038, 0.7160552220002953], [9940947, 0.8201050861272012], [9942708, 0.7643322603772637], [9942785, 0.7377850010062242], [9944630, 0.6701201177541526], [9953517, 0.7709532189214134], [9953654, 0.7488309231644811], [9964593, 0.7661591716486879], [9968978, 0.7887607639650808], [9970009, 0.7218245433954714], [9974536, 0.7598182584131962], [9976047, 0.7382575044417024], [9976198, 0.7194544460510164], [9980539, 0.8634555918188768], [9980558, 0.8106413275112055], [9980579, 0.719877317977223], [9982788, 0.7734290756900998], [9984893, 0.8241716055405929], [9988060, 0.714122914299733], [9988281, 0.7036431756758775], [9989504, 0.6245116928674487], [9991129, 0.7185144005522331], [9991620, 0.7599029609078045], [9991891, 0.7663514959194645], [9992518, 0.7779640053580943], [9992823, 0.7808799380695277], [9992944, 0.7714195625636323], [9995501, 0.7980228172107743], [9995878, 0.7692033264746636], [9996175, 0.8277624314547809], [9996248, 0.6716922871845443], [9996993, 0.7348062341150309], [9997674, 0.6221686667685016], [9998043, 0.7249762247833603], [9998048, 0.6947093619748594], [9998183, 0.7218561989692569], [9998504, 0.7610901287679408], [9998737, 0.8424170642353589], [9998904, 0.8238292830897487], [9999261, 0.7558737965831812], [9999376, 0.8387932701839593], [9999385, 0.8261255467995259], [9999468, 0.8835754485726092], [9999481, 0.7196351402430164], [9999500, 0.7366919237175242], [9999631, 0.7477828577727929], [9999654, 0.7768297380296015], [9999689, 0.5360654980897643], [9999832, 0.9620438487701245], [9999833, 0.6391359300511144], [9999846, 0.6929293433919718], [9999921, 0.5762359595868521], [9999928, 0.6158263496999759], [9999935, 0.5243569132525383], [9999986, 0.9089535791625418], [9999987, 0.9751680382885389], [9999988, 0.7718789120620891], [9999991, 0.8296145776262022], [9999996, 0.5835242496291674]]}