{"seed": 177791855, "N": 10000000, "alive_speed": 0.908659694543908, "non_threatened_speed": 0.9086599671418709, "survivors": [[2, 0.9086599671418709], [7073, 0.8387733210553564], [12612, 0.8155178953895408], [298793, 0.7667451023931336], [2194152, 0.7608052247426954], [3821155, 0.7517484211051167], [3943030, 0.7490752460823472], [7251801, 0.7456387774724699], [9185324, 0.736627632975665], [9678629, 0.7189870012964136], [9998108, 0.7138879865519908], [9999909, 0.5098583491167996], [9999998, 0.2325798327923302], [9999999, 0.1564723027523709]], "still_alive": [[84105, 0.7636755573349898], [223082, 0.7679483719815509], [352092, 0.7570094211740698], [353947, 0.7480003530083429], [359588, 0.730532220304573], [865321, 0.7647791914547216], [1711710, 0.7701030744639404], [1712653, 0.7677913397078518], [2063570, 0.7922982104409928], [2194035, 0.774862076443964], [2231265, 0.7325449066456478], [2565680, 0.7512445762794768], [2719763, 0.7632771199935646], [2728136, 0.7604482102597406], [2763145, 0.741994728580521], [3157124, 0.7639718753326802], [3190171, 0.7555614384536736], [3190176, 0.7537672951515398], [3514571, 0.7790097217902625], [3519020, 0.7572530363390857], [3544857, 0.7485036855497124], [3760234, 0.769033072252826], [3991817, 0.7399557208409413], [3992686, 0.7293372622406727], [4430547, 0.7579409584468825], [4754034, 0.7591980298498452], [4906703, 0.7498509711101532], [5100778, 0.7709039772701667], [5211797, 0.7794769896218041], [5695174, 0.7470632350191353], [5705561, 0.727569118199677], [6067450, 0.7495438443378684], [6067451, 0.7237634450055351], [6206694, 0.7491663328193672], [6337561, 0.7518889877767401], [6566306, 0.7080023980058289], [6809407, 0.7506769353990844], [6840008, 0.7464627030431793], [7040339, 0.7620718985705619], [7208762, 0.7542387125069208], [7274470, 0.7272866688758347], [7623105, 0.7557177799339981], [7718638, 0.77205832538983], [7718933, 0.7397997729926684], [7721688, 0.7187748307599398], [7733401, 0.7111310765364], [7985216, 0.792715135177439], [7985223, 0.7913735688899328], [8253156, 0.7754207433221882], [8253175, 0.7466367481186007], [8513964, 0.7346930181516947], [8625709, 0.7482241223775055], [8633236, 0.7112662368987391], [8663327, 0.7200704797316648], [8701866, 0.7267989516765342], [8701899, 0.7171891903325591], [8719164, 0.7223535093840371], [8905081, 0.8025641990191835], [8919596, 0.7648917605614023], [8982741, 0.8085420943603103], [8989938, 0.7749708973112892], [8989941, 0.7212661065182728], [9017518, 0.7356164564376979], [9017711, 0.7282796672152232], [9180870, 0.847330041751048], [9181025, 0.7804674350802092], [9181076, 0.7447039610347841], [9184893, 0.7469647251642835], [9185413, 0.7351685389821881], [9190322, 0.7303852520761281], [9240795, 0.7665507224805663], [9240798, 0.7365532401754411], [9259553, 0.7452976279850346], [9302862, 0.7671685719856529], [9313147, 0.7597115164369791], [9355520, 0.7963899212278587], [9357703, 0.7388547883652727], [9415296, 0.738236722537183], [9438447, 0.7679308876208435], [9467800, 0.8036230652133104], [9489917, 0.7433743013529694], [9513518, 0.694736095184656], [9565925, 0.7623243601929119], [9597766, 0.7496390524715568], [9605615, 0.7579193215044205], [9678352, 0.7581657872957209], [9734000, 0.726149802358607], [9756775, 0.7499971791757296], [9757950, 0.7397715875364641], [9764031, 0.7071451300013892], [9764970, 0.6761783307909152], [9802237, 0.7669415978213551], [9802376, 0.7151367547989427], [9834753, 0.7657009482058988], [9834754, 0.7552785787880064], [9838987, 0.7734602058991861], [9843854, 0.7277095773582429], [9851781, 0.7571266257474609], [9854082, 0.7340068041897435], [9868483, 0.7972008801557454], [9889494, 0.8162663708690587], [9889577, 0.806714307705837], [9889578, 0.7457463552600119], [9893155, 0.7263137288356707], [9897962, 0.7543437109091887], [9897967, 0.7542385038837096], [9903976, 0.7095956751716154], [9906197, 0.6972044205361101], [9906202, 0.6565704148128286], [9906261, 0.6484887149637598], [9919056, 0.690045582194933], [9927511, 0.6977461094892321], [9935004, 0.7676937074457792], [9937481, 0.67465762773233], [9944992, 0.7040876234679683], [9950117, 0.7583368798255781], [9950538, 0.7632286700106243], [9950539, 0.7107029330385257], [9959664, 0.7173142651348274], [9966243, 0.7052788393518177], [9966252, 0.6534384199539562], [9972063, 0.6766984943235561], [9977602, 0.7791054979162462], [9978341, 0.7658223334052776], [9979918, 0.6900002444494895], [9980213, 0.6855300218796465], [9983922, 0.7690475393132387], [9986145, 0.819855123145763], [9986146, 0.7841143749278355], [9986225, 0.7031190431834581], [9989796, 0.9076407152734574], [9989799, 0.8835964718118946], [9989802, 0.8316304096650478], [9993023, 0.8965001275381788], [9993318, 0.8088457788425261], [9994113, 0.6132830816980712], [9994964, 0.7167755865808048], [9995155, 0.7430300428041695], [9995702, 0.7337203062481373], [9995967, 0.738108841440684], [9996252, 0.7749373677656635], [9996273, 0.7237278665869308], [9996276, 0.7219186259413806], [9997687, 0.8686495461681869], [9997772, 0.8410049195021624], [9998107, 0.8919196914672594], [9998165, 0.5499581750064585], [9998230, 0.545542249823934], [9998315, 0.5658854295827025], [9998442, 0.6066383991486222], [9999269, 0.7038981524988315], [9999366, 0.799419210249143], [9999413, 0.64542484264495], [9999622, 0.8350009832300213], [9999645, 0.7121676279770737], [9999714, 0.6530724641529496], [9999715, 0.640590064282102], [9999818, 0.7578274984376104], [9999827, 0.7407899283409457], [9999860, 0.6962928684565415], [9999926, 0.5051851570413035], [9999957, 0.5786952086969825], [9999960, 0.5918149276167616], [9999961, 0.4915224056090266], [9999962, 0.3799671806371603], [9999983, 0.829250348850064], [9999990, 0.7285373257148242], [9999991, 0.5075453750076857], [9999994, 0.7403194523672885], [9999995, 0.6958491904978629]]}