{"seed": 483722407, "N": 10000000, "alive_speed": 0.8379201629433792, "non_threatened_speed": 0.8379204143194784, "survivors": [[2, 0.8379204143194784], [558557, 0.7768420484314422], [561416, 0.7668521776565725], [624161, 0.7587830694755079], [941654, 0.7571217760029386], [9999991, 0.49908206966120483]], "still_alive": [[1211785, 0.7423365415548203], [1408756, 0.7430867493702414], [1945263, 0.7529206468665011], [1996254, 0.7396275835198588], [2216613, 0.7357517424453262], [2901914, 0.7647756513604346], [3412851, 0.7574990947894366], [3412852, 0.7391320573790181], [3625935, 0.744916701109353], [3675048, 0.7467089411316876], [4110205, 0.746942745797843], [4537266, 0.7501692199947145], [4537267, 0.7469323022313181], [4866064, 0.7798303580089816], [5319223, 0.7700392475094752], [5319688, 0.765754996317244], [5319691, 0.7501066219132426], [5429206, 0.7424889117624176], [5739383, 0.7814548181725286], [6026616, 0.7862865479894439], [6169335, 0.7770553679790316], [6184074, 0.7479676832145672], [6388827, 0.7727870497760089], [6609300, 0.8058410665934922], [6609305, 0.7942854104012331], [6609380, 0.7931072571497477], [6609391, 0.7898499923285947], [6704888, 0.7789137878412086], [6719345, 0.7742133463461669], [6745878, 0.7620336416751535], [6978113, 0.7924381440085231], [6979016, 0.7861388508305945], [6996303, 0.7372570142900254], [7079962, 0.7430642576213647], [7085427, 0.742030820647467], [7267090, 0.7853788327797161], [7277561, 0.765208576816532], [7469054, 0.7362946166057075], [7796357, 0.7943984136411577], [7801874, 0.7881604981835741], [7801931, 0.7848062273354139], [7844720, 0.7944607007095111], [7844911, 0.7744623280245739], [7878066, 0.782133912803341], [7885965, 0.7568216094513356], [8051262, 0.7454212843362381], [8252363, 0.7396141457327812], [8361146, 0.7871739737588747], [8378825, 0.790414772186433], [8378894, 0.7722271527270346], [8379299, 0.7458134611685707], [8382136, 0.730302638138417], [8600083, 0.8008315130347018], [8631634, 0.8158172595068541], [8682373, 0.7966832766707951], [8692338, 0.7811000768953921], [8715927, 0.7151484517052951], [8716080, 0.7119444919165946], [8832897, 0.7531412507824681], [8875790, 0.7495644623858858], [8876193, 0.723721141129886], [9018602, 0.7300953374249043], [9034281, 0.7186865006651012], [9173560, 0.8085632807810843], [9210587, 0.744760524180615], [9228518, 0.7601516923954778], [9235535, 0.7491042543121611], [9249988, 0.7634295278428239], [9267809, 0.7752689716653921], [9267830, 0.7700862952042555], [9279143, 0.7460960801349187], [9333438, 0.8060613637602569], [9334203, 0.758233382128321], [9334228, 0.7422619163031973], [9370257, 0.7697834994168803], [9370462, 0.7536743258722067], [9457481, 0.7982662971873377], [9468878, 0.7686155757408041], [9480575, 0.7552839889410287], [9523650, 0.7869699937198178], [9524179, 0.7276077485593463], [9540880, 0.7306660041535182], [9556787, 0.7499493247891248], [9568724, 0.7647834068526831], [9591481, 0.7615350198643009], [9591530, 0.7512358459233507], [9593521, 0.7342075102408848], [9617344, 0.7786197799352542], [9622317, 0.738989771387856], [9639786, 0.7486068875388676], [9641125, 0.7434615068275724], [9641128, 0.7376472866473136], [9674137, 0.793961790198804], [9674150, 0.7895437991859238], [9674887, 0.7282806647474181], [9706856, 0.7723526712499974], [9721497, 0.6542699240108185], [9776208, 0.7854979845244158], [9776667, 0.7670988978729446], [9792434, 0.6854531138995735], [9828869, 0.7422069497984687], [9828870, 0.737262277193399], [9828899, 0.7193302361915783], [9848242, 0.7508474293277886], [9850219, 0.758942349723283], [9851102, 0.7128820065953304], [9857793, 0.7374449670214378], [9874868, 0.7259073218686932], [9887971, 0.7497258435306247], [9888810, 0.7392936621134205], [9899359, 0.7842991576138145], [9903970, 0.7183571121653818], [9904897, 0.720217499046087], [9916416, 0.7084612254924322], [9931027, 0.7808104742672193], [9931156, 0.7659397885705085], [9938653, 0.6971566830976689], [9952142, 0.8249371708630693], [9954053, 0.7884020473744459], [9954470, 0.7804983999455448], [9954471, 0.7698748056368574], [9954474, 0.7639436709146205], [9959481, 0.7962799771546993], [9961490, 0.7347873173349049], [9968321, 0.8521440829124651], [9970096, 0.7194394001380034], [9976531, 0.7968154043491668], [9976532, 0.7443651935611104], [9976613, 0.6605064530567366], [9977958, 0.6760306206677229], [9977959, 0.6659508633275112], [9980684, 0.7451769553498596], [9981811, 0.718086257701649], [9982906, 0.733938520162945], [9983163, 0.7011377931253595], [9983182, 0.6611839017263964], [9987999, 0.8237214368409134], [9988224, 0.7395250648040083], [9989557, 0.7706465631246843], [9992752, 0.7974485550539978], [9995681, 0.84527850644012], [9995686, 0.837850230624221], [9995723, 0.7509088456449433], [9995748, 0.6939670428800874], [9997021, 0.7956507562799205], [9997212, 0.719344767975188], [9997791, 0.7292183632029448], [9997888, 0.7574589252419796], [9998141, 0.7640360294614099], [9998286, 0.7935070031199182], [9998617, 0.8133271357986], [9999268, 0.8654697464491058], [9999331, 0.7300894855674886], [9999686, 0.8155125495081048], [9999689, 0.7215673459717152], [9999820, 0.7234169615974123], [9999825, 0.6383231539324069], [9999878, 0.7725047367667], [9999935, 0.8470371928449221], [9999988, 0.7541552852053008], [9999992, 0.34710018235344553], [9999999, 0.557661636020271]]}