{"seed": 177791850, "N": 10000000, "alive_speed": 0.7805285682532341, "non_threatened_speed": 0.7860663112925729, "survivors": [[2352506, 0.7709059830114438], [7804333, 0.7616445670691405], [7849964, 0.7536675148734729], [9487669, 0.722699748581412], [9995042, 0.7004351597181485], [9998845, 0.6494522760035188], [9999974, 0.5902791748613762], [9999999, 0.130313036748819]], "still_alive": [[70712, 0.7860872263007086], [665611, 0.7564979139155225], [669950, 0.7492659850646024], [781659, 0.7500784155614973], [933288, 0.7559712716681052], [1129377, 0.7721485908272337], [1538526, 0.7754982594877643], [1538859, 0.7746527489033683], [1600612, 0.7646673642140812], [2120887, 0.7857447544669258], [2264366, 0.7875066881284805], [2281267, 0.7867416108503305], [2352893, 0.7306392603361633], [2707564, 0.7219552888679985], [3006745, 0.7442007733133481], [3572682, 0.7793140368755339], [3594683, 0.755899427263111], [3601348, 0.7405864246480081], [3663397, 0.7385028081886474], [3910524, 0.7589502072222225], [3938145, 0.758300079037131], [3976172, 0.761895486402538], [4208609, 0.7909460195939498], [4335918, 0.7618609765053053], [4791971, 0.778739027835088], [4847976, 0.7735035134958844], [4875435, 0.7528599793174136], [4925462, 0.7328531340430691], [4926037, 0.7181722415354844], [5800862, 0.7807268380452939], [5858325, 0.766407575256818], [5967494, 0.7635153367050264], [6035063, 0.7429466385554698], [6228472, 0.7558247688650517], [6236513, 0.726683618048334], [6236650, 0.720228939259309], [6560043, 0.7550475284056978], [6570070, 0.7311502477578632], [6574063, 0.7256919725492501], [6644314, 0.7382553881127624], [6703663, 0.7382856452441604], [7014004, 0.7976760542991509], [7025083, 0.7684616522771665], [7041544, 0.7708955367819528], [7279777, 0.8065539497422664], [7318750, 0.7734364216597589], [7349617, 0.7423327058978727], [7354028, 0.7236165156216935], [7785151, 0.787938943321346], [7803600, 0.7640695552084497], [7914203, 0.7426074646789296], [8063652, 0.7797646716489246], [8102837, 0.74903987188238], [8135158, 0.7337917909336942], [8167189, 0.7211056910784932], [8253266, 0.7153824913487393], [8466999, 0.7684814339895971], [8548818, 0.757765734633509], [8696585, 0.7742543891025124], [8709320, 0.7688125332326935], [8721469, 0.7623851245931632], [8721470, 0.7401324027644626], [8775705, 0.7365771767174508], [8912294, 0.8079273873964562], [8914509, 0.8066845536533502], [8914516, 0.8018466501975977], [8914521, 0.7883534630525398], [8937506, 0.7967293857372411], [8978735, 0.783490889471083], [8981192, 0.7473128592066773], [8983127, 0.7360559386448764], [9036428, 0.757513908997628], [9036429, 0.7507916963037324], [9042732, 0.7276101763131629], [9132935, 0.7628041121486556], [9133320, 0.7297862858371804], [9181975, 0.769066347684957], [9203844, 0.7827624538725393], [9215889, 0.7944082956661462], [9218962, 0.7739402321713335], [9218963, 0.7607036372691866], [9239722, 0.7564939486020944], [9239723, 0.742982888173763], [9290662, 0.7433948854088231], [9302673, 0.7511688342502609], [9340802, 0.766768839524768], [9368937, 0.7646840698101659], [9382522, 0.7635047481369618], [9383825, 0.7346718178483085], [9415802, 0.7512990369094382], [9439811, 0.7800145568086344], [9439814, 0.7520034615022958], [9487680, 0.6920192465220073], [9487725, 0.6888522247169381], [9507098, 0.6571592724015677], [9608677, 0.780107100994843], [9614138, 0.7470840010263435], [9635379, 0.760429515716629], [9658238, 0.7718459429823161], [9669397, 0.7244853417958735], [9685922, 0.7059030402197571], [9724165, 0.7672578392873123], [9724832, 0.7576003947997111], [9726015, 0.7594338699388505], [9726816, 0.7418300361363538], [9726817, 0.7169146999923875], [9741198, 0.7544886324812902], [9741883, 0.7459921651711691], [9742732, 0.735675088280449], [9742837, 0.73324268698454], [9751080, 0.7490503969510364], [9755735, 0.7530381577860941], [9799802, 0.869887312890027], [9799853, 0.8187697554637333], [9799864, 0.806115281222537], [9806189, 0.7808268770645981], [9822688, 0.8533125344710991], [9827051, 0.8189943562344124], [9828408, 0.7902869841340118], [9831629, 0.7217083218571816], [9841660, 0.766456724273379], [9844471, 0.7366314602020748], [9850660, 0.7073967404049195], [9868429, 0.7532744028176698], [9879074, 0.7861727927622051], [9893411, 0.7888594967548032], [9893454, 0.7846198260225665], [9897187, 0.7461014465352847], [9903602, 0.7599881414869183], [9910835, 0.7764104657582198], [9916904, 0.7947206551499283], [9929157, 0.7084438597302337], [9937616, 0.7745076653025665], [9947697, 0.7521232739784202], [9950452, 0.7794294869825357], [9950503, 0.740615352541678], [9958644, 0.879365414104455], [9958653, 0.8721925054907607], [9958654, 0.7775448002935839], [9961541, 0.7492384270401478], [9962506, 0.7072567193552692], [9962735, 0.6627074117574571], [9974962, 0.828921735993221], [9977179, 0.7728176372422563], [9977786, 0.7382282357674367], [9977969, 0.703366684177351], [9985000, 0.9239057187541083], [9985009, 0.9009197880232439], [9985552, 0.8591241037344731], [9985659, 0.8572497024981116], [9985666, 0.8012396259587207], [9986805, 0.8293031647035379], [9986918, 0.7880975518750749], [9989399, 0.9052002305381747], [9989934, 0.9198992533024126], [9990325, 0.807202041433809], [9990332, 0.7570992868988746], [9990861, 0.7399520971879905], [9991526, 0.7699753109941679], [9991537, 0.7554598049105139], [9992076, 0.7257484285806468], [9992301, 0.6903679079974816], [9994678, 0.8332126220593853], [9994679, 0.7969146530634597], [9995539, 0.6599649445306079], [9995904, 0.621298928730836], [9996749, 0.6634355798990108], [9997550, 0.6844241227187537], [9998011, 0.7615670456195335], [9998312, 0.7207379714833495], [9998443, 0.7238614096382415], [9998748, 0.7864680737029442], [9999090, 0.6059280662150485], [9999127, 0.5553843789036469], [9999424, 0.7470361189192278], [9999427, 0.7221168010546687], [9999630, 0.8253625007331276], [9999703, 0.5835395893773696], [9999888, 0.5261533739041747], [9999923, 0.7464722971942795], [9999930, 0.784984484824058], [9999945, 0.6427102012719921], [9999956, 0.7548441426844679], [9999969, 0.6846788323666384], [9999977, 0.5093424334254089], [9999988, 0.5378394154413534], [9999995, 0.5723795437805396], [9999996, 0.652735552721502]]}