{"seed": 177791786, "N": 10000000, "alive_speed": 0.8378164878624372, "non_threatened_speed": 0.8378254525938835, "survivors": [[106, 0.8378254525938835], [157, 0.820320670238096], [27252, 0.7883416197330658], [33233, 0.7655671098299903], [370072, 0.764932013197334], [1328841, 0.7576100715195173], [4767204, 0.7496383026871473], [9511855, 0.749610826448215], [9976202, 0.7296757449609477], [9999999, 0.26086455399351605]], "still_alive": [[928665, 0.7562970019046601], [1283322, 0.7696279055651273], [1484010, 0.7490586155395625], [1496781, 0.7445658656310866], [1742602, 0.7591337524318841], [2239971, 0.767023777733832], [2429514, 0.7771181557604132], [2547727, 0.7598970925918084], [2556320, 0.7508379838997856], [2683109, 0.7634179697047465], [2922294, 0.7848759777251821], [2922415, 0.7659590712548296], [3133914, 0.7708093867752341], [3428919, 0.7463083455882504], [3666902, 0.7664641862450291], [3907471, 0.7516605142603698], [4279592, 0.7337660253431458], [4754681, 0.7747857798543765], [4797215, 0.7298227556136633], [5393472, 0.766997125722241], [5393775, 0.756848509161115], [5897744, 0.7703883994723038], [5909761, 0.7511717689991466], [6120872, 0.733867317672557], [6618075, 0.8071747256660629], [6641332, 0.7765614597634829], [6645479, 0.7384598916691699], [6877770, 0.7412265524003447], [7052103, 0.77802339057552], [7056090, 0.7574370802515966], [7205757, 0.7847457641981487], [7206754, 0.7802076943111745], [7241715, 0.7708168445928227], [7280674, 0.7135888568346911], [7282993, 0.7019826418273348], [7295292, 0.7023873626795499], [7295293, 0.6935125848140123], [7369736, 0.6965495522542897], [7595973, 0.7458750714783616], [7600714, 0.7266392347960824], [7845737, 0.7459888682185533], [7922566, 0.7662431585517274], [8003245, 0.7652688544145992], [8219170, 0.7437901878152127], [8467975, 0.8026509543799984], [8471458, 0.8015330458798496], [8487921, 0.7442843613981638], [8581432, 0.7769214984002571], [8735465, 0.7941360737743803], [8735752, 0.791120038598303], [8894869, 0.7642401344667107], [8979942, 0.7788751809023485], [9040625, 0.7655485995539514], [9042072, 0.7452049108736108], [9062483, 0.7341346293819033], [9229760, 0.804914753824357], [9265723, 0.7875970423402733], [9307576, 0.8237465970654868], [9318685, 0.7788180508079534], [9323528, 0.7517549841894433], [9323773, 0.7345035457290908], [9385960, 0.8041236664113303], [9397847, 0.7556507088744471], [9414288, 0.7684111288405203], [9414305, 0.7576641613303522], [9476634, 0.8323959447192613], [9476635, 0.8058593838544263], [9481972, 0.8068294489770043], [9488073, 0.8055080766612718], [9490036, 0.7710950879628522], [9490037, 0.7704978800182788], [9499316, 0.7797344214883201], [9513480, 0.7384775514889691], [9515979, 0.708129884279395], [9518864, 0.7031270784510298], [9544431, 0.7227816007323972], [9578032, 0.7650633797067393], [9587481, 0.7428799807576476], [9632110, 0.7791921838017349], [9632501, 0.7381892353301176], [9643684, 0.7358797623959751], [9698627, 0.7802879932629716], [9698662, 0.751742123352987], [9706569, 0.7656256662706878], [9742348, 0.735786433957395], [9742349, 0.7309700667195409], [9742718, 0.7216467762804852], [9742735, 0.717210671571856], [9743840, 0.7092017564815081], [9746349, 0.6953046518490896], [9768982, 0.7311011658855379], [9769205, 0.7280481747366299], [9769672, 0.7073677883006525], [9805637, 0.7368309096723237], [9812302, 0.7064639804588906], [9837011, 0.7893197735935225], [9837016, 0.7618510600777858], [9840537, 0.750360544195258], [9840806, 0.710609564930798], [9850651, 0.7399548566495985], [9850670, 0.7378892422832095], [9855123, 0.7042908603186349], [9881916, 0.758062657800355], [9882041, 0.7176992936691211], [9909370, 0.787268658355281], [9909425, 0.6874757650722243], [9925394, 0.7512627556634848], [9930775, 0.8081974794683358], [9932726, 0.8238143610076983], [9937185, 0.8489352622756317], [9937630, 0.8248559131234166], [9937639, 0.8067821845809474], [9940852, 0.8411798001796404], [9941283, 0.8341372353658209], [9941294, 0.7622841458163823], [9949019, 0.8275725649227798], [9952458, 0.716904514439162], [9959319, 0.7803116194939388], [9961444, 0.808942352433708], [9961487, 0.7716775707110746], [9961648, 0.7665243925337235], [9961745, 0.7306419362752539], [9968402, 0.8441501762686722], [9969225, 0.7830638819679437], [9969738, 0.7916914050518803], [9969741, 0.7530249685271775], [9970454, 0.6727421341727737], [9975609, 0.7361893851473007], [9976227, 0.6621395497237229], [9976460, 0.6412821341989462], [9979901, 0.7210436839344999], [9983364, 0.7165970989098501], [9983477, 0.7023468148491896], [9984742, 0.6961948277120041], [9987187, 0.7085622055745685], [9989568, 0.7825520467837971], [9990845, 0.8107257560533488], [9992862, 0.7740460002091262], [9993007, 0.7310570200017589], [9994476, 0.894119265959033], [9994483, 0.8936212339497588], [9994662, 0.9154979025200379], [9995097, 0.8345795468749544], [9995290, 0.7658183628603661], [9995469, 0.7243300562374297], [9996888, 0.6968007783089715], [9997077, 0.7383220027621635], [9997764, 0.8792283025651408], [9997807, 0.6516329902914004], [9998474, 0.869260707722336], [9998629, 0.9575568212055074], [9998640, 0.8891618881495276], [9999203, 0.5671341004291387], [9999588, 0.6519909923197185], [9999595, 0.6153945692779682], [9999678, 0.6676059034706557], [9999683, 0.6166372622912933], [9999800, 0.8189062367373675], [9999811, 0.5594867451015375], [9999900, 0.8486349304756924], [9999903, 0.7622998993436346], [9999974, 0.7444667021842876], [9999981, 0.5173147044935469], [9999998, 0.9918937089634083]]}