{"seed": 16, "N": 10000000, "alive_speed": 0.7739393718431493, "non_threatened_speed": 0.7783381494549161, "survivors": [[56514, 0.7783381494549161], [186903, 0.7754398800369722], [9979300, 0.7312144279176104], [9999989, 0.5631601887006497]], "still_alive": [[187034, 0.7516594543065427], [189559, 0.7461514854293908], [359878, 0.7560031670596834], [603541, 0.7737897130979556], [692662, 0.7589574713915531], [764457, 0.7556796246721298], [962584, 0.7400593958837698], [1041383, 0.7436435797768706], [1108718, 0.7489973822922379], [1265475, 0.7355680424688086], [2451700, 0.7882650294108425], [2622545, 0.8004155873688236], [2633198, 0.7474339404700995], [2795303, 0.7578828414441405], [2819910, 0.7597796239815471], [3355193, 0.7872268612578068], [3408432, 0.7825778864310381], [3413031, 0.7830837570999668], [3536760, 0.7597564963007186], [3536793, 0.7507486776876976], [3672380, 0.744617448012856], [3801351, 0.7267238855267982], [4151078, 0.7693366441906545], [4151767, 0.7362293883327291], [4520014, 0.7591985538635821], [4976433, 0.7876421711323549], [5417066, 0.8230574520994115], [5732209, 0.7535995310699498], [5858072, 0.7532079649389792], [5989697, 0.7754776191539151], [6102738, 0.7690400768902963], [6108249, 0.7624117769683839], [6163018, 0.771816888550597], [6278461, 0.7661154462781546], [6278798, 0.760447585007178], [6278825, 0.7447242430409855], [6377696, 0.7576318443275953], [6735847, 0.7881116721858332], [7018792, 0.731446194082489], [7039349, 0.71625642763795], [7310440, 0.7722335028717704], [7315445, 0.7618062215613428], [7360064, 0.7721045029945893], [7389431, 0.7771278320747067], [7528658, 0.7794522538542181], [7531077, 0.738066831590107], [7690994, 0.783778071732956], [7693897, 0.7663171775042321], [7817690, 0.783397910885205], [8032213, 0.8124183262616885], [8033782, 0.8054128853865363], [8068727, 0.7523701917679809], [8339412, 0.7365145251397199], [8456073, 0.7916612379389263], [8458996, 0.769759088657684], [8509279, 0.7395703005006914], [8571798, 0.7521680124652519], [8587331, 0.759872235659955], [8704696, 0.7391798955870109], [8764261, 0.765037846535148], [8842682, 0.7887612558229442], [8850129, 0.7661487928025839], [8851754, 0.7585494928036474], [8851773, 0.7173645264110458], [8895430, 0.7384914052060761], [9110657, 0.844449208019384], [9114820, 0.8462903050210945], [9118339, 0.7712296040559378], [9118446, 0.7685900575314846], [9119009, 0.7554807890333897], [9119062, 0.7309562547303758], [9119543, 0.7196021123522828], [9215078, 0.7818112555304212], [9216661, 0.7335708307022787], [9216662, 0.7211869692315522], [9246365, 0.7275841531204568], [9262724, 0.7232824515860642], [9272775, 0.7247603804772754], [9295034, 0.7237647468787455], [9307989, 0.727450628774987], [9307992, 0.7159276294582994], [9380257, 0.7214074048271928], [9396124, 0.7332217577805971], [9396703, 0.7325517166994371], [9404168, 0.736025824694708], [9436737, 0.7774099578673207], [9437908, 0.7694202471030951], [9482085, 0.7945358973756077], [9490356, 0.7129368608509523], [9524421, 0.7508302414810493], [9565014, 0.7460967472490625], [9615409, 0.8100338440839627], [9624646, 0.8293058461395808], [9685815, 0.7584892129528116], [9687694, 0.7174064887474428], [9718935, 0.7735520913794451], [9759258, 0.7604100797517463], [9760023, 0.7233801961465839], [9769690, 0.7462461376722171], [9792907, 0.7172558862625756], [9817678, 0.8114325708514982], [9819451, 0.8015811078109257], [9819494, 0.7320822657953628], [9835111, 0.7317267144326752], [9858282, 0.8329393615061459], [9861319, 0.7258199586658004], [9861332, 0.7170041241203005], [9871767, 0.7639260611753784], [9875114, 0.7544916205280906], [9875205, 0.7042633141642113], [9875886, 0.679294201659393], [9875925, 0.6764124257829052], [9900168, 0.7977225960371949], [9900169, 0.7673003937039272], [9918136, 0.7178058861445256], [9918137, 0.6924026405770034], [9935868, 0.8539161573781683], [9936441, 0.7938642963895297], [9944380, 0.7670078559407217], [9951697, 0.8690956624687651], [9951698, 0.8476742196074699], [9952699, 0.6351815299459147], [9964070, 0.7638360018605795], [9973549, 0.7641795471808971], [9973560, 0.7584082815272795], [9974283, 0.7437392610401873], [9975350, 0.7521174347042897], [9975351, 0.7488460314254075], [9981523, 0.7381739641050871], [9981902, 0.6980590204685168], [9985359, 0.7751597507256861], [9985360, 0.7638860057909822], [9986339, 0.7629087745446738], [9991180, 0.8554073670473268], [9991233, 0.5851916962591418], [9993152, 0.6539630850713823], [9995291, 0.8045382349648807], [9996122, 0.6510800835184339], [9997113, 0.7781497714979622], [9997804, 0.817335143416648], [9997971, 0.8822651002549943], [9997978, 0.6834191348458424], [9998619, 0.7421944433643072], [9998704, 0.6133796428061481], [9998705, 0.6071436906436141], [9998844, 0.6280441424143626], [9998929, 0.5139593241623774], [9999270, 0.7326250075585903], [9999321, 0.5843849234517341], [9999420, 0.6778752371745465], [9999421, 0.6249449094135182], [9999580, 0.7877691796494583], [9999581, 0.5956760216149616], [9999702, 0.8140740991155938], [9999703, 0.7478503829659728], [9999854, 0.8747143956827519], [9999861, 0.788718383484865], [9999930, 0.976616201994626], [9999933, 0.9710326403537585], [9999966, 0.9527733456930584], [9999969, 0.7453169586375096], [9999970, 0.760792291599246], [9999990, 0.470626381988103], [9999995, 0.5453745495429194], [9999998, 0.19967451935968206], [9999999, 0.2406941651795802]]}