{"seed": 928126131, "N": 10000000, "alive_speed": 0.7998236159806007, "non_threatened_speed": 0.7998334539311003, "survivors": [[122, 0.7998334539311003], [316789, 0.7762587080252678], [1528904, 0.7673068203446903], [8798421, 0.7446798291485331], [9123320, 0.7435470065209282], [9999343, 0.6027629230065956]], "still_alive": [[127, 0.7987485886751465], [302186, 0.8068143659468697], [351436, 0.7515275169873807], [727855, 0.7597532730929105], [1689373, 0.7650015838943589], [1945644, 0.773376830866941], [1999317, 0.761294486347061], [2107614, 0.7131066251934913], [2348363, 0.7090973586196297], [2994656, 0.7733546068426425], [3038613, 0.7536437363251467], [3363150, 0.7634151850527183], [3387893, 0.7599899728322058], [3388960, 0.7376508411225785], [3391417, 0.7329687368845194], [3913366, 0.729510480765269], [4412795, 0.7460360367767033], [5145534, 0.7800804244221899], [5444719, 0.7879220921582208], [5558064, 0.7642591088144043], [5632563, 0.7545182587168494], [5657868, 0.7107545087658064], [5658513, 0.7075688773674603], [5781884, 0.7238871058815227], [6362919, 0.7800559499959671], [6368918, 0.7650131321719164], [6371299, 0.7525333726516586], [6371352, 0.7393095558325442], [6540185, 0.7692127771756349], [6591156, 0.7636091210460337], [6748857, 0.7782877487343871], [6832518, 0.7757077213473753], [6833153, 0.7645023728005312], [6833158, 0.7616207594765694], [6922011, 0.7686635522257224], [6927834, 0.7645122794214488], [6979147, 0.7510108865155725], [7072046, 0.7497085233447164], [7072049, 0.7247726410113668], [7198162, 0.7551837197499968], [7198329, 0.7540136385376454], [7272712, 0.7697986846032766], [7750851, 0.7911902011988795], [7776858, 0.7484763673050367], [7938657, 0.7761674165415114], [8001154, 0.7611094014971316], [8001279, 0.7537800641701172], [8085868, 0.7608345708291752], [8093941, 0.7116434174595584], [8096626, 0.7050522809928037], [8096969, 0.6903536048652205], [8322936, 0.7801895111565683], [8332371, 0.7773986500685716], [8418604, 0.7341752302246207], [8602765, 0.7694996027985613], [8644800, 0.7497511351114401], [8655331, 0.744563228801234], [8697218, 0.7558872730630961], [8768495, 0.7735073267114166], [8796246, 0.7445913587887036], [8811058, 0.7384307635462987], [8811153, 0.7329478671599367], [8942528, 0.7413381853976597], [9053511, 0.8242961953216756], [9067836, 0.746786094945762], [9123119, 0.7450600707136995], [9130215, 0.7420293709464316], [9142760, 0.7228587887453164], [9256391, 0.7346054187472142], [9259042, 0.7204877803693119], [9325749, 0.7904548046650928], [9325752, 0.7614186936658462], [9380363, 0.7302331509356558], [9424154, 0.7250104610506253], [9499149, 0.795217519242111], [9509546, 0.7467581246506496], [9517127, 0.6913567338116996], [9645460, 0.7657081518805129], [9658631, 0.7864533780052533], [9677284, 0.7579741855188542], [9677809, 0.7479635348475883], [9686154, 0.7566512662651746], [9686611, 0.7331112062213244], [9693568, 0.745829089123496], [9721951, 0.6977483214309013], [9744532, 0.7317787722121717], [9745895, 0.7263962051280146], [9766934, 0.7474132392969103], [9779007, 0.7592951642029394], [9779036, 0.7446783862055424], [9800967, 0.819616544310374], [9801978, 0.7890565412041695], [9802397, 0.7819492446141213], [9809990, 0.7584508999255867], [9811769, 0.7114736191209511], [9847336, 0.8283960294532108], [9850707, 0.7355623484596157], [9850940, 0.72856216036629], [9857655, 0.7005826543578667], [9859994, 0.708734298223532], [9874397, 0.7714778147059832], [9874450, 0.7601208856917381], [9874849, 0.7353984113993415], [9876850, 0.7450804960793032], [9885195, 0.7499305768343225], [9902620, 0.7364326824163313], [9914937, 0.7627887980774896], [9920372, 0.8120670837443348], [9924941, 0.7719215693807646], [9925142, 0.7679083109331769], [9927429, 0.7851423954339578], [9928542, 0.7538139176641432], [9928597, 0.7248384324159203], [9932932, 0.7684821547463854], [9940151, 0.8344702764606656], [9944994, 0.7356432252867466], [9947855, 0.7113749453646235], [9947860, 0.681715303421317], [9958507, 0.7304370265665237], [9959744, 0.7076196996387362], [9962395, 0.7144521446631046], [9965122, 0.7662510857892562], [9965681, 0.7224372657603778], [9966144, 0.67719434854448], [9968927, 0.7264230006683622], [9972268, 0.777826877926826], [9972269, 0.7256789763584063], [9979214, 0.7901667725779429], [9979275, 0.7847026337614634], [9981458, 0.7700249300405315], [9983579, 0.8191957972569737], [9985578, 0.8953493546278367], [9985697, 0.7449825846413147], [9985950, 0.7469942960953065], [9987463, 0.790489354241545], [9989998, 0.7464048603923765], [9990581, 0.6898814132301361], [9992482, 0.7532240810179264], [9993179, 0.7049960745522023], [9995494, 0.8122667057446238], [9995495, 0.7153357937911489], [9995558, 0.698214796619599], [9995743, 0.6996393799793834], [9997168, 0.7942004346807943], [9997169, 0.7931182050354458], [9997202, 0.6808785264942392], [9997549, 0.7228645542564971], [9998680, 0.7989331053276216], [9998701, 0.780548138343367], [9998710, 0.7505132328582488], [9998905, 0.7789140423633658], [9998964, 0.7736113265991142], [9999125, 0.6533004431643564], [9999342, 0.8542619398557721], [9999836, 0.6865214907919504], [9999839, 0.6948114988375621], [9999842, 0.5708893433582471], [9999897, 0.6058866590374227], [9999930, 0.525864324076189], [9999965, 0.9475629354443957], [9999978, 0.5915828112231392], [9999991, 0.7663423711967567]]}