{"seed": 177791856, "N": 10000000, "alive_speed": 0.7764766849089798, "non_threatened_speed": 0.7764766849089798, "survivors": [[758772, 0.7722036164069466], [9999607, 0.6882374728820867], [9999984, 0.37233254004504546], [9999997, 0.18152159084623276]], "still_alive": [[1729377, 0.7401979475369395], [2297484, 0.7240812346425375], [2757621, 0.7646391794731607], [2908908, 0.7455518723393291], [3188787, 0.7474520236776518], [3377308, 0.7382329171845314], [4060117, 0.7928373632587856], [4060742, 0.7678410035730412], [4185163, 0.7737927945144495], [4189760, 0.7589637856576588], [4287761, 0.7599320050537193], [4419146, 0.7478402696059728], [4696967, 0.7747780523641935], [4703704, 0.7338418087120588], [4772965, 0.7349543908467278], [5351488, 0.7527346489425719], [5431025, 0.7578074914524714], [5640778, 0.7164050603958939], [5929075, 0.7514202494387002], [6503610, 0.7672074909320012], [6676701, 0.7668980229529485], [6676704, 0.7363023979281751], [6714597, 0.7438354678271799], [6736386, 0.7408828364669198], [6736387, 0.7263634824671533], [6943842, 0.7634127995345404], [6946727, 0.7375188466955465], [7105642, 0.7668317325584567], [7108203, 0.7468437708903665], [7367406, 0.766316820837284], [7467001, 0.7639761266985672], [7468552, 0.7453196912361931], [7468553, 0.7339983414818662], [7607900, 0.7443029378910894], [7617139, 0.7176896078201794], [7954224, 0.7589227879297465], [7960263, 0.7597930265645308], [8091636, 0.7708049687322869], [8091713, 0.763355652010434], [8122196, 0.7571720015838517], [8223733, 0.7515640856714811], [8223908, 0.7362961090568614], [8427397, 0.773397836771995], [8449354, 0.7782552452149167], [8578179, 0.7576721128425106], [8578216, 0.7321513443364102], [8728619, 0.7530826754315808], [8850590, 0.8273321145913853], [8850631, 0.8119608622914322], [8850632, 0.7846898487556816], [8887843, 0.7493798315546886], [8921526, 0.766233924669883], [8923779, 0.7606921988616342], [8924332, 0.7252704427631955], [9042725, 0.7732172165863226], [9071478, 0.7640063568049886], [9088113, 0.7412195576671631], [9096196, 0.7453938376765727], [9178545, 0.7376379927909122], [9290908, 0.8076754802799783], [9294409, 0.7473327537884306], [9294738, 0.7462190274258235], [9351269, 0.7694089582961148], [9352202, 0.758858448677085], [9374431, 0.7413682393175881], [9405766, 0.7710450895837091], [9407963, 0.7686971752547063], [9410018, 0.7538056261656674], [9465809, 0.7208449654089149], [9465822, 0.7020444035553017], [9512469, 0.7617447501400317], [9512556, 0.7490081551217234], [9537267, 0.7703864394373268], [9616682, 0.7224146382960176], [9658351, 0.7359944449945094], [9676848, 0.7711346784335087], [9705777, 0.7875725513720961], [9723102, 0.7489724997067753], [9723111, 0.7327925513430186], [9752910, 0.7736185083174872], [9770585, 0.7378667976194062], [9790176, 0.742193347412006], [9790321, 0.7033582041664898], [9802486, 0.7311594550226285], [9820889, 0.7770851045054725], [9826936, 0.7466573741431694], [9829289, 0.7281470084197884], [9829374, 0.6735362884235935], [9838689, 0.7014631852717369], [9839900, 0.6926020465723668], [9846081, 0.714768574968374], [9846132, 0.6673853105795204], [9862491, 0.716957558875184], [9879144, 0.7663909948457993], [9884919, 0.7625363770166182], [9897960, 0.738229711460479], [9903041, 0.7581569199520979], [9905228, 0.7426609591586772], [9905309, 0.6883396090803064], [9905312, 0.6871142925659528], [9906121, 0.6490164993575159], [9913932, 0.701162853674971], [9923609, 0.770261842348995], [9931698, 0.7566807614386296], [9932357, 0.7610837256277337], [9945466, 0.7204726988347828], [9946971, 0.7391389524314128], [9949934, 0.7354616196632756], [9950029, 0.6714080579401873], [9953198, 0.7130080380589933], [9965163, 0.7724352674849436], [9967080, 0.8137755314546938], [9973783, 0.8791438507622721], [9975078, 0.7801908148191952], [9976077, 0.7500168613144281], [9979002, 0.8308287633582819], [9979049, 0.7036785490395449], [9979056, 0.7016477922588724], [9983505, 0.8419717410022771], [9983508, 0.8043847400886199], [9984197, 0.8081231247335253], [9985164, 0.8394854818043582], [9985557, 0.7540489885682011], [9985922, 0.7017539571796125], [9987001, 0.7389610087373633], [9988732, 0.7826142284912856], [9989047, 0.7542822953679879], [9989896, 0.6571456771865181], [9990051, 0.6458782661236396], [9994084, 0.7833911817240153], [9994117, 0.5529710480745484], [9995634, 0.7010003875815071], [9995635, 0.6747431106294765], [9996256, 0.7555804688251136], [9997123, 0.7867127185825272], [9997186, 0.7540185109441534], [9997595, 0.7291647556486267], [9997596, 0.6770952946747368], [9998489, 0.8287365491625854], [9999452, 0.7471152515176279], [9999489, 0.7858195912618822], [9999574, 0.9080640650999818], [9999603, 0.8437257023045819], [9999606, 0.7333951040780619], [9999614, 0.5938546867480194], [9999797, 0.8164213438155045], [9999808, 0.5852798543949496], [9999811, 0.5859638386142502], [9999824, 0.5418906578809002], [9999833, 0.40819738837058284], [9999844, 0.3088333284385356], [9999929, 0.6242320572170357], [9999930, 0.5845273046632207], [9999963, 0.6594861327237357], [9999970, 0.5181872736416215], [9999977, 0.6334769853541323]]}