{"seed": 483722213, "N": 10000000, "alive_speed": 0.980426614898588, "non_threatened_speed": 0.9804271051120915, "survivors": [[4, 0.9804271051120915], [117945, 0.8221281636490712], [119516, 0.8031936509981822], [1603739, 0.7915967475547013], [1704952, 0.7790186052328676], [3613993, 0.7555846529230713], [4201562, 0.7514452510007417], [8759305, 0.7436030246673303], [8763956, 0.731485613050448], [9999999, 0.06643352712499584]], "still_alive": [[719757, 0.7392502260034685], [766318, 0.7287228319624348], [1331227, 0.7747438780142235], [1596892, 0.791246417974481], [1765209, 0.7329752646729255], [1770080, 0.7120417759702956], [2046867, 0.7354961327565991], [2617994, 0.7641623968000694], [2700157, 0.7607318420060414], [3041532, 0.7904980281234848], [3041575, 0.7882943879549029], [3044368, 0.7584213276047552], [3272673, 0.7426978382723035], [3399186, 0.7488621055928565], [3614000, 0.7380565622330713], [3617369, 0.7383742928130098], [3724616, 0.7486630955226651], [4186305, 0.7576080163339217], [4332717, 0.7517985721911236], [4724956, 0.7676920559699519], [4900099, 0.7467606470907053], [5320306, 0.8100431799506014], [5639027, 0.7547278476867656], [5650382, 0.7273687248096063], [5686753, 0.7151108925469368], [5738166, 0.7216038676626424], [5972787, 0.7535026982450631], [5980538, 0.7537257202240837], [5988835, 0.7295774813392488], [6003984, 0.7227801963102494], [6222659, 0.7633545227511406], [6222668, 0.743375561573116], [6352865, 0.7678402850992339], [6512344, 0.7815788957699672], [6711025, 0.7842442090231004], [6711032, 0.7303338077128153], [7041239, 0.7983537064580768], [7292888, 0.7658193312136331], [7417511, 0.7277743065696849], [7479422, 0.7045142694756784], [7762227, 0.7909919605129493], [7778956, 0.7585633198335385], [7862613, 0.7325429322616933], [7969970, 0.7354652245028623], [8189763, 0.7595460776572024], [8302480, 0.7796290745461532], [8302497, 0.736262383798554], [8316018, 0.710898984987666], [8421163, 0.7431544124374021], [8422108, 0.7294879275632749], [8455759, 0.7230636595456968], [8524278, 0.7496176175498626], [8588149, 0.7777629878913935], [8607020, 0.7595801395787107], [8607059, 0.7412308931884941], [8750388, 0.8073703179201401], [8750987, 0.7749465958456507], [8751142, 0.7649484508299065], [8826245, 0.7170030462839729], [8827476, 0.712015389418125], [8851963, 0.7029913374489987], [8902722, 0.7243165853421956], [8951103, 0.7516510777323879], [8981742, 0.7512224013198163], [9061059, 0.7850291126164904], [9061092, 0.7837726197553646], [9091959, 0.7991769894990642], [9116694, 0.7689049434906954], [9116783, 0.7572838018906222], [9116854, 0.7511689663974385], [9208247, 0.7635928045518734], [9209464, 0.6916096398235633], [9333335, 0.7611136983387405], [9412312, 0.7023413106278974], [9447007, 0.71414066225755], [9471976, 0.7358465982203883], [9486103, 0.7527473802394922], [9531160, 0.8173628065353346], [9557549, 0.7922572878857558], [9557556, 0.7834477111981243], [9571905, 0.7396059404210251], [9575486, 0.741933488183346], [9594563, 0.684939757897867], [9606534, 0.7051107781060684], [9626733, 0.7021483413298305], [9628212, 0.6751143820083564], [9690863, 0.7452633263245331], [9717108, 0.7988564113970547], [9743341, 0.7465350405825899], [9749206, 0.7440572954867369], [9750647, 0.7464356550345782], [9800712, 0.8035965504077426], [9806657, 0.792527671971965], [9807178, 0.7740463339790884], [9807275, 0.7332663191163452], [9828954, 0.8011256892576627], [9829555, 0.787252254068629], [9835662, 0.8158363964612801], [9835945, 0.7932880339626137], [9836110, 0.7557956015915213], [9842629, 0.7509973106316901], [9843356, 0.7541367224420813], [9843461, 0.7421853713180921], [9845366, 0.7495210573264318], [9850325, 0.759202240629353], [9852080, 0.7291425531441829], [9857787, 0.7538082805764786], [9869354, 0.796108452163006], [9873279, 0.7521346696702753], [9890860, 0.8391182801282644], [9890947, 0.8078551424724145], [9894272, 0.7452609956235169], [9894615, 0.6807185899992174], [9905026, 0.7149363357385342], [9913187, 0.7394334334380932], [9926950, 0.7500385696603212], [9926951, 0.7327330459283438], [9934184, 0.7195917763612842], [9944801, 0.8118091044612665], [9945358, 0.7736772841616849], [9945377, 0.7626897832299394], [9946238, 0.7003057452226362], [9953921, 0.7704603753843422], [9957418, 0.7660437078276304], [9960207, 0.782012106544766], [9963862, 0.7693663531603628], [9967733, 0.8372875689554113], [9967874, 0.8014630509763536], [9969189, 0.7496338392652266], [9969250, 0.7507154579914577], [9973759, 0.823923113430217], [9974208, 0.7871773511075977], [9975235, 0.7438643969594257], [9975960, 0.756332552679861], [9982941, 0.6964792381821778], [9983058, 0.6835822229939325], [9985203, 0.6884293853905763], [9988584, 0.7436594566503644], [9990841, 0.8577750239686122], [9991430, 0.7427434446179845], [9992301, 0.7854012855884923], [9993636, 0.8397545201923123], [9993647, 0.7472456561646814], [9993648, 0.6698782706663399], [9995937, 0.8029383481738745], [9996360, 0.7426925873876629], [9997171, 0.6694319577470532], [9997876, 0.7198565107541961], [9998099, 0.7596083369613529], [9998312, 0.7535232492863667], [9998679, 0.8210772418359731], [9999072, 0.7914228030337036], [9999111, 0.4870854478527261], [9999386, 0.6509767490804105], [9999765, 0.9334636779401966], [9999786, 0.7798684762163244], [9999791, 0.7577190272302762], [9999858, 0.8817626266979849], [9999869, 0.6533451240869571], [9999914, 0.9031225246123133], [9999965, 0.9045882040757232], [9999968, 0.795458649892074], [9999969, 0.8055850853602899], [9999976, 0.9652379798868488], [9999985, 0.6002761805778851], [9999986, 0.6081317654052615], [9999995, 0.468380618369569], [9999998, 0.7386612423782732]]}