{"seed": 942755617, "N": 100000000, "alive_speed": 0.8642629958110402, "non_threatened_speed": 0.8642631773063055, "survivors": [[20, 0.8642631773063055], [15913, 0.7880210498550508], [32785718, 0.7745260827909218], [41856905, 0.7626961264291526], [41862686, 0.7520953539715957], [85549091, 0.740392254648145], [85575030, 0.7306437653065612], [85575511, 0.7229421016704255], [99999686, 0.6147439794680096], [99999993, 0.39268853276631555], [99999998, 0.2976996275044821], [99999999, 0.2457611827797478]], "still_alive": [[187646, 0.7566751418616534], [7054087, 0.7446258903508741], [7054088, 0.73050556514508], [10621705, 0.7576496488979549], [11145264, 0.7442525589975045], [11537619, 0.745396373407412], [11565764, 0.7345671841550643], [13826797, 0.7536169421925674], [18582510, 0.7666051103940185], [19449735, 0.7673997885850306], [19507384, 0.7651216133676333], [19520887, 0.7587779520690362], [21259654, 0.7681672749757111], [21496873, 0.7579394198946294], [22108600, 0.7614142598868994], [23120039, 0.7552871871904488], [24488392, 0.766934937142737], [25445295, 0.759746083466937], [26670688, 0.7663834905634122], [29785249, 0.780907919077508], [30245222, 0.7832213006610166], [32779555, 0.778796004543472], [33605721, 0.7703560537358385], [34282254, 0.7604855573237451], [36542473, 0.7786869171645278], [37055364, 0.7757597101868068], [37192903, 0.7483956340461964], [41459972, 0.765177781838261], [42041101, 0.7485691543905549], [44040808, 0.7619194138053935], [44195271, 0.7444050975415826], [44226700, 0.7382751577241322], [44226795, 0.7253381764709943], [47901286, 0.7664052384639819], [48182511, 0.7546880208052916], [48506916, 0.7578989623627977], [49649403, 0.7675454813411203], [51074136, 0.7841004077426617], [51367913, 0.7530052542264682], [51875464, 0.7606786160749307], [51875591, 0.7565184975330438], [51900310, 0.744938765611727], [53130143, 0.752830452001137], [53159586, 0.7519441950660838], [55034287, 0.7635465839574326], [55501536, 0.7526487785017557], [57621743, 0.7812645965405574], [59218920, 0.7415601632532125], [59260551, 0.7334764480746817], [61090758, 0.7593935680249826], [61383993, 0.7429205063585131], [61912728, 0.7352008893106967], [62885275, 0.7287681291375965], [66397398, 0.7592798162327438], [67897731, 0.7767200391410036], [67997410, 0.7578974492119924], [68377419, 0.7599735897676688], [68383172, 0.751600035713253], [68668013, 0.7527974488605524], [69982076, 0.7749177585622228], [70478797, 0.7288595784236993], [71219616, 0.7390691579633377], [71219981, 0.7317454629091571], [71220026, 0.7283405412273151], [71236499, 0.728515156842168], [72870586, 0.7697655487849273], [72873983, 0.7635132787563845], [74169748, 0.7930208391948234], [74484189, 0.7810668311101504], [74933926, 0.7675807658344412], [75368675, 0.737164884391896], [75588932, 0.7315661158467125], [76310607, 0.7375569996381313], [77514350, 0.7768409022040726], [78559475, 0.7471564838331518], [78576168, 0.7226049036397102], [79684133, 0.7397480206529012], [80137532, 0.7543538818744255], [80551763, 0.7642916043641044], [81323938, 0.7493310776238227], [82575343, 0.7684211780120302], [82578534, 0.7682556680984778], [82736831, 0.766989286033267], [82736834, 0.7388387063964637], [83145211, 0.7542251447926047], [83150674, 0.7536378060445609], [84909291, 0.782436108540672], [85229520, 0.7703113112725637], [85291787, 0.7572368868740642], [85291822, 0.7510716663633862], [85575516, 0.7224260934785478], [86222095, 0.7284179652087449], [86222986, 0.7258161350525029], [87858463, 0.745730629663815], [88242818, 0.7419895358213493], [88499219, 0.7538117113513583], [88639440, 0.7422982977654814], [89025309, 0.7620993113376733], [89144332, 0.7539390084940241], [89338969, 0.7644550158325106], [89388242, 0.732585794452668], [89528465, 0.7325145356848474], [89957932, 0.7416518658971701], [90282005, 0.7594116671862972], [90325960, 0.7566529001286625], [90591289, 0.774865854694701], [90593226, 0.7737790339169808], [90665887, 0.7342033590964927], [90745504, 0.7231596897856629], [90828897, 0.7218094154027079], [91737700, 0.7721457649223759], [92169177, 0.7694740445992713], [92556378, 0.7454153387333694], [92587945, 0.7385838411289111], [92686402, 0.747163667951753], [92893839, 0.7550299717552428], [92897162, 0.7500994934792645], [93431383, 0.7993269131247821], [93684730, 0.7925505874904069], [93692173, 0.7817513337107032], [93695610, 0.7748608625267114], [93695617, 0.7532296596972264], [93706840, 0.7535288643824618], [93742183, 0.7407057879589816], [94188102, 0.7487844595560056], [94188663, 0.7478040016402864], [94207736, 0.749559075430834], [94259001, 0.7428479237731748], [94646014, 0.7434832160872583], [94790511, 0.7626902639865066], [95144684, 0.751237659893484], [95147409, 0.7461869967111675], [95317644, 0.7468534944684125], [95879237, 0.7240994814882199], [96190902, 0.7677429480170157], [96236557, 0.7702460396339639], [96236802, 0.7698174355683421], [96236803, 0.7614350424109956], [96261296, 0.7615723756166519], [96374201, 0.7436382549279837], [96448700, 0.732981786084926], [96465651, 0.7269895069762864], [96819582, 0.7784677483915262], [96854879, 0.7787263477664145], [96865054, 0.755412946234907], [96936723, 0.7706122982985627], [96938080, 0.7658434205322999], [96978437, 0.7728804906807906], [96978770, 0.77199452958713], [97281819, 0.7891673435567417], [97282734, 0.7647610358265219], [97487735, 0.8209940850832427], [97512796, 0.785970279947052], [97560337, 0.7182247508161695], [97730244, 0.7657346181935756], [97801795, 0.7745574520966916], [97940614, 0.8006503618687901], [97943427, 0.7602748560456073], [97943430, 0.7416775950570442], [98039227, 0.7628596881186915], [98043318, 0.761768575601949], [98043401, 0.7419889910971946], [98194500, 0.7477279547252023], [98238969, 0.698920425659314], [98400556, 0.7380953727655133], [98405489, 0.7399461263100311], [98436192, 0.7427662113285152], [98503599, 0.7626474811897211], [98547104, 0.7449696866873797], [98655883, 0.7702636859968364], [98656766, 0.7592689913601972], [98773375, 0.6971052464643399], [98791684, 0.7070819164428144], [98871437, 0.7454563354020394], [98875460, 0.7373434400721958], [98976911, 0.7790124399808804], [98997316, 0.7946020894447482], [99090767, 0.7772803254994206], [99101562, 0.7629765128964227], [99103781, 0.7081121499233309], [99141010, 0.7039448178796697], [99141251, 0.6792177877282488], [99183104, 0.6933620831560913], [99183911, 0.6707470628898393], [99262106, 0.7388929249716311], [99354735, 0.7043959952444171], [99435788, 0.8042974154512748], [99484907, 0.7866543743994991], [99485060, 0.7532195817878576], [99516269, 0.7686873556729474], [99533072, 0.794084463380472], [99601179, 0.6885591012920876], [99659390, 0.7873490456778153], [99664565, 0.7807980336055754], [99684856, 0.738049530654211], [99684955, 0.7003769500023389], [99730712, 0.7602096041944869], [99754377, 0.8231622426917676], [99776864, 0.7806677101462522], [99818989, 0.6712489155859596], [99857182, 0.7372380137214954], [99885179, 0.6890467890151024], [99892428, 0.7197149815945711], [99896865, 0.6895515446843644], [99912472, 0.7637905613742524], [99938575, 0.7827124482067361], [99940694, 0.7286437041529997], [99943135, 0.7435006552707017], [99944702, 0.6934512204903229], [99947937, 0.688886483182052], [99947968, 0.6801887793998858], [99956705, 0.8158134246849272], [99957388, 0.767113969024352], [99957757, 0.7699362032988287], [99957918, 0.7532309757141601], [99961683, 0.7878090826770824], [99962304, 0.7634849287965938], [99962579, 0.7689923410870502], [99963172, 0.7476515694974357], [99965107, 0.7689794067794364], [99986670, 0.876304093832747], [99986751, 0.8663941291418683], [99986752, 0.6709828313745961], [99989077, 0.6797298571014226], [99990922, 0.739051004871702], [99993835, 0.8854528756323216], [99994448, 0.9202951530993758], [99994455, 0.8332526684704965], [99994482, 0.7754156420924256], [99994533, 0.6792567827840429], [99994978, 0.7158842386960955], [99995707, 0.8176106256847879], [99995890, 0.8003907658022739], [99996847, 0.8910008218825621], [99996860, 