{"seed": 177791836, "N": 10000000, "alive_speed": 0.9382035748052455, "non_threatened_speed": 0.9382049821125781, "survivors": [[14, 0.9382049821125781], [979, 0.7753594831265158], [1314, 0.7670930104210336], [9987047, 0.7304528878828759], [9999042, 0.7133662497731522], [9999063, 0.7010510347876165], [9999838, 0.6884658997371456], [9999839, 0.6543069435775664]], "still_alive": [[303835, 0.7508059853422749], [313092, 0.7384696900195067], [313093, 0.7381200543110509], [351204, 0.7280825487484717], [732593, 0.7574025207921584], [1586212, 0.7811141083468423], [1779991, 0.7946386406959377], [1930502, 0.7938052872522561], [2083705, 0.7551824483682663], [2196604, 0.7468961531261991], [2216907, 0.7369649726456617], [2217240, 0.7299910671810208], [2328435, 0.7228120611832994], [2920688, 0.7678963276503951], [3360049, 0.7821459440091254], [3379352, 0.7653029410809208], [3629043, 0.7799977996191889], [3632522, 0.7655557412842833], [3766377, 0.7673965097175675], [4152912, 0.7818817909767448], [4168671, 0.7589771013144707], [4449896, 0.7380649517019742], [4649581, 0.7545702083018042], [4649698, 0.7380400511847369], [5352131, 0.7226097127774112], [5656214, 0.7514982812833852], [5724181, 0.7595806329855106], [5938836, 0.7444352416426002], [6028223, 0.7527181362909169], [6057206, 0.75173519442032], [6350693, 0.7354141060122515], [6640184, 0.7734412077153798], [6640425, 0.7587073794491211], [6657988, 0.7389492503332947], [6720091, 0.7420858840665907], [6979050, 0.7786818872424728], [7047975, 0.7543076878320394], [7070498, 0.7425910767000231], [7072129, 0.7350629601041542], [7072750, 0.7343563805295157], [7167469, 0.7574746420993861], [7167516, 0.7508560874728618], [7181035, 0.753349352782916], [7181040, 0.745587221659277], [7501219, 0.7601778479577362], [7657018, 0.7949928998921859], [7657087, 0.7933072917981594], [7663476, 0.7500460330044358], [7663489, 0.7433709651697279], [7673272, 0.7201755426217485], [7797815, 0.759190688914339], [7798608, 0.7479920568906364], [7800107, 0.7206910744162643], [8068696, 0.7674131437910164], [8147917, 0.739882462145244], [8152182, 0.7408159402234308], [8152237, 0.7219200044954331], [8153476, 0.7136417244036599], [8171299, 0.710220723256741], [8301818, 0.7621613694531848], [8320499, 0.7633858734129345], [8335624, 0.7218457242737119], [8476399, 0.7517036352863016], [8478888, 0.7528582698471072], [8500989, 0.7424039394443775], [8675362, 0.7917010088767307], [8675367, 0.7806894655704909], [8707860, 0.7823146332856419], [8743343, 0.7721720536246247], [8807824, 0.7702947584876167], [8807851, 0.7439173851880264], [8921450, 0.7982268134626133], [8969219, 0.800852398308704], [9070514, 0.759296987790213], [9106625, 0.765378579201135], [9119448, 0.7314417221527802], [9210049, 0.7960960421459542], [9211808, 0.7592791186896604], [9222259, 0.7431587454423968], [9228502, 0.738393158116597], [9265683, 0.7387620749350787], [9272088, 0.7347342937900077], [9315575, 0.7763211111836088], [9315618, 0.7280213317139284], [9388853, 0.785808994292246], [9459932, 0.7798235533920761], [9460471, 0.779911801084553], [9474120, 0.7888091277175034], [9483475, 0.7896050122358889], [9495112, 0.7634843952601598], [9510935, 0.7405121545113496], [9523102, 0.7428701318333039], [9580585, 0.7915574943607027], [9624010, 0.7534202056828312], [9712651, 0.8417758341977294], [9712652, 0.8105308003179194], [9713495, 0.7674395225455246], [9727282, 0.7194766777325389], [9727397, 0.7119606315108296], [9762482, 0.742274443706831], [9772863, 0.7418079520872204], [9787152, 0.7141451682061352], [9787367, 0.7022479166375414], [9789852, 0.6882661323849872], [9812563, 0.7414440020815166], [9813308, 0.6640591014889109], [9834061, 0.7234539809104287], [9848094, 0.7852566817157148], [9870817, 0.7364134965010953], [9870902, 0.728497387838123], [9888153, 0.7254163707992242], [9905670, 0.7480747884013111], [9911461, 0.7831651830841196], [9917374, 0.734527285215189], [9917389, 0.7067636337506332], [9933844, 0.852328155551019], [9933845, 0.8265269761270684], [9934812, 0.779505409184437], [9940217, 0.7362411942529695], [9941042, 0.7414211795549016], [9941419, 0.7194904763981337], [9944134, 0.7286745488190137], [9944161, 0.6729764719152606], [9947116, 0.6887171591093375], [9948199, 0.6670186947178383], [9955378, 0.7716616464148958], [9955987, 0.7596754241371435], [9958294, 0.7554237714810104], [9958295, 0.7539830630487238], [9960690, 0.7517300442425359], [9976583, 0.7640419080452069], [9978000, 0.8049233871523831], [9978001, 0.801866968778294], [9978412, 0.7342543336749381], [9981791, 0.7796393413201643], [9983448, 0.7924233990796437], [9983667, 0.7988018443111932], [9983668, 0.7578772091683003], [9986831, 0.897692071399204], [9986836, 0.7469087338310868], [9989118, 0.7396047571259788], [9989171, 0.7401762258742726], [9990100, 0.6920168302407197], [9992933, 0.8478647315123569], [9993498, 0.6831365610951832], [9993499, 0.6285222328813546], [9993530, 0.5817832044673086], [9995089, 0.714044496969683], [9995638, 0.7977168532948402], [9995733, 0.7472714213388234], [9996006, 0.7421800736789613], [9997013, 0.7729493351585646], [9997500, 0.9000299633772968], [9997501, 0.8070228436324809], [9997684, 0.7574571236182966], [9998353, 0.8426573964336415], [9998508, 0.8795316699433974], [9998527, 0.7831640542044821], [9998852, 0.9102690773126414], [9998875, 0.764930897287989], [9999154, 0.6357835092947165], [9999341, 0.6216625725017488], [9999456, 0.7183510537061262], [9999459, 0.5978977436092838], [9999720, 0.7869081830091023], [9999725, 0.7451271352446027], [9999792, 0.7444328389403372], [9999835, 0.8140462181289626], [9999878, 0.660039810547359], [9999893, 0.6168712471034422], [9999944, 0.7703403484843773], [9999947, 0.7655222030183946], [9999960, 0.9001809503743456], [9999965, 0.9621080784878784], [9999966, 0.9309795794644444], [9999967, 0.7717642312846263], [9999976, 0.8583863520617812], [9999979, 0.9014652652758827], [9999986, 0.36405204958914217], [9999995, 0.6024978720126855], [9999996, 0.4061892924724071], [9999999, 0.6544315200305882]]}