{"seed": 483722315, "N": 10000000, "alive_speed": 0.8770847807344235, "non_threatened_speed": 0.8770847807344235, "survivors": [[25528, 0.7797302065336992], [25551, 0.7675120810999645], [8940750, 0.7572017223330244], [9909533, 0.7384384597378478], [9999808, 0.6820649858316534], [9999949, 0.6214257992131801], [9999996, 0.43567088040045887], [9999997, 0.30338694258532517]], "still_alive": [[36810, 0.759312235060649], [37457, 0.7537398744985221], [556176, 0.7674084643699834], [593005, 0.751326219275418], [1262200, 0.7593361419034965], [1498207, 0.7759636904807213], [1974678, 0.7556814846083791], [2210489, 0.709483350582014], [3205738, 0.7893392370632398], [3205749, 0.7517012351527005], [3417036, 0.7745859582672014], [4070927, 0.7469030671655925], [4086224, 0.7358582548202978], [4425083, 0.7710247406036779], [4425860, 0.7684932607455407], [4426909, 0.7483756555889375], [4911086, 0.7656806805018779], [5133339, 0.7683184622954211], [5362018, 0.7766636354810369], [5519169, 0.7667468715185507], [5529050, 0.7672682766256359], [5531405, 0.7638726716985534], [5531406, 0.7483794820963819], [5704475, 0.7544853455819224], [5705826, 0.7325025712744976], [5961869, 0.7460033461023963], [6148046, 0.7754059171734049], [6150109, 0.7561138553541136], [6165868, 0.7483288044344943], [6293977, 0.7716369870795481], [6295736, 0.7516871405987053], [6531203, 0.7756765125549193], [6531306, 0.7720181509004814], [6531499, 0.766979501563638], [6661170, 0.7750211257889253], [6703529, 0.7698525290304206], [6976650, 0.809448198764044], [6977135, 0.8021785758119219], [6981334, 0.7796159477698532], [6984251, 0.7710721766974717], [7235718, 0.7322185090582373], [7297053, 0.735944704217505], [7299052, 0.734010228651398], [7430017, 0.7551123979537913], [7661646, 0.7803220819728958], [7802007, 0.804628446703547], [7803722, 0.757841752138209], [7806403, 0.7523301997126829], [7806408, 0.7478850387808634], [7817825, 0.7497432417569353], [7857292, 0.7436265500780604], [8014741, 0.7939573796001478], [8020380, 0.7562092731133917], [8062969, 0.7188888982416662], [8219204, 0.7539506908138299], [8219489, 0.7506380512027587], [8327010, 0.7860521056132133], [8521707, 0.7738704542427303], [8561736, 0.7846029867058631], [8678905, 0.7684919648106247], [8694172, 0.7758483666903755], [8752505, 0.8034614428164616], [8833568, 0.7841913608755466], [8931507, 0.7860683569817335], [8951089, 0.7313237875553278], [8954680, 0.7140769726727807], [9072157, 0.7688932858742257], [9195166, 0.8388943792435236], [9196535, 0.759791283607104], [9196950, 0.7489837211861823], [9283229, 0.7798941200082674], [9334638, 0.7400027203417849], [9466379, 0.7708685496881795], [9469822, 0.7542565273327866], [9478281, 0.7324512165973577], [9521990, 0.7859729933236329], [9522763, 0.7798828123785041], [9579646, 0.7233591963311051], [9599489, 0.727535265106498], [9655410, 0.7685849640015032], [9671029, 0.7631351465647728], [9704232, 0.7734340112964677], [9704233, 0.7696344792989976], [9709158, 0.7648845392713505], [9714871, 0.7675987682051605], [9715314, 0.7503058169534511], [9740691, 0.8103448409024351], [9761974, 0.7724819463453422], [9762431, 0.7592099667016132], [9795344, 0.805853010839379], [9795525, 0.7172570096353796], [9873726, 0.7780561354525786], [9889789, 0.792244372695493], [9891836, 0.770285589329875], [9892063, 0.7556103795796786], [9907652, 0.8509471966615504], [9911844, 0.7466264585696368], [9927637, 0.8508666693389687], [9928058, 0.740933025107854], [9940089, 0.6758317825849408], [9941448, 0.6769033026903695], [9947449, 0.7336887970238026], [9950634, 0.6872428971752201], [9951191, 0.6604460141070999], [9957386, 0.7278442022969317], [9961153, 0.7446819657654605], [9965970, 0.8480124238659094], [9965973, 0.7630675096578904], [9966002, 0.7420941505738639], [9969917, 0.7642469212511341], [9973798, 0.8271596059923415], [9973803, 0.8129293290342563], [9973884, 0.7819988020777884], [9976169, 0.8383468833739768], [9979896, 0.966113024438464], [9979897, 0.8840840608978825], [9980008, 0.8181578604694936], [9980049, 0.7867640698617622], [9984022, 0.8113891928614001], [9984133, 0.7764537892601228], [9985926, 0.8636702638866296], [9986075, 0.7507710215854616], [9986090, 0.5949562684416876], [9989337, 0.7026848075213926], [9991860, 0.7960999099559093], [9991921, 0.7614105989065507], [9993942, 0.7405260870748904], [9994793, 0.8029242896016173], [9995014, 0.6629542082953854], [9995015, 0.5726709745527433], [9995016, 0.4913514138650853], [9995047, 0.47161187001573657], [9996520, 0.6216267724956094], [9997303, 0.7155230386637511], [9997608, 0.7979071069301642], [9998051, 0.5635113636244868], [9998740, 0.8550974882251535], [9998947, 0.7841507975114717], [9998948, 0.7760942232600201], [9999017, 0.4966300726422367], [9999474, 0.681874572071896], [9999529, 0.7528024041826801], [9999798, 0.8029093720318766], [9999805, 0.6822119923552971], [9999837, 0.6292443318531387], [9999864, 0.6778602455206236], [9999869, 0.588442866916248], [9999886, 0.59818234868831], [9999952, 0.6152125655935213], [9999965, 0.6737422790120305], [9999982, 0.5949028390442602], [9999987, 0.6100596892381119]]}