{"seed": 801, "N": 10000000, "alive_speed": 0.7851063841466268, "non_threatened_speed": 0.7851161691122347, "survivors": [[597392, 0.7815454101895498], [808097, 0.772839367128627], [7076370, 0.7315367237456457], [9362661, 0.6951624655786173]], "still_alive": [[206, 0.7851226361835707], [490195, 0.8007353616433981], [822608, 0.7472920339274214], [840875, 0.7327775827811117], [1202018, 0.7595879109455731], [1204827, 0.7337078683413165], [1319860, 0.7380643785875465], [1623017, 0.7486126301609615], [1727286, 0.7544764424960239], [1733987, 0.7437437784588526], [1797970, 0.7359201418008084], [2281213, 0.7455888011625926], [2958398, 0.7944027783200064], [3043899, 0.7674560552665425], [3171948, 0.7621739021677256], [3212325, 0.7635753040733375], [3780632, 0.7968267922164635], [3908883, 0.7484996231762501], [3953196, 0.7479417924740881], [3993013, 0.7465631439866139], [4362432, 0.7912085013585131], [4663299, 0.8048888876515182], [4663322, 0.7654652704542279], [4664713, 0.7568004416004843], [4682010, 0.7077266327675824], [4881107, 0.7143843009506567], [5375848, 0.7677934762343901], [5449355, 0.7379171008961166], [5483774, 0.7269249829847518], [5735585, 0.7596960633208097], [5766950, 0.7555296309113029], [5775677, 0.7435186730338893], [5776876, 0.7234423822424271], [5777195, 0.7112208890757521], [6322216, 0.7678444458584781], [6395515, 0.7557475538392076], [6579134, 0.7933191134788297], [6589157, 0.7508073168775411], [6963356, 0.8287773491342966], [6980243, 0.751443767729526], [6985620, 0.7428036386018789], [7054719, 0.756277042203235], [7084625, 0.7274437906867298], [7227710, 0.7354387294328868], [7390601, 0.7203381735697754], [7543234, 0.7209634879070329], [7594683, 0.7300043530253714], [7800790, 0.7524811387844552], [7801125, 0.7504076045471353], [7805142, 0.7483248952633069], [7928209, 0.7733316886864039], [8029660, 0.7869184853254754], [8030521, 0.7297598192613376], [8032094, 0.7239906226795145], [8086835, 0.7410973095198355], [8154290, 0.741506895833232], [8297973, 0.7773823902648275], [8297974, 0.7559872801812492], [8364919, 0.7443875799274463], [8364928, 0.7154726180066423], [8779811, 0.8473760806187325], [8779816, 0.833075216649527], [8901409, 0.8235404475682568], [8989724, 0.75041681324096], [9145695, 0.8043428302422327], [9145780, 0.7621031575989374], [9157839, 0.7041918188377528], [9171404, 0.6901729841187676], [9344303, 0.7736472940857636], [9344922, 0.7223970878886797], [9435778, 0.6836017589082134], [9470535, 0.7276638065173278], [9508046, 0.7079716067535947], [9570451, 0.764862962899172], [9600960, 0.7990972823632204], [9606367, 0.7614291748214049], [9611032, 0.7661792827380205], [9611043, 0.7657287327088775], [9649828, 0.8220274224062922], [9662521, 0.7328691174668661], [9719718, 0.7529419834959793], [9733849, 0.7811315397467723], [9738746, 0.7539067899764584], [9743873, 0.7420331988683503], [9748360, 0.7330600592025409], [9770023, 0.7758113659151965], [9778056, 0.7673873235310134], [9797929, 0.8259784102568438], [9797930, 0.8168035000878742], [9798061, 0.80339432984756], [9803660, 0.7572717358401841], [9809023, 0.7348565471752837], [9812838, 0.7497235582515889], [9826137, 0.6811667803039172], [9827974, 0.6820559193395643], [9854879, 0.8068196196063284], [9868380, 0.8718618006847672], [9868449, 0.8684838509114259], [9868552, 0.8645331213726498], [9870791, 0.7873599375522061], [9878544, 0.746178310272163], [9892853, 0.7237504847732509], [9896562, 0.7426247621168997], [9903811, 0.7337833092233899], [9910590, 0.7433108188175415], [9915473, 0.7377966784268569], [9924378, 0.7664334981812665], [9929673, 0.7439390094177423], [9937570, 0.7721196532939791], [9938777, 0.7681385001213019], [9950488, 0.841160163428278], [9951731, 0.8238260806895376], [9958430, 0.7631274342728548], [9959889, 0.7037341970577856], [9961770, 0.685551563317188], [9962627, 0.6938369817650653], [9962634, 0.6393613851692629], [9972107, 0.7988148528001354], [9972586, 0.7432813690246625], [9973747, 0.775692827931377], [9973748, 0.7514891058366872], [9973785, 0.6769116860327481], [9980212, 0.7749455181931235], [9981927, 0.7827712437819319], [9981942, 0.7017947504673643], [9981945, 0.6309549824946371], [9986912, 0.8245938887998515], [9987219, 0.8385328621419444], [9987220, 0.7961535676313535], [9987901, 0.7615126213519535], [9988008, 0.7548631907611245], [9989623, 0.816411670199051], [9989924, 0.7163188311866014], [9990047, 0.701172253066604], [9992052, 0.8561099307391112], [9992075, 0.8394757660584863], [9992388, 0.6503534286670001], [9992421, 0.5779791741956158], [9996902, 0.7292167331007412], [9996903, 0.6970384950705643], [9997408, 0.6859657308192338], [9997529, 0.7182069981490401], [9997742, 0.7485390726191264], [9997831, 0.7121460264071324], [9997880, 0.6097033603853852], [9998097, 0.634544394154275], [9998724, 0.5979556472598028], [9998821, 0.5896304914695903], [9999088, 0.7100967210971362], [9999263, 0.6306595733866023], [9999266, 0.5956641209142898], [9999425, 0.6512289446816274], [9999498, 0.5394545450963504], [9999639, 0.5955513668825227], [9999676, 0.5573466809962854], [9999709, 0.5781326702523844], [9999780, 0.6346117249966877], [9999801, 0.6617533578237671], [9999814, 0.5856965394751157], [9999885, 0.9297568715219406], [9999892, 0.7101766803617893], [9999933, 0.7371454860936716], [9999984, 0.9103620295445064], [9999989, 0.938932872036444], [9999990, 0.8574135887236716], [9999999, 0.9511342479311239]]}