{"seed": 177791846, "N": 10000000, "alive_speed": 0.9221257861062495, "non_threatened_speed": 0.9221271692968652, "survivors": [[14, 0.9221271692968652], [3169, 0.7877498785777266], [3174, 0.785378647554617], [9919627, 0.7584977401980114], [9946584, 0.7189973865148], [9999987, 0.4849409042735121], [9999988, 0.4217435843020696], [9999999, 0.39631251342739626]], "still_alive": [[4201, 0.7613029040139574], [222762, 0.7518035441242865], [693507, 0.7702392915771583], [694222, 0.7488996539913757], [798445, 0.7302436586794697], [1127870, 0.7499114166801086], [1139551, 0.7208284271382729], [1381966, 0.7344554486134311], [1740065, 0.7618576798597517], [1976564, 0.7682035852711141], [2177977, 0.7667168107907518], [2737776, 0.7782339092580403], [2869577, 0.7840855735878404], [3070228, 0.801347983645685], [3195765, 0.7948913711604004], [3195870, 0.7871987622725376], [3196401, 0.7574186500926846], [3366184, 0.7718031171212868], [3395573, 0.7718303276858912], [3396240, 0.7625416884571161], [3422773, 0.7648632885936805], [3460182, 0.7466165650568913], [3526349, 0.7130676568485942], [4025354, 0.7677809950699289], [4489611, 0.7486155632018734], [4529324, 0.7408723142340561], [4558783, 0.7225092135981932], [4742198, 0.7439789194736944], [4861899, 0.7589618177946048], [4861932, 0.747382468692062], [5114469, 0.7618387283288965], [5170644, 0.7264555541709471], [5721293, 0.778109735087419], [5749476, 0.7708289161654869], [5761725, 0.7621807406068598], [5976410, 0.7914057514018292], [5976411, 0.7561650766605399], [6126496, 0.7294068903543777], [6417893, 0.7791602556040483], [6669424, 0.8271107906080465], [6680943, 0.7855940195271341], [6682176, 0.7820995697565337], [6700989, 0.7403905727248894], [6717516, 0.7428624186890083], [6766901, 0.7517717103671312], [6856038, 0.722178961754905], [6980995, 0.7249378715575399], [7262938, 0.7931213703908381], [7424493, 0.7978994551987255], [7424886, 0.793691634786734], [7623149, 0.8135015005894202], [7623184, 0.7872603469684706], [7637033, 0.7663409381148181], [7761112, 0.7572378606572215], [7958673, 0.795379070900572], [7963442, 0.7942297596591671], [7963443, 0.7468597538185591], [7963472, 0.7300938522550428], [7963477, 0.7192476421810567], [7964280, 0.7194795723250461], [8052113, 0.7503113948294655], [8093378, 0.7580038911451822], [8093397, 0.7261191648284581], [8595846, 0.7986628199625475], [8648609, 0.811838680839577], [8649748, 0.7698598988616928], [8650961, 0.7639257546477054], [8697130, 0.772781602737169], [8825493, 0.8155848486400142], [8869562, 0.7745946656637193], [8873813, 0.7430114225441564], [8904564, 0.762034481114022], [8976417, 0.7672504663792395], [8987308, 0.7205537019268295], [9021653, 0.7390530165052538], [9165158, 0.7508066064298763], [9239887, 0.7834441118374117], [9300046, 0.7534955168479962], [9300171, 0.7094136367753802], [9402418, 0.721486271372366], [9441041, 0.7686958392582722], [9441292, 0.7576220330836977], [9498131, 0.7724137385422134], [9546178, 0.8308461034430288], [9564607, 0.8121416681784075], [9569018, 0.8048929430473323], [9583531, 0.8074399756947052], [9606020, 0.7770026515899233], [9608573, 0.7755102575280413], [9648896, 0.801165803311661], [9670665, 0.7824405155582788], [9671052, 0.7490654840771545], [9687145, 0.7843543539389353], [9711120, 0.7593738334208422], [9719325, 0.7812318677122144], [9747022, 0.7518185742722954], [9751823, 0.7436814995404136], [9754122, 0.7399806445457995], [9764589, 0.7649972011023061], [9771694, 0.7543920763618253], [9790509, 0.8210998732373981], [9793610, 0.8123621052215169], [9798617, 0.8025765121075897], [9814896, 0.7048484545468411], [9843351, 0.7678819611680268], [9843352, 0.7592537309871564], [9843391, 0.7095529461453426], [9856476, 0.7558136634727137], [9861623, 0.7599391530322361], [9871086, 0.7364946194015017], [9906983, 0.8318328417416765], [9907050, 0.8081047864687967], [9909689, 0.7903772538307783], [9909722, 0.7861051425603636], [9921846, 0.7498264966798123], [9921903, 0.7247575846218127], [9929798, 0.7933721497202998], [9935479, 0.8137314175203062], [9935498, 0.711562185887632], [9938609, 0.7279311838340667], [9939202, 0.6956799363212499], [9939211, 0.679201315711812], [9945782, 0.734957476494759], [9946141, 0.7275663826134193], [9947321, 0.7034907839506426], [9947614, 0.6863404976255104], [9951689, 0.7426135824948388], [9964704, 0.7280028000114547], [9965677, 0.7063985730693082], [9971426, 0.7685934151920781], [9971429, 0.7169633017306535], [9973088, 0.7421344721748422], [9976215, 0.777579709366863], [9976290, 0.7515052364600444], [9976335, 0.7490477038047036], [9977348, 0.776056434709588], [9979301, 0.7592690839179664], [9979708, 0.7681192302871435], [9983387, 0.9185348693670556], [9983682, 0.7531693612560478], [9984503, 0.7830651663011744], [9984674, 0.7079496289659201], [9985165, 0.7061656575483103], [9987378, 0.7940445187245527], [9988197, 0.7243481555341069], [9988316, 0.7123212514565207], [9989865, 0.7687940752035877], [9990406, 0.8009146927994842], [9990485, 0.778683839297952], [9990888, 0.7919231439254755], [9990903, 0.7356577162301647], [9990904, 0.7278246546566425], [9992637, 0.738392650900444], [9993382, 0.7232201499258317], [9994701, 0.8371106475618817], [9994704, 0.7286912272498292], [9995753, 0.8906965435428853], [9996168, 0.7094509161716394], [9997491, 0.607380740564408], [9998388, 0.7532295336190112], [9998963, 0.8436972529048203], [9999016, 0.7875511731409753], [9999145, 0.8407025942021292], [9999172, 0.5207391158279897], [9999387, 0.5845510952271721], [9999640, 0.8634734085140475], [9999825, 0.9174928834607414], [9999838, 0.9575587593012517], [9999871, 0.8160197698192765], [9999876, 0.8185799877378802], [9999879, 0.7789613276578038], [9999886, 0.7506185646433656], [9999889, 0.4575889615940011], [9999948, 0.8531313709118562], [9999951, 0.8564337284891564], [9999960, 0.9242875357338095], [9999963, 0.95367980967613], [9999966, 0.9464461673621128]]}