{"seed": 942755609, "N": 100000000, "alive_speed": 0.8538653702586343, "non_threatened_speed": 0.854009381859257, "survivors": [[16862, 0.854009381859257], [36035345, 0.7667905871054356], [36202250, 0.7655240460249042], [36766915, 0.7633086274366746], [37050826, 0.7601569440887426], [64155199, 0.7593191099618753]], "still_alive": [[218329, 0.7537448833801658], [3043784, 0.7626402896300968], [5189821, 0.7512615393039415], [7233652, 0.7569165413662258], [7274159, 0.7563178529325543], [9960510, 0.76445562807862], [10397859, 0.754610728325019], [11316296, 0.7543114529778636], [12321715, 0.7617984596006766], [17065284, 0.7608363557055337], [18105847, 0.7698988396655401], [18449762, 0.7608861835680051], [18803851, 0.7488980000445583], [23680954, 0.7666756225618516], [28218527, 0.7574788418315977], [28390942, 0.7508305685371196], [30030261, 0.7661488702589184], [31233974, 0.7631414329183436], [33354323, 0.7752650532827775], [33354396, 0.7678874916562333], [39370559, 0.7362687401319711], [40926778, 0.7490822861019701], [41650643, 0.7440052125563078], [45456986, 0.7693250606765484], [46025645, 0.7410229695136058], [46049086, 0.7320777153871703], [46049105, 0.7273949721804114], [46076548, 0.7257328435929922], [50537203, 0.7665817377008224], [50799800, 0.7489776571477303], [52535019, 0.7662725239859308], [52540190, 0.7547729327089632], [53242663, 0.7658382635405515], [53491658, 0.7682242990984923], [54715795, 0.7841851781943029], [54844040, 0.7782786586871858], [54868595, 0.7735081343996092], [56032234, 0.7669374997984043], [56043533, 0.7379296053276249], [56172628, 0.735525815452728], [58547477, 0.7433944295959091], [59131986, 0.74618857618249], [59278481, 0.7318774039938521], [61264492, 0.7652314425531596], [62196359, 0.7576762334826729], [62499270, 0.7569395722526936], [64287170, 0.7459330835030462], [64373349, 0.7316239567459256], [66250432, 0.7695652416185123], [67139331, 0.756851870873385], [68437848, 0.7527166573247605], [68478503, 0.7460583912635484], [70319770, 0.7560184165033339], [70461461, 0.7550911696993272], [70515408, 0.7511506181361487], [70518719, 0.7405154210352891], [71496088, 0.7630341937873184], [71540583, 0.7588211726459048], [72579012, 0.7521312026291453], [76447481, 0.771370890903161], [76894950, 0.7566891147748345], [78025905, 0.7814872898408508], [78032936, 0.7494195585206977], [79506347, 0.7823811486135314], [79677372, 0.7555064078410135], [79931697, 0.7556986663265041], [80294114, 0.7400431535365611], [80297823, 0.7378553847946804], [80409534, 0.7309534779028254], [81482123, 0.7497613850366781], [81482218, 0.7439611336784572], [82595981, 0.7674598167632185], [83030330, 0.7754264732800629], [83382583, 0.7902766270813234], [83383454, 0.7776207082241438], [83512163, 0.764741052583824], [85273996, 0.7490489055811276], [85673869, 0.766263960751572], [85950870, 0.7529002108822326], [86741969, 0.7574607612187884], [87090462, 0.7750402471209746], [87723223, 0.7620474342723281], [88206776, 0.7782134433540778], [88206827, 0.765702710870518], [88258064, 0.7642689451147031], [88532545, 0.7783278016550256], [88532546, 0.7566515206763795], [88561073, 0.7284803321954029], [88582482, 0.7214070735132263], [89526691, 0.7843866364019468], [89607680, 0.738658264253109], [90245107, 0.7515754287859969], [90424136, 0.7613153119332303], [90424285, 0.7501118259772431], [91248174, 0.771234386675063], [91265105, 0.7433637484660549], [91427360, 0.7405966162876042], [91620657, 0.7540234024036159], [92125320, 0.7703779450866926], [92518809, 0.7849517398013135], [92528888, 0.7755224637858583], [92530115, 0.7741258574532469], [92854378, 0.7760667867865311], [92855065, 0.76667070343533], [92884066, 0.7603604225688546], [92914649, 0.7630306576292434], [92915390, 0.732422348407234], [92932091, 0.7177366457703097], [93562352, 0.7363615360823198], [93565449, 0.691158267678857], [94229046, 0.7609396963135431], [94233585, 0.7592437255806261], [94236786, 0.7435631168998247], [94301639, 0.7101862261183659], [94383058, 0.709218470993439], [94770611, 0.7595269878714743], [94958478, 0.7851145944851377], [94965273, 0.7669350304062117], [95396626, 0.745349586097644], [95919747, 0.7846982898147888], [95920180, 0.7816258419250515], [95957821, 0.7370510361518687], [96097968, 0.7551406077961268], [96405901, 0.8033451850894492], [96419382, 0.805451641013838], [96463481, 0.7782574580988108], [96502246, 0.7475349095699098], [96734165, 0.7877417650471565], [96734398, 0.7752983975795767], [96823133, 0.787452164012083], [96882774, 0.7118904290717566], [96882787, 0.7101366208809284], [96929950, 0.7111623637504385], [96930369, 0.7109680191608186], [97141404, 0.7445269246966716], [97271601, 0.7775673854785365], [97287800, 0.7523592447122], [97288157, 0.7382161051113574], [97445790, 0.766982302563357], [97466967, 0.755764493827692], [97569602, 0.7590724652342437], [97572221, 0.7244425218417763], [97572818, 0.722699070128626], [97581667, 0.72135866177262], [97707294, 0.7522117694485667], [97731821, 0.7576328134517304], [97731846, 0.7526426130269295], [97817825, 0.7710831795994576], [97833710, 0.7694879153331797], [98071395, 0.7673344962473112], [98199104, 0.736569307530167], [98424263, 0.7622047347008301], [98439834, 0.7166344033240529], [98605201, 0.7276965814072061], [98671070, 0.7313877947515642], [98908523, 0.8327246714197292], [98944218, 0.770678883774762], [98949075, 0.706381974132279], [98952882, 0.7065166167449598], [99009241, 0.7399292455295449], [99061600, 0.7636514646804939], [99062967, 0.7601476090163092], [99202794, 0.7902361986402072], [99204041, 0.7358464244513927], [99207808, 0.7390824704033204], [99244993, 0.7261512353784202], [99301016, 0.7292963018592367], [99338703, 0.7070501890752114], [99408782, 0.7806856198097782], [99431609, 0.8008194163354225], [99470074, 0.8549594015164584], [99470215, 0.8445011358918414], [99470322, 0.8380296303232803], [99489409, 0.8044996797106249], [99491474, 0.7837217370574004], [99524165, 0.7729261014639274], [99524188, 0.7557665835664102], [99525637, 0.7561176501126494], [99545082, 0.7713636892655263], [99549711, 0.7701691218146013], [99571484, 0.782731917551763], [99590111, 0.8070632874054458], [99611374, 0.7454695549179797], [99611503, 0.7241399060663696], [99682410, 0.7092710208858792], [99722427, 0.7900330211430477], [99726886, 0.7036999915986529], [99766911, 0.7613916543037846], [99767270, 0.7225406272022089], [99798231, 0.8115985487708826], [99798258, 0.7623344974725725], [99834885, 0.7574828008525845], [99862966, 0.7498245599746212], [99864783, 0.7511050880193376], [99868952, 0.7145306831467899], [99872955, 0.7203600082260919], [99874460, 0.6795979471259523], [99881607, 0.7156394246168521], [99896760, 0.7965245724733603], [99897523, 0.750722341061363], [99904282, 0.789657692444985], [99930153, 0.9034955717362683], [99930672, 0.8384940170113111], [99933949, 0.7296324775317267], [99935342, 0.7117690095624976], [99951051, 0.752845032424735], [99951100, 0.7485322222522334], [99961447, 0.7771910671210434], [99963940, 0.7680307344619838], [99968211, 0.8184356944510255], [99968294, 0.7792081770505135], [99968365, 0.7029642561808739], [99975500, 0.7791856444349397], [99975503, 0.7307842746020173], [99979468, 0.8351344893413378], [99980077, 0.7570857272023246], [99983362, 0.6853655833225933], [99988179, 0.7219135306622797], [99988210, 0.7037087174486447], [99991593, 0.8427755730895349], [99991634, 0.7165593015801218], [99991635, 0.7129145027298621], [99991822, 0.6880863564039229], [99992199, 0.6842529780811986], [99993456, 0.8065915255042656], [99993465, 0.7898041074614459], [99993528, 0.7770570025326126], [99995415, 0.9251420887830338], [99995436, 0.9091532781361452], [99995439, 0.8649206158252885], [99995526, 0.833445688805651], [99995605, 0.7865603224700449], [99996068, 0.8479099027034754], [99996091, 0.7238618897398917], [99996092, 0.6241737614980776], [99996565, 0.6986101454070077], [99996826, 0.6639364883737249], [99997345, 0.7386941009584546], [99997846, 0.7398488160701522], [99997991, 0.693786931985253], [99997992, 0.5901883986120381], 