{"seed": 483722180, "N": 10000000, "alive_speed": 0.7622890894094907, "non_threatened_speed": 0.7691882471049744, "survivors": [[1045176, 0.7691882471049744], [2194383, 0.7587481678694423], [2559538, 0.7575160402300776], [5895933, 0.7528131416521956], [6272182, 0.7496772505166632], [7456139, 0.7460728741109236], [7456408, 0.7431724073556004], [8374227, 0.7222067273853078], [9981516, 0.6689168438962292], [9999989, 0.4630700071279489]], "still_alive": [[26116, 0.7642851727956728], [165419, 0.7673828084496498], [1151303, 0.7165035300720204], [1530952, 0.7465383485708278], [1658963, 0.7233817154806533], [2063700, 0.7505394724099997], [2196628, 0.7484081744428253], [2559527, 0.7666097289851658], [2559553, 0.7458099386821345], [2781376, 0.7482590015018604], [3295041, 0.7929234863582992], [3552032, 0.7669208692191372], [3839823, 0.7855501291799752], [3863490, 0.7692746803510938], [3863519, 0.7597701330919758], [3959626, 0.7636309365409732], [4405693, 0.7349726432729301], [4405694, 0.7318028190795289], [4722469, 0.7646869713146712], [4736540, 0.7240073417162526], [5097431, 0.76954123964912], [5099812, 0.7433052195087021], [5569379, 0.7982914737798786], [5569380, 0.7352409242646746], [5895875, 0.7701219955992661], [5895932, 0.7682202835023866], [5900642, 0.7333678358990976], [6061051, 0.7504630228899166], [6331777, 0.7397383706510211], [6372070, 0.7318667736328662], [6479037, 0.735135269414997], [7009624, 0.7879544384415955], [7092671, 0.745306484772306], [7277906, 0.7908725691705294], [7291967, 0.7800796913042435], [7292990, 0.7503341991848629], [7294971, 0.7490456378640526], [7318906, 0.7517001804272424], [7324365, 0.7394054237037151], [7437316, 0.7571278726202967], [7463861, 0.7210478793972563], [7465010, 0.7161273808514769], [7592731, 0.7236358246871487], [7844256, 0.7409672716530799], [7935401, 0.7476612572654338], [7935832, 0.7440498033589634], [7971679, 0.7235385201283879], [8315138, 0.7855041320303089], [8374348, 0.7209203774080021], [8375181, 0.7092618058008362], [8567818, 0.7410355237047705], [8568187, 0.7227264467738865], [8606196, 0.7217683842780259], [8628591, 0.6977824793357169], [8865782, 0.7587444779824252], [8872911, 0.7436557870650301], [8906042, 0.7640523705455258], [8922999, 0.7383845024371825], [8958840, 0.7178684391100727], [9058399, 0.7818015757680937], [9119092, 0.7512599232650609], [9123131, 0.7006932577772318], [9131640, 0.6773657339041286], [9159651, 0.6953075738212857], [9225222, 0.7201223836497016], [9290183, 0.7524916606482458], [9324642, 0.7482135941311301], [9356997, 0.776089221567535], [9411020, 0.7874679111018774], [9489739, 0.7733060310757527], [9489900, 0.7610918804675596], [9489971, 0.7177224903848519], [9514802, 0.7431134208516708], [9538919, 0.7395301749958582], [9562772, 0.7629129637810583], [9566245, 0.7385361894218657], [9574226, 0.7204417099334406], [9660829, 0.7542331466675946], [9675098, 0.7597504297330867], [9721635, 0.7758395926111297], [9722338, 0.7287327648299959], [9722343, 0.7246892984655433], [9722346, 0.6771686284096431], [9722579, 0.6615264852427742], [9754318, 0.7353452425727707], [9768769, 0.7676202252833723], [9780032, 0.801571989313317], [9783183, 0.7731121546513651], [9784278, 0.7623243012955497], [9844149, 0.7409697967961536], [9855826, 0.7755151129073197], [9865641, 0.8039069868192966], [9881488, 0.7966477285635826], [9881557, 0.7309750263759253], [9893472, 0.7300822113632841], [9900349, 0.731079245117292], [9900644, 0.7100634980670825], [9900907, 0.695099286742616], [9901044, 0.6761799328355255], [9913199, 0.747518544260955], [9917100, 0.6776691331057023], [9939539, 0.8863424082912209], [9941012, 0.8744018364978124], [9941053, 0.723497982695817], [9946120, 0.7719088092191788], [9950487, 0.7912309374529647], [9960322, 0.752349587380345], [9962581, 0.775571278304953], [9964028, 0.7207351720619478], [9964277, 0.6677203915021986], [9969434, 0.7274073295771256], [9971429, 0.7607868209014732], [9974314, 0.7586762493768138], [9974405, 0.726661574040855], [9974430, 0.6928079922938893], [9976853, 0.7079987567933292], [9977126, 0.6993435303314139], [9977191, 0.6731053014399825], [9981172, 0.8007971920685987], [9981213, 0.7127122477702605], [9987217, 0.7326068581321195], [9990284, 0.8556337111282627], [9990303, 0.7615694285973191], [9991322, 0.7966579320104878], [9991575, 0.7183652809796307], [9991590, 0.6480847386583826], [9991831, 0.6559883884326704], [9992928, 0.6782064460970749], [9993543, 0.7019649676989399], [9995520, 0.6428798136214655], [9995889, 0.6965896281937711], [9996860, 0.7663487829525154], [9997013, 0.721253177847457], [9997404, 0.7600014935148006], [9997969, 0.6279698351535974], [9998218, 0.6060806575923023], [9998597, 0.7081402564336348], [9999028, 0.8480558654999256], [9999061, 0.6619495760058896], [9999130, 0.679553366437156], [9999157, 0.6401996492677013], [9999304, 0.4968239412526487], [9999405, 0.4980509735973664], [9999622, 0.7695785092717181], [9999685, 0.7679199444583503], [9999688, 0.7571366019419831], [9999709, 0.7615084405762979], [9999804, 0.9013066167692064], [9999849, 0.8297772374723581], [9999876, 0.8737887957388842], [9999885, 0.9408597728388864], [9999890, 0.8375426308794787], [9999949, 0.9824802013740395], [9999968, 0.7352526446678239], [9999969, 0.6847966943642017], [9999974, 0.7022230218751836], [9999985, 0.7929492756083318], [9999988, 0.6906848276171484], [9999990, 0.33807638826007214], [9999997, 0.3648646677758318], [9999998, 0.1134391322575391], [9999999, 0.1764031841654946]]}