{"seed": 483722250, "N": 10000000, "alive_speed": 0.975318859911274, "non_threatened_speed": 0.9753495834200794, "survivors": [[314, 0.9753495834200794], [43745, 0.8127162751764695], [8427258, 0.7589237889421747], [9999959, 0.655783541293498], [9999960, 0.5527924752633885], [9999965, 0.46862655788500074]], "still_alive": [[52218, 0.7585934646038146], [52669, 0.7526325930785582], [53758, 0.7268299891279445], [954273, 0.7913110751838671], [968242, 0.7517864423201023], [1390665, 0.788156059428836], [1624000, 0.7604647244375184], [1971859, 0.7680711337016005], [2038686, 0.7726160973909746], [2038689, 0.7574656848143739], [2204902, 0.7693672664313618], [2359639, 0.7592883633882689], [2565202, 0.7692930091260686], [2590653, 0.753498182279122], [3086784, 0.7381891087305753], [3109577, 0.7396082184565679], [3834662, 0.7432354312098285], [4087059, 0.758024016590801], [4106726, 0.7159858609748607], [4291061, 0.7387285175876847], [4346988, 0.7325746344615663], [4537031, 0.7375074554123344], [4796382, 0.7713194999428138], [5009297, 0.7915753351814274], [5050904, 0.7938112105525515], [5053275, 0.791436854934595], [5122742, 0.7644052181680464], [5191737, 0.7521676262925048], [5208358, 0.7166408381806157], [5792709, 0.7498594808096694], [5899946, 0.7309686927754362], [6062795, 0.7507910133401505], [6368794, 0.8064840828232319], [6467533, 0.7962472278021472], [6752220, 0.7798233870956962], [6843993, 0.7636228604858258], [6862042, 0.7454758992654583], [7164387, 0.7615535675767414], [7182500, 0.7664322027162708], [7183945, 0.741327565635986], [7342482, 0.7728966240826158], [7342485, 0.7633827283232504], [7515338, 0.7581319964441146], [7541987, 0.7286253598083965], [7680502, 0.7688061637096079], [7754527, 0.7603845409169852], [7783940, 0.7596107686288138], [7783985, 0.7584787193373573], [7803666, 0.7589284283821539], [7890687, 0.7481359175094008], [7900490, 0.739853729729627], [7913193, 0.743868422769064], [8392820, 0.8250474486775551], [8392873, 0.7921740533220825], [8397326, 0.780345809061372], [8403201, 0.7720426819459825], [8429561, 0.740800356320226], [8460798, 0.7501280015966253], [8704021, 0.7649258852214995], [8723856, 0.7746442685231314], [8742239, 0.7858022236016295], [8827824, 0.801937114125499], [8900353, 0.7603758246200458], [8906530, 0.7548608668575046], [8925495, 0.7595429403214683], [8933224, 0.7618931896145463], [8976743, 0.785146044248351], [8981480, 0.7875129070102737], [8982213, 0.754662805841712], [9012488, 0.7425103611100408], [9012513, 0.7284154204053295], [9014358, 0.7201450594189152], [9152571, 0.7847183373462392], [9182880, 0.7445590489494875], [9273527, 0.7741789139246746], [9292430, 0.7790744788473081], [9311955, 0.7750699961687815], [9334456, 0.7730518573155443], [9334767, 0.7727227446845805], [9334772, 0.764469436212862], [9334773, 0.7604792028713501], [9347260, 0.770410291281788], [9376997, 0.7811717229763684], [9418340, 0.7534856335525494], [9456339, 0.7524537377251626], [9459506, 0.7558871823893935], [9460757, 0.7418594610843982], [9473464, 0.7523677894160294], [9509617, 0.7388681086192399], [9510056, 0.7368439615110396], [9524827, 0.7470499004445066], [9525212, 0.7378902723291911], [9562217, 0.7379399121906826], [9578142, 0.7516202382344608], [9597811, 0.7292405885041465], [9654688, 0.8179835539530899], [9659247, 0.7382888443158032], [9677404, 0.777125440130598], [9696837, 0.8257065081448142], [9699112, 0.7949312891096543], [9744739, 0.7857245878971986], [9784124, 0.7875864064397344], [9791983, 0.787381426339967], [9791988, 0.781860188632172], [9802973, 0.7559103017096221], [9804842, 0.7461209446295743], [9831995, 0.8661207342348244], [9832146, 0.7269168680371908], [9863713, 0.7670188984708187], [9881106, 0.7634111918826109], [9882397, 0.6948569158219502], [9894250, 0.7682113690894026], [9895015, 0.711582148428932], [9906830, 0.7376880102752654], [9916209, 0.7952850129844881], [9916216, 0.7898211775632138], [9916857, 0.7279283450302013], [9926742, 0.7837384679505028], [9934153, 0.7439858633063131], [9936680, 0.7603130761223602], [9937281, 0.7660986541932513], [9940594, 0.7455882970928189], [9946227, 0.7253517726664761], [9955078, 0.8226296773459577], [9955843, 0.7970037160719206], [9955860, 0.710110650807028], [9955867, 0.7049696267047101], [9962246, 0.7962999322070634], [9962249, 0.7640551648283121], [9963678, 0.7092044388655031], [9965617, 0.6899999296213778], [9969302, 0.7661901109366954], [9969877, 0.7055696285786578], [9970528, 0.6625903167762209], [9975303, 0.7777624457675185], [9975312, 0.7521013345417717], [9977453, 0.7611072746167774], [9980192, 0.7446138888204759], [9980261, 0.7306761696682601], [9981722, 0.7146634151406439], [9984335, 0.7713393644435409], [9987052, 0.9168415515361656], [9987053, 0.8282682737638761], [9987088, 0.7932905998455778], [9987665, 0.7639480132248021], [9988026, 0.7583975436223374], [9989373, 0.8542396370374926], [9989374, 0.7611519597553087], [9989705, 0.7568968915964844], [9989724, 0.7256760135970711], [9990681, 0.7515439181853036], [9992066, 0.845360144714587], [9992879, 0.8513707035018026], [9996192, 0.8448623177512466], [9996195, 0.7366529897244044], [9996206, 0.7215535033095226], [9996991, 0.7646921325327496], [9996992, 0.7431532021624566], [9997861, 0.7562796823329466], [9998242, 0.9059770308491999], [9998243, 0.7154342905493384], [9998282, 0.6497524621124972], [9998971, 0.5927181379991184], [9999020, 0.5697305061380298], [9999455, 0.8125233181027501], [9999514, 0.844049538319386], [9999533, 0.8671282562007773], [9999570, 0.6555782727125955], [9999639, 0.7047272267247797], [9999926, 0.8985121958872072], [9999927, 0.8979806007740202], [9999928, 0.7294999536380573], [9999994, 0.455954368708436], [9999997, 0.4574156475075697]]}