{"seed": 928126034, "N": 10000000, "alive_speed": 0.8396657409046473, "non_threatened_speed": 0.8396663286710185, "survivors": [[6, 0.8396663286710185], [503197, 0.7971992695865622], [5625102, 0.7632176086709973], [5643381, 0.7536335524894104], [9973948, 0.7239803670350073], [9999941, 0.627560236985616]], "still_alive": [[503356, 0.7752730924393095], [667137, 0.7848418101830649], [685530, 0.7409047879029653], [1114857, 0.7512992848554225], [1504996, 0.7848132019024442], [2088037, 0.7496109766591985], [2289526, 0.7442392432495745], [2289527, 0.7320172618631936], [2883622, 0.7523887861820608], [3441217, 0.7560660837580457], [3456360, 0.7405355486101285], [3462285, 0.7378544288437122], [3463256, 0.7340504573366097], [4068575, 0.7722927287082234], [4068942, 0.7712326787192912], [4338553, 0.781432578997975], [4436760, 0.7596044537374599], [5095749, 0.7682397088395124], [5095750, 0.7409600599948707], [5619843, 0.7762118441303005], [5624948, 0.77519600078765], [5624951, 0.7694865960207583], [5867864, 0.7262954724531764], [5897221, 0.7288639986206322], [5924342, 0.7323997707638035], [6152933, 0.7409991030444403], [6588058, 0.8127327399171334], [6628845, 0.7487200999048474], [6669852, 0.7521508364386585], [6825359, 0.7646176015895876], [6826932, 0.7613955050801477], [6905677, 0.7661948650660706], [7035654, 0.7513448990466399], [7040005, 0.7405954749851215], [7238408, 0.7774616560236121], [7240391, 0.7763732988649453], [7242618, 0.7759311340868484], [7409445, 0.7805297835469194], [7477444, 0.7244471372229759], [7543503, 0.7406240147825512], [7556656, 0.7412300506612509], [7558145, 0.7351909401898078], [7558560, 0.719133362600264], [7768015, 0.7461523437517692], [7815400, 0.7496065227521537], [7816349, 0.7438415673782159], [7934884, 0.7336321646224427], [8058935, 0.7780385057954392], [8064516, 0.7366077812793643], [8095005, 0.7235997011403728], [8184034, 0.7420387233509681], [8370779, 0.7856384646743534], [8393482, 0.7770477580656339], [8393797, 0.7683955760315987], [8419250, 0.7613617106396824], [8419999, 0.7281104073038346], [8493314, 0.7577452574327274], [8592513, 0.7370341163347429], [8703100, 0.7986652423187098], [8703291, 0.7252164465278298], [8837054, 0.7812017489987932], [8837095, 0.7793024956895226], [8905552, 0.75609214369301], [8991971, 0.7769818069369655], [9066140, 0.7547906068698816], [9071007, 0.7446208169808809], [9071242, 0.7408040678674025], [9075149, 0.742830621334515], [9100154, 0.7307572112892069], [9149657, 0.7629304454835713], [9149674, 0.7529034168603621], [9155373, 0.7513310793020666], [9231604, 0.7824946696754553], [9234423, 0.7602393795099712], [9250410, 0.7398660608974411], [9253021, 0.723776410536306], [9277618, 0.7184646616658404], [9315059, 0.7435356682784289], [9315126, 0.7410368130951592], [9442627, 0.7612972449741644], [9442636, 0.7454309264690133], [9443599, 0.7434226270431751], [9454876, 0.7585665121352795], [9454977, 0.7366616443101488], [9587624, 0.7772506669808402], [9587695, 0.7565199073463948], [9618250, 0.759110557206802], [9626101, 0.7449245043512859], [9645066, 0.7634925333960125], [9645285, 0.7563732642355726], [9647090, 0.7599353923691917], [9674437, 0.7011314465579598], [9683278, 0.7043663394677421], [9714433, 0.756507643486787], [9714532, 0.7563742481480328], [9727249, 0.7271703155973479], [9761262, 0.818780870437907], [9773659, 0.7328229550357225], [9798446, 0.7994480286512221], [9798503, 0.7775812034240162], [9798504, 0.7642717094325033], [9818721, 0.7983768384687746], [9827758, 0.7765586882306408], [9834519, 0.7732102334558331], [9839312, 0.6818595907662556], [9848287, 0.6507529189791083], [9861288, 0.7085385646503752], [9890651, 0.7273564679870427], [9898690, 0.7251847198996109], [9914099, 0.7675559387937858], [9924566, 0.7360950340683743], [9924571, 0.7067049216352216], [9924580, 0.7058022547409835], [9931627, 0.7567488959174236], [9939816, 0.715997162032764], [9940603, 0.7210819651637147], [9953674, 0.813173253031274], [9953973, 0.7341250477256811], [9958166, 0.7305782041302756], [9959033, 0.7353521271285605], [9961952, 0.7643121919647317], [9964395, 0.7613846527327874], [9973558, 0.7489970218206723], [9973861, 0.7464578225325268], [9974029, 0.6884904300128942], [9978232, 0.5906907803583005], [9978241, 0.5579276812936431], [9987142, 0.7790379489306791], [9987143, 0.6862485260583775], [9989334, 0.7661503402989374], [9989385, 0.7462630627451821], [9989484, 0.6896523055020815], [9993355, 0.6939698910338941], [9993588, 0.7085843864311452], [9995231, 0.846262759010705], [9995232, 0.7491836968135194], [9996435, 0.9155597185129587], [9996458, 0.7648666365609712], [9996731, 0.615133190663548], [9996960, 0.5954374996864634], [9997861, 0.8208503369164902], [9998282, 0.8938214755111279], [9998435, 0.7140807007846266], [9998478, 0.6895387712795346], [9998519, 0.6965607222649025], [9999010, 0.7055539320638865], [9999315, 0.8944026341241715], [9999490, 0.8445993945770692], [9999603, 0.5519514302298565], [9999796, 0.8241123070709565], [9999797, 0.5924700968891872], [9999872, 0.6524313002566426], [9999873, 0.5523483051398124], [9999908, 0.6291719728063045], [9999950, 0.6097010896867777], [9999977, 0.734428410919453], [9999982, 0.8254617633832246], [9999985, 0.9841579681801558], [9999994, 0.6578944008532356], [9999997, 0.8620902019570508], [9999998, 0.1500431677790176], [9999999, 0.19111027056779906]]}