{"seed": 177791949, "N": 10000000, "alive_speed": 0.8040239928802051, "non_threatened_speed": 0.8041985843754138, "survivors": [[2170, 0.8041985843754138], [93737, 0.7943375832132007], [128442, 0.7846081667861124], [1083949, 0.7607164782929495], [1928450, 0.7471551796747038], [9999989, 0.5405933581807598], [9999992, 0.4122740904053206], [9999999, 0.33348668927950376]], "still_alive": [[1325862, 0.749787234496488], [1842321, 0.7718064865470714], [2165117, 0.7435858758865659], [2598378, 0.7489145087997516], [2783063, 0.7572892846087212], [2889066, 0.7441643526199254], [3381679, 0.7483190394932824], [3766456, 0.7623484887981995], [3791227, 0.7588223888282397], [4043612, 0.7826376168121251], [4087293, 0.776939698576746], [4088084, 0.7744327198524795], [4359221, 0.7408239266018981], [4370974, 0.7382280360143144], [4703715, 0.75316350703434], [4720390, 0.744604405709225], [4861889, 0.7559963773766004], [4864698, 0.748177885343276], [5046313, 0.7593712696847907], [5070832, 0.7576126908652953], [5325681, 0.7845568953639007], [5395760, 0.7904118467551116], [5471711, 0.7374709907806282], [5818470, 0.7473944334191439], [5828853, 0.7458488681453566], [5830380, 0.7421215350235745], [5839589, 0.7329230988660926], [5846814, 0.7333490753575984], [5853321, 0.7265370073933719], [6038278, 0.7404024310034544], [6170703, 0.7568539525141221], [6278028, 0.7386560624548989], [6279861, 0.7378277072017513], [6536864, 0.7720760151913781], [6704701, 0.7738994613914703], [6704728, 0.7466622456933871], [6810821, 0.7085952575711899], [7116736, 0.7303621467702663], [7371755, 0.7851001389656193], [7385154, 0.7727484619251059], [7408407, 0.7769860189232322], [7585440, 0.7883994184009528], [7586341, 0.7460090798808586], [7629372, 0.7585589322351843], [7721129, 0.739645881832913], [8055356, 0.7785735429453832], [8091795, 0.7467731023203115], [8165370, 0.7764202385751954], [8203747, 0.7456731905486119], [8376104, 0.7993934633977656], [8376127, 0.7667983114708314], [8376128, 0.7573751501677769], [8583885, 0.776116196272887], [8585004, 0.7747691508540778], [8597021, 0.7712540312073872], [8824798, 0.789956252319285], [8858781, 0.7891423817002359], [8891926, 0.7386605300852083], [8960935, 0.7136744933575095], [9034266, 0.7635027904878582], [9134441, 0.7766058567504892], [9140202, 0.779399078057359], [9153979, 0.7244771937999587], [9325290, 0.7872787940668738], [9355917, 0.7906918165880601], [9361758, 0.7491065348156017], [9363975, 0.7514410411059256], [9364028, 0.7401194154519757], [9403683, 0.7478215551401663], [9440514, 0.7495440002988617], [9446725, 0.7383841729519003], [9486530, 0.7635912305798487], [9514189, 0.7329921683973003], [9528412, 0.730863542747993], [9543473, 0.7531875654864391], [9561804, 0.7267417287675284], [9585541, 0.7654051597137923], [9619568, 0.7629218154299049], [9644623, 0.7060608368379125], [9660060, 0.6913423819840359], [9691873, 0.7564357977884255], [9699340, 0.6951846265407614], [9699449, 0.6895345739235339], [9729354, 0.7312089034721173], [9741471, 0.7518071784465937], [9748308, 0.7496749287366188], [9765369, 0.7396401745003074], [9791356, 0.8040077257049761], [9800599, 0.7505151277042763], [9829832, 0.7899517720019943], [9835977, 0.7818962556191127], [9836762, 0.727667206522328], [9865097, 0.7836972783082237], [9891798, 0.7971286906317719], [9892031, 0.7964488560485188], [9892070, 0.7124585637875532], [9899731, 0.7463014798131731], [9911354, 0.7326733995392968], [9911603, 0.6959044426322658], [9924424, 0.8046791815558436], [9924633, 0.7728309775066047], [9939606, 0.8232519371020484], [9940673, 0.8352099881979068], [9940850, 0.7654681586099685], [9942059, 0.7213479808994859], [9950398, 0.7166826781233325], [9952167, 0.7395463666735594], [9952538, 0.7376716072062899], [9955071, 0.7296146979998426], [9955072, 0.721543227766894], [9961209, 0.7512029233401202], [9965596, 0.8400651291195372], [9965609, 0.7939032179773177], [9969056, 0.769707436813056], [9969709, 0.7656812420027979], [9970806, 0.7833757905910548], [9972739, 0.820526713151313], [9972838, 0.7735311943017331], [9973983, 0.8043452528910996], [9974274, 0.7706746530130394], [9976885, 0.6509390661620604], [9980526, 0.7333159413104597], [9983585, 0.7893849633565968], [9983958, 0.6826805292992], [9985817, 0.7707414861773555], [9986926, 0.7134119280364576], [9987107, 0.7030140799304256], [9989146, 0.8070203090483199], [9990009, 0.8542860610969047], [9991620, 0.7793357745364475], [9991637, 0.7104729058238818], [9992060, 0.6478338619889613], [9992677, 0.6860634863375376], [9992678, 0.6616455071163282], [9994375, 0.756368073887037], [9996028, 0.7834754999096932], [9996029, 0.6825979136725036], [9996960, 0.8302627178673808], [9997529, 0.6649483991749522], [9997732, 0.6007355843125581], [9997855, 0.5995311781411449], [9997992, 0.5407621094665483], [9998861, 0.9427047204084257], [9998876, 0.827084799243407], [9998895, 0.7266770950171033], [9999172, 0.6138939226251037], [9999539, 0.9618386471073099], [9999548, 0.8197241667206515], [9999585, 0.7745085954472318], [9999592, 0.7737830939313961], [9999601, 0.7522771798522648], [9999742, 0.7477404195941978], [9999861, 0.6656917418735496], [9999872, 0.7207518118534831], [9999873, 0.6449154201527282], [9999890, 0.7067632120628922], [9999905, 0.6334163557270164], [9999944, 0.647021266549363], [9999957, 0.48695443504629343], [9999970, 0.6572095801515856], [9999975, 0.5568524213274005], [9999984, 0.7424141302742153], [9999993, 0.31127146221117474], [9999998, 0.7218239243536111]]}