{"seed": 263577544, "N": 100000000, "alive_speed": 0.8192337724506628, "non_threatened_speed": 0.8192436115663393, "survivors": [[1200, 0.8192436115663393], [24097, 0.800556905305234], [1374698, 0.7989311169770305], [9096503, 0.7525120792866133], [96001822, 0.7476315589026085], [99994005, 0.6944873959254674], [99996612, 0.6728595690454123], [99999723, 0.6242421767259063], [99999790, 0.5229521449500627], [99999811, 0.441330945332272], [99999956, 0.41553786413296345], [99999995, 0.132056436705553]], "still_alive": [[3613283, 0.7641675201614025], [8219030, 0.7816617541028565], [10443940, 0.7456691348370108], [11899833, 0.7530186826571542], [14526894, 0.7726459977147484], [14774233, 0.7486360187898822], [18698566, 0.744063422065067], [21312935, 0.7465519043219389], [21933648, 0.7459032160648483], [22063221, 0.7417553471170711], [24960196, 0.7444054339478803], [25534461, 0.7438031797453856], [27455548, 0.7624375263261022], [30434793, 0.7451359637419229], [30449668, 0.7423668843556386], [30449715, 0.739941220476438], [30549510, 0.7298521296988273], [38079341, 0.7768344135567495], [40454818, 0.7552462480762411], [40530981, 0.7476295381814535], [40673520, 0.7379975942772342], [42204505, 0.7411969575037379], [42223020, 0.7410188311016982], [44005483, 0.7604662430840065], [44109762, 0.7304541634607509], [47020961, 0.7505657706553878], [49199576, 0.7705754747037638], [49222901, 0.7264882186104998], [51892352, 0.750237678625234], [51902493, 0.744076201125564], [52392086, 0.7366987532472613], [54287295, 0.7594947140253602], [54389022, 0.7422895606236474], [54434505, 0.7377036758062512], [57138574, 0.7744023838613107], [57285617, 0.7642131056011859], [57285732, 0.7584799365986694], [57377703, 0.7492218562597306], [58590650, 0.7482315394696871], [59185031, 0.7583290757394088], [59464578, 0.7412155484656323], [61436655, 0.7749271554251734], [61563070, 0.7450834111312952], [61661571, 0.7466312895195162], [62391324, 0.7510438211685249], [62934073, 0.7541983224706209], [63042234, 0.7510055122947485], [63107897, 0.739983436026055], [63142898, 0.7393421673098557], [63361895, 0.7282596317854813], [65621928, 0.7744705240094542], [65624671, 0.7694827863377662], [65954436, 0.7685961874979862], [67061047, 0.7941099199601158], [67063332, 0.7795848578530916], [67995085, 0.7626598263073465], [70081860, 0.7729273237156069], [71802055, 0.765792717894714], [73171888, 0.7541677390677235], [73793131, 0.7598593664206488], [73925568, 0.7573298569164217], [74255923, 0.736646834641527], [74818244, 0.7400632912377452], [75525361, 0.7510511776821036], [76208230, 0.7496459669730506], [78014925, 0.7537005827652851], [78146296, 0.7406858329191128], [79828333, 0.7775247211165471], [79882932, 0.7591585020925307], [80071137, 0.7606715359556139], [80647374, 0.7770452193835912], [80753503, 0.7600378056619789], [80780042, 0.7455770034772353], [81589539, 0.763963270290964], [81672544, 0.7418312116467121], [81735745, 0.7426846676855529], [83913610, 0.7736385127976589], [84415991, 0.7783671013205407], [84659312, 0.771500604139541], [84663653, 0.7520005702270486], [84872034, 0.7314960230361441], [85822681, 0.7802965451058411], [85871230, 0.7344197181804801], [86378595, 0.7541613750096471], [86853340, 0.7764740526022028], [86924735, 0.7777631155713196], [86925144, 0.727515403906699], [87365581, 0.7416922338188989], [87528022, 0.7470912595070834], [87785659, 0.7573855791013352], [87855030, 0.7395615825837664], [88369959, 0.7325132322507582], [88767730, 0.7570007178711671], [89056221, 0.743971290717551], [89392618, 0.752015756001094], [89701831, 0.771006829435554], [89861874, 0.7731586089781988], [89898749, 0.7618345883005894], [89935532, 0.7564408801558817], [89994171, 0.744113736750218], [90086244, 0.7445137589316569], [90124391, 0.7304430624231336], [90929808, 0.78590992513723], [90954589, 0.779652303804054], [91170124, 0.7342645392119799], [91242115, 0.7265633824203771], [91824642, 0.7681376521069702], [91919501, 0.7558642524375093], [92081034, 0.7563706012966352], [92135659, 0.7384682647917996], [92168808, 0.7378490954711261], [92418845, 0.7533773929977369], [92639748, 0.7612795766925041], [92684329, 0.7491929689595658], [92685628, 0.7243648448479585], [92760441, 0.7154306689835985], [93215362, 0.7252591097695453], [93445943, 0.743875438358331], [93539918, 0.7536353046189513], [93539927, 0.7488666446152709], [93539954, 0.7419843222076715], [93736917, 0.7534223328406948], [93905128, 0.761048883859265], [93924001, 0.7521577683264036], [94044912, 0.7245474615145913], [94344971, 0.748059921710997], [94344980, 0.7170518452306655], [95026043, 0.7710530051783521], [95608106, 0.8050561190752737], [95622787, 0.777879667768167], [95625076, 0.7629252184255113], [95625451, 0.754162714806779], [95657074, 0.745519498496505], [95727141, 0.7555543796868202], [96201637, 0.7310628563452451], [96426202, 0.7408453479947], [96455613, 0.736830260272938], [96685298, 0.7400983245482681], [96756393, 0.6986395887356697], [97196218, 0.7843523083866474], [97222283, 0.7894545311945947], [97811774, 0.7605884395684069], [97897051, 0.7900384342397042], [97900330, 0.7461510241232348], [98149113, 0.7638772936031839], [98149114, 0.7142607961421418], [98247791, 0.7477132749140613], [98274802, 0.7564685091395936], [98292183, 0.7251619324200124], [98433156, 0.789291080245316], [98457867, 0.7620568865425701], [98521662, 0.7718131196331217], [98577527, 0.7826449264205372], [98578514, 0.7306556314922851], [98761117, 0.7676235428245674], [98763444, 0.7602288441124552], [98832729, 0.8003309488558769], [98840086, 0.794587866352973], [98853649, 0.7580602603896697], [98889008, 0.7788062004673296], [98890415, 0.7673692179946845], [98904476, 0.7757333175655559], [98941527, 0.7808989578270267], [98994462, 0.7521690811723915], [99000173, 0.7483884536325911], [99011822, 0.7561819435347776], [99102141, 0.730784204421888], [99152660, 0.7539679545671389], [99230699, 0.7380266615726592], [99231292, 0.7323417186322254], [99302315, 0.8041252557627743], [99339040, 0.7754355748458708], [99344065, 0.7235912290054982], [99440872, 0.7709629080740082], [99474591, 0.7285668671042126], [99511782, 0.7392944276908138], [99540321, 0.7641869261500386], [99563322, 0.7427029913972575], [99563323, 0.730326524454498], [99572580, 0.734971607302775], [99616197, 0.7565950662772337], [99668678, 0.7920761268096543], [99668719, 0.7495009632328994], [99682142, 0.7701425880837262], [99691581, 0.7582529272771364], [99698018, 0.7515319455930686], [99720293, 0.7669994404813689], [99757144, 0.7815105477331513], [99774725, 0.7824232142609406], [99800928, 0.769738218933504], [99807729, 0.7807681344219847], [99807850, 0.7484851906803801], [99822173, 0.749002261625116], [99835958, 0.8044078599682767], [99836219, 0.7881228447397598], [99836318, 0.7830949581183343], [99847985, 0.8070748652963544], [99848594, 0.7513109196997618], [99848633, 0.7398238435137474], [99869286, 0.842418410483807], [99869295, 0.7513618181797326], [99875082, 0.7800733304059491], [99879983, 0.7715889180228972], [99879994, 0.7558725884748475], [99889259, 0.7855103872703755], [99895034, 0.809335960303128], [99895035, 0.7810807186521249], [99897696, 0.7414303119002755], [99913175, 0.8536375655681138], [99913262, 0.7911346940656357], [99924769, 0.7112299582950898], [99926904, 0.7081040255048116], [99926991, 0.6731048525435679], [99942350, 0.7713734013050076], [99946401, 0.7125169454330034], [99959884, 0.7442733974725319], [99961269, 0.7657251616336194], [99962354, 0.7353268278921635], [99962367, 0.6906098884380185], [99965660, 0.7164661167539562], [99969725, 0.8039551898551855], [99974272, 0.8117289300700358], [99977089, 0.7999892405890864], [99978056, 0.7426835038742365], [99980855, 0.8041348398363454], [99984568, 0.7002986691631661], [99985181, 0.7161021008215597], [99986910, 0.8096725675074808], [99987063, 0.8102771835939925], [99987092, 0.7540346168679474], [99988859, 0.7525938988616339], [99988970, 0.7351200431257678], [99989105, 0.6490103764638214], [99989812, 0.6932976870581498], [99989813, 0.6767859746875791],