{"seed": 177791839, "N": 10000000, "alive_speed": 0.7890995035908503, "non_threatened_speed": 0.7890995035908503, "survivors": [[9485662, 0.7471122283867075], [9491151, 0.738985714721865], [9849408, 0.7359847007331662], [9900277, 0.7255720587918184], [9901014, 0.6876458674161329], [9987531, 0.677984176602642], [9999962, 0.6075696725951271], [9999997, 0.4896208560667671], [9999998, 0.48538414147651165], [9999999, 0.008780079262578067]], "still_alive": [[26192, 0.7554375673631314], [253319, 0.738545647337575], [591484, 0.7630209238766691], [770609, 0.7387952991244089], [1593954, 0.772021643701613], [2319953, 0.7467243350999749], [2429906, 0.7358476069101915], [2874369, 0.7399407260171352], [3907792, 0.7706483878632826], [4028869, 0.7743097926951008], [4053730, 0.753927722803869], [4303705, 0.7682715960023667], [4525364, 0.7579809773000252], [4540977, 0.7384784072799118], [5143066, 0.796607845641681], [5157805, 0.7816768483102896], [5201568, 0.7435274751334172], [5481255, 0.7787479407839304], [5654174, 0.7733908695672521], [5756931, 0.7649672530483669], [5849752, 0.7723666080090696], [6060217, 0.75765132562908], [6060806, 0.7468312636052572], [6130209, 0.7563306935232209], [6135728, 0.7325450297596819], [6306463, 0.7612823249457757], [6574368, 0.7456403101079798], [6644613, 0.7339728671840267], [6648322, 0.7192156124910846], [6985131, 0.7620412022331594], [7181636, 0.7859799726791729], [7204401, 0.7426106533196077], [7276702, 0.7469500621621491], [7283003, 0.7107951486544742], [7299820, 0.7148878742276139], [7642945, 0.7544723783096952], [7843640, 0.7800261512619753], [7896459, 0.7206723461819174], [7896460, 0.714537352594382], [7963349, 0.7127216092391968], [7964540, 0.713025281044489], [8084375, 0.7395787798672614], [8175740, 0.7606075725358432], [8181583, 0.7547491160388632], [8181618, 0.7432336620775123], [8221069, 0.744954494477551], [8224608, 0.7237412671420254], [8249057, 0.7312589271186177], [8421980, 0.7371687161933693], [8421981, 0.73104469116525], [8448240, 0.7389520432945724], [8538969, 0.7592913780350148], [8626040, 0.7635806367226481], [8626793, 0.7244862410260834], [8646398, 0.7336888292962278], [8651713, 0.7330593253812795], [8688416, 0.7320995181679335], [8800083, 0.7789840297312747], [8871778, 0.7944559756242275], [8911237, 0.7643217928462708], [8940384, 0.7333796601786856], [8966917, 0.7486081685033567], [9048918, 0.7962777067789069], [9253987, 0.8210490646167433], [9256904, 0.7981742384972886], [9257083, 0.753697430403546], [9284860, 0.7618784551717295], [9338731, 0.7693925035201915], [9342550, 0.7488999821781804], [9342609, 0.7466674960955346], [9440872, 0.8010251409535835], [9484863, 0.7825730262503741], [9524254, 0.7673526143252142], [9559975, 0.824129138512575], [9563134, 0.7558456792628568], [9568649, 0.7502880134429696], [9608784, 0.7992000527537753], [9638321, 0.8319675092416012], [9639272, 0.7508446090801877], [9645585, 0.7241599343996052], [9646324, 0.7155728014303515], [9696961, 0.7752489257066023], [9699132, 0.778252420124376], [9715713, 0.803901403157359], [9719312, 0.795467014987012], [9719343, 0.735745546823122], [9732482, 0.7688975990394274], [9795527, 0.7943973745786775], [9802056, 0.7464176465342001], [9847511, 0.8503198452769387], [9847512, 0.8201846718786822], [9848647, 0.8151193879794444], [9849459, 0.7161647930705091], [9863024, 0.7174011731289355], [9880105, 0.7606135051267181], [9895908, 0.7490495930166315], [9897629, 0.7523135974786098], [9899488, 0.7317446709370511], [9921681, 0.6893870891030001], [9930062, 0.6948037409961626], [9934437, 0.7232251951515778], [9934458, 0.7181078191044319], [9940259, 0.7468077169829979], [9945304, 0.6702992114977084], [9949473, 0.7150488331007392], [9950008, 0.7134354724062242], [9950589, 0.6871755414867227], [9951568, 0.6827026219723171], [9955487, 0.7366139359942306], [9955572, 0.737217540883215], [9961883, 0.7908706419580394], [9962688, 0.7695456676391517], [9962711, 0.7282734886185114], [9965840, 0.7349746526311117], [9974277, 0.8205693305068871], [9975240, 0.7581727872540498], [9975547, 0.6490770950722843], [9976766, 0.6603332809707632], [9978093, 0.6515813769431342], [9978328, 0.639848646237507], [9984677, 0.7518660686420191], [9984702, 0.7511226517355312], [9984739, 0.7390864575648641], [9984906, 0.7447709695252993], [9984935, 0.6767139574306267], [9987420, 0.721158396599338], [9989870, 0.6938509615963194], [9993453, 0.761368058322951], [9993776, 0.7874382960533877], [9993839, 0.6973842991116131], [9995306, 0.7448389318826264], [9995491, 0.7367643720707713], [9995880, 0.6753250866867954], [9995881, 0.5927001033827082], [9998090, 0.7235877711373389], [9998367, 0.7120276402546811], [9998388, 0.6991428003076791], [9998937, 0.5805534431420561], [9998992, 0.603256947266982], [9999459, 0.7307992667147056], [9999518, 0.5463602843885538], [9999721, 0.710350075138262], [9999776, 0.8068905280645999], [9999781, 0.7096084384614773], [9999832, 0.8480437082111003], [9999847, 0.8502221061715748], [9999866, 0.8084060416119982], [9999885, 0.7683855434449446], [9999904, 0.721662524957722], [9999961, 0.7229898821856027], [9999969, 0.6183493167385428], [9999982, 0.4824295937416324], [9999993, 0.8700647235611666], [9999994, 0.8253126064461089]]}