{"seed": 483722401, "N": 10000000, "alive_speed": 0.9080607780142611, "non_threatened_speed": 0.908061050432549, "survivors": [[2, 0.908061050432549], [309, 0.8632898731562315], [546, 0.8396961329320901], [547, 0.824290924819038], [121156, 0.7791833453469263], [152425, 0.7749167161739406], [152426, 0.7652133262878765], [8303593, 0.7509730983896451], [9987910, 0.7010345000144537], [9991197, 0.6306848398350132]], "still_alive": [[152447, 0.7478569606798326], [523996, 0.772959989281765], [736661, 0.7116459118463158], [1248418, 0.7284119388250441], [2049369, 0.7429837551020633], [2049438, 0.7198768012160321], [2209527, 0.727521060659968], [2627366, 0.7460507034488769], [2734451, 0.7397450504660116], [2815352, 0.7136017446467865], [3105109, 0.7420507990711033], [3105294, 0.7288292493447343], [3553805, 0.7424502244454236], [3891876, 0.7519441620806774], [3946269, 0.7574822212249955], [4426824, 0.7710818170260951], [4547213, 0.7846755780656754], [4669280, 0.7980087675653282], [4678153, 0.7827458794577182], [4710748, 0.7709394794041342], [4760395, 0.7642776528981277], [4895020, 0.7716372975239992], [5011763, 0.7502121327074308], [5059428, 0.7416726421236518], [5059581, 0.7369860716946178], [5450662, 0.7611275957725484], [5633685, 0.7822309604413162], [5646590, 0.7423461256887368], [5951479, 0.749709279952036], [6129186, 0.7693399308032708], [6129711, 0.7683047010507493], [6129712, 0.7653496783555647], [6142059, 0.7503674562294973], [6378796, 0.7415620562446552], [6976287, 0.7408549917252336], [7367240, 0.8500004692206783], [7383881, 0.7953496177181484], [7398998, 0.7696032939084201], [7437523, 0.7738079804409478], [7585200, 0.7864467946852134], [7798251, 0.7964290990613485], [7798318, 0.7867749258835633], [7810121, 0.7687692932629687], [7810124, 0.7161322309210464], [7929641, 0.743381573126856], [8218066, 0.7528596661359548], [8218343, 0.740148897076217], [8301218, 0.7638414184373649], [8303720, 0.7492160715948986], [8304113, 0.7238613570338096], [8468968, 0.7972789825334489], [8563455, 0.8125638133286442], [8667498, 0.7517662462716475], [8751055, 0.7405371403156866], [8796692, 0.7622106616649433], [8797923, 0.7610537886788917], [8797974, 0.7359520994086092], [8798009, 0.7244787659338827], [8835970, 0.7382652921647115], [8836293, 0.7346063057303093], [8872826, 0.6839816275184024], [9006297, 0.7682425069183524], [9040700, 0.7615283359477562], [9121601, 0.7703324046782849], [9186080, 0.7584558957722548], [9283019, 0.8107094205319502], [9296348, 0.7612317411361122], [9378843, 0.796985728272237], [9387808, 0.7478243578101088], [9427887, 0.7391882033378446], [9469586, 0.7619826849432841], [9497219, 0.7262303409959414], [9592672, 0.7664813886813562], [9597663, 0.7413213300723445], [9634532, 0.7300705778208265], [9660503, 0.7426326073829262], [9663128, 0.7092898954499358], [9664873, 0.6948232296331213], [9692792, 0.7354571771322799], [9715895, 0.747235808535562], [9740656, 0.8169680998559059], [9749041, 0.818790860592096], [9755528, 0.7990062924819255], [9759713, 0.7926422762558998], [9768426, 0.8165526160022009], [9768437, 0.7877717185889205], [9768458, 0.7864634583358492], [9768509, 0.7687901797069782], [9773878, 0.755150888163976], [9785005, 0.7834333149719351], [9785298, 0.764285789271569], [9786727, 0.7564258213623009], [9796626, 0.7639385307282811], [9796741, 0.7244507423089509], [9826158, 0.7565396070844304], [9831191, 0.7304878448994441], [9861106, 0.7779515155630725], [9861771, 0.7454667108541014], [9869966, 0.7333309128188239], [9882703, 0.8051796880686107], [9882724, 0.770212559380373], [9891087, 0.8175475788785611], [9891228, 0.8106003639385734], [9900023, 0.7642046613419914], [9915344, 0.8430574952702881], [9921527, 0.841852839889951], [9922634, 0.8069528042557585], [9930705, 0.7943940650252375], [9945854, 0.7131466867990547], [9951247, 0.7898987688158485], [9955496, 0.7443564220895701], [9959803, 0.7322901450102671], [9969690, 0.77844316417286], [9970445, 0.7143360702429195], [9974576, 0.7782112255973374], [9976133, 0.7638987319517196], [9976740, 0.7511424244150594], [9978617, 0.7132072573545125], [9982938, 0.7938229798837835], [9984205, 0.7903091287912117], [9985286, 0.7468479686405575], [9985623, 0.7581583729396152], [9989197, 0.7225253964197266], [9989794, 0.7089926501412671], [9991153, 0.8001480062001353], [9991194, 0.7789834414418189], [9991198, 0.6210685998543644], [9992293, 0.6798897202955048], [9992976, 0.7404134842681253], [9993071, 0.6278088785128184], [9993170, 0.6295854046694144], [9993177, 0.5898903443283894], [9994938, 0.6616355973522019], [9994939, 0.6499438305296557], [9996246, 0.7666972743014168], [9998295, 0.8593542987538126], [9998302, 0.8541803578439902], [9998303, 0.7926038899976483], [9998308, 0.6264395670538914], [9998635, 0.7650975306224075], [9998702, 0.8045692108144852], [9998763, 0.8186111517144874], [9998850, 0.7052240958488233], [9998911, 0.7184620173613027], [9998926, 0.6070470218645291], [9998985, 0.633460379306424], [9999286, 0.8335929891079555], [9999287, 0.5372583089584665], [9999574, 0.8583319447616631], [9999617, 0.9011525576261169], [9999636, 0.8328757366614702], [9999715, 0.603364152638709], [9999828, 0.6918761495488782], [9999845, 0.7196856087510293], [9999886, 0.6817457249935571], [9999915, 0.8158652462660064], [9999920, 0.8282252867833324], [9999977, 0.9154854176921046], [9999978, 0.4592341393880217], [9999993, 0.5784344856400463], [9999996, 0.7317802149797492], [9999999, 0.7675751108005193]]}