{"seed": 483722301, "N": 10000000, "alive_speed": 0.9164116557934455, "non_threatened_speed": 0.9164116557934455, "survivors": [[16108, 0.8367452823706555], [5193779, 0.7551295554102307], [5193780, 0.7467417772241189], [5324577, 0.7434067962416336], [5325544, 0.7406514853774184], [9384083, 0.7348840011046308], [9384264, 0.7129619671372405], [9384269, 0.7026115085580916], [9999484, 0.6540088018813849], [9999901, 0.6513042767816651], [9999990, 0.6494561240938185], [9999991, 0.35390199855202553]], "still_alive": [[74609, 0.7288304120136978], [1344890, 0.7772821125569886], [1421643, 0.7508351342695716], [1648880, 0.7413408910859762], [3788969, 0.7815707782361556], [3911480, 0.754779374230163], [4121175, 0.7413751256070014], [4385258, 0.763574473320036], [4385651, 0.7578647892473093], [4457788, 0.7615010627092375], [5165943, 0.7642438164772242], [5193778, 0.7605442296019038], [5329639, 0.7252140936120619], [5329704, 0.7233021359159733], [5329707, 0.7187866801871465], [5526856, 0.7411613625766073], [6098375, 0.7610499599657864], [6098428, 0.7480914272965581], [6098873, 0.733677528943709], [6245596, 0.7294604325314675], [6345887, 0.7480677623946731], [6354562, 0.7452888534199246], [6407941, 0.7326188788469202], [6489646, 0.7346349545209215], [6595359, 0.7317875306874109], [6596980, 0.7197580519020992], [6951517, 0.7769522520656776], [6990338, 0.7267310038533283], [7280661, 0.793167075358286], [7500600, 0.7800192424277891], [7622883, 0.7370116900195655], [7768446, 0.7323878427623096], [7769015, 0.7221530271361419], [7817562, 0.7354423626989436], [7839127, 0.7250234003513881], [7924234, 0.7249621947568424], [7926855, 0.7225341069645943], [8198826, 0.7555642931245181], [8208257, 0.7161446746644531], [8339724, 0.7537537825759597], [8350685, 0.7553303346495039], [8477434, 0.7591097510834337], [8477439, 0.7509399336775784], [8485324, 0.7498059652793844], [8526481, 0.7329771921522853], [8533656, 0.7319781117385309], [8542323, 0.7327361439886357], [8601274, 0.754707242870955], [8685977, 0.7970103813456889], [8689164, 0.7585032197129036], [8689251, 0.7563760129933834], [8711892, 0.7676275505089887], [8805525, 0.793802592294032], [8805526, 0.7806784136999811], [8810863, 0.7720999702783845], [8842440, 0.7559762145288943], [9034395, 0.746273459134996], [9052440, 0.7457394646202747], [9052457, 0.7383387885428465], [9164326, 0.8292228898792946], [9167035, 0.7638818393046585], [9175756, 0.751379530042721], [9180325, 0.7468771690954923], [9180610, 0.7330397989041371], [9189163, 0.7405535905541315], [9220690, 0.7506009253309592], [9293901, 0.7650859576105332], [9382058, 0.8204508903509385], [9408676, 0.7004049270515461], [9409287, 0.6795371050544375], [9490162, 0.7182040417897215], [9497133, 0.6826107921563989], [9523534, 0.7177385796371768], [9537067, 0.6970740658979072], [9572388, 0.7328337609480983], [9578029, 0.7076338999056491], [9630096, 0.7376821023141499], [9657717, 0.7794357358646008], [9661516, 0.7037731423135916], [9712181, 0.7881435220077201], [9730986, 0.7310011293739034], [9730987, 0.7135106763102279], [9739078, 0.7333523473135886], [9739109, 0.7240288478843214], [9749128, 0.7491930004060765], [9749129, 0.7352021597752407], [9759946, 0.7047592684263037], [9761267, 0.6928681736495198], [9789608, 0.7754681274879534], [9800249, 0.8086485214148758], [9831024, 0.8276643438496036], [9831217, 0.7767751247588449], [9837050, 0.7828240172428377], [9841243, 0.7595397348119948], [9844642, 0.7424866543970048], [9850067, 0.7555106770894315], [9861710, 0.7538289558287655], [9869761, 0.751167592275638], [9869772, 0.7510103731345359], [9870211, 0.7115897427101519], [9870294, 0.6811553726162208], [9872453, 0.6751587407482315], [9883090, 0.7261414628654306], [9883107, 0.6951767773666516], [9899994, 0.7326345932373168], [9900431, 0.696273334666715], [9914168, 0.7744220989462235], [9918713, 0.7764114790648715], [9924428, 0.7172562229947288], [9924635, 0.7155615046518342], [9926912, 0.7373088276814176], [9933549, 0.7992604326218976], [9939998, 0.8490454690632594], [9945613, 0.6803227401584325], [9957244, 0.7992642611520463], [9963327, 0.7563492142712629], [9965464, 0.745011883792494], [9967117, 0.773990912862346], [9968656, 0.7158489786244534], [9970207, 0.7294635762290339], [9970700, 0.7105483429379602], [9972087, 0.7363623133907414], [9972394, 0.6896166084222248], [9980319, 0.8007168646320999], [9982170, 0.7547874559855172], [9984727, 0.8622307430496549], [9984860, 0.8211681640553625], [9984863, 0.8156783925856588], [9985660, 0.7925634238406353], [9985693, 0.7706358291471359], [9985696, 0.7530395486521236], [9986249, 0.7688808079764937], [9987406, 0.708492570587409], [9988175, 0.724814159493647], [9988856, 0.7526711106989077], [9989393, 0.7364264963939927], [9992168, 0.7178906327232547], [9992315, 0.7312789256579171], [9993022, 0.7760932672783228], [9994379, 0.8006174761098411], [9995258, 0.7349592041641191], [9995497, 0.7732023109765132], [9995800, 0.8175438545790149], [9996881, 0.7681132523966416], [9996950, 0.6518943296706551], [9997557, 0.7287064248309432], [9997970, 0.6596565041815403], [9998257, 0.6715922327761817], [9998606, 0.6845892726285697], [9998995, 0.8689240224991208], [9999128, 0.7792222515804176], [9999169, 0.7945630236695412], [9999234, 0.8165521910566144], [9999353, 0.8446024355499925], [9999416, 0.8319985130720183], [9999483, 0.6819520392258144], [9999507, 0.4982925074876743], [9999532, 0.46635509301311384], [9999817, 0.928251330509162], [9999828, 0.8866409851932328], [9999851, 0.6302166889614644], [9999898, 0.6808953983628953], [9999920, 0.692181782926304], [9999939, 0.8671905189097732], [9999996, 0.4153420492162082], [9999999, 0.8927634835576467]]}