{"seed": 928126132, "N": 10000000, "alive_speed": 0.7946377421648366, "non_threatened_speed": 0.7947956680482852, "survivors": [[1986, 0.7947956680482852], [44375, 0.7714259163111317], [1454946, 0.7712885653962763], [2355925, 0.7701708876995689], [2754648, 0.759765656163954], [2755275, 0.7480378388785035], [9677610, 0.7343057663390239], [9974569, 0.7261149993911105], [9979788, 0.7120428765242063], [9994171, 0.705878383347196], [9994174, 0.6889499805214226], [9999993, 0.5858288644714517]], "still_alive": [[127202, 0.7420328661851654], [788385, 0.7664427918642759], [788848, 0.7648394856869389], [812653, 0.7620573271124849], [1323744, 0.7812012232530768], [1454537, 0.7724190079201595], [1690229, 0.7523570183974996], [1797418, 0.7543057230881274], [1988871, 0.7676587098739325], [2287110, 0.768454381349246], [2355926, 0.760505698735935], [2609233, 0.7699398929269112], [2970582, 0.7299402498360782], [3067787, 0.7252986427547496], [3328460, 0.7198231831535643], [4497069, 0.7781894523462167], [4902720, 0.7510301325532229], [4945017, 0.7374074379040124], [4953954, 0.7324427126996699], [5130085, 0.7418207760943679], [5284362, 0.7464883282429566], [5284397, 0.7455368567898846], [5307880, 0.726508843455859], [5350597, 0.7187129978448601], [6237588, 0.7021363518881621], [6500723, 0.727942496254402], [6762802, 0.7557794484782081], [6762875, 0.7404283307568197], [6958904, 0.7273439369242028], [7048687, 0.7457023271311983], [7102336, 0.7484839798466594], [7182965, 0.7572814944054787], [7356560, 0.785831575721815], [7367027, 0.7734836930892012], [7367312, 0.7604545240526608], [7559543, 0.7467957196079616], [7880998, 0.7862629751586192], [8172223, 0.765129288159703], [8221650, 0.7827988234352554], [8314855, 0.7510025203939013], [8387156, 0.7812452967554433], [8387225, 0.7729006493056181], [8389932, 0.7411986505621009], [8390881, 0.7313235910854249], [8409526, 0.7365815890936834], [8644635, 0.7573307983519616], [8741632, 0.7600639954489898], [8951209, 0.785820191185388], [8996306, 0.765974569479466], [8996321, 0.7567281785174657], [9004080, 0.7537163262580682], [9080723, 0.7900237124059037], [9092268, 0.7644440449796701], [9210533, 0.8537713166679844], [9232620, 0.7992146347159992], [9286533, 0.7756838120500689], [9320798, 0.7992516177816786], [9320823, 0.7939695546259741], [9323534, 0.7655231447926334], [9351115, 0.7907722073226089], [9356288, 0.7649921234922323], [9357825, 0.7639632897846369], [9366680, 0.7354526926691385], [9420241, 0.765775794055614], [9423980, 0.7076576178858233], [9451829, 0.7383725349195157], [9458192, 0.7293113248939983], [9458193, 0.6808376128616748], [9472970, 0.6997048739516649], [9526619, 0.7301420158194032], [9645468, 0.8349778583426265], [9645529, 0.8224117990413313], [9646312, 0.8107741852747695], [9647967, 0.8111025270163471], [9648112, 0.7941846379743346], [9658721, 0.7720615564940341], [9659158, 0.7502829498559751], [9670459, 0.7591515891370684], [9677617, 0.7322443929202038], [9678060, 0.7219544771553783], [9698009, 0.7481688333423696], [9712848, 0.7715247879691901], [9730667, 0.8123575290200561], [9732286, 0.8123681684023323], [9739865, 0.7310512823342068], [9802860, 0.7826991368614074], [9834743, 0.7713317435843138], [9848474, 0.6926041640683746], [9848527, 0.6894451771225747], [9856226, 0.7247767784164122], [9879513, 0.8187861064733488], [9880714, 0.7176016167882098], [9901023, 0.7559999411581914], [9903238, 0.7626457400252603], [9911545, 0.7373469342877458], [9915538, 0.7672978748460351], [9926129, 0.7815534923286783], [9929260, 0.7101531827213414], [9932407, 0.7389914380403811], [9933168, 0.6792228194872649], [9934701, 0.6948457609998032], [9934702, 0.6857811880875736], [9944237, 0.7218751617349863], [9948694, 0.7716778765995697], [9968449, 0.8001904438377784], [9968450, 0.7456217804741692], [9971747, 0.7927359843783051], [9974430, 0.7699934357482946], [9974570, 0.7132244239025683], [9978799, 0.7472584251549107], [9979789, 0.686364897685898], [9980242, 0.6896515000750235], [9980935, 0.6898896591618983], [9981538, 0.6538120590349039], [9981541, 0.6529061054667754], [9983142, 0.6972334863823272], [9983145, 0.6462534130233364], [9983426, 0.65372143622364], [9987305, 0.7868745966430113], [9988328, 0.7965238876134504], [9988335, 0.7865693772905301], [9991294, 0.89546498508995], [9991735, 0.7286879838091528], [9992848, 0.7207137549879015], [9992849, 0.7123148310212273], [9994088, 0.8010015798861334], [9994161, 0.7452321803641747], [9994162, 0.7155274808915691], [9996299, 0.731092636291141], [9996498, 0.7387246084887995], [9996575, 0.7433679968754535], [9996872, 0.7942490385939157], [9998093, 0.8160703151879483], [9998294, 0.8351517083948052], [9998597, 0.6884258099256088], [9998818, 0.7309198524798215], [9998979, 0.7164454029202729], [9999238, 0.7348259006761868], [9999427, 0.9525931986547714], [9999464, 0.7969274858106983], [9999469, 0.6118987766509633], [9999640, 0.7004944189957146], [9999695, 0.7888181127219489], [9999760, 0.6798491068533338], [9999853, 0.7233368904177834], [9999862, 0.7424208141884199], [9999901, 0.5536270947203865], [9999944, 0.6414137628173804], [9999998, 0.27929479783817424], [9999999, 0.5409881953636918]]}