{"seed": 928126174, "N": 10000000, "alive_speed": 0.9808373353299249, "non_threatened_speed": 0.980838610419991, "survivors": [[12, 0.980838610419991], [2073, 0.904381780355054], [2088, 0.8950204355356659], [2289, 0.8295712545292762], [2296, 0.7883486911677187], [478569, 0.7811484274189807], [1039902, 0.7783989961993812], [1039911, 0.7752846826195259], [1490172, 0.7716369436872837], [1714511, 0.7698930143509359], [4887352, 0.7449374558662241], [4890955, 0.7441265636841901], [4917252, 0.739553565013382], [9940055, 0.7332097938507628], [9999928, 0.612943499057197], [9999999, 0.36920378341850724]], "still_alive": [[1490313, 0.7681204679997392], [1666092, 0.7711134850999467], [1791432, 0.7600212408885196], [2155367, 0.7791059882678061], [2155372, 0.7596174969623768], [2310395, 0.7649937303255133], [2357794, 0.7570671967725667], [2454119, 0.7461897090071667], [2890988, 0.7820275714366398], [2900785, 0.7608744979273265], [2901132, 0.7529586032475741], [3276117, 0.7555432211309044], [3505676, 0.7687012345337004], [3506073, 0.7606611096675818], [3507758, 0.7516767594520589], [3693763, 0.7685236204908605], [3715734, 0.7513243651804627], [4402673, 0.7869908313766543], [4643708, 0.7615999349091788], [4879105, 0.7887143051518786], [4953157, 0.7273089953709078], [4995848, 0.726945135016764], [5034069, 0.7074386501626125], [5358774, 0.7354159514531907], [5466671, 0.7341911979039684], [5815002, 0.7635768394810961], [6128655, 0.7622489223907726], [6133814, 0.7550441574269856], [6171977, 0.7380086040496513], [6187874, 0.7402527235619162], [6278745, 0.7375109027524892], [6563400, 0.7839497488368198], [6571383, 0.7716003794594415], [6845678, 0.802562197141717], [6848733, 0.8029097299226938], [6879488, 0.7910813090928903], [6879491, 0.7830216735868578], [6885784, 0.777587550710484], [7229231, 0.7626465841304506], [7383530, 0.7604350363452094], [7413619, 0.7629426798515182], [7419694, 0.7578978242259699], [7444143, 0.7427501410300016], [7584332, 0.7452950267719328], [7727863, 0.7625610002674361], [7849504, 0.794190394630375], [7872001, 0.7779663266124643], [7929872, 0.7677191487952455], [7936299, 0.7520187418862352], [8032432, 0.784462044324797], [8069599, 0.7783138128737295], [8075736, 0.7683669445147944], [8077267, 0.7352968733184871], [8078382, 0.7199812077780275], [8085661, 0.7118326202230069], [8362530, 0.8054905765053648], [8375793, 0.7561503332483681], [8384664, 0.7323603683284756], [8418157, 0.7427520019854524], [8426514, 0.7013340065533724], [8504681, 0.7291062189315725], [8590140, 0.7610475907725656], [8590177, 0.7457893527152666], [8794498, 0.7852328801217777], [8794691, 0.7192793331919435], [8886600, 0.7552107283749874], [8890415, 0.7498188349384547], [8891214, 0.7299923440778012], [9017599, 0.7909754321624474], [9069262, 0.8131373350447114], [9152955, 0.7981698987784084], [9160334, 0.804876766940334], [9198457, 0.8014174455029602], [9263290, 0.8430295555362428], [9263291, 0.7974527633854306], [9288596, 0.7881647183113129], [9313105, 0.740103586755526], [9319698, 0.692927435862166], [9336029, 0.6920843443457996], [9392638, 0.7461608058955824], [9396837, 0.7302652204895586], [9396838, 0.7056609279127234], [9448691, 0.7701703710169897], [9456704, 0.7705861361868833], [9468011, 0.7401845888338083], [9499002, 0.7361773342942662], [9536979, 0.7542694757007258], [9549798, 0.757502409635798], [9557269, 0.767381429547335], [9610268, 0.7735703662501066], [9610373, 0.7726758905240089], [9643014, 0.7133172999713892], [9689641, 0.8177940382069141], [9690198, 0.7637026279120328], [9715835, 0.8099746257320806], [9719908, 0.799080230424844], [9725791, 0.7940611309061725], [9726062, 0.7763303839980541], [9742935, 0.7405966076670978], [9760160, 0.7782469883025981], [9792943, 0.8704764979001426], [9801184, 0.7768855703580211], [9812009, 0.7665301492270399], [9841806, 0.7623272830251736], [9848583, 0.7778082224027147], [9862724, 0.7677822337393843], [9868243, 0.7554908380594609], [9887856, 0.7116342959957063], [9890401, 0.7206199384786034], [9900588, 0.7715439529953863], [9916315, 0.7934154749207307], [9923190, 0.8569752192749059], [9923191, 0.7976012040938598], [9923676, 0.780951139478762], [9928687, 0.7827817444037657], [9929712, 0.7837912751261065], [9941256, 0.7338285322569165], [9948469, 0.7440255510974806], [9953988, 0.825382564605049], [9957325, 0.8371319361156395], [9957500, 0.7751808948917244], [9958735, 0.7894001474232455], [9960888, 0.7251770603772294], [9960933, 0.7238259605667283], [9961384, 0.7270177782178365], [9965575, 0.6570261952004051], [9975450, 0.7823997924221884], [9977159, 0.765131563675493], [9977446, 0.7074674566391237], [9977795, 0.699683417272969], [9978266, 0.6844071428468723], [9986759, 0.8680631126728795], [9986774, 0.8206128858625412], [9987021, 0.8156260270103198], [9988106, 0.7278480441880286], [9990247, 0.845961333627501], [9990828, 0.830998968432107], [9991383, 0.7877358838124229], [9991526, 0.7011117643641065], [9991721, 0.686864220085597], [9991782, 0.6463292958957515], [9994343, 0.8488366377589032], [9994348, 0.7926577327506941], [9994375, 0.7929939871223921], [9994414, 0.6943848530074156], [9994423, 0.6557521641023971], [9994446, 0.6527680207778472], [9994949, 0.6811868663545578], [9995858, 0.8268591794263584], [9995971, 0.7432501293022722], [9997634, 0.7370769232456555], [9998351, 0.9365518772471286], [9998526, 0.5932955893647784], [9999161, 0.732033045032381], [9999204, 0.5872728937539412], [9999529, 0.7773460627360655], [9999700, 0.9679536719797242], [9999703, 0.8985102775245859], [9999704, 0.8118274069727501], [9999747, 0.8248568679309546], [9999814, 0.9417022501972923], [9999815, 0.8565085458505212], [9999836, 0.8739715926364197], [9999843, 0.7771475935950439], [9999955, 0.4972772622447561], [9999958, 0.5238298198216426], [9999967, 0.3352731983297049], [9999988, 0.5698687862218467]]}