{"seed": 483722436, "N": 10000000, "alive_speed": 0.8247617290784873, "non_threatened_speed": 0.8251281684614571, "survivors": [[4440, 0.8251281684614571], [4501, 0.8090353784705392], [2167512, 0.7823323191041053], [2671987, 0.7619545103806142], [9022052, 0.7518676604295758], [9029635, 0.7420957041776044], [9079890, 0.7201411164110956], [9090493, 0.7102123212872382], [9999144, 0.7036822487639945], [9999747, 0.5896232154194934], [9999796, 0.578026311196208], [9999797, 0.5774207891930812]], "still_alive": [[56864, 0.7811780339390018], [401719, 0.7814000566383215], [401720, 0.7614007819359099], [932089, 0.767867750369112], [932556, 0.7535852912558211], [932587, 0.7455019705743259], [1676068, 0.8041401049469403], [1676081, 0.8017582026294445], [1969700, 0.7649245072481784], [2143147, 0.7802378939960916], [2579121, 0.7736527802398321], [2639812, 0.7773992013717412], [2737006, 0.7304040713449685], [3078761, 0.750725857948588], [3090654, 0.7343441456799606], [3448749, 0.7558852222186659], [3622260, 0.7351117822495928], [3661159, 0.7347202183555935], [3883368, 0.7558562170941294], [3884225, 0.753582798891994], [4692226, 0.7542481160701174], [4692257, 0.752463766283587], [5026066, 0.7668264067409466], [5026237, 0.7595577403035129], [5594222, 0.7450641769359184], [5594265, 0.7429994128248759], [5709584, 0.7555674705989793], [5712101, 0.7438166287151812], [5712266, 0.7398959839485156], [5892297, 0.7333287260130021], [5977786, 0.7430075353523504], [5978575, 0.7383715867181939], [6017392, 0.7414390719803627], [6017415, 0.7361561797231574], [6017482, 0.70369927538651], [6309875, 0.7550571057912825], [6426648, 0.7624316817383135], [6438019, 0.7607821075996093], [6438020, 0.7532703265882594], [6484513, 0.7461799390075243], [6709394, 0.7687347785896704], [6890123, 0.8129003625842652], [6894266, 0.7892250943195273], [7185975, 0.7909221163912561], [7338194, 0.8136366641569672], [7371293, 0.7867624949013271], [7442968, 0.7955721176847085], [7484237, 0.808259990304906], [7636126, 0.7803163695915484], [7636189, 0.7797401636175175], [7709148, 0.7252156183956217], [7828321, 0.7313168859559113], [7922206, 0.7443506109484742], [7967711, 0.7500995406122816], [8027032, 0.7696779657020844], [8060047, 0.7658249945854655], [8068940, 0.7417239733367017], [8225869, 0.8016978731392718], [8443874, 0.8048204735144812], [8455067, 0.7292218522527674], [8515212, 0.7479849796971854], [8515323, 0.7464594594771832], [8721344, 0.8437755752209581], [8722125, 0.7722247904426257], [8780854, 0.7441202019289248], [8838225, 0.7551049623102108], [8838334, 0.7273463906837173], [8847909, 0.7295310403158887], [8848708, 0.7276678112664297], [8869975, 0.7313085235855517], [8889544, 0.7302658489764423], [8982859, 0.761189875883844], [9039272, 0.735308040103891], [9039603, 0.7331760561329138], [9057536, 0.7438756598455197], [9079887, 0.7389329119526165], [9105020, 0.7088547842767045], [9157633, 0.666278276096207], [9298712, 0.7782772255498595], [9304709, 0.7494053241460052], [9310454, 0.7182923336044471], [9359421, 0.6901069368135824], [9404874, 0.7409948316687416], [9428293, 0.6936029370180973], [9447410, 0.7040680831024023], [9556493, 0.7293147943877556], [9556530, 0.6903620577002891], [9583659, 0.6785020387110949], [9592466, 0.6887586364401111], [9592481, 0.6864137325852226], [9660160, 0.7343458683922862], [9722743, 0.7824724020099546], [9722964, 0.7676937533374807], [9725961, 0.7166250040269002], [9747342, 0.7524675846931607], [9749233, 0.7111573975033745], [9778804, 0.7289048432438893], [9826449, 0.8053091487337289], [9826454, 0.7963583726916028], [9829127, 0.7659667004788671], [9829128, 0.7203545395853814], [9829133, 0.7193038572167948], [9831990, 0.6979792297188162], [9846417, 0.744548268028294], [9846564, 0.7282691377370638], [9858757, 0.7468306763840612], [9865334, 0.7669897429069052], [9877303, 0.818384129228452], [9880504, 0.7931494318227352], [9883123, 0.8057682490131227], [9883492, 0.7948632914045105], [9892795, 0.7361537013919265], [9893010, 0.7099972145295401], [9898901, 0.7168642764886852], [9898930, 0.7065171347644811], [9899269, 0.7012335431963524], [9899726, 0.6943068168361413], [9910715, 0.7567065473782293], [9916630, 0.7813598103985707], [9926587, 0.7415346044672674], [9929870, 0.7740900270355466], [9929969, 0.7397933086101834], [9932546, 0.7651443929904644], [9936919, 0.7729190608990832], [9944792, 0.8571287907930968], [9944833, 0.8389869740784702], [9944838, 0.7790642787441765], [9947597, 0.8107106855705125], [9959866, 0.8158932631185022], [9959869, 0.7840159064558527], [9962618, 0.7695890726647289], [9963455, 0.78200752341558], [9967832, 0.8663505913962996], [9967833, 0.8047841358297715], [9967836, 0.7609793395115448], [9969923, 0.7005975504678591], [9974572, 0.7913021624865062], [9982191, 0.8145309521356939], [9982192, 0.8036013457430181], [9982235, 0.673083610497], [9985432, 0.7683717180712071], [9985433, 0.7519372592081904], [9988800, 0.7387199607562713], [9989103, 0.7491677594924643], [9991768, 0.7080556177308199], [9992117, 0.7309959896321975], [9992120, 0.7006325479672928], [9994277, 0.8630780817740527], [9994278, 0.820466259887819], [9994281, 0.6356017927135451], [9994294, 0.5844773790480583], [9996029, 0.7638103685833592], [9996862, 0.8192168096271215], [9997651, 0.7936503790344246], [9997652, 0.5807311864376251], [9998085, 0.6849832035765486], [9998674, 0.8956162455649918], [9999137, 0.8588330760448285], [9999241, 0.673395049361857], [9999458, 0.8575998346633766], [9999637, 0.7805590828011328], [9999714, 0.9652187312745382], [9999798, 0.5215111475559583], [9999887, 0.5264152944040331], [9999936, 0.44055664733276445], [9999973, 0.8038397412142219], [9999980, 0.724907198857276], [9999985, 0.7212011789600463], [9999986, 0.7461348320038168], [9999991, 0.6638388674844327], [9999996, 0.5624643674966979], [9999997, 0.7089764500982163], [9999998, 0.4106485265457317], [9999999, 0.5153744646202711]]}