{"seed": 483722211, "N": 10000000, "alive_speed": 0.8269549397845389, "non_threatened_speed": 0.8269555186533442, "survivors": [[6, 0.8269555186533442], [972045, 0.7948432871047428], [981374, 0.7677680532138887], [6187733, 0.7645928840581753], [6192084, 0.7588607615285748], [6374389, 0.7514757674185143], [7587264, 0.740906029356079], [9818965, 0.7375803404341367], [9998960, 0.7280017268528377], [9999027, 0.7104166562821695], [9999028, 0.6156995408659465], [9999029, 0.6047468474383665], [9999998, 0.38184899736053457], [9999999, 0.008691833028649953]], "still_alive": [[5675, 0.7352624995811489], [972042, 0.7973197063024415], [1063013, 0.7389591923094692], [1349208, 0.7564612883644725], [1661129, 0.7560782929348961], [1731832, 0.7493640049802885], [2231857, 0.7096999073544848], [2966252, 0.7177398594225318], [3500081, 0.7340580840060663], [3843368, 0.7538833244491444], [4021855, 0.7640238244647584], [4021856, 0.7482708076153319], [4421195, 0.7928620628921157], [4422886, 0.7851225051600192], [4760481, 0.7932805435780115], [4761972, 0.7646593382791628], [5157705, 0.8107026996393634], [5158148, 0.7895617124377109], [5637531, 0.7927415947003211], [5680574, 0.7481495025147736], [5987597, 0.7947955945265902], [6017470, 0.7867704717004402], [6391996, 0.7403799493181563], [6392025, 0.7380315446832961], [6867756, 0.8226571848117319], [6876145, 0.7318274925894525], [6971160, 0.7379550752083124], [7167143, 0.7776518476359771], [7167144, 0.7719035842789013], [7481829, 0.7754053597172671], [7482150, 0.7455568199224495], [7584843, 0.7472267960238919], [7588017, 0.7343661481283169], [7788970, 0.7800203408048866], [7876801, 0.7392621513137805], [8033778, 0.7579095790757587], [8035207, 0.7259288501984001], [8143880, 0.7367541099918763], [8173311, 0.7472944052843826], [8324386, 0.7201451846411964], [8563209, 0.7626998770665625], [8563510, 0.7430191336185712], [8633667, 0.7558195646637486], [8709634, 0.7615558190399734], [8796863, 0.7829835473876353], [8796968, 0.7056392010448465], [8805575, 0.688368513375815], [8805582, 0.6850396008109955], [8950989, 0.7682239443758234], [8954452, 0.7651298587905325], [8964215, 0.7592778507620818], [8965162, 0.7462159488111269], [9105493, 0.7394513838900689], [9131644, 0.7513329695579757], [9131963, 0.7298252543329941], [9242278, 0.7498583317861295], [9242281, 0.7496251245974864], [9257462, 0.7452756271358628], [9317843, 0.7824808400017589], [9383822, 0.7939139758984093], [9398339, 0.7411822788351617], [9398510, 0.7400385576230608], [9403793, 0.7464540799309071], [9403794, 0.7279280591952142], [9409807, 0.7130856148377843], [9446052, 0.7466451974000891], [9475519, 0.7394253372553146], [9475626, 0.7144169313691059], [9475917, 0.6960953336701104], [9533190, 0.756093105684382], [9578669, 0.7298169364921012], [9656720, 0.7605106893452208], [9657087, 0.7542194888268953], [9679182, 0.78812268960159], [9711447, 0.7829347248748418], [9731514, 0.7999378841531649], [9745791, 0.7779611016333681], [9771508, 0.8148951097188454], [9773605, 0.7802172511708553], [9773616, 0.7546508527744653], [9809245, 0.8150823599894775], [9817836, 0.7583744755631164], [9818972, 0.7178141887023538], [9860783, 0.7524459035690347], [9872866, 0.7501483251702561], [9896367, 0.7589007189202512], [9905414, 0.7218410584454324], [9905531, 0.7211806834288561], [9915848, 0.8015082252691941], [9915909, 0.7761652856977113], [9924398, 0.6626741460387844], [9932067, 0.7253994736870694], [9933108, 0.7295720425302517], [9933511, 0.7033223691757706], [9933550, 0.6438354979058541], [9949545, 0.7683300206320258], [9952602, 0.6711237278785608], [9964063, 0.8184693376805692], [9964064, 0.6909119196811299], [9967277, 0.7170974080156284], [9967278, 0.6820252900118693], [9979449, 0.7989194651975788], [9981396, 0.7367094252038473], [9981689, 0.7477491417814885], [9982888, 0.7363644519259469], [9983247, 0.6348330055437535], [9988994, 0.780716381425215], [9990455, 0.7202280945948103], [9990460, 0.7038227926143417], [9990591, 0.7097358542782735], [9990722, 0.6967194811334148], [9993465, 0.6450420123255843], [9994304, 0.6781797023032534], [9995345, 0.78996991056572], [9996270, 0.9317956489392546], [9996963, 0.8941431421574229], [9997030, 0.8510741402990829], [9997251, 0.70444852097954], [9997934, 0.8862677843561354], [9997947, 0.8803626411077412], [9998044, 0.8513745099224627], [9998223, 0.642713322336418], [9998766, 0.7625381130754603], [9998943, 0.739219635220997], [9999052, 0.5846583641934872], [9999115, 0.5304731584419862], [9999124, 0.4937918906345361], [9999147, 0.5037384495242321], [9999372, 0.4867215269611711], [9999579, 0.7087179978903813], [9999636, 0.7857339378265351], [9999709, 0.6199859263027093], [9999796, 0.6767165975050824], [9999939, 0.9084391002229921], [9999940, 0.33857742502734844], [9999969, 0.4963225331850839], [9999986, 0.21601503726730842], [9999997, 0.950137604870409]]}