{"seed": 483722218, "N": 10000000, "alive_speed": 0.9193416304767442, "non_threatened_speed": 0.9193483417189675, "survivors": [[72, 0.9193483417189675], [10205, 0.7697259699346723], [6166654, 0.7598795379044597], [6166657, 0.7594621998938973], [6167370, 0.7590895221209398], [9967233, 0.6884178693471478], [9999660, 0.5925509248494505], [9999993, 0.28783593151871756], [9999998, 0.2865650127660817], [9999999, 0.23903283785276674]], "still_alive": [[262250, 0.736888366488666], [301341, 0.721442492743968], [1044450, 0.7739704686348992], [1269323, 0.7421391980644246], [1916346, 0.770265155861853], [2022615, 0.7759272178522367], [2177892, 0.7428351492605113], [2483145, 0.7463764317775908], [2500232, 0.7402002318938808], [2501571, 0.7315479145927292], [3075696, 0.7832203604725518], [3451873, 0.7408098475480531], [3690626, 0.7452260894744888], [4416977, 0.7516695089406871], [4581464, 0.7591127324323163], [4674721, 0.7634175394498899], [4823466, 0.7624645461944435], [4847475, 0.7330851862664498], [4942276, 0.7372636427580102], [5258635, 0.7446844800159901], [5508748, 0.7675009660793302], [5637293, 0.7617077043966429], [6197553, 0.7629073859720873], [6247068, 0.7714808569563055], [6417837, 0.7550225428195868], [6417852, 0.7450768795050036], [6422643, 0.7155568103280171], [6798452, 0.787978236628495], [6798961, 0.7773714088493665], [6812094, 0.7695522865713322], [7023945, 0.7936201637576022], [7024924, 0.7847833572333747], [7041211, 0.7859423991472677], [7051278, 0.7739100043798023], [7123555, 0.7264063103588655], [7177656, 0.7393389958136525], [7220241, 0.7323034260165386], [7232408, 0.7314482940408573], [7563345, 0.7645927838662471], [7569762, 0.7096871776449747], [7834287, 0.7543109862269042], [7877634, 0.7651553591192163], [7877651, 0.7390702578749109], [8082650, 0.7878543681273825], [8165087, 0.7576487257607657], [8261954, 0.7482382373579504], [8394787, 0.7867544065905961], [8402202, 0.7603324266020972], [8435895, 0.7632835458694599], [8435896, 0.7510360578811665], [8493843, 0.7739137576284396], [8499446, 0.7703983636471596], [8499757, 0.7665310704647729], [8504250, 0.7652065960659088], [8508211, 0.7494384548544385], [8564524, 0.7185426644280217], [8605107, 0.7324795317701649], [8606208, 0.7178302034681473], [8606211, 0.7105130706262142], [8701060, 0.736021610769526], [8930347, 0.7350401644245973], [9078510, 0.7447575374157787], [9084615, 0.7472990555175939], [9132416, 0.7464989622922278], [9153901, 0.7098052841158418], [9234828, 0.7751863229801654], [9242925, 0.7136189365287078], [9243220, 0.7119752411827499], [9243223, 0.7050898354846205], [9346580, 0.7713274329649528], [9378625, 0.7506587528304713], [9444542, 0.7894342896510884], [9457699, 0.7643489236507499], [9492890, 0.780852056283845], [9510665, 0.7876232954406538], [9516216, 0.7599418149015927], [9516245, 0.7492308424285172], [9540972, 0.7440173912869414], [9547041, 0.7530343874606604], [9547120, 0.7497276326184437], [9597611, 0.7959908125970623], [9598574, 0.7401228403242226], [9624353, 0.7533085004165224], [9646782, 0.7609110145969881], [9699173, 0.7898573151387874], [9699318, 0.7885469771989001], [9734997, 0.786934027172799], [9738056, 0.7357339360721644], [9746619, 0.7500824938349301], [9753832, 0.7701229774919193], [9765155, 0.7872852743287243], [9765178, 0.7749553835709779], [9771775, 0.7280676253482943], [9800180, 0.7608156713198769], [9826119, 0.8456411695826211], [9826612, 0.809841751966966], [9830403, 0.8155870389704466], [9830404, 0.7554017764164715], [9830435, 0.7423115552593855], [9830436, 0.7155064090075537], [9859461, 0.7973342937285649], [9863098, 0.7528710514889828], [9863099, 0.7250897033449237], [9863826, 0.7096392768286934], [9872549, 0.7380912739671102], [9893840, 0.8301939380477995], [9893935, 0.8274618590325299], [9895654, 0.7955247506316557], [9899607, 0.8172599409001401], [9906840, 0.749709288087985], [9914271, 0.6761497225875094], [9919596, 0.7167073719601009], [9935137, 0.7990661226222694], [9936836, 0.8089839587285912], [9936991, 0.6707750278553992], [9957992, 0.8806333442178985], [9963551, 0.7214236947514037], [9967232, 0.7362174415975831], [9977862, 0.6885698711512465], [9979993, 0.6963775781823378], [9982214, 0.6715373465825086], [9986433, 0.8423334335209454], [9986720, 0.7194780400134974], [9987045, 0.7373824422600371], [9989296, 0.8281181938488635], [9990617, 0.6587192476730921], [9992264, 0.7322532023426969], [9992961, 0.7731553062034763], [9993148, 0.6806280112458925], [9993323, 0.6833709474597698], [9995024, 0.6825143261575362], [9995295, 0.6502411020766182], [9996518, 0.811724087623605], [9996635, 0.7371342302748027], [9998110, 0.7835417972077137], [9998981, 0.7727447582346733], [9999102, 0.5224898315952811], [9999561, 0.9649624074697999], [9999590, 0.7142566208054151], [9999595, 0.7099755081125751], [9999717, 0.5322772200488521], [9999762, 0.45615056611211646], [9999813, 0.5075584187744452], [9999936, 0.6121215487303581]]}