{"seed": 942755596, "N": 100000000, "alive_speed": 0.7480421621420277, "non_threatened_speed": 0.7794537017185603, "survivors": [[4029942, 0.7794537017185603], [52859937, 0.7612133306400466], [52996616, 0.7504745296370607], [53151729, 0.747019670462136], [99860202, 0.7253269413312678], [99910549, 0.7103393297960024], [99999646, 0.6212955373634639], [99999655, 0.6101789302975086], [99999898, 0.48022072086308343], [99999985, 0.39605110032040747], [99999998, 0.2398408154526186], [99999999, 0.14913821521299309]], "still_alive": [[4173391, 0.770545073146341], [4375346, 0.7720763233162886], [4821887, 0.7699998089711607], [4822338, 0.7625606725433236], [7231031, 0.7783611848163785], [7987056, 0.7708815847647006], [10864133, 0.7448601606218301], [10899424, 0.7371186934634433], [13690383, 0.7400045683228739], [13694202, 0.7390783656872292], [13694203, 0.7377236552383593], [17353492, 0.7589345175072362], [18974883, 0.7607913087202827], [19042552, 0.7551814388504683], [19711149, 0.7540301819552392], [19711172, 0.7507217642046806], [23110967, 0.7704454764005053], [23111014, 0.7692600344056529], [23431319, 0.767341159784811], [23441574, 0.7601099459703003], [25785325, 0.7749863156423181], [28056970, 0.7663241738354297], [28066307, 0.7645696130826701], [29138438, 0.7452866143256022], [29767691, 0.7513339528081685], [31389666, 0.7458164712371185], [32762671, 0.7567732655504483], [32762968, 0.756424893795085], [35486467, 0.7718438407727445], [36797202, 0.7721850721087057], [36943615, 0.7530025084393209], [38638406, 0.7734412188106323], [39173451, 0.7613758711557407], [40510050, 0.7575402431942277], [40628715, 0.7560945174141668], [43990068, 0.7736533548296703], [43991275, 0.7620027924796636], [44687864, 0.7706309206226385], [44896229, 0.7717044081606246], [46101676, 0.76894813905834], [46508209, 0.7639717914538126], [47138050, 0.7620995895587295], [48734539, 0.7752690110816834], [48771432, 0.7652854683797495], [49293331, 0.74667480122359], [51155602, 0.7637877542795972], [53169698, 0.7416292622911806], [54221893, 0.7543592464691377], [54250650, 0.7453223315564798], [55923709, 0.7697853149497748], [56856910, 0.7457995003707585], [56874169, 0.7350049472509057], [56883198, 0.7336275708256305], [57685817, 0.7472804598783896], [58524520, 0.7475546940899355], [58986463, 0.739079101391648], [59953890, 0.7401364496344237], [62666855, 0.7494048210726298], [62785782, 0.7159770699485541], [64420697, 0.7486702849826388], [64598346, 0.7403248372736189], [65199625, 0.7443750746495794], [66249856, 0.7666705871598215], [66868631, 0.7458862060942116], [66933278, 0.7457020595678678], [67038251, 0.7397293489308376], [67656486, 0.7360884789999711], [67730911, 0.7318875246593027], [67775940, 0.7225310977579601], [67776041, 0.7210315939039993], [70264038, 0.7620471905901848], [71351877, 0.7782133141235891], [72354800, 0.7564071999327036], [72469967, 0.7570740894793038], [73077260, 0.7462609570228148], [74872767, 0.7822356630763775], [77102056, 0.7610537659140463], [77315883, 0.7574976307625744], [77315996, 0.7549171975455611], [77943739, 0.7546523902843475], [78043368, 0.7467090654168917], [78118067, 0.7441232552698681], [78378346, 0.7379985272392972], [79442883, 0.761122217500393], [79463500, 0.7563173454274389], [80969803, 0.7444057392087694], [81171986, 0.7415592529891253], [82081325, 0.7429883397425273], [83994280, 0.7547498582699451], [84081865, 0.7557272500456615], [84690510, 0.7820224809970133], [84979881, 0.7565499995064566], [85024036, 0.757616882454264], [85025365, 0.7264914404299593], [85981172, 0.771259902986845], [86261955, 0.7470578096483167], [86845700, 0.7621242817972442], [87101725, 0.7639791107211441], [87543686, 0.7877489744029359], [87552111, 0.7862097741727144], [87552734, 0.7818494263878529], [87572569, 0.7699161805957763], [87620520, 0.7694920558209603], [87898403, 0.7573623626119361], [87968296, 0.7545705329812832], [88079281, 0.7602557805572906], [88079970, 0.7429241027237591], [88080263, 0.7397610814146112], [88082146, 0.7384130001897954], [88742127, 0.7503827472979688], [89780534, 0.8013607299186924], [89894341, 0.7759946529729227], [89902680, 0.7676416719529153], [89927523, 0.7450341981888684], [90252520, 0.7374275398917791], [91276011, 0.7836676220903056], [91292478, 0.7798517989141259], [91568361, 0.756371160537702], [91570220, 0.7534405856432311], [91650661, 0.7547070140428984], [91852808, 0.7683635215909576], [92243035, 0.7839820148031553], [92264632, 0.7650709462953563], [92264649, 0.7602841546041923], [92337716, 0.7560462365871289], [92432213, 0.7248647673093503], [92519470, 0.7195553395771261], [93485691, 0.7450240321071291], [93684406, 0.7509948822813619], [93866289, 0.7664781721201709], [93875160, 0.7661798556454723], [94124543, 0.7688440127068551], [94124736, 0.7385423599373645], [94391189, 0.7691955142958875], [94391190, 0.758719079790938], [95059489, 0.8029030852199518], [95071948, 0.7789657283555046], [95071955, 0.7525279009979657], [95126420, 0.7481016560884136], [95512623, 0.8041605144953912], [95554008, 0.7619595929533782], [95567253, 0.7604612235021874], [95577082, 0.7398917380778526], [95784341, 0.7738533597962928], [95872980, 0.7823611134336972], [95922937, 0.7647157310204491], [95944606, 0.7513893140375968], [96135713, 0.774259890513556], [96140292, 0.7686708619654233], [96148835, 0.7622046569912528], [96159272, 0.753294016748196], [96230055, 0.7366756253081101], [96303410, 0.7254183640860183], [96533799, 0.7676593600225348], [96692832, 0.7787300381602227], [96694045, 0.7459989836236417], [96729418, 0.7418448576746838], [96896907, 0.7800945719575099], [96941974, 0.7878131486587852], [97045219, 0.7689894107749552], [97219188, 0.8035463099766206], [97237031, 0.7996689384735252], [97243930, 0.7845537549784622], [97245465, 0.7680848527229632], [97246322, 0.7520684587869263], [97358453, 0.7804903349707543], [97372034, 0.7727841902049657], [97456173, 0.7653719395201672], [97487418, 0.7382684499981352], [97612087, 0.7327591522125169], [97687138, 0.7422883281464072], [97687155, 0.7403357248516889], [97769716, 0.7525841946718246], [97770031, 0.7318398465661158], [97793304, 0.7094980551626149], [97937715, 0.7510627716492807], [97937716, 0.7361681497770814], [97954429, 0.7156536720471328], [98113374, 0.7676085980197368], [98127733, 0.773078464761419], [98166486, 0.7597965006429123], [98166499, 0.7467581369051594], [98290788, 0.7033180647596033], [98568601, 0.7778696336798296], [98587300, 0.7734726857597543], [98608871, 0.7681823810134668], [98613490, 0.7457255149799837], [98733537, 0.7930661310007928], [98733542, 0.7820394842489253], [98791165, 0.8003758995265039], [98855028, 0.7641944306337983], [98928961, 0.7315304532816697], [98997114, 0.7720754874421989], [99056441, 0.7979189866156794], [99074642, 0.7899791160566884], [99090903, 0.7868188809009689], [99116806, 0.7591616349918315], [99213835, 0.7892583852031755], [99268722, 0.8391410790122659], [99268723, 0.8216681947755601], [99295222, 0.8343736974591203], [99295223, 0.8222341844538743], [99295224, 0.7856125951790399], [99298043, 0.7872870247640139], [99302918, 0.788813207154573], [99317883, 0.7774127734964202], [99317884, 0.7454974912541483], [99416745, 0.7876649409139426], [99452168, 0.8054886589636728], [99453593, 0.7851089454987186], [99453626, 0.765122034684242], [99473749, 0.7760698871114107], [99599320, 0.811932804715033], [99609051, 0.7771652364137619], [99635224, 0.7944551710298785], [99636109, 0.74373087789655], [99648208, 0.7594100589467099], [99664645, 0.7482001445586084], [99679218, 0.7665301386746642], [99689567, 0.734606049187768], [99697096, 0.7462023928999101], [99698059, 0.7474028762027201], [99740116, 0.8119688824109779], [99754669, 0.7670678922886431], [99761102, 0.7259184260459527], [99775115, 0.7323645677371505], [99788150, 0.7542859673529213], [99803415, 0.7641339783988351], [99812914, 0.7727772794829088], [99816723, 0.7504701441013403], [99830460, 0.7829850805256676], [99832055, 0.7567241198167383], [99853316, 0.8255899391052289], [99853457, 0.814248028090214], [99853468,