{"seed": 483722433, "N": 10000000, "alive_speed": 0.9177911739210325, "non_threatened_speed": 0.9177929177274018, "survivors": [[18, 0.9177929177274018], [95401, 0.7826057879150535], [381498, 0.76841267586435], [4932489, 0.7654367302565147], [7975560, 0.7596066466894952], [9050459, 0.7574295412065888], [9104800, 0.7385024645708319], [9995519, 0.736537087661076], [9999720, 0.7294864674913204], [9999993, 0.7020369108630558]], "still_alive": [[433673, 0.7481106962480507], [433674, 0.7432449884533325], [1252283, 0.7651889218580638], [1252672, 0.7535416887570411], [1252677, 0.7418392449186176], [1407044, 0.7470736755538062], [1737657, 0.7445784968084271], [1990594, 0.753713173360787], [2015375, 0.7476862944112282], [2435264, 0.7721338845960466], [2439295, 0.7448762104508955], [2443202, 0.7440835867308101], [2585111, 0.7335165817645475], [3049812, 0.767122497361443], [3058297, 0.7537055668289339], [3441772, 0.7542051802071598], [3460755, 0.7534262510098088], [3490944, 0.7439217895118111], [3850169, 0.7790251411051973], [3871760, 0.7801234949903736], [4430595, 0.7709695091819478], [4724790, 0.7927788917437643], [4803005, 0.7743880128026397], [4911454, 0.7657867568909924], [4933380, 0.758834506695032], [4964579, 0.7311085539447378], [5265572, 0.7592668245022051], [5290583, 0.7506295797039443], [5291480, 0.7438068941128945], [5670773, 0.788343580423755], [5973838, 0.799237032909658], [6237117, 0.7782255229278213], [6245634, 0.7532700459581246], [6258519, 0.737086651868433], [6446580, 0.7541608602635914], [6446887, 0.750068894493167], [6604772, 0.7648408197139361], [6606281, 0.7413281275242027], [6716624, 0.7263086390112186], [6784987, 0.7405854348988326], [7138532, 0.7869957804289387], [7263509, 0.7679484438718823], [7263512, 0.7562425010707846], [7300395, 0.752604141153697], [7416742, 0.7760129853413522], [7417475, 0.7722937884198122], [7418042, 0.7630123813267439], [7484877, 0.776518050034359], [7484896, 0.7254726382958085], [7553519, 0.7372537918693224], [7604916, 0.7328439654177271], [7944569, 0.7621889050917126], [7976677, 0.7329490994218533], [8295060, 0.7941201750693866], [8322871, 0.7393721028918139], [8324092, 0.7180611897860949], [8330145, 0.7037400822203661], [8467158, 0.7499981398616125], [8626337, 0.7708255282176161], [8642636, 0.748137627273569], [8752223, 0.7623665817874452], [8778668, 0.767036207250699], [8781647, 0.731310857367382], [8785736, 0.7142840122926001], [8961007, 0.8039687494591947], [8961722, 0.7759083620731342], [9043279, 0.7754621996138455], [9046604, 0.774159477059607], [9110515, 0.7367817469832775], [9159986, 0.7457600346474573], [9163301, 0.7183584752292071], [9224494, 0.7720476549755186], [9231459, 0.7585260602440919], [9305164, 0.7908071713688679], [9380645, 0.7129859191004555], [9418266, 0.72620403642623], [9454561, 0.7703311011197553], [9455192, 0.7560388677401775], [9520617, 0.724397144788129], [9521206, 0.7173182059204235], [9521213, 0.7135863605668571], [9541850, 0.7050250284796749], [9574587, 0.7587142056637479], [9575216, 0.7378618238380623], [9613751, 0.7847764323329894], [9616890, 0.7376400744350103], [9630081, 0.7365701506468809], [9632694, 0.7260837130520968], [9639113, 0.7239042359973258], [9639962, 0.7046851669160824], [9672185, 0.7737381973362715], [9672190, 0.7677415135318181], [9689887, 0.7637049721756415], [9690306, 0.6856035590713855], [9734631, 0.7515168521573359], [9750152, 0.7192612659017872], [9760503, 0.748796535611213], [9761080, 0.7380988100779997], [9791743, 0.78935953836306], [9791814, 0.7595859045476474], [9829835, 0.8838839523435752], [9829876, 0.7982268158917352], [9847943, 0.8065072001167991], [9855772, 0.7530361151647774], [9867707, 0.7541419880166481], [9867710, 0.6991220923917808], [9887829, 0.8073112160566198], [9887900, 0.7865155955468577], [9891249, 0.7708100184811593], [9899502, 0.8110218048484967], [9906581, 0.8000127059086188], [9912292, 0.8472457317069902], [9915251, 0.7805306204076715], [9915256, 0.7726651572104886], [9917237, 0.747482250519091], [9917300, 0.7353101337419994], [9919277, 0.7102549760303195], [9937584, 0.7494404441286865], [9945851, 0.8340714563359092], [9948336, 0.7500394685933538], [9950537, 0.7517924248373591], [9950550, 0.7499159446156222], [9954089, 0.7226958328827611], [9954476, 0.660703296157046], [9958919, 0.6841130650719333], [9959628, 0.6640348124711779], [9967681, 0.8003498044590063], [9967700, 0.7724614059633604], [9968815, 0.7099056922751146], [9971908, 0.7581550354805502], [9976003, 0.6913212909696944], [9980232, 0.8268683410288534], [9980349, 0.7675541698651298], [9983134, 0.7307225309577277], [9985297, 0.8344083372125453], [9985328, 0.7719406159132034], [9985405, 0.7260348386696539], [9985408, 0.6487294439502714], [9986541, 0.6915445340810614], [9989806, 0.79161688408275], [9990267, 0.7808376729485788], [9990268, 0.7636720460391365], [9991479, 0.7052130518280848], [9991870, 0.6780424310506881], [9992437, 0.6196516290416166], [9993366, 0.696133476810986], [9995111, 0.8639826065859776], [9995168, 0.743878564809403], [9996292, 0.6866152646610955], [9997465, 0.7928291075605617], [9998038, 0.7172469175786347], [9998291, 0.7729047670897424], [9998822, 0.6946979283867327], [9999641, 0.9154857274572203], [9999646, 0.9226075846788255], [9999663, 0.9083433479941035], [9999702, 0.964244918411726], [9999705, 0.9653480446513676], [9999771, 0.6065113724979959], [9999774, 0.5351201523507295], [9999827, 0.626163898393069], [9999874, 0.806223732877008], [9999903, 0.9619854868009089], [9999908, 0.9260219077486568], [9999947, 0.7776461720042647], [9999958, 0.8186872054709025], [9999987, 0.6974025011281083], [9999988, 0.7255216106463184], [9999994, 0.4174954347747363], [9999997, 0.6886694591613364], [9999998, 0.7482902654989444], [9999999, 0.9079374929338654]]}