{"seed": 928126189, "N": 10000000, "alive_speed": 0.8927923943785879, "non_threatened_speed": 0.8927926622163598, "survivors": [[2, 0.8927926622163598], [23273, 0.7509434095591091], [8876538, 0.7335303744399564], [9999793, 0.7259497624183828], [9999794, 0.6684863287600417], [9999999, 0.22695781622307665]], "still_alive": [[954342, 0.7532175112106966], [1160623, 0.7421668532182599], [1752890, 0.7720914978913017], [1753897, 0.7606663998396458], [2132198, 0.7950975368670875], [2189473, 0.7642219849844191], [2209654, 0.743289491673523], [2249945, 0.7392094574560203], [2424518, 0.7426171580938845], [2535913, 0.7377100165408941], [2760840, 0.7312221235339128], [2786767, 0.7158358210745898], [3408554, 0.7742268169518719], [3698915, 0.7530180538651509], [3811212, 0.7641416419591084], [3858715, 0.7388174052000297], [4128914, 0.7468306733386524], [4590121, 0.7862987067318309], [4689576, 0.7966881893649772], [4708295, 0.7956044034389731], [4710840, 0.789457068955457], [4847577, 0.7674312648555977], [5011350, 0.7769078732225779], [5582049, 0.7778030422518836], [5739378, 0.7825409099196835], [5751791, 0.7685479324187251], [6424600, 0.7261701969684888], [6621167, 0.7581828188486474], [6777240, 0.7927679746739762], [6874821, 0.7714715000143316], [6901900, 0.7500448649265867], [6932935, 0.7456434548800178], [7140108, 0.7631480692573313], [7273713, 0.7610177911076517], [7344248, 0.7681053131414061], [7344607, 0.7676055847578179], [7661196, 0.7830624874916298], [7662477, 0.7800087458750021], [7686106, 0.7650376202121676], [7690399, 0.7649871963540864], [7948976, 0.7744711066670805], [8015605, 0.7173132504313958], [8092532, 0.7396003506640836], [8094099, 0.7208877667427347], [8137316, 0.7062454993351395], [8137641, 0.6854183939421256], [8145818, 0.6666300781006748], [8354557, 0.7457722176838963], [8354910, 0.7437891483730957], [8449965, 0.7448530307801638], [8499518, 0.7479171633427534], [8736019, 0.756784121455783], [8742590, 0.741724649527212], [8775203, 0.7551976035644629], [8801442, 0.7497631410045928], [8876291, 0.7539396869787065], [8876553, 0.7197748104066027], [8876554, 0.6991634302671508], [8878961, 0.7001846413516919], [8930894, 0.7251153212803444], [8933019, 0.6776056333205731], [9074656, 0.7421239715365379], [9182101, 0.7812682414218555], [9261998, 0.8167955062964974], [9262007, 0.7953119671355481], [9346414, 0.7959676700427374], [9366035, 0.7917901207588811], [9420398, 0.816063873551745], [9424245, 0.7501495193508022], [9455066, 0.7515236630515998], [9455253, 0.7450913957809856], [9458670, 0.7229863274400714], [9494573, 0.7735078644091548], [9498402, 0.7392085625615874], [9549157, 0.7664566089725161], [9557728, 0.7246489469418448], [9557811, 0.7032861772445211], [9562766, 0.7106625943863959], [9622399, 0.8163568691405779], [9669172, 0.8261844855078996], [9697835, 0.7569138070675674], [9697848, 0.7434926124179629], [9699525, 0.7251602602646067], [9733300, 0.7256595396600867], [9782235, 0.8094046943393408], [9792258, 0.7818765704101325], [9796597, 0.7860766668381894], [9798162, 0.7749724294763253], [9812351, 0.7314051987014412], [9818038, 0.7524309706846386], [9819725, 0.6679224716849412], [9837862, 0.739498841785598], [9850369, 0.7887752734584772], [9863222, 0.8087303037079895], [9864337, 0.7929678674665318], [9891750, 0.7529745140813644], [9891753, 0.7132071831984843], [9903182, 0.7516245412023361], [9906715, 0.7713539881761425], [9912726, 0.7801429319735791], [9912839, 0.7521802982566201], [9914884, 0.7625927669500103], [9922785, 0.7943586433990553], [9923204, 0.7143119698107485], [9933787, 0.7790198483125912], [9935210, 0.6881415459687127], [9948453, 0.7876733594639831], [9948454, 0.7438242063761136], [9954771, 0.8436256524874116], [9955732, 0.6703303531221229], [9963825, 0.7960966052333497], [9963920, 0.7859584762795478], [9965807, 0.7362731050343875], [9966472, 0.7322823456232561], [9966727, 0.7222391893409762], [9974618, 0.6956062508904655], [9975137, 0.6993280237692977], [9977546, 0.7638636167287607], [9977947, 0.7457135072432857], [9980876, 0.7629376838022234], [9980959, 0.7404132963027117], [9980996, 0.693294102119187], [9984615, 0.8084792050103355], [9984766, 0.7938135237122763], [9986831, 0.8327234082704588], [9986932, 0.8079832765544417], [9987499, 0.7138643653069146], [9989678, 0.8149872180261318], [9990289, 0.7898580886608678], [9990618, 0.8100939092036156], [9990633, 0.8089790251635424], [9990980, 0.8316131247680156], [9992131, 0.7829845475889478], [9994512, 0.7633365690071348], [9994513, 0.6580582089535403], [9995220, 0.753825375337632], [9996529, 0.6671410214187738], [9997404, 0.7626042046586969], [9998187, 0.7626441601161739], [9998526, 0.7827991481935485], [9998907, 0.7330155574313015], [9999082, 0.5625351306348797], [9999515, 0.8040109064427263], [9999526, 0.7621544122586933], [9999529, 0.6720415661827315], [9999640, 0.6975386801165943], [9999675, 0.58647438113801], [9999700, 0.5975313774801716], [9999727, 0.6393706764138231], [9999788, 0.755388785327872], [9999801, 0.6627278051161479], [9999814, 0.6869856461807996], [9999859, 0.8055608523332285], [9999860, 0.8053155830256703], [9999865, 0.7072357280702513], [9999892, 0.7800980191630831], [9999901, 0.6231787101744558], [9999920, 0.6954648941805688], [9999947, 0.5928921653575748], [9999960, 0.7637665447794766], [9999963, 0.5270094647095529], [9999992, 0.8660175934638149], [9999995, 0.5053342733559913], [9999998, 0.9256706305243876]]}