{"seed": 928126249, "N": 10000000, "alive_speed": 0.902165011293913, "non_threatened_speed": 0.9021651015104142, "survivors": [[0, 0.9021651015104142], [173, 0.8912968425110425], [192, 0.8447169428921005], [9918527, 0.7058218765648272], [9999996, 0.6372568386967534], [9999999, 0.1926053289221641]], "still_alive": [[1305, 0.8059554786076654], [23186, 0.8068418298316579], [132271, 0.736656059508121], [656842, 0.7720110778609617], [662153, 0.7614289840218066], [706892, 0.761812188353655], [713603, 0.7432380499466839], [952226, 0.7538470595569013], [1157299, 0.7522209537822174], [1191942, 0.7366807652548395], [2204271, 0.7504731807400602], [2588790, 0.7795600804323636], [2714491, 0.7746794826507681], [2739728, 0.7591049522978206], [2742205, 0.756175989260635], [2743234, 0.7274008552794705], [2743235, 0.7094860691048388], [3426236, 0.756166591268974], [3721199, 0.7679921667349046], [4097806, 0.7789120576371269], [4116627, 0.7469982695911148], [4618968, 0.7493903100249735], [4833339, 0.7437830427680606], [4856784, 0.7401766023751016], [4873541, 0.7324548629707797], [4873562, 0.7244860524154408], [5137505, 0.7372708032353776], [5458144, 0.7449811542692801], [5549691, 0.7307072268740984], [5596808, 0.723215251619657], [5813639, 0.743237146475443], [5975798, 0.7638755820047827], [5991919, 0.7598797234062611], [6588010, 0.7565399134285001], [6992647, 0.7906080005893157], [7181422, 0.7243502962524895], [7303283, 0.7512726424118903], [7342678, 0.744820223305811], [7342695, 0.7371535884788273], [7353750, 0.7043464007304092], [7668035, 0.798520480155897], [7668298, 0.7974415246607499], [7682243, 0.789908517272937], [7682244, 0.7590097839697856], [7688427, 0.7389038026569321], [7692088, 0.7373996352536467], [7834137, 0.7695891732373078], [7898874, 0.7929781101736966], [7946981, 0.7890849903907078], [7958408, 0.7817233696659837], [7959949, 0.7199474883085296], [8234566, 0.8003314557907231], [8236419, 0.7832419356579581], [8248336, 0.7831737842270752], [8317065, 0.8035759583035624], [8358240, 0.7568291608788672], [8361117, 0.7237394350564609], [8429062, 0.7284416461640223], [8636665, 0.7611368926193356], [8665094, 0.7640068330366507], [8780773, 0.739854483715749], [8784012, 0.7366611757560425], [8908315, 0.7213519866997665], [8987562, 0.7666844953628599], [9055579, 0.758042612442094], [9060902, 0.7481968881697216], [9071243, 0.7329061150774128], [9115380, 0.7693456183171234], [9138307, 0.7248565174714074], [9248222, 0.7499123258449734], [9253519, 0.7538697779284532], [9381950, 0.813229760935426], [9400423, 0.8356305282639183], [9440404, 0.8681308790850908], [9440425, 0.7903255738206783], [9447494, 0.7543188482666353], [9464531, 0.7699651761521413], [9467914, 0.7522044718293861], [9468663, 0.7284821495582099], [9468664, 0.7194201990832124], [9483815, 0.7341538959453623], [9522142, 0.7532579768487139], [9549539, 0.7304607397336588], [9616938, 0.7996858563788869], [9618213, 0.7800443689521659], [9623762, 0.7674186265054584], [9623887, 0.7141156721005525], [9716928, 0.7931979209992501], [9730161, 0.7710262111880093], [9737164, 0.778088494455442], [9769209, 0.7618847841818356], [9785250, 0.7062966539519303], [9804381, 0.7681556075969161], [9807270, 0.7517413187521084], [9822749, 0.8102230175754715], [9845496, 0.7998354790402363], [9870257, 0.8395448606044541], [9870260, 0.8196868794832642], [9881667, 0.7729307112803471], [9900440, 0.7940700114664977], [9900469, 0.7602431824416716], [9907514, 0.7929803165286426], [9907869, 0.7560513551219256], [9908684, 0.7552525632844724], [9920026, 0.6909674565316472], [9925453, 0.689209207974959], [9935824, 0.7216936025846313], [9935869, 0.7149433217248615], [9943658, 0.7579721612600376], [9952675, 0.8322162241203179], [9957492, 0.8839060918153816], [9957495, 0.8287672545382071], [9958710, 0.7455150780761335], [9958755, 0.7239082207462142], [9960444, 0.6986617189919014], [9960545, 0.6796386700106342], [9961604, 0.6408029518947537], [9968355, 0.7178522178815795], [9970758, 0.6827390717671716], [9978387, 0.7685098763125194], [9980654, 0.6719504212309284], [9983407, 0.7698873176939667], [9987992, 0.7686371454571778], [9989413, 0.7729582658796628], [9990330, 0.6973472046522411], [9992285, 0.6828854521114409], [9994042, 0.8801224173352304], [9994577, 0.8858000306139951], [9994764, 0.6277565009544374], [9995225, 0.639716483342006], [9996978, 0.7908384996524677], [9996983, 0.6108568030224105], [9997008, 0.5615616984200479], [9997275, 0.5949623611731549], [9998172, 0.7809170805319481], [9998205, 0.721085643250361], [9998334, 0.6362160146490902], [9998735, 0.7570218529188619], [9999100, 0.7595023858284395], [9999271, 0.8000019471273803], [9999366, 0.5479532747917737], [9999551, 0.5815970809343709], [9999720, 0.8233972696481052], [9999779, 0.8219912022681828], [9999782, 0.6567102217855965], [9999793, 0.6447365012166119], [9999824, 0.7185220246453987], [9999827, 0.44605954985023155], [9999902, 0.7298782968607875], [9999933, 0.7624649602076325], [9999980, 0.9345154482241232], [9999981, 0.6492976243563965], [9999992, 0.5307711884420164], [9999995, 0.6686946635221983]]}