{"seed": 928126101, "N": 10000000, "alive_speed": 0.9589884917439874, "non_threatened_speed": 0.9589956842108998, "survivors": [[74, 0.9589956842108998], [525, 0.8057825903928748], [184520, 0.7732733199145211], [9530473, 0.7444826665180486], [9530554, 0.74339216593228], [9765473, 0.7289521974577465], [9768474, 0.7088068121766506], [9999989, 0.4726364966653349], [9999998, 0.26340889764876996], [9999999, 0.08735604994726442]], "still_alive": [[233237, 0.7417124544999919], [235538, 0.7293831065051041], [263623, 0.7243620780378993], [1063500, 0.7677320649555986], [1217903, 0.7550788585733061], [1683244, 0.7943794906133568], [1702899, 0.794829109730078], [1760458, 0.7385146302834703], [2445397, 0.7868336896081193], [2618950, 0.769955117358635], [2752073, 0.7818885318677199], [2752470, 0.7575839037691883], [2889921, 0.7670317091410473], [3086784, 0.7508333010947276], [3264757, 0.7624541337444293], [3428618, 0.773620041439823], [3736297, 0.7800288936093515], [3738736, 0.7697268427700034], [4049409, 0.7729232315396894], [4164292, 0.7878861318255552], [4164507, 0.7785007785925402], [4169820, 0.7772406712261081], [4180295, 0.7401591814276828], [4190614, 0.7288839546620253], [4575467, 0.771691077523603], [5209322, 0.7559649760919138], [5209697, 0.7523880268747924], [5534052, 0.783730282997468], [5534083, 0.7832808756979136], [5900492, 0.7497096169514114], [5900725, 0.7384670126616366], [5910278, 0.7234878077686306], [6518557, 0.7674505730855634], [6518962, 0.7455819379692019], [6518963, 0.7250679062088905], [6731174, 0.7335376560757244], [6815961, 0.7529959893223138], [6974928, 0.7677774085963393], [6974973, 0.7568928737785702], [6976460, 0.7398322771898871], [7074525, 0.7422184478654082], [7077144, 0.7387881244096314], [7227981, 0.7446487380978366], [7415506, 0.7934624884628219], [7440903, 0.766354860253628], [7530170, 0.7688244025282741], [7576283, 0.7616846013209384], [7629652, 0.7467863909310835], [7643457, 0.7225493118845862], [7643734, 0.7189501201788284], [7643927, 0.6981670522399689], [7791242, 0.7215670284347813], [7902745, 0.7151040942269341], [7963752, 0.7268391672898867], [8066941, 0.7567008088402208], [8067754, 0.7541601044453671], [8076625, 0.7416901974842308], [8349912, 0.7346574721941703], [8362857, 0.7309407060166584], [8363510, 0.6835055738300395], [8581507, 0.7586705441492129], [8778640, 0.8074584390614661], [8829345, 0.7735504229574156], [8829456, 0.7718848031493558], [8847247, 0.7161648604820132], [8848430, 0.7139112988692882], [8944167, 0.7229724749769408], [8975958, 0.7238410907917481], [9020953, 0.756174275293345], [9133496, 0.7829871741072454], [9138785, 0.7809563850522615], [9138786, 0.7798730600383115], [9158239, 0.7719783608279838], [9200890, 0.7522287152255089], [9278631, 0.7926226260414391], [9278634, 0.7712206639048549], [9278635, 0.767928262383658], [9281194, 0.7608490018918056], [9290613, 0.7455913240110855], [9353796, 0.7710793337138674], [9353857, 0.7592534656138119], [9395138, 0.7932237374644545], [9396085, 0.784655013975777], [9397900, 0.7810274534916075], [9398673, 0.7744748455228719], [9418684, 0.7660774930349434], [9444073, 0.7294314900448206], [9457632, 0.7032598456131182], [9529485, 0.8064780182890294], [9530028, 0.758273677210288], [9533541, 0.7191287553978684], [9533584, 0.7002492751176772], [9600009, 0.7929328289568802], [9601116, 0.721329938637182], [9619653, 0.73558760344909], [9619654, 0.7350829301203264], [9619681, 0.7286627297941102], [9655486, 0.7459020247399228], [9657495, 0.7249506989171335], [9672644, 0.7438985704980585], [9710687, 0.8119950613899972], [9726598, 0.8121548389014243], [9763989, 0.7688654087653163], [9765094, 0.7370500716143001], [9782349, 0.6983357781957878], [9788950, 0.689070944011077], [9806821, 0.7117103315946057], [9811688, 0.6884010464167757], [9847823, 0.8299382861176589], [9855814, 0.7992561784559041], [9861843, 0.7706687541568592], [9891112, 0.7393489673243229], [9891161, 0.7094179350959797], [9908424, 0.7757418715303311], [9913113, 0.7510811947630113], [9922910, 0.721576856464862], [9925493, 0.7314294357470144], [9934470, 0.7912476858843684], [9944013, 0.8158091238402453], [9945346, 0.7086325488952112], [9953283, 0.671916048443072], [9955788, 0.6987825484841075], [9959911, 0.7211215946868551], [9963350, 0.717589081743002], [9966171, 0.6907461854933348], [9971262, 0.6900600585992012], [9973091, 0.7043354353497117], [9975222, 0.7541960377166415], [9979727, 0.8321475440840175], [9979728, 0.7799235788003563], [9980463, 0.797220188347565], [9980546, 0.7977998006425701], [9980639, 0.7831300197003713], [9981100, 0.7397605859965232], [9984385, 0.8418909543405707], [9985088, 0.7398601772606427], [9985737, 0.6988227613999136], [9986342, 0.7131989311595773], [9988341, 0.7446069253138442], [9991006, 0.7330815484185824], [9991775, 0.7551465320118309], [9991786, 0.7483523267012135], [9991867, 0.519962264151875], [9994732, 0.8015280978638608], [9994767, 0.7646784848261409], [9996324, 0.7810960682218612], [9997191, 0.8253208372870869], [9997236, 0.8107542642360324], [9997953, 0.7094331747019552], [9998362, 0.7954276537870895], [9998369, 0.7897035105076392], [9998712, 0.7920892687462651], [9998843, 0.8018072949421838], [9999248, 0.9041538334656539], [9999281, 0.9125884367028939], [9999314, 0.603859244089725], [9999601, 0.7631301886935468], [9999604, 0.4955006186043771], [9999777, 0.5508062435999931], [9999852, 0.7503881731612669], [9999867, 0.8061293542235606], [9999886, 0.7781639993781932], [9999923, 0.5965427791741295], [9999970, 0.8445159735976967], [9999971, 0.6052160594624947], [9999988, 0.858768837114477], [9999996, 0.8046930750959356], [9999997, 0.9615272369861622]]}