{"seed": 483722249, "N": 10000000, "alive_speed": 0.7713771384038981, "non_threatened_speed": 0.7723681638958904, "survivors": [[12830, 0.7723681638958904], [7623293, 0.755046504328968], [9999840, 0.7514928759471302], [9999905, 0.37758679044822896]], "still_alive": [[83163, 0.7607251416305928], [83264, 0.7375379233647237], [86659, 0.7371877647271284], [684690, 0.7805511232214587], [686411, 0.7671966287613002], [970522, 0.7347896648034113], [1080365, 0.7220444497432501], [1155852, 0.7001960976468278], [1805855, 0.7538992125394107], [2439510, 0.7712166331084025], [2679477, 0.7830612163645079], [2692864, 0.7813897638707051], [2700037, 0.7558189502216172], [2811778, 0.7592756427624592], [2853711, 0.754371075559233], [3448724, 0.7698881632753193], [3453419, 0.7576443960964733], [3478090, 0.7542512795546376], [3521503, 0.7340076961047056], [3706434, 0.6973661098299633], [5101803, 0.8013269223719692], [5101804, 0.7824584160510367], [5102053, 0.7819593806241791], [5152472, 0.7755346233054091], [5159985, 0.7743850119529722], [5161480, 0.7643994417609472], [5161481, 0.758008136555507], [5252026, 0.7375454227108603], [5497069, 0.7664008239984519], [5527766, 0.7330033083055144], [5543203, 0.7322746762416478], [5721308, 0.7582459117037483], [5806593, 0.7564961900334194], [5810784, 0.7228439987210753], [5947165, 0.7276053373842873], [6223606, 0.7752339834415393], [6223877, 0.7616564068034889], [6410326, 0.7464517314942802], [7146805, 0.7837242558218805], [7172034, 0.7761776634319343], [7177657, 0.7314691190953955], [7283144, 0.7433629937436937], [7759130, 0.74802016454538], [7759133, 0.7478148421906882], [7824488, 0.7691170229591864], [7825493, 0.7581207646349125], [7846918, 0.7357032220130669], [7848085, 0.7322974598831662], [7852252, 0.723633778693096], [8040695, 0.7885976622857203], [8048676, 0.7790482098644693], [8089189, 0.7625700063000085], [8110270, 0.7405854988839946], [8175993, 0.7497107069742485], [8195718, 0.7378372687949009], [8240285, 0.721634455745102], [8391718, 0.7405762165929806], [8411783, 0.7314781232147073], [8481178, 0.7619272726774763], [8500231, 0.743277057505859], [8502290, 0.7425231329285168], [8507691, 0.74103004730525], [8526716, 0.7449488212379676], [8526791, 0.7276444531816441], [8698664, 0.8158645018807265], [8698719, 0.7671680597223126], [8724616, 0.7723422595260044], [8734691, 0.7643301226674325], [8749390, 0.7463926961329295], [8749449, 0.7248104136218789], [8833808, 0.7677730425827494], [8839369, 0.7681464769801268], [8893422, 0.8005489251247722], [8913605, 0.72075560844777], [9014332, 0.7851180031557311], [9014383, 0.7827610142025989], [9102518, 0.8193914107110098], [9193045, 0.8110451312876084], [9193394, 0.7703172374110795], [9197457, 0.7259533635924009], [9201788, 0.7120840505523178], [9250415, 0.7246630383504353], [9285736, 0.7546923219126542], [9291945, 0.7027495559721088], [9421512, 0.7986918585166609], [9446383, 0.7895137545440031], [9508534, 0.8353850866637289], [9509561, 0.8191203110707543], [9529688, 0.8232077575818921], [9534153, 0.8105416680776532], [9534154, 0.7459112804404732], [9604001, 0.73754351603322], [9632600, 0.7561074541171516], [9646721, 0.761284562170663], [9712244, 0.7749844280512673], [9712325, 0.7724758746035976], [9727436, 0.7675388556371784], [9727439, 0.7667790110674544], [9735214, 0.7823416295165708], [9739179, 0.7780694018595955], [9769352, 0.8152064416541329], [9784541, 0.8100908653310888], [9784786, 0.7926016506761152], [9803605, 0.8432159769845805], [9817888, 0.7780402120387], [9818061, 0.7507010076370376], [9835664, 0.7783285927914757], [9835665, 0.7723861480598552], [9849752, 0.7113756549640445], [9863553, 0.7508867622922004], [9878610, 0.7600738466761635], [9882391, 0.7746238273723427], [9882982, 0.7659290614588976], [9883075, 0.7654304132782551], [9891526, 0.8139497907380995], [9891601, 0.7374355352815052], [9896108, 0.7602310159595765], [9906933, 0.813569410532424], [9909404, 0.796549030851556], [9920913, 0.8040477784420454], [9924086, 0.7011518796117976], [9938593, 0.8127327265266854], [9941856, 0.8567847061326677], [9941859, 0.7687127739650818], [9948046, 0.7952855817427444], [9948079, 0.7758303048263695], [9948080, 0.7725798710603594], [9949005, 0.6735132135731458], [9958938, 0.7955002523635721], [9959987, 0.7789255352576492], [9960892, 0.722774553659611], [9964813, 0.7313333024244526], [9966122, 0.7586316587303417], [9972865, 0.8564009586065707], [9972872, 0.7586114714283066], [9978395, 0.9000157482249462], [9979482, 0.897914854515021], [9979483, 0.8549948890736334], [9979980, 0.8524278172299163], [9984145, 0.7418458360480253], [9985758, 0.7747912231778139], [9986397, 0.7277440718632123], [9989408, 0.739315678159172], [9991639, 0.9330126006004879], [9991644, 0.861018285354695], [9991999, 0.8687142376833551], [9992038, 0.8691135602942813], [9992693, 0.9012597635741371], [9996064, 0.7660646014243], [9996609, 0.8027825409826602], [9997230, 0.6813462019671291], [9998731, 0.8775650613148391], [9999378, 0.724744515564597], [9999479, 0.8137829598366797], [9999486, 0.8248070727917655], [9999513, 0.5677418576813131], [9999706, 0.5966794270370568], [9999795, 0.8515436392448348], [9999838, 0.8925441257815119], [9999839, 0.8317474200612716], [9999952, 0.5954881340476826], [9999965, 0.7363344232171529], [9999990, 0.513327905576594], [9999995, 0.8783641745935502], [9999996, 0.744904925322998], [9999997, 0.8330615428627063]]}