{"seed": 894, "N": 10000000, "alive_speed": 0.9445492986693743, "non_threatened_speed": 0.9445493931243041, "survivors": [[0, 0.9445493931243041], [21399, 0.8012946294109468], [755572, 0.7957144555058444], [776463, 0.7932074217013497], [1235572, 0.7694876467756171], [2974469, 0.7675033056010273], [9781732, 0.7446844920799613], [9933997, 0.7434737494257048], [9976878, 0.7202134842817236], [9999369, 0.6505623589809535]], "still_alive": [[22528, 0.7619279163185377], [739485, 0.8180358014927177], [776656, 0.7697353197340948], [1227365, 0.779522474581729], [1235585, 0.7293030844142373], [2230256, 0.8192186127372469], [2230257, 0.7542767057479512], [2729066, 0.7740039202252673], [2984928, 0.7459348671920188], [2984945, 0.7437348627547469], [3629600, 0.7370376216135838], [3701051, 0.7368203024649441], [3965236, 0.7600551413575144], [3965319, 0.7558767986622967], [4305786, 0.7587083750461846], [4306285, 0.7518231673019022], [4827024, 0.7735088804546468], [5250259, 0.7839798918596643], [5250404, 0.7808143185458664], [5315979, 0.7451415219513711], [6118786, 0.7793848921527986], [6119493, 0.7790792426610866], [6252850, 0.804611599864955], [6264773, 0.7959066333907623], [6316892, 0.8051538958567678], [6317055, 0.7844525219550038], [6431796, 0.7652301051116998], [6432063, 0.7344778533643734], [6804114, 0.7807905108637209], [6809343, 0.7740238752765217], [6812462, 0.742663382629747], [7152003, 0.7344338951409298], [7164966, 0.7074912151297338], [7438655, 0.7503552022749055], [7807328, 0.7823421075598942], [7909093, 0.7486939652681043], [8045250, 0.7515640288487359], [8060061, 0.7500399874024531], [8067620, 0.7469967606571402], [8236235, 0.7905774807752001], [8237784, 0.7756859346342806], [8332413, 0.7869559929394222], [8347586, 0.7661984877853644], [8347595, 0.7479170283553411], [8469336, 0.7543592695565492], [8546745, 0.7685860723295493], [8546806, 0.7553652542301155], [8572909, 0.7576675647114872], [8573276, 0.7554060299458901], [8617747, 0.7218158336490128], [8637588, 0.7313560390085169], [8713945, 0.7605170736849471], [8713952, 0.746991798136863], [8798575, 0.7928229730729729], [8808638, 0.7870128302851878], [8817859, 0.7194734945526333], [8928200, 0.7853863102738918], [8929117, 0.7537544071199386], [9027500, 0.8097061153141363], [9027507, 0.7746355906599377], [9044428, 0.765274842019694], [9063517, 0.734310550643171], [9176674, 0.8302980198421147], [9176675, 0.7967216874317592], [9181322, 0.7497574070614368], [9204073, 0.7590725771206074], [9267802, 0.716129138777723], [9267997, 0.698837534655909], [9372518, 0.7284668244598045], [9389081, 0.7312288807882635], [9422474, 0.734288719072627], [9500839, 0.8133427113896958], [9520436, 0.7834123859023556], [9522327, 0.7285755903107403], [9565794, 0.7658360366128383], [9572845, 0.7545001575277761], [9578084, 0.7475819344504412], [9590321, 0.7415153594500663], [9638274, 0.7981395967616867], [9638453, 0.7614595352718506], [9650230, 0.7332238345449841], [9651191, 0.7267594237689633], [9664948, 0.713933328389381], [9703961, 0.779956882415888], [9709026, 0.6983307835814885], [9720237, 0.7176978704829342], [9754706, 0.753272245558807], [9772525, 0.8063738278795233], [9772590, 0.8056335178305836], [9777415, 0.8030783782947007], [9780618, 0.7830230703714279], [9781581, 0.7603426551271938], [9810337, 0.7375987160746742], [9815968, 0.7561964372116312], [9816495, 0.7356002289723363], [9834156, 0.6813300545041018], [9863911, 0.7610994558359486], [9868548, 0.7547854059467269], [9873397, 0.7821069775852804], [9883526, 0.652638759491316], [9904797, 0.7607324988146019], [9908586, 0.749618287970029], [9909077, 0.7376292270241291], [9918254, 0.7651548465406307], [9931917, 0.8224188227314478], [9933758, 0.7750162078379969], [9936498, 0.7309994491433247], [9942209, 0.7406043427747722], [9956334, 0.8217651013799825], [9956351, 0.7092730838202577], [9959692, 0.764387146853842], [9961165, 0.7442546314849628], [9961228, 0.7220042326969581], [9962247, 0.69212259789408], [9974862, 0.8827386519412826], [9976029, 0.7781367019596898], [9976152, 0.7802731833828823], [9976157, 0.7409671393847882], [9976222, 0.7367848935392651], [9976855, 0.7449276044642187], [9977947, 0.7223608146347775], [9977950, 0.6854897599641044], [9979651, 0.7347442699841529], [9979652, 0.6973332645030766], [9983625, 0.8471790871450879], [9983758, 0.8536169331914117], [9983963, 0.7571982283569597], [9983984, 0.7446591801827805], [9984363, 0.7440694249376743], [9987608, 0.8262191617733957], [9987609, 0.7942089631415782], [9988504, 0.8099235706491436], [9988547, 0.7639886499074853], [9988628, 0.6493785576841562], [9991303, 0.8015142672932349], [9994324, 0.9211566998209048], [9994547, 0.7556906901502684], [9994610, 0.7296823231278543], [9994647, 0.7347127057862142], [9995312, 0.8220165669913585], [9995607, 0.7360942946245468], [9996456, 0.8408000034719836], [9996785, 0.6033021434503578], [9996946, 0.6179883213405651], [9996977, 0.6158248196193387], [9998050, 0.6520840643656416], [9998467, 0.8246780279649633], [9998478, 0.8028846403852247], [9998573, 0.7966807247806005], [9998834, 0.8048560517258703], [9998853, 0.656986958720471], [9998978, 0.5973121788803398], [9999333, 0.7709250354375977], [9999336, 0.6945698893418456], [9999400, 0.5214594330059257], [9999601, 0.532851597150357], [9999604, 0.5095927846788855], [9999663, 0.5230867029058032], [9999844, 0.7078942294500742], [9999869, 0.6873860976805763], [9999870, 0.593356218770759], [9999929, 0.8978863268868967], [9999930, 0.8321764629773277], [9999935, 0.6052534928533412], [9999966, 0.970418418680268], [9999989, 0.37071640397460415], [9999996, 0.9489129066179532], [9999997, 0.9671215625284713]]}