{"seed": 483722452, "N": 10000000, "alive_speed": 0.7751676776649864, "non_threatened_speed": 0.7767244663572274, "survivors": [[20042, 0.7767244663572274], [542901, 0.7626050667951455], [558814, 0.7524258971843786], [9973219, 0.7138859804633361], [9996104, 0.6643313783488954], [9999885, 0.634773150117745], [9999994, 0.6268156551924066], [9999999, 0.3769909390442925]], "still_alive": [[1060387, 0.7527786401270813], [1060414, 0.7399628168276329], [1363913, 0.7304551577790707], [1841842, 0.7561146048612101], [2223777, 0.7673005111683832], [2231540, 0.7633643931137353], [2494111, 0.785450057207714], [2504612, 0.7542095006079492], [2746331, 0.7253045542767067], [3412850, 0.7389482665408119], [3849893, 0.7854913983838553], [4004954, 0.7723718116844713], [4071351, 0.7803219435102166], [4115972, 0.7738704386815969], [4309653, 0.7487353704504112], [4588554, 0.7854209400643754], [4768641, 0.748845548599474], [4931940, 0.7660726119116826], [5072111, 0.772702671103488], [5275468, 0.795052161795694], [5486559, 0.7484741947764828], [5581786, 0.7605442842326711], [5581889, 0.7528122254693096], [5692518, 0.7559801223267408], [5938915, 0.7337702293857823], [6069840, 0.746525947334788], [6099377, 0.736407614996335], [6579788, 0.8071515493449409], [6629179, 0.7787977292834645], [6648250, 0.7480764909637789], [6993265, 0.7684654265271741], [6993342, 0.7612225336652204], [7003921, 0.6922226736466494], [7124528, 0.7178925711097863], [7195625, 0.7196917715588965], [7370244, 0.7404564108013945], [7371613, 0.7379611150526616], [7683866, 0.7725038704746802], [7736617, 0.7559268412525567], [7767108, 0.7484180526290779], [7920947, 0.7689888795625431], [8072874, 0.760701464983146], [8173325, 0.7472834544148185], [8238556, 0.7746721191594209], [8238607, 0.7621928284881357], [8358880, 0.7523275341326165], [8400905, 0.7432915728013645], [8599798, 0.8180013633659964], [8605255, 0.7911245670203041], [8774736, 0.8242260681966466], [8780845, 0.7648004864935555], [8816620, 0.7655670391351246], [8818311, 0.7555313190998882], [8849296, 0.7397413102494095], [8993365, 0.785368316381829], [9001152, 0.7375550126178414], [9219389, 0.8087303852903522], [9255236, 0.6936226829878921], [9259829, 0.6897078657821443], [9359070, 0.7903993260305664], [9362253, 0.7723063474070447], [9362264, 0.7690595177483679], [9374881, 0.763959029850385], [9410414, 0.7714711862142065], [9426951, 0.7844649955476705], [9446696, 0.7062895040448041], [9512981, 0.7371304038920947], [9606330, 0.7360772955743489], [9610845, 0.74042428854578], [9630086, 0.7609211459906572], [9646883, 0.7405566934640087], [9714190, 0.8271472509479257], [9714239, 0.7622027157905444], [9714258, 0.7413383705969029], [9725355, 0.7557145916902142], [9730814, 0.7668373360564888], [9740139, 0.7601961711242246], [9756910, 0.7725564822229909], [9772239, 0.7486859523802408], [9784420, 0.7843080826672705], [9784771, 0.7339420350336207], [9813692, 0.7447087174606437], [9830431, 0.8092503974180361], [9838080, 0.7663208118279996], [9862699, 0.8187579014501296], [9864178, 0.7977519263243683], [9869863, 0.7957199233676573], [9870622, 0.7858945036665917], [9870625, 0.7577280839685131], [9874316, 0.6927823948693714], [9876763, 0.6887764944201165], [9901910, 0.7868753941609046], [9907319, 0.7579547054656476], [9918552, 0.772835994000799], [9918587, 0.7693742285153047], [9918590, 0.7676349287701056], [9934023, 0.802940623272083], [9940488, 0.7876875646140578], [9940507, 0.7205141974864429], [9943360, 0.7356726388937895], [9943583, 0.6549887355636143], [9944788, 0.6625414080889643], [9950661, 0.6897427689720707], [9953092, 0.7015128202213734], [9957413, 0.7478308632348594], [9962310, 0.7992831500917219], [9964931, 0.8255628972619328], [9965338, 0.7220913007402338], [9975934, 0.7115700333596305], [9979605, 0.6457113107221207], [9986638, 0.8386528646936814], [9987029, 0.7933621763112217], [9987530, 0.7699694139876913], [9987541, 0.7509624550496449], [9990612, 0.8726732119862585], [9991909, 0.8489156951671153], [9996387, 0.6796524643059031], [9996854, 0.737686457721351], [9996861, 0.6926217611330013], [9997092, 0.7443090253777807], [9998067, 0.6799195573433082], [9998338, 0.7048376273873213], [9998371, 0.5980728120585187], [9998620, 0.6309734178453126], [9999173, 0.8255112483330054], [9999234, 0.7170200262922959], [9999443, 0.7796828982468486], [9999444, 0.6993441860729418], [9999445, 0.6435209866139373], [9999562, 0.8055806234817008], [9999647, 0.8985871323693405], [9999654, 0.8793010155139039], [9999685, 0.8044053436802312], [9999692, 0.7006007379572681], [9999693, 0.6790308511767218], [9999766, 0.7493019077058145], [9999825, 0.5284990915996584], [9999878, 0.6453207322687374], [9999924, 0.5655252278361228], [9999953, 0.5275219580872248], [9999966, 0.6211196243926483], [9999985, 0.8707612005929373], [9999988, 0.6721429856698987], [9999991, 0.630386940130142], [9999995, 0.3982845397023903], [9999998, 0.8071918573001952]]}