{"seed": 483722283, "N": 10000000, "alive_speed": 0.9429349446033847, "non_threatened_speed": 0.9429354160710456, "survivors": [[4, 0.9429354160710456], [251, 0.8434740409564908], [702, 0.8009450142398127], [8273491, 0.7429528774101489], [9997738, 0.733390077726484], [9999859, 0.6046257563583313], [9999996, 0.42869327047792105], [9999999, 0.4237845176628031]], "still_alive": [[92345, 0.7737906935276456], [217044, 0.760711066273138], [1066285, 0.7516549353693746], [1172560, 0.7591175606712762], [1570699, 0.7616795367558045], [1608830, 0.756580033861823], [1614557, 0.747307610752162], [2075386, 0.7858750341128204], [2388991, 0.7894872380619493], [2799750, 0.7876094146991182], [2824711, 0.7438729194624855], [2860842, 0.7465190638344388], [3137237, 0.7694564531397653], [3438438, 0.7483629244788678], [3658895, 0.76906225421143], [3658896, 0.7663633961644984], [4122363, 0.7767620507524375], [4123840, 0.7655679417621433], [4713675, 0.7542927407586346], [5127068, 0.8080686917606684], [5128753, 0.7822930832685582], [5156976, 0.7496482891367899], [5729741, 0.8342602860395694], [5779950, 0.7783322428020356], [5968217, 0.7927347267004421], [5968526, 0.7749233440627291], [6002407, 0.7691313256271816], [6127846, 0.7338330580174196], [6325025, 0.7320870170789308], [6529886, 0.7391258000477607], [6741265, 0.7573156773735343], [6951444, 0.772136442801695], [6956139, 0.7713239154896181], [6970440, 0.7440161815579392], [7142791, 0.7886589060566706], [7142932, 0.7711009379992044], [7222869, 0.7877017126748631], [7223144, 0.778805984394995], [7480525, 0.7470769428970611], [7730430, 0.7838578264749556], [7826087, 0.7496234809983285], [7952154, 0.7614394733780987], [8137915, 0.8146523288683345], [8172824, 0.8085381503836107], [8192765, 0.7926540922545384], [8208480, 0.7766802223216206], [8274866, 0.7339094333198313], [8414919, 0.7085255626546989], [8431994, 0.7086401404360558], [8438987, 0.6999905514146483], [8650406, 0.7952240788373591], [8656101, 0.7822423848216689], [8695546, 0.7612079293322945], [8822781, 0.7621542028813932], [8862560, 0.7797446391120133], [8866347, 0.7038489223867456], [9183540, 0.7336066760934058], [9211863, 0.7437523274571566], [9226706, 0.7461565199833221], [9250615, 0.7409508286464304], [9251072, 0.7237032140808625], [9254067, 0.7075842078358303], [9360946, 0.8122189367071397], [9361123, 0.8057543234736618], [9361400, 0.7235091731629962], [9385555, 0.7430691125373949], [9389566, 0.7069314593432247], [9467125, 0.8017471706054513], [9521820, 0.723580854470085], [9566075, 0.7758121037921322], [9566078, 0.7729189667406915], [9606327, 0.8331764742674276], [9635874, 0.7530536728528611], [9676053, 0.7649533055660542], [9692652, 0.7360179394846617], [9701785, 0.7220955480668761], [9709858, 0.6987544327145234], [9793225, 0.8183357635700085], [9795456, 0.8007767255170364], [9795559, 0.7060316865541665], [9796176, 0.6953105106660252], [9828881, 0.8047976433319143], [9829658, 0.727093188164696], [9840517, 0.7470842493489769], [9855536, 0.723299340491673], [9864529, 0.7563901757505792], [9868968, 0.7799928817802121], [9868983, 0.7473085158239486], [9880192, 0.6570032983397915], [9900941, 0.7217656592420351], [9913842, 0.7779825563968813], [9913945, 0.7338028236998863], [9915290, 0.6768806345273504], [9923305, 0.7097919503035452], [9926980, 0.7369569598586097], [9932177, 0.7400748980279457], [9943716, 0.809812294179594], [9944199, 0.7967223405195153], [9945830, 0.7501509078747378], [9952359, 0.7194504980530798], [9963828, 0.8084522949257482], [9967319, 0.7202722514288485], [9978656, 0.7101142849572514], [9985009, 0.8348517064732959], [9985114, 0.7992538968979558], [9985267, 0.7507251455039032], [9986228, 0.7849973117396648], [9986867, 0.815832739874708], [9988116, 0.7905388843068791], [9990293, 0.7369675061553486], [9990402, 0.7105121563576492], [9993011, 0.7588793900830829], [9994126, 0.8589045417285558], [9994289, 0.6941714239183671], [9994892, 0.7596742412731889], [9995063, 0.7189271281031395], [9995724, 0.8268365546336568], [9996755, 0.8281277409190027], [9998097, 0.6054877714434408], [9998666, 0.6754789342422315], [9999267, 0.8413330100062159], [9999280, 0.8097912694429312], [9999281, 0.5786567480684818], [9999496, 0.6529079597574394], [9999551, 0.5479370959936306], [9999816, 0.7498614839799395], [9999884, 0.49636516687366994], [9999887, 0.43056743538817166], [9999952, 0.7127197022319552], [9999955, 0.5583248462879079], [9999956, 0.4076812971708622], [9999983, 0.6839296251255994], [9999986, 0.3882258433226401], [9999987, 0.3890201434585735], [9999994, 0.7892355860773781], [9999995, 0.4936957668374362]]}