{"seed": 942, "N": 10000000, "alive_speed": 0.9113478642498618, "non_threatened_speed": 0.9113665472622123, "survivors": [[204, 0.9113665472622123], [7908529, 0.7567862695499616], [9177750, 0.7362593894098157], [9999521, 0.6906897184705997], [9999952, 0.6761115868108896], [9999997, 0.4923108748423284]], "still_alive": [[485, 0.7534438807747111], [148002, 0.7433887952630445], [304999, 0.7462478886590836], [305000, 0.7434528694127019], [450363, 0.7537856266519971], [511118, 0.7550836114899518], [562315, 0.7530428508468593], [1017058, 0.7302489805246375], [1264329, 0.7421182500317616], [1338342, 0.7391010394855574], [1563135, 0.7571739106893868], [1664118, 0.7642882119881703], [1749143, 0.7539814550293319], [2140180, 0.7913577369220925], [2196575, 0.7682803329441584], [2196922, 0.7676251876989441], [2286475, 0.7689634883876634], [2488636, 0.7528404593487925], [2496713, 0.7520133803521135], [2511382, 0.7346060539668094], [3194895, 0.7890377522734081], [3197782, 0.78192663455575], [3198461, 0.7699889158053058], [3493982, 0.7436030650592832], [3497279, 0.7412957240374668], [3884710, 0.7802594320106118], [3902399, 0.7615309913208307], [4053384, 0.7362904213214421], [4053529, 0.7354376903331514], [4517444, 0.7631876351175101], [4519617, 0.7626221344948433], [4732824, 0.7690332915379711], [4742095, 0.7587387266643031], [4838300, 0.7682048627445747], [5021265, 0.7653297493789523], [5346220, 0.7563832172505058], [5458551, 0.7615025459008876], [5835948, 0.7737625390258599], [5869279, 0.7757669659736155], [5917714, 0.7657829980895419], [5960875, 0.7304152815575454], [6055460, 0.7310620132416812], [6246367, 0.740073958885643], [6473144, 0.7278906180259349], [6541009, 0.7324775758033955], [6758428, 0.7776666551535345], [6800677, 0.7287131425666378], [6948650, 0.7571463867731442], [7002811, 0.7601200741245654], [7002966, 0.7458518619301414], [7042169, 0.7316629814278098], [7042394, 0.7279188109790842], [7042629, 0.7275325317591047], [7419986, 0.7874888536210847], [7514065, 0.7451529766935382], [7862144, 0.7966905233712189], [7903749, 0.7680172359701661], [7906862, 0.7636343520807661], [7997842, 0.7313020111542895], [8091727, 0.7626838457300976], [8121722, 0.7303207978772334], [8204787, 0.7322071089996093], [8247120, 0.7341198118564091], [8465457, 0.7853067439034608], [8465524, 0.767480263355883], [8500361, 0.7378224524234238], [8540358, 0.7575061780909899], [8543339, 0.7450862347752318], [8543992, 0.7449402150592981], [8587085, 0.7669516049923325], [8648050, 0.7188688174459988], [8775991, 0.7860108263223343], [8941692, 0.8241288617671619], [8941725, 0.7859089023473554], [8942296, 0.7381378716467792], [9077989, 0.7263041721238743], [9173872, 0.7664317728787832], [9173875, 0.7594205031195777], [9204715, 0.7242921832856999], [9269018, 0.736832965385554], [9336003, 0.760407972503123], [9336040, 0.7297741656139475], [9468285, 0.7961982930369655], [9468356, 0.7546604718102738], [9498441, 0.7812683672150448], [9503960, 0.751829323708023], [9504221, 0.7380967270375259], [9509252, 0.7442399632007455], [9509423, 0.7245292088252548], [9542554, 0.6816922835450938], [9580161, 0.7284702957860689], [9608696, 0.7785850480425454], [9608927, 0.7276135774561932], [9637800, 0.7301477894311581], [9638127, 0.6972321010571986], [9680094, 0.7620500415105765], [9714487, 0.804213458219107], [9719560, 0.7915286269637839], [9719677, 0.7796636838537284], [9720148, 0.7633096150535608], [9765905, 0.7894133480505017], [9766012, 0.7668660890685166], [9771889, 0.7817005436565541], [9778676, 0.7609156499931518], [9811937, 0.7800753159108876], [9811938, 0.7709001168868911], [9820561, 0.7881271693844003], [9823296, 0.7945934376949992], [9823441, 0.7866031742378781], [9823678, 0.7231828706790661], [9851589, 0.7551810029044174], [9854192, 0.7509067218220316], [9859319, 0.7756721799403958], [9859330, 0.738621575388003], [9879723, 0.7331669367422973], [9879736, 0.7286354204547819], [9887757, 0.7192275690418554], [9896574, 0.7726461758001525], [9908939, 0.7555007854338712], [9914382, 0.6424856034895375], [9916451, 0.6383649366596328], [9931570, 0.7500848247050471], [9934039, 0.7758961535450741], [9934654, 0.7786887607641221], [9940335, 0.7765670009203054], [9942866, 0.7792559630039286], [9948519, 0.749848631886918], [9948554, 0.7268126557584569], [9956759, 0.6793718245195626], [9962644, 0.7041159625341488], [9962879, 0.6970136924885676], [9963660, 0.6776153898833628], [9966565, 0.6901225564563784], [9968020, 0.7147156489393117], [9969231, 0.7298836139654351], [9969232, 0.7203417000374011], [9971683, 0.7383465056739342], [9971730, 0.6780143509237809], [9971891, 0.6643107434754568], [9979066, 0.834550203436862], [9981967, 0.8690629801384117], [9984848, 0.8227297848134162], [9985401, 0.7373197372673372], [9985762, 0.6591898555476102], [9986363, 0.6875721225665832], [9993224, 0.8305590437227836], [9994065, 0.8960064143914573], [9994090, 0.7785895377146568], [9994361, 0.6893665653117726], [9994974, 0.6866174686958474], [9995035, 0.6686886343224044], [9995046, 0.65785719293336], [9995979, 0.7057659591128754], [9997376, 0.7938028777819701], [9997675, 0.8560071672345684], [9997686, 0.8412952993214495], [9997989, 0.8485614686585894], [9998002, 0.7926980229222919], [9998023, 0.7667881436325034], [9998448, 0.7559476377064731], [9998451, 0.7024125971443183], [9998862, 0.7912478908550669], [9998867, 0.7739688809760576], [9999446, 0.8570386296546165], [9999722, 0.6759075553666191], [9999847, 0.7799603915060525], [9999874, 0.8228464568749482], [9999919, 0.8791957505889485], [9999930, 0.9227947988339994], [9999951, 0.6976808243982656], [9999953, 0.6462113784816286], [9999964, 0.7101775323764906], [9999973, 0.4492594989744708], [9999996, 0.7279095727756961]]}