{"seed": 835, "N": 10000000, "alive_speed": 0.8820655292920179, "non_threatened_speed": 0.8820655292920179, "survivors": [[3338, 0.8766371873147797], [52953, 0.7940522356044809], [1518656, 0.7639067329300003], [1689161, 0.754060535519863], [9982868, 0.7156643701618847], [9983285, 0.7046281683760238], [9984472, 0.7029817535216767], [9999613, 0.675953039457133], [9999998, 0.4037891257262336], [9999999, 0.10760733591845206]], "still_alive": [[70188, 0.771131461066994], [188275, 0.7791023473289315], [198580, 0.7597364800251251], [529973, 0.7657183356652262], [555822, 0.7635940702707454], [1212681, 0.7755683135122293], [1255932, 0.7501629849470686], [1439613, 0.7622093123447254], [1752950, 0.7470736736819508], [1813871, 0.7297942993741325], [1871070, 0.7334555337740595], [2426965, 0.7520955296855206], [2663542, 0.7351712524741125], [3045847, 0.7746036552607048], [3087402, 0.7748156572252904], [3149053, 0.7659227586033577], [3205960, 0.7545373206699755], [3663229, 0.7438505727137091], [4691052, 0.7596477375893709], [4824421, 0.7310983628478293], [5197706, 0.7376125356443721], [5531257, 0.7675938365256689], [5782334, 0.7760521276538576], [5833111, 0.7797374608832854], [5938166, 0.7996912852237619], [5941553, 0.7737739115505617], [6401598, 0.7362359106636702], [6760159, 0.7547835600496454], [6914666, 0.7652606313817568], [6961215, 0.7622491980434049], [6974540, 0.7442468040033281], [6998403, 0.6925376049060564], [7228332, 0.7463558713911542], [7380037, 0.7619215630849153], [7380466, 0.7468566818675034], [7381419, 0.7457516374412626], [7382638, 0.7458997792963232], [7382825, 0.7111608793556753], [7404286, 0.7163392182501385], [7435241, 0.6935693133732758], [7677458, 0.7337850875815729], [7862653, 0.7477284266189278], [8035354, 0.7578749582502038], [8091955, 0.7671467453888706], [8109778, 0.7323477774768422], [8137455, 0.7239182284599126], [8139310, 0.7224680231657129], [8340495, 0.7213506233814087], [8465402, 0.7333259664659493], [8531747, 0.7515387806092728], [8587386, 0.7547411608272786], [8772351, 0.7806344295096352], [8800524, 0.7017353787364444], [8917961, 0.7760542451502893], [8941858, 0.7713584106018839], [8977029, 0.6872064993777832], [9320866, 0.7298341588543796], [9371033, 0.7472245568500815], [9391486, 0.7489110784782134], [9391561, 0.7338557074285295], [9443396, 0.7446431925211955], [9445891, 0.7263000588388108], [9446422, 0.7231726243762061], [9495177, 0.7915886731838948], [9512684, 0.7818666212117639], [9515395, 0.780563544929323], [9523390, 0.7680425092294694], [9563737, 0.7792879284676577], [9652278, 0.7532093736166946], [9674367, 0.8006313785328145], [9680006, 0.7572567849460408], [9680119, 0.7137504813066581], [9702194, 0.7489620465967656], [9750701, 0.8439497365411457], [9766908, 0.8163131392092133], [9767651, 0.8008181729320483], [9767660, 0.7573512408749438], [9769073, 0.7444972893998965], [9769318, 0.7446540362754315], [9815237, 0.7334340659867861], [9815626, 0.7315084196210992], [9816113, 0.7040065773411175], [9816116, 0.6783068085799884], [9834025, 0.7353244007694814], [9836550, 0.746555591673998], [9837439, 0.7392165638824975], [9849404, 0.770256536385027], [9854579, 0.7794048031699726], [9855002, 0.7776382020342569], [9856619, 0.755819402586036], [9868040, 0.7729259554362694], [9891295, 0.771145954499396], [9892876, 0.7613705360004032], [9904971, 0.8122697408986187], [9909196, 0.7307562464229702], [9916929, 0.7353254399627313], [9916930, 0.6893180167257476], [9925989, 0.7290365061403028], [9928668, 0.7532070901425977], [9945697, 0.7725696090627292], [9950072, 0.7814708773043446], [9956695, 0.7521437614429406], [9956702, 0.7282246254804953], [9960127, 0.7608938344953544], [9972804, 0.8343158807684246], [9975571, 0.8638256573206138], [9977560, 0.7600544868107355], [9978109, 0.7565821399202234], [9981618, 0.7674455609600604], [9981627, 0.7535315564274918], [9987507, 0.7240877009192455], [9990822, 0.8655541038138153], [9992521, 0.7567157078312292], [9993068, 0.7801506754369295], [9995007, 0.807893071139447], [9995454, 0.825661115830819], [9995967, 0.767152040682434], [9995968, 0.6187702610818179], [9995969, 0.6060296740215598], [9997396, 0.7921524437458995], [9998007, 0.8427354644789392], [9998010, 0.8008979053565246], [9998011, 0.7230047627437237], [9998120, 0.7437539883156835], [9998187, 0.7706545922965224], [9998280, 0.811611808152928], [9998285, 0.797472544526172], [9998290, 0.7946523635376442], [9998427, 0.5646690524580986], [9998704, 0.6373036315879328], [9998709, 0.6090282007730042], [9998714, 0.596724220834584], [9998755, 0.5514580719390931], [9999242, 0.6401175927447148], [9999397, 0.7639122876073766], [9999550, 0.853617433888293], [9999559, 0.8206513236540829], [9999576, 0.8340187698186866], [9999599, 0.7411024674995951], [9999600, 0.6779741237969141], [9999704, 0.6259610284837985], [9999747, 0.7000320747634667], [9999806, 0.6505346731767773], [9999885, 0.46006674649885515], [9999970, 0.9919603520907401], [9999981, 0.5040868555828749], [9999990, 0.6701751921945727], [9999993, 0.6853355132581972], [9999996, 0.604321907715774], [9999997, 0.8041638236432627]]}