{"seed": 483722254, "N": 10000000, "alive_speed": 0.8795419733171684, "non_threatened_speed": 0.8795420612713657, "survivors": [[0, 0.8795420612713657], [203189, 0.7655892421215054], [7364024, 0.7339011158084018], [9999789, 0.579776944822627]], "still_alive": [[243044, 0.7496858244186897], [709965, 0.779919384203005], [760952, 0.7387024341027743], [938883, 0.7338113306849887], [1730472, 0.763290476885438], [1763823, 0.760440850019588], [2222646, 0.7558030711504553], [2744005, 0.7747110826926321], [2918782, 0.7598463502420275], [3078703, 0.7538232473607385], [3142792, 0.7559107441636039], [3147825, 0.7494885083254592], [3375008, 0.762509772629371], [4105631, 0.7615343057071567], [4454360, 0.7874252583649732], [4454361, 0.7815398259155589], [4523532, 0.7595188079332912], [4600351, 0.7629515753204568], [4600868, 0.729286415731959], [5051939, 0.7264911769992625], [5065140, 0.7260059376609818], [5329657, 0.7547171351526408], [5468672, 0.7414930848771769], [5473293, 0.7334232234018325], [5609050, 0.7514792543751486], [5636149, 0.7455845527190266], [6033928, 0.8021667704416031], [6033943, 0.7845569826280018], [6136336, 0.7507075601129343], [6263977, 0.7607743294741274], [6429414, 0.769667674707841], [6692445, 0.7717591036179365], [6714892, 0.7139477229078445], [6727747, 0.7084668208930568], [7140090, 0.7795804380061498], [7173951, 0.7677380352649041], [7348288, 0.7896869325445707], [7356181, 0.7880099343435066], [7373549, 0.7254473957610363], [7469384, 0.7167093094103532], [7482007, 0.7100093568833575], [7713382, 0.7419657162249332], [7732727, 0.7382986524003884], [7790014, 0.7249415483915952], [7888153, 0.737221788596474], [7888154, 0.7370420122224302], [7989849, 0.7590749337091148], [7989850, 0.748852454484705], [8047945, 0.7614957677628217], [8048018, 0.7495058224997982], [8258121, 0.7644110771391069], [8272036, 0.7187050046578931], [8334261, 0.7146610445868573], [8492914, 0.7767774713473751], [8539107, 0.7710623653270057], [8554704, 0.7291648157936149], [8765659, 0.7930907978586692], [8766862, 0.7656584602643816], [8791221, 0.7143384313781018], [8803176, 0.7101572064259211], [8971597, 0.7755636827511871], [8997052, 0.7354201964240921], [9043051, 0.7454916496571559], [9150272, 0.8127574390674898], [9150707, 0.7957726726294229], [9151802, 0.7765560156128872], [9182745, 0.7772529666914435], [9192162, 0.754758637934199], [9203969, 0.7562970279944181], [9247604, 0.7645775982033455], [9253191, 0.7665729736225154], [9393226, 0.7812470506011072], [9424945, 0.7844256592842574], [9425016, 0.7841808578877139], [9425399, 0.693899306240585], [9440290, 0.6951456701865708], [9593237, 0.8616821893493012], [9606042, 0.7144315411101879], [9609171, 0.7092505398642356], [9609222, 0.6952394099173542], [9725841, 0.81659885317502], [9726324, 0.7786413683800559], [9730191, 0.7746314070574566], [9737000, 0.7267008086709931], [9761199, 0.7631689671965433], [9761234, 0.7561708445081573], [9762397, 0.7424597354386068], [9779072, 0.7666586498595688], [9779153, 0.7568204694709587], [9783740, 0.7661110277105174], [9803089, 0.7372354769024823], [9811644, 0.7396572299058014], [9816091, 0.7461221486349732], [9866538, 0.7632567033431054], [9898979, 0.7857509666491564], [9911082, 0.8606584195493849], [9912227, 0.7944298892631504], [9920708, 0.7210881500738833], [9921721, 0.7163258844231754], [9937354, 0.7945497201860273], [9937789, 0.782647614623849], [9938902, 0.6995903803584391], [9948813, 0.8332877386634685], [9949028, 0.7949935196202883], [9952689, 0.8012726443585863], [9959148, 0.8279994271198676], [9959261, 0.7789510070813057], [9963040, 0.7918322246187037], [9964025, 0.7250312477745079], [9969528, 0.8074151211613626], [9971195, 0.8029895213955132], [9974460, 0.800115519800632], [9974465, 0.7585215941076341], [9976960, 0.7857613652306521], [9977193, 0.7308901326327253], [9980462, 0.7726580276881205], [9980465, 0.7341518584544445], [9981970, 0.7702039187062623], [9983605, 0.7453119200267883], [9984454, 0.6552960043310687], [9984509, 0.6020096370309816], [9986544, 0.6685158766593942], [9987815, 0.731131450489254], [9988078, 0.7373084613021937], [9991341, 0.8483701131474926], [9991342, 0.8298272007132825], [9992343, 0.7227848377125369], [9993874, 0.820442370885328], [9993991, 0.7933765941671004], [9994276, 0.750959360294181], [9994545, 0.787919156572073], [9994954, 0.8208723911515565], [9995367, 0.6472337868955613], [9996036, 0.7250462256751724], [9997039, 0.6929446618077558], [9997404, 0.6828018597922014], [9997513, 0.6576798067860589], [9997716, 0.6226620842634719], [9998377, 0.7639577696350268], [9998470, 0.7954423965789936], [9998781, 0.8387612403703657], [9998962, 0.7608080376176749], [9999225, 0.8487946600511732], [9999226, 0.8403974158000277], [9999227, 0.8356315117259466], [9999262, 0.7679572933030965], [9999339, 0.7050844156411455], [9999444, 0.8078196854988623], [9999685, 0.8479589430176938], [9999742, 0.8713687207706596], [9999846, 0.5456312507488921], [9999873, 0.572981689572231], [9999892, 0.5853195582951998], [9999893, 0.5680708643812906], [9999904, 0.6053396114781222], [9999971, 0.7243120315184745], [9999986, 0.4339376211002016], [9999999, 0.8573032015101166]]}