{"seed": 922, "N": 10000000, "alive_speed": 0.7939373099883558, "non_threatened_speed": 0.7939373099883558, "survivors": [[102, 0.7784271904590275], [62071, 0.7765265629562389], [198444, 0.7644296295033529], [205729, 0.7452678934712357], [9752838, 0.7421910500532534], [9835403, 0.7379408885315838], [9964300, 0.7192962154723602], [9969545, 0.7141398188448839], [9985214, 0.6737463002279203], [9999235, 0.6466742149132585], [9999952, 0.6454935197640179], [9999999, 0.0741512015126653]], "still_alive": [[1122804, 0.7508032048016471], [1980249, 0.7667763825831858], [2367400, 0.7413053726562304], [2368345, 0.740751143799302], [2456018, 0.7410820467368905], [2476889, 0.7216273163084298], [2504126, 0.7195972726643864], [2748317, 0.7272745261342132], [2762696, 0.7194506189447898], [3075669, 0.7461790154184691], [3494930, 0.7650816804684556], [3588507, 0.7262698667372088], [4057922, 0.7509927623632864], [4403279, 0.7877252121373495], [4414606, 0.758186800359205], [4600781, 0.7663505007977645], [4600792, 0.7496682877823082], [4748967, 0.7609461277841528], [5008028, 0.7474247313693885], [5008381, 0.7313397161583691], [5273852, 0.7416295506884687], [5567283, 0.7418121481052029], [5953938, 0.7453556135016458], [6268865, 0.7541415597483362], [6276692, 0.7488120370209465], [6400721, 0.7664619793898625], [6427730, 0.7717540163329614], [6428589, 0.7683014037331192], [6609818, 0.7188682585181119], [6742909, 0.7405075375906924], [6742932, 0.7310253492091489], [6987669, 0.7188676986374081], [7159808, 0.7519227796756863], [7161871, 0.7413172810083556], [7170258, 0.7402383921192577], [7288095, 0.7581625717022897], [7420146, 0.7633278643512413], [7799641, 0.7938240802238363], [7857116, 0.7107408505211673], [8025535, 0.7702370921404252], [8029246, 0.7582797194451156], [8114253, 0.7604885103537803], [8126982, 0.7393727908766833], [8310899, 0.7648407430957535], [8558450, 0.7675359753144243], [8697381, 0.799107052275843], [8712428, 0.8011461665074677], [8712513, 0.7575146022119122], [8733510, 0.7672874753992334], [8795343, 0.7204169911528185], [8914650, 0.712608413516901], [8979643, 0.7404407167064749], [9184562, 0.7462830956124338], [9186109, 0.7311233802268937], [9201448, 0.6959525409895785], [9297113, 0.7531965459956619], [9344210, 0.7991668377557066], [9351447, 0.8011932960347842], [9390842, 0.809521370972999], [9394991, 0.792348900056864], [9471086, 0.7840087280996029], [9554695, 0.7575365968595985], [9570516, 0.7609929959642742], [9570573, 0.729902856394869], [9610950, 0.7799211478953486], [9626247, 0.7715573161634631], [9626642, 0.7466906118068504], [9645085, 0.7790471934642216], [9667026, 0.6964080042610936], [9702987, 0.7550424749335071], [9704968, 0.7465512972361993], [9705431, 0.7423693041347017], [9718440, 0.7240390583329844], [9752837, 0.7639520170314611], [9779535, 0.7474465293046071], [9779536, 0.7302434586087744], [9819541, 0.76765683600653], [9828126, 0.775272031043731], [9846660, 0.7305888406693268], [9854445, 0.7212134995884937], [9869176, 0.7678894198872334], [9870187, 0.7508126445817654], [9879058, 0.7947090230296381], [9879277, 0.7961392135359171], [9885648, 0.808923383893121], [9911369, 0.8314180988842867], [9911462, 0.7453812980957131], [9919873, 0.8118408963346475], [9923892, 0.701800970821718], [9925921, 0.7065243150791791], [9934756, 0.7724696634563402], [9947267, 0.7491306355591202], [9947360, 0.7315663278856259], [9949349, 0.7403577026832536], [9949374, 0.7210172654958327], [9955881, 0.7351761072970208], [9960022, 0.6873440845037714], [9962923, 0.7198147227346636], [9964301, 0.6752451937265218], [9966586, 0.7004164129434383], [9970226, 0.7137002923120197], [9970413, 0.692536563317089], [9974122, 0.7615788027865217], [9974877, 0.7344857983791135], [9977244, 0.7080159407182713], [9981423, 0.7085570214690532], [9985933, 0.6659205272440968], [9986028, 0.6528890306073049], [9987669, 0.7221786770343341], [9987740, 0.6976430955870846], [9989075, 0.7388208903888877], [9989120, 0.7404389346831128], [9990873, 0.7963717224693878], [9992488, 0.7810534194318979], [9993281, 0.7119794433308041], [9994832, 0.7073017770092931], [9996863, 0.9892572983300896], [9996888, 0.8246303913468312], [9997195, 0.770136375464739], [9997196, 0.7033272897746305], [9998267, 0.8593863863261837], [9998272, 0.8220718089094803], [9998319, 0.7826602593106373], [9998876, 0.8042180714844732], [9998891, 0.6882391758091981], [9999224, 0.718916759440954], [9999442, 0.6622110121587482], [9999561, 0.8407631640642229], [9999610, 0.618745128121104], [9999735, 0.6163949879151822], [9999836, 0.7586601679459724], [9999863, 0.6428745353932374], [9999874, 0.6830096708555532], [9999877, 0.6758684091358037], [9999918, 0.9148635527515783], [9999921, 0.8785926287101081], [9999938, 0.9364460515371092], [9999941, 0.906515829412838], [9999944, 0.9403965740968737], [9999947, 0.7266265709686592], [9999969, 0.46386348292444746], [9999970, 0.47058281246008216], [9999985, 0.6026622620550809], [9999986, 0.4641119195534126], [9999993, 0.38832306468398015], [9999998, 0.63122487121417]]}