{"seed": 928126196, "N": 10000000, "alive_speed": 0.9314666240712197, "non_threatened_speed": 0.9314942894488498, "survivors": [[296, 0.9314942894488498], [361, 0.8459220182581542], [1054, 0.7781388757071005], [9682919, 0.7485929331830794], [9953528, 0.7294553158844416], [9961523, 0.7154102086606543], [9999978, 0.7101763904118715], [9999979, 0.537069879595033], [9999980, 0.4919032949887717], [9999987, 0.4724211646382549], [9999992, 0.43539585621025145], [9999999, 0.29978372225920513]], "still_alive": [[97269, 0.7701725606457385], [416496, 0.7939988256897088], [416655, 0.7566831269345236], [760056, 0.7833733921699477], [760059, 0.7755851296160794], [1303478, 0.779743258600713], [1312177, 0.7619927834014234], [1428014, 0.7700051232005382], [1428089, 0.7598398992274153], [1787846, 0.7583067410108904], [2072925, 0.7752463081429419], [2079390, 0.7682607754944989], [2423911, 0.7207827797114901], [3606618, 0.7856470807393464], [3607715, 0.7496962554214597], [3883286, 0.7577231453993976], [4135185, 0.7429617770092493], [4755542, 0.7493156838994289], [4950419, 0.6935347137112892], [5506298, 0.7466800877110494], [5944255, 0.7753956144091417], [5963312, 0.7648042811418202], [6374335, 0.8129427876273961], [6375800, 0.738235726941167], [6442771, 0.7405670830704123], [6649492, 0.7655833475333985], [6677405, 0.737434854433007], [6725794, 0.7479103600161149], [6914579, 0.7478860159331233], [6914878, 0.733735368124542], [7419501, 0.7582627262516155], [7567912, 0.7468871693704522], [7622639, 0.7486531162806942], [7846818, 0.7787910133605203], [8075793, 0.7764354439344403], [8236444, 0.7830548352245004], [8238221, 0.7638329980096077], [8238344, 0.7638323817226967], [8281569, 0.7629805771283077], [8333460, 0.7218493636936264], [8446025, 0.7705238052734225], [8446042, 0.763877006689674], [8456035, 0.7197912121008458], [8482104, 0.7226426931495126], [8562011, 0.7172674272999952], [8628316, 0.7382934079117602], [8685361, 0.7516609937908268], [8685364, 0.7277867963175224], [8769247, 0.7372710872782187], [8812444, 0.7422515154488051], [8841257, 0.7551813401819354], [8849614, 0.7002395368076659], [8857907, 0.6930405526444671], [8923360, 0.7300685519785709], [9025521, 0.7276824866602192], [9075950, 0.7582206240609356], [9075979, 0.7278062883258777], [9136244, 0.767709737035092], [9192093, 0.7430746716665981], [9231276, 0.7478994192452617], [9240695, 0.7140849068587436], [9240698, 0.6992011332694512], [9243191, 0.6869628901919185], [9291412, 0.7290926071711142], [9291431, 0.7165102479555945], [9307970, 0.7101258657646583], [9307983, 0.708405905242454], [9368080, 0.7580982791644104], [9368107, 0.7132410928021059], [9372132, 0.7162474075055419], [9426891, 0.7545764518474015], [9456364, 0.7872722588280554], [9499781, 0.8416459328837108], [9566874, 0.8238035513297892], [9567299, 0.8205138147392774], [9567812, 0.8061599542334619], [9568473, 0.6961841934199705], [9629918, 0.7903340843715833], [9629931, 0.7804150482905658], [9672718, 0.8114321763501604], [9672721, 0.8048474696097974], [9681230, 0.8077634060239214], [9692568, 0.7477643437131594], [9694171, 0.7471562960218503], [9694642, 0.7241948982935017], [9754961, 0.7572386800635985], [9755028, 0.712212058120501], [9763055, 0.7356234797149837], [9798262, 0.8279360322750382], [9808259, 0.7885844885758264], [9814950, 0.8158594185793648], [9815031, 0.7858282623168491], [9832008, 0.834159630211178], [9832027, 0.8255660708745519], [9837798, 0.7923068992770559], [9841759, 0.7641928189960184], [9848348, 0.7795062562976195], [9854955, 0.793774628794589], [9858414, 0.7567038979799146], [9860775, 0.7293204075452832], [9877202, 0.8123585381073438], [9877241, 0.7631931435199495], [9877438, 0.6958985633009399], [9892391, 0.7650166113744404], [9893200, 0.7542348623961957], [9902151, 0.756422008998803], [9913836, 0.7904800183952151], [9913883, 0.7821981638179063], [9913884, 0.7407652608192985], [9913895, 0.7262393320891697], [9930184, 0.8630694668552075], [9931579, 0.7595323572359133], [9945374, 0.8000961754642373], [9947987, 0.7789699648501498], [9956741, 0.7059110680772692], [9961502, 0.7246287705838402], [9965720, 0.657327966654364], [9969387, 0.701491457667763], [9973510, 0.7825673311809758], [9973603, 0.7557072602502907], [9975630, 0.8085971337887736], [9978687, 0.8156093952838315], [9981814, 0.7729944310568182], [9982573, 0.7414735171596615], [9982998, 0.7309350109193296], [9986209, 0.7971010852245799], [9987204, 0.8020322815014168], [9987557, 0.8048638339654874], [9990472, 0.7360244571562764], [9990473, 0.7094307875286646], [9990474, 0.6628787027282627], [9992407, 0.8053912112072498], [9992906, 0.7603267044048573], [9993389, 0.6180577783150176], [9994948, 0.7396665039908191], [9994959, 0.6864034635256608], [9995278, 0.7054279701678434], [9995631, 0.7400124529688108], [9996350, 0.7701458068994572], [9997503, 0.7996673441201041], [9997962, 0.8208180431482864], [9998531, 0.8212316197791601], [9998716, 0.8557547772481734], [9998899, 0.8637483039033885], [9999034, 0.6536516668303289], [9999193, 0.7718300082872257], [9999194, 0.6751421790093199], [9999409, 0.6683578405234035], [9999410, 0.6277858348720453], [9999549, 0.7488178318464201], [9999554, 0.5988551935021134], [9999555, 0.5864509332192986], [9999690, 0.7464150231400245], [9999691, 0.7075882050181053], [9999762, 0.7614066600817383], [9999767, 0.6365127387066393], [9999868, 0.9180588606232334], [9999935, 0.5448218060414961], [9999964, 0.9289996904553528], [9999977, 0.7480277430681007], [9999981, 0.38244779443762333], [9999986, 0.4743298185355883]]}