{"seed": 896, "N": 10000000, "alive_speed": 0.8531681539005875, "non_threatened_speed": 0.8531689217525404, "survivors": [[8, 0.8531689217525404], [1108443, 0.7753019731102321], [5576030, 0.7687474400714284], [9782417, 0.735678744396423], [9995856, 0.6812675783020129], [9999995, 0.22000384151604813]], "still_alive": [[955821, 0.7782717720195381], [1028688, 0.7833277105325991], [1113508, 0.7610810054814199], [1113883, 0.7588670903084386], [1517574, 0.7652017992926775], [1787305, 0.782166388119418], [1787310, 0.7791840700205794], [1787319, 0.7713273797176494], [1802502, 0.7646431285364539], [1894727, 0.7161664331356458], [2847374, 0.7980018205497863], [2862949, 0.7965265543771308], [2867612, 0.7911781738771432], [2917317, 0.7766298479958019], [3003658, 0.7574609687221383], [3070353, 0.7460148474448544], [3213062, 0.711133656198442], [3509181, 0.7403265244007996], [3600382, 0.7326070915895313], [4108635, 0.7522398012949987], [4330096, 0.7667786189466508], [4509821, 0.7641356363118489], [4513986, 0.7356577428843568], [4914583, 0.7630616279861632], [5079674, 0.7677672352252406], [5097405, 0.7690217306807708], [5100568, 0.7680789685053593], [5541619, 0.7712041905561866], [5903343, 0.7650508179528074], [5954120, 0.7452134361502794], [6182773, 0.759003651804686], [6183162, 0.7434852090136955], [6201107, 0.7423272836369871], [6549208, 0.7755389099374301], [6561539, 0.7725086001924041], [6749208, 0.7789946189430835], [6749215, 0.736917807274565], [6752134, 0.733401140624713], [6947573, 0.7669045093463698], [7018546, 0.7526221675536912], [7023031, 0.7385571075271381], [7086344, 0.7376814556123885], [7266619, 0.7801926407491155], [7321062, 0.768463225308837], [7323363, 0.7640563646961794], [7441232, 0.7716476859049702], [7493715, 0.7382617007026571], [7591978, 0.7351370356616204], [7800935, 0.761722482242354], [7896518, 0.7770489895856154], [8004747, 0.7658746109065756], [8040912, 0.7647136973362895], [8098893, 0.759417576531162], [8102764, 0.7465558270850012], [8163903, 0.7394217324139806], [8491024, 0.8036792274980036], [8499199, 0.8043696526465053], [8642438, 0.7781628829420952], [8679585, 0.7295044245737446], [8798932, 0.7522715662217739], [8841753, 0.7445366631620476], [8843468, 0.7004463263456157], [9000585, 0.7501581915415635], [9016922, 0.7525317893330102], [9064047, 0.7244446339002113], [9080712, 0.7312623543605277], [9092259, 0.7212485908889781], [9168724, 0.7118085959722192], [9233517, 0.7364841043022172], [9233564, 0.7301588870287762], [9322227, 0.8210137101579705], [9365934, 0.7642858787592944], [9388299, 0.777968117086769], [9399674, 0.7326720354562403], [9484665, 0.7884273471695695], [9487406, 0.7709909948710421], [9534569, 0.7877231247527434], [9596524, 0.7579416446237428], [9619939, 0.773802257134302], [9623542, 0.7598696073124944], [9668931, 0.817312774939223], [9669352, 0.8073740841564702], [9669393, 0.7055957923869176], [9722032, 0.7996553197309508], [9727877, 0.7808969862865835], [9727878, 0.715306419314256], [9761571, 0.8120592654611539], [9762266, 0.7777046027408618], [9778255, 0.833058613492492], [9778350, 0.8213098946963759], [9780165, 0.7981098899180908], [9780174, 0.7979857351243713], [9785454, 0.7119385061708934], [9785537, 0.6786667004210916], [9790162, 0.6919363185459441], [9814675, 0.7303402494689542], [9822256, 0.7454734052564713], [9833435, 0.759168156374104], [9838512, 0.7467099505493038], [9838983, 0.7142840284564903], [9852200, 0.7529460041309388], [9857649, 0.7560808616084547], [9858276, 0.7431853110986265], [9872255, 0.7588056581832977], [9884954, 0.7309499501318745], [9897841, 0.7264426610201019], [9913866, 0.7863557013121965], [9913875, 0.7226055997093407], [9914960, 0.6972045556504064], [9925605, 0.7195554627439446], [9925612, 0.7181980758424444], [9937217, 0.772273624430619], [9938506, 0.703116463810527], [9943883, 0.7560196833488402], [9948760, 0.8231231914381352], [9949657, 0.8107844693577198], [9951974, 0.7718393710634742], [9956053, 0.7023933565256782], [9957326, 0.6987410190098308], [9965149, 0.7545613160118781], [9969170, 0.7815610979063888], [9970003, 0.7738303299920664], [9970010, 0.7523181115018536], [9970013, 0.688322656997123], [9981782, 0.8007426164747591], [9982225, 0.775820761522577], [9982654, 0.6927473581508982], [9982675, 0.6733953227829941], [9982796, 0.6496168391673995], [9986645, 0.7452829397099949], [9987104, 0.755954614926685], [9990307, 0.7273959157060479], [9991214, 0.6517623388114127], [9993151, 0.7872531597237483], [9993162, 0.7607613581296742], [9994193, 0.6545722079669543], [9994436, 0.6643345327719679], [9995555, 0.8156767363381112], [9995694, 0.7529037942476556], [9995695, 0.7024830830452417], [9995863, 0.6422728306602999], [9996128, 0.6756192287345228], [9996129, 0.6618255776052758], [9997504, 0.8320823688277974], [9998023, 0.6661989848624572], [9998046, 0.6119575125105354], [9998671, 0.8042344692807213], [9998752, 0.7698010013785936], [9999257, 0.8760554066315369], [9999386, 0.6889178377137039], [9999393, 0.6467946865159536], [9999602, 0.7518892113678282], [9999621, 0.7615669193259079], [9999716, 0.5415374299066988], [9999823, 0.853188463440849], [9999826, 0.5553577947496784], [9999903, 0.8419828842096414], [9999904, 0.8428930318183993], [9999913, 0.8879367439560445], [9999916, 0.9000194818772361], [9999917, 0.8237067294417197], [9999938, 0.929796682891104], [9999953, 0.9754684561048843], [9999954, 0.9749278310005902], [9999955, 0.868478051629183], [9999960, 0.7084580667584024], [9999963, 0.5679547797627454], [9999976, 0.7785763594262778], [9999983, 0.9469852640900915], [9999994, 0.9068148792033476]]}