{"seed": 804, "N": 10000000, "alive_speed": 0.7835732703015985, "non_threatened_speed": 0.7890989545063898, "survivors": [[104234, 0.7737730985527242], [5902407, 0.7649940172702725], [7441120, 0.7503105716369056], [9979225, 0.7010818718702694], [9999248, 0.44185955432314694], [9999999, 0.4391156902392994]], "still_alive": [[75464, 0.789531468936105], [103573, 0.7896926919632435], [105487, 0.7678687807816287], [363934, 0.7783285632270859], [380857, 0.7439388936918729], [380864, 0.7248238455987117], [1139071, 0.7582969577448142], [1178020, 0.7579375633439865], [1804301, 0.7960655253062591], [1833220, 0.75326222913564], [2404611, 0.7259350049848103], [2572652, 0.7267276919484885], [3030543, 0.7588618147560477], [3126428, 0.7600683934198388], [3346461, 0.7467538384127049], [3550164, 0.7243841411578118], [4167205, 0.7518678515552173], [4608748, 0.7783371490096983], [4608753, 0.7602320969512992], [4683354, 0.7639433476644372], [4749791, 0.7711048612968935], [5538842, 0.7889710159053197], [5540713, 0.7752964545383628], [5594114, 0.7830399219657498], [5594127, 0.782268373950956], [5595252, 0.7695668507764265], [5595455, 0.7507893908764746], [5812174, 0.7787152101120132], [5819719, 0.7720587744301208], [5862006, 0.7671024269856035], [5924468, 0.7532443128066554], [6185771, 0.7765858388668677], [6392190, 0.819756899409456], [6392745, 0.7464503861120039], [6392814, 0.7449328502644386], [6398043, 0.7236551768235568], [6679134, 0.7758603939958179], [6840557, 0.7719270889036034], [6897910, 0.7606268868416844], [6938259, 0.7476853245353942], [7201918, 0.8052441222986008], [7415823, 0.7557829787543114], [7441121, 0.7358471801943897], [7760480, 0.7361595715547354], [7868449, 0.7305062819467459], [7982786, 0.727463168093066], [8052141, 0.7159691738829845], [8215606, 0.7688283304203712], [8244579, 0.7525378473130538], [8294750, 0.7450544267557105], [8486949, 0.7620702874437556], [8492640, 0.7645329077834561], [8533167, 0.7539076019470656], [8826910, 0.7173097062138997], [8882837, 0.7472811270209089], [8899782, 0.7358276163119782], [9020041, 0.7813976046908316], [9020048, 0.77594130080997], [9027351, 0.7750022185712344], [9029596, 0.7280213513734528], [9039337, 0.7333700979293319], [9039820, 0.7316368105447142], [9056209, 0.7356350857386151], [9076740, 0.7349197750207656], [9076747, 0.7194684743103233], [9106670, 0.7413313385442201], [9189681, 0.7796576550249344], [9194074, 0.7811438016754061], [9201555, 0.7572951464448356], [9226776, 0.7287983286969913], [9247841, 0.7065935450718115], [9363504, 0.800709328282025], [9374481, 0.7337331575592978], [9508114, 0.7413519528209969], [9534781, 0.7759835958759275], [9549336, 0.7942125493015343], [9579247, 0.7436636037262531], [9579264, 0.7333438475039452], [9579809, 0.729258487052373], [9583250, 0.7119873903280783], [9600905, 0.7218718623836112], [9601700, 0.7084506690234923], [9640091, 0.7757424003774724], [9686886, 0.7485869124779867], [9691369, 0.740210773258582], [9763006, 0.8187115859332248], [9764299, 0.7516332675848999], [9782590, 0.7944082574294673], [9782651, 0.6732626526696761], [9782652, 0.6672347746657961], [9804799, 0.7335348477876574], [9818324, 0.7452991203893744], [9822009, 0.7529088761655385], [9822176, 0.7161264939041767], [9828487, 0.7254001939338758], [9829518, 0.7034749277539599], [9848799, 0.7507495241245956], [9851864, 0.7052528596949396], [9864161, 0.7666811142795174], [9873928, 0.7911684091352752], [9876795, 0.7201985291899351], [9885552, 0.6770685059954175], [9886507, 0.6748147744627178], [9892862, 0.7095699271061603], [9893865, 0.7073946934998465], [9908398, 0.8027821236485916], [9919355, 0.9032069509059761], [9922900, 0.775937642511182], [9924725, 0.7341996442539969], [9934092, 0.6644677933562714], [9944537, 0.7511972179897423], [9958856, 0.7562907031910459], [9959209, 0.723938157026362], [9968356, 0.842229097691841], [9969021, 0.6501447717726903], [9978100, 0.7754180952718798], [9978539, 0.6939732691781438], [9978908, 0.6986960878667219], [9983714, 0.685465831970143], [9983763, 0.6570738799917835], [9987518, 0.8439696663678098], [9988189, 0.7198923687775347], [9989232, 0.7101526916838727], [9990451, 0.6796484599098188], [9990486, 0.6463637398589934], [9990765, 0.6495132914716025], [9992686, 0.7740929923078183], [9992843, 0.7450920756156025], [9992918, 0.7506730752426396], [9994431, 0.8143849816127328], [9994730, 0.7389655215375686], [9994731, 0.5976578425731847], [9995824, 0.7129180489211924], [9995945, 0.6079215765139969], [9996184, 0.6274593085885151], [9997049, 0.7812739984261444], [9997196, 0.7667194636264846], [9997335, 0.7346856499448257], [9997700, 0.7511507798366528], [9998481, 0.8204275507305541], [9998596, 0.8764428286147715], [9998651, 0.8135178665830735], [9998746, 0.7717773216428705], [9998917, 0.8646901933303863], [9998954, 0.7344968412308255], [9999083, 0.7869155390598443], [9999595, 0.6182561546192414], [9999714, 0.7444374494881821], [9999719, 0.5283198707611008], [9999850, 0.6543445418778082], [9999897, 0.7820667665179248], [9999938, 0.9004039256158779], [9999955, 0.4165745959474353], [9999966, 0.5211528015412078], [9999981, 0.40670674258226003], [9999992, 0.8946667534178397], [9999993, 0.46084637969015274], [9999998, 0.9849372001769031]]}