{"seed": 483722173, "N": 10000000, "alive_speed": 0.9379141719056958, "non_threatened_speed": 0.937914265697113, "survivors": [[0, 0.937914265697113], [135, 0.843480835013656], [4462, 0.8237418958436478], [4465, 0.7740422608579021], [2436368, 0.7652714394198002], [2552005, 0.757081232394969], [9927930, 0.7448906402080528], [9927941, 0.7362704502920479], [9976278, 0.6971499179428916], [9985883, 0.6925738252782649], [9997220, 0.6761112040396275], [9999925, 0.6613323502027437], [9999988, 0.6516807862427566], [9999999, 0.12824628234741364]], "still_alive": [[411808, 0.7763793971466424], [538985, 0.7804015006800488], [682874, 0.7593519180689331], [953699, 0.7570389861595732], [1491264, 0.7993670081299373], [1792581, 0.7552046735918007], [2391992, 0.8118113250987196], [2423433, 0.7684263230080347], [2587888, 0.7579456525215328], [2752523, 0.766316733466073], [2753548, 0.7555251019183128], [2776273, 0.7375883243219572], [3021978, 0.7329286382250935], [3043431, 0.729881349425198], [3530054, 0.7709661243293127], [3581613, 0.765176870250991], [4005872, 0.7749962157562507], [4101647, 0.753769761427889], [4150376, 0.7418635635505867], [4358171, 0.7553512096093014], [4437284, 0.7628480489998329], [4569839, 0.7499573175986929], [4599404, 0.7386867012533164], [4886417, 0.7766022211330438], [4950690, 0.7778350663876743], [5069073, 0.7611982138641821], [5242340, 0.7550602996919886], [5248851, 0.7397065300889538], [5344824, 0.7274777958277078], [5506807, 0.7527532536764326], [5669798, 0.773926057408734], [5670045, 0.7547787314215771], [5679526, 0.7509042355607665], [5679691, 0.7475218976505075], [5961104, 0.749006067794003], [6049751, 0.7524131099677808], [6225176, 0.7428545245855628], [6539133, 0.7787206191546692], [6602726, 0.7398884735324613], [6746021, 0.7634405795298786], [7012744, 0.7684103435382761], [7014209, 0.7435984875210149], [7175068, 0.7834913119577338], [7262861, 0.7965512291726394], [7288952, 0.7766153574165122], [7411749, 0.8126805645826456], [7415582, 0.8023467794204258], [7418827, 0.7548219716166908], [7573106, 0.7773547596790167], [7574017, 0.7586935904953834], [7612420, 0.7648470047014964], [7760591, 0.7598934340586492], [7780198, 0.694623359313223], [7953173, 0.7458451358861523], [8261762, 0.7660762459114607], [8379321, 0.744137807133688], [8485544, 0.7224379323960575], [8620217, 0.7898732369313414], [8620236, 0.7557475525822678], [8637033, 0.7583837526445915], [8703800, 0.791563297556317], [8719965, 0.7225699807013584], [8782430, 0.7481744251146075], [8794133, 0.7231330636280124], [8823400, 0.7152452550463927], [8911243, 0.7695926535313741], [8912420, 0.726686711849808], [9163843, 0.7679508783418066], [9252498, 0.7637124683291362], [9252561, 0.7246667918527656], [9321186, 0.7639809622734098], [9321195, 0.7531623430569564], [9323828, 0.7380227060905444], [9348193, 0.764541624312873], [9348340, 0.7009323726899158], [9371877, 0.7046157033927329], [9387030, 0.7187785739982376], [9419931, 0.7381014048870238], [9420032, 0.7366143045544121], [9476455, 0.7675143018668942], [9476456, 0.765017649757939], [9488421, 0.7469230993078516], [9499598, 0.6957660970596159], [9553819, 0.7729304084871108], [9553952, 0.768422506127703], [9577147, 0.7572627877096805], [9587990, 0.7459210419495199], [9612251, 0.7576807429907562], [9629334, 0.7883923900323454], [9641713, 0.7831047711760178], [9659716, 0.816158821644873], [9666167, 0.823871483486314], [9668160, 0.7563910865615939], [9669395, 0.7560732119909893], [9669414, 0.7524383698675029], [9755719, 0.7540710286766483], [9763730, 0.7488786842543003], [9788101, 0.7644467755279593], [9788630, 0.7459221769204624], [9818187, 0.7880514461068546], [9818254, 0.7467854048989068], [9850093, 0.7966724466950352], [9871790, 0.8241655330104598], [9880045, 0.8106725116882424], [9885454, 0.7731239002809822], [9886139, 0.765734348798975], [9898422, 0.7985042292990524], [9904221, 0.8165343870591444], [9939374, 0.7282502738964679], [9945079, 0.7346780485705735], [9945786, 0.7182514568431241], [9945823, 0.6941463012427099], [9959176, 0.7693816801481568], [9962315, 0.7982682383312291], [9965028, 0.8047947981592924], [9966073, 0.7880161447250048], [9968898, 0.8365454143698717], [9970297, 0.824921634456063], [9970490, 0.7932484957748481], [9974083, 0.7318993133076914], [9980269, 0.6957413065479732], [9980616, 0.6564335117803686], [9983875, 0.7338140394645981], [9984212, 0.7288381620481768], [9984257, 0.6434645084873541], [9985882, 0.7104738874493794], [9989534, 0.7239569477758366], [9989609, 0.7118476779954885], [9989820, 0.7001759260002399], [9991437, 0.822901189123117], [9992522, 0.8336925496117404], [9992525, 0.7444166933244547], [9992936, 0.7352762197949378], [9994395, 0.878928412513927], [9994702, 0.8208106198106737], [9994817, 0.6932072589992996], [9995400, 0.7501395040549169], [9996115, 0.8111327024765267], [9997349, 0.6669718447019108], [9997350, 0.6574371550587829], [9997547, 0.5955708437333233], [9998308, 0.7434997401573709], [9998313, 0.7404101511142991], [9998380, 0.7120422150140948], [9998427, 0.6688954010874674], [9998908, 0.8047689348930844], [9999335, 0.7942049403360664], [9999562, 0.8982609918195326], [9999571, 0.8235417007969055], [9999702, 0.6720966072908927], [9999867, 0.6240473338336044], [9999910, 0.8949837682735604], [9999934, 0.4354496388249057], [9999959, 0.6401877401496475], [9999968, 0.5895306121050258], [9999985, 0.9934411953375852], [9999993, 0.4186215919718316], [9999996, 0.48066513798010835]]}