{"seed": 928126160, "N": 10000000, "alive_speed": 0.9065253982965004, "non_threatened_speed": 0.9065338290602676, "survivors": [[92, 0.9065338290602676], [693, 0.840305905942845], [59848, 0.7854245452167665], [62003, 0.784423737104322], [62004, 0.7791399088914004], [79351, 0.7630401900008349], [9954898, 0.7322025000589171], [9955017, 0.7203034671170558], [9998720, 0.5818097076943474], [9999993, 0.29404858288319946]], "still_alive": [[697464, 0.7493417941306094], [1109761, 0.7606988436282764], [1109788, 0.7344351431491274], [1527945, 0.7424040115778298], [1533862, 0.713928779692848], [1613729, 0.7161368949900077], [2402752, 0.7722886671352963], [2443579, 0.7437704405723469], [2445044, 0.7435539566641828], [3292937, 0.7427691155411021], [3298218, 0.7155241530233852], [3694147, 0.7425336204132261], [3958574, 0.7692172471001139], [3958983, 0.7621959688938974], [3959674, 0.7449729526630696], [4298089, 0.7526315233630274], [4738344, 0.7734156500021936], [4739443, 0.756180787342954], [5033116, 0.7498040037219312], [5033385, 0.7314524640920246], [5440544, 0.7661471624073284], [5611107, 0.78872957653917], [5978320, 0.8138778246874606], [5978421, 0.7992469100319739], [5978422, 0.7928152077186071], [6055121, 0.8046153602028312], [6068248, 0.766930608514102], [6154161, 0.7375475989856464], [6619712, 0.7807084374771167], [6631909, 0.7796250260516818], [6987348, 0.7267738740045588], [7174097, 0.7461055900099823], [7395478, 0.7701951064779521], [7425497, 0.7571391336704035], [7531900, 0.750918227077627], [7557927, 0.7398999805637999], [7673814, 0.7326690838983893], [7731487, 0.7256700251942864], [7971744, 0.7895758482725906], [8056689, 0.812999048016247], [8056692, 0.7913186334741316], [8096989, 0.7793252195772898], [8136622, 0.7447164053255324], [8248055, 0.7228277087102867], [8377496, 0.755906687047976], [8380847, 0.7412535895635294], [8391080, 0.734326585365806], [8521165, 0.7307367159730102], [8704504, 0.8110873444383591], [8744375, 0.7831315116908073], [8747806, 0.7572654055795484], [8907651, 0.7870199883785013], [8907654, 0.7704785845778327], [8931135, 0.7482658031425921], [9125660, 0.7944803659740952], [9190769, 0.8076166289674089], [9211074, 0.8099606185012554], [9236917, 0.766573517514842], [9301672, 0.7925711004646478], [9337615, 0.810392222194064], [9337644, 0.8057273662432008], [9360123, 0.7119907172580655], [9365340, 0.715386092329863], [9389033, 0.7288198079886502], [9389732, 0.7035763999583602], [9463099, 0.7829860388161017], [9468834, 0.7708675091072218], [9470533, 0.7227074262421256], [9501528, 0.7564296436550524], [9611359, 0.7190571086601071], [9700586, 0.781255138014278], [9721213, 0.7968872581349663], [9722268, 0.7697769574832664], [9723081, 0.7552697938811216], [9723090, 0.728482522516337], [9745427, 0.7742274158269682], [9745668, 0.7142807316457486], [9765803, 0.7317222605991616], [9791040, 0.7311006575684632], [9811097, 0.791199930206263], [9819668, 0.7762279025586919], [9822857, 0.7000013037297373], [9830296, 0.6991070693581454], [9838325, 0.7295500956040719], [9859848, 0.7788744745062105], [9860889, 0.7599541410016195], [9864468, 0.7788540442783768], [9864563, 0.7559650970693763], [9866996, 0.6830997074627677], [9880037, 0.7363458665007031], [9880046, 0.7015252573668228], [9904103, 0.6834890122304139], [9904106, 0.6695186052934877], [9921177, 0.7618979441333715], [9925186, 0.7724818537302313], [9933089, 0.7883847582585435], [9939630, 0.8423445538813835], [9939737, 0.7813831052705665], [9942220, 0.8086747959919586], [9951283, 0.8044486081998741], [9956156, 0.7123712406393952], [9959247, 0.7335386183315057], [9965988, 0.7106883189585553], [9966087, 0.6998176456562264], [9975106, 0.8173600563513893], [9975131, 0.7478931240664843], [9978066, 0.7934385769088906], [9979145, 0.758432396417405], [9979146, 0.6777908047752725], [9982691, 0.7580708845566382], [9983804, 0.7981806859399873], [9984091, 0.7201130569459369], [9984140, 0.6414738321056006], [9989269, 0.7079957432677304], [9989580, 0.7258967313820639], [9990289, 0.7440775514504507], [9990296, 0.7128337155025082], [9991459, 0.7857961349205805], [9993182, 0.913880439063292], [9993219, 0.7538706053136465], [9993542, 0.7823256260868429], [9993907, 0.8232457825429634], [9993960, 0.7516688021388729], [9994565, 0.8100776445599939], [9994700, 0.8089138855844225], [9995241, 0.8563428886314075], [9995244, 0.8419424899312857], [9996011, 0.9123127662900941], [9996522, 0.772371554854003], [9996931, 0.8517040401256061], [9998094, 0.7002284601870229], [9998433, 0.7102642249762419], [9999095, 0.6221202577903147], [9999512, 0.8233139705478681], [9999517, 0.7236725396906349], [9999574, 0.6852885398017284], [9999679, 0.8194761292808745], [9999812, 0.6207630183653922], [9999815, 0.6287876299179535], [9999854, 0.40877042979289446], [9999859, 0.3222392431532848], [9999942, 0.6107361058275353], [9999973, 0.8662213381466387], [9999986, 0.8757810370533896], [9999989, 0.5439840963939426], [9999990, 0.5446064793193823], [9999994, 0.1945240444592874], [9999997, 0.3683951218778694], [9999998, 0.4793923956787842], [9999999, 0.9496676730139955]]}