{"seed": 944, "N": 10000000, "alive_speed": 0.9833798370829919, "non_threatened_speed": 0.98338190218478, "survivors": [[20, 0.98338190218478], [1215, 0.7841276856183801], [531200, 0.771064907046996], [8992815, 0.728432222101953], [9183540, 0.7126960556282415], [9980571, 0.7106340314576373], [9999580, 0.6995153283543253], [9999585, 0.6777129309063938], [9999992, 0.29221979145387156], [9999999, 0.026797917671740668]], "still_alive": [[7126, 0.7718790759961048], [364865, 0.7810549920964985], [579063, 0.7640852230344798], [882252, 0.7776946286968027], [930279, 0.7642436343020412], [937136, 0.7487415400562957], [1320963, 0.7601925161366421], [1719818, 0.7459414350773913], [2143073, 0.7788326406288419], [2308716, 0.7605548045318417], [2506381, 0.7625696549711363], [2615208, 0.7455680231027055], [2615543, 0.737956857294338], [2790322, 0.7332630048027318], [3055599, 0.7595613427359226], [3409760, 0.7819117840662215], [3492245, 0.7675085937618827], [3714234, 0.7527766536810389], [3896383, 0.774335737819555], [4205674, 0.7963021406621117], [4215449, 0.7898748501480383], [4216648, 0.774451445436824], [4392063, 0.7911524186833954], [4407310, 0.7672744150769444], [4730489, 0.7439102665296964], [4763652, 0.7431677691181776], [4763659, 0.7368533443931192], [5098622, 0.729647519291113], [5201899, 0.740075926518555], [5303510, 0.748424451818789], [5321755, 0.7469747297013009], [5342278, 0.7435121039564769], [5342279, 0.7401661053508206], [5542728, 0.7664814612837163], [5563629, 0.7570719794544732], [5599056, 0.7587274412819452], [5681683, 0.764015309458915], [5750026, 0.758277813649294], [5828639, 0.7618001737127638], [5914842, 0.7543824613668612], [5914847, 0.7494502825853874], [6030632, 0.7088689959867337], [6262315, 0.7518686315170675], [6466638, 0.784974217225289], [6507459, 0.7713044802757353], [6560358, 0.780901806806772], [6627721, 0.7705806869361577], [6666812, 0.7343304050655013], [6788173, 0.7562526723662267], [7078638, 0.7947517337367979], [7088339, 0.7535002918776649], [7144420, 0.7480990112389874], [7176783, 0.740877684657292], [7329216, 0.7781846282576124], [7480833, 0.8007114999132152], [7486624, 0.7635625637791108], [7573541, 0.766227811875352], [7575982, 0.7591308217474071], [7755109, 0.7296240671282105], [7848262, 0.7479309515205915], [7848271, 0.7456426020771815], [7871022, 0.7497468228558513], [7999857, 0.7168360499538645], [8088966, 0.7488266385577079], [8126167, 0.7581039481902421], [8210218, 0.7851260933515598], [8271937, 0.8043552322799469], [8272214, 0.76330991298497], [8272235, 0.7584179915971787], [8273530, 0.7325990365647227], [8313963, 0.7342196309307089], [8384390, 0.7343866136748695], [8437303, 0.7486849440496252], [8492366, 0.7540528277250799], [8515375, 0.7612772539906636], [8515598, 0.7458536607434589], [8516291, 0.7442379598443024], [8637520, 0.7784375571269366], [8639313, 0.7619821469086087], [8665546, 0.7696856742081728], [8778599, 0.8032764080313846], [8779268, 0.779108635412211], [8779451, 0.7719177755525194], [8875464, 0.7918170683760981], [8935145, 0.7594376323037593], [8992632, 0.7492783046136781], [9016846, 0.732165734123703], [9094343, 0.7699427068600827], [9096540, 0.7326352342671468], [9096541, 0.72989418048201], [9163368, 0.759431623825016], [9163373, 0.7432717966415315], [9367419, 0.739052502244604], [9376066, 0.7404392947077727], [9415643, 0.7872022491542713], [9418006, 0.7809992470377912], [9459909, 0.7589442566625062], [9462466, 0.7595642001473939], [9531299, 0.7806055204150086], [9554968, 0.7866426237112284], [9555621, 0.723557962367226], [9576280, 0.7467903641186744], [9733939, 0.7789068853437746], [9733986, 0.7790144603216677], [9734541, 0.7247281279444999], [9734880, 0.7221384558184459], [9735023, 0.7112940504104246], [9761826, 0.7755013421663636], [9763833, 0.7216294264003432], [9788458, 0.7662702434859918], [9796101, 0.7800647932566345], [9813308, 0.7620975042810832], [9813309, 0.7374333712002337], [9817404, 0.739403867143695], [9839597, 0.7593168435571577], [9854594, 0.7758614754774521], [9861003, 0.7618592903399007], [9862000, 0.7299518629144084], [9863109, 0.7207138732967115], [9879804, 0.7796810440684794], [9891967, 0.8612731891249423], [9895928, 0.7653791697819656], [9897293, 0.7271591364172456], [9906498, 0.7745568137527433], [9917837, 0.7550018492661483], [9920828, 0.6991652910488393], [9933323, 0.7882488423182084], [9944522, 0.8721090791429216], [9951827, 0.787156351310434], [9955654, 0.8071028464633512], [9956155, 0.7440033247534459], [9961890, 0.7220812850297623], [9966917, 0.7359890616429179], [9976516, 0.8412309616725058], [9976533, 0.8073145175320394], [9977122, 0.7458467127540765], [9981604, 0.6969977152434983], [9983245, 0.7041886701342137], [9983974, 0.729206888636839], [9983975, 0.7187851331413094], [9987402, 0.7918400730219317], [9987749, 0.7279838270382498], [9987844, 0.7295868545740335], [9991863, 0.8147375703168006], [9993090, 0.8082908775543699], [9993107, 0.7610614808622396], [9993730, 0.8152155963243999], [9994943, 0.7805836757442259], [9995624, 0.8452806337512346], [9996395, 0.7160209925055985], [9996418, 0.710122506607482], [9996965, 0.7957472929010754], [9997130, 0.7991154735534426], [9997247, 0.8289777508427292], [9997258, 0.7239445016049035], [9998465, 0.8346024151797332], [9998480, 0.7806205314486071], [9998971, 0.9744734663729162], [9998976, 0.838883878353273], [9999421, 0.8746556215980126], [9999428, 0.7933202870529663], [9999475, 0.8055052943526967], [9999478, 0.6941945755180697], [9999537, 0.7441574099671773], [9999628, 0.6252246128177317], [9999677, 0.6858575545373904], [9999796, 0.6730305919858096], [9999797, 0.47196723539562546], [9999852, 0.5418510505479711], [9999947, 0.949599740677336], [9999958, 0.9789993624753309], [9999961, 0.8792760617541083], [9999970, 0.9280881453201061], [9999971, 0.6085659060562854], [9999990, 0.9709319301577065], [9999991, 0.9013913442815638]]}