{"seed": 928126222, "N": 10000000, "alive_speed": 0.7931133745152001, "non_threatened_speed": 0.7932487820687586, "survivors": [[1706, 0.7932487820687586], [8865479, 0.7528929598322827], [8865488, 0.7511580386063627], [8865993, 0.736381995235785], [9958680, 0.7350708940544212], [9996421, 0.7308187074054001], [9999948, 0.5497549837829714], [9999999, 0.3817935168747576]], "still_alive": [[248043, 0.7556227845421994], [259494, 0.749124703983754], [259761, 0.7342242709650888], [458390, 0.7227896072565407], [458815, 0.7050557655087368], [1423298, 0.7762463299002759], [2029465, 0.7595962243272317], [2066292, 0.7616894667444076], [2387085, 0.7397065160618369], [2848340, 0.7794766362858465], [3099351, 0.7650950204487146], [3332886, 0.7578820969565464], [3754253, 0.7840068578006347], [3767044, 0.7639917586653816], [3773687, 0.7594525107666065], [3857446, 0.7446659702402869], [3901407, 0.7074400556360048], [4629890, 0.7860112574399843], [4771815, 0.790189645547021], [4824994, 0.7768529819281339], [4825041, 0.7764388746515031], [4825684, 0.7716350289415946], [5193577, 0.7779911355635319], [5252696, 0.7663441895571632], [5480231, 0.7727409656691552], [5568302, 0.7695780269719383], [5758579, 0.7643214042208105], [6015208, 0.7523736382542962], [6022543, 0.7442705806202863], [6050470, 0.7439595208652283], [6697763, 0.7867268553732426], [6702422, 0.7799842554476022], [7060925, 0.7501333688964319], [7164068, 0.7705264325019817], [7164441, 0.7690413259207178], [7428338, 0.7332510944273918], [7433117, 0.7267489466272044], [7581736, 0.7638938870825783], [7730713, 0.7804534766878324], [7731452, 0.7698522211290887], [7742727, 0.7712031484127495], [7763288, 0.771795657000309], [7790877, 0.7622203723532331], [7801518, 0.7437262513734876], [7801667, 0.7374878623311595], [7834476, 0.7405858238195452], [8019629, 0.7858053115228141], [8024830, 0.7550955132926205], [8034491, 0.748965478663555], [8401044, 0.7674692275542945], [8659341, 0.7835492120002938], [8678068, 0.763747134426933], [8752423, 0.7439526802812173], [8851064, 0.7636806404615982], [8926026, 0.7244079359366008], [9106005, 0.7436966356734819], [9218750, 0.7658105407024485], [9221933, 0.7380931557600917], [9263896, 0.7481479809195402], [9326319, 0.7302984502221552], [9326342, 0.704237837035977], [9431375, 0.7554492367284963], [9433356, 0.7295576072647579], [9486755, 0.7676559802332911], [9507436, 0.7254975146217322], [9525255, 0.7322179627837877], [9525490, 0.7231354294912867], [9598075, 0.7896836873044446], [9599834, 0.7557684470840065], [9623097, 0.7887857219819481], [9623104, 0.7615588461953147], [9625227, 0.7554459092651931], [9649752, 0.7389620421800517], [9664295, 0.7677729993409818], [9683146, 0.794981394882828], [9683681, 0.7329682491774485], [9683682, 0.7229977291310737], [9715519, 0.7697722046694867], [9762974, 0.737264563209135], [9778725, 0.7242451708144415], [9778750, 0.6676197091705028], [9799485, 0.6945813011478666], [9808700, 0.6624054279603625], [9808763, 0.6573751427677841], [9842978, 0.7165300792847622], [9843323, 0.6876290080865038], [9847086, 0.7032757232855968], [9864129, 0.7633054973179878], [9864236, 0.7358095583122857], [9883917, 0.8011417895764504], [9884894, 0.7928201894092577], [9891785, 0.7820580611545305], [9895488, 0.8080881361338839], [9895497, 0.7905196716488331], [9895974, 0.7692134604654133], [9895981, 0.752540712908194], [9899558, 0.7619960979677438], [9902121, 0.723532537051078], [9912228, 0.7986262283423518], [9914571, 0.7747413403343968], [9914998, 0.7151739484542066], [9923487, 0.6953603758160347], [9934868, 0.7864414916366425], [9945935, 0.7646517355443309], [9946956, 0.7745194095961603], [9948909, 0.7337714313131634], [9961409, 0.6955291318703429], [9961410, 0.6863577026180835], [9963015, 0.7112843217710038], [9963020, 0.7017480475609649], [9967891, 0.7377598422470839], [9968138, 0.7406184041977725], [9968369, 0.6819248139158299], [9970764, 0.6276046394277599], [9976061, 0.7344482092691296], [9976246, 0.7297410987722814], [9978731, 0.777877762793974], [9978886, 0.7482815435013659], [9978889, 0.7345063125061935], [9980842, 0.6788657766222206], [9983445, 0.7426118776292999], [9984832, 0.7406216614816166], [9985949, 0.7950088539930484], [9987276, 0.783215379272388], [9987781, 0.7989393758288637], [9988952, 0.8725610453063901], [9989035, 0.855781292741639], [9989618, 0.7566809749288617], [9992335, 0.6573747086204078], [9992662, 0.6503296822783581], [9994457, 0.7568543363158519], [9996044, 0.7927863985374732], [9996257, 0.8171144329496021], [9996414, 0.8374424193978107], [9996458, 0.6944401314745405], [9997609, 0.6842039802753356], [9997610, 0.6376505807617416], [9998239, 0.7196478634020576], [9998306, 0.6415839410869155], [9998459, 0.6993733307889882], [9998546, 0.7409659577867764], [9998711, 0.7288618261009685], [9998764, 0.7072475188302597], [9998825, 0.7412997052644844], [9999248, 0.6446669986894279], [9999521, 0.7940218536294903], [9999686, 0.8997647192021025], [9999767, 0.9427032235631255], [9999784, 0.8991656299126313], [9999837, 0.7455084776297048], [9999880, 0.7670338556091181], [9999909, 0.8223233163856458], [9999934, 0.8644428677513212], [9999947, 0.7875367816908504], [9999949, 0.4310007669305488], [9999984, 0.4611644290934612], [9999989, 0.4486072242379666], [9999998, 0.6593156212489439]]}