{"seed": 483722217, "N": 10000000, "alive_speed": 0.9685044721389967, "non_threatened_speed": 0.9685080556184442, "survivors": [[36, 0.9685080556184442], [203, 0.9640966675871907], [238, 0.8933969992392713], [267, 0.7954508873321151], [652, 0.7798961518155352], [5308859, 0.7568894545468214], [9027444, 0.7452242834286553], [9287499, 0.7395761707220214], [9936436, 0.7334331897999878], [9996451, 0.6977000053105162], [9999778, 0.6100663436137362], [9999815, 0.5510245623146628], [9999960, 0.5100405708892889], [9999997, 0.42707771649003645]], "still_alive": [[251569, 0.7270301355528516], [1582864, 0.7687123619213299], [1582963, 0.7634712025870034], [1620322, 0.7643188473953554], [1660731, 0.742142831785721], [2114712, 0.7581701849816028], [2602217, 0.777769118158384], [3367460, 0.7691508356027742], [3401057, 0.7558602654014542], [3405026, 0.7508208718568958], [3487795, 0.7397119756956635], [3488736, 0.7222277375171386], [3555875, 0.7203105504483968], [3807126, 0.7411344773940691], [4198991, 0.7793662895405602], [4199010, 0.7736983970234099], [4266887, 0.772000729033383], [4398882, 0.7665361087255342], [4530235, 0.7626322521791087], [4534944, 0.7182040791149111], [5282581, 0.7741233550376891], [5297934, 0.7693735951244626], [5363948, 0.7507870157896172], [5404305, 0.7321603162138672], [5473614, 0.7177296937533258], [5488369, 0.7192219942107755], [5683802, 0.7250189828161014], [5955167, 0.7570897214810056], [5958646, 0.7274602203898214], [6300325, 0.7818463590159545], [6316584, 0.7725167393732503], [6329479, 0.7299760265077263], [6514458, 0.7605283905213732], [6559393, 0.7291949578901479], [6559898, 0.7177597443140002], [6827655, 0.7626960339852754], [7006954, 0.7649157360844117], [7030239, 0.7513233458610744], [7065250, 0.7194661338426115], [7199833, 0.7392411325597432], [7455998, 0.7740061607439345], [7456059, 0.7406975475810377], [7765386, 0.7964574139983933], [7765387, 0.773567083928128], [7765628, 0.7582614817290013], [7834415, 0.7668407224925193], [7834428, 0.7473518203068922], [7834429, 0.7340231599218748], [7900676, 0.7556231540105679], [7938803, 0.7678877494281796], [8032652, 0.800212415547578], [8120945, 0.7697360452439463], [8121050, 0.7259466090523315], [8208165, 0.7298144916353158], [8208212, 0.7129349809192326], [8208591, 0.7091473056901019], [8208592, 0.6999800323886861], [8212157, 0.6943431324729304], [8212470, 0.6921334695596768], [8503911, 0.7823795933497871], [8508900, 0.7791385736174913], [8647875, 0.8142109664989968], [8648162, 0.7406793265605519], [8756179, 0.7666453902438775], [8756978, 0.7456109124378494], [8794889, 0.7353825747678274], [8794890, 0.6996101151314568], [8896223, 0.747689431216963], [8933688, 0.7630327868407359], [8940057, 0.7405932144815799], [9007400, 0.7647869222237965], [9013275, 0.7580870292106396], [9037143, 0.7462490221375194], [9112968, 0.8050473454251967], [9114391, 0.7379571793469218], [9159074, 0.7627419068274558], [9201909, 0.8023696058369798], [9201910, 0.7510612562574344], [9204105, 0.7009366253301301], [9285642, 0.7414500612050808], [9290164, 0.7297748990265517], [9294203, 0.7314412039538717], [9305922, 0.7280907314977221], [9329569, 0.7026245764075157], [9384922, 0.7116509273782099], [9487973, 0.7766307806713135], [9487978, 0.7504480694332524], [9488045, 0.7377597518892561], [9548738, 0.7733856983476612], [9549095, 0.7627697394397194], [9558266, 0.7371787500200371], [9561529, 0.7170334454335502], [9578934, 0.7207542324890981], [9579237, 0.7192245810587983], [9625612, 0.7947968028801357], [9625945, 0.7861603200508628], [9625976, 0.766530354673029], [9634349, 0.7371002308642366], [9660514, 0.7733281184460764], [9660573, 0.738131536308847], [9661126, 0.6763624159036136], [9683843, 0.6963713536819557], [9696814, 0.6849179024896345], [9742541, 0.7537247477028982], [9768380, 0.7661402072567011], [9783515, 0.7470084535292719], [9820220, 0.770467745554234], [9835065, 0.757723346816648], [9851160, 0.7645616545363727], [9851425, 0.7613116372443668], [9891724, 0.7080944312844253], [9898291, 0.7323142047314969], [9899994, 0.7324783510150279], [9913891, 0.8028384881266737], [9915242, 0.7594879828591731], [9920225, 0.6944510128181781], [9932050, 0.7738433006527923], [9935961, 0.7930554865717547], [9937387, 0.7245020872044532], [9938616, 0.709025785381488], [9941399, 0.6474923200063759], [9943024, 0.6606117059990471], [9951195, 0.7616439778851919], [9954134, 0.7390814670153217], [9954135, 0.7008572479867111], [9956058, 0.7192023159794972], [9956101, 0.7131560437249699], [9960902, 0.7156261732217611], [9964505, 0.72273929732742], [9971452, 0.7870844363809278], [9972075, 0.7822228979556238], [9972808, 0.6393596665152766], [9972941, 0.600319120133992], [9972942, 0.600194825821477], [9981675, 0.7598836269479011], [9981696, 0.7598590812516712], [9981697, 0.7110787844780873], [9981750, 0.670019765079105], [9981869, 0.6476643887617661], [9981870, 0.6308708355661763], [9983577, 0.6857680359770807], [9984380, 0.6762644043134095], [9989949, 0.7603044153056665], [9989950, 0.7347039573202129], [9994171, 0.7002324821237339], [9994800, 0.7439443906255413], [9995823, 0.7987946819708213], [9996268, 0.7622940434158726], [9996271, 0.7442560428069229], [9996310, 0.7309224695285415], [9996339, 0.7021888046807131], [9996440, 0.712289825509715], [9996452, 0.6453262568524266], [9996511, 0.5933981739962011], [9997638, 0.719818161175853], [9998409, 0.7397951375947945], [9998494, 0.7041022271343335], [9998507, 0.6875163247495969], [9998950, 0.8342958977528184], [9998967, 0.7618378639667279], [9999076, 0.7204803221061555], [9999077, 0.6628715043081158], [9999330, 0.7471143679192656], [9999359, 0.6348267818718236], [9999436, 0.691438188180131], [9999445, 0.6657026085371768], [9999546, 0.6726644222213631], [9999575, 0.7109706942887979], [9999654, 0.8318121614619265], [9999675, 0.790435731792927], [9999718, 0.8636572537444904], [9999733, 0.7528505437864229], [9999987, 0.45178539107613536], [9999996, 0.4868036855743152], [9999998, 0.39990083170053536], [9999999, 0.614862514332686]]}