{"seed": 961, "N": 10000000, "alive_speed": 0.9317438645773067, "non_threatened_speed": 0.9320368037154205, "survivors": [[3142, 0.9320368037154205], [3319, 0.8755058353910911], [3854, 0.7996217840769998], [70851, 0.7854669433036312], [8724362, 0.7484247487228544], [9987059, 0.7147865454417346]], "still_alive": [[168570, 0.7659434677004452], [168633, 0.7476479203599898], [276718, 0.7381828036453736], [308591, 0.7241633307385126], [312982, 0.71791213583512], [1017991, 0.7523988131529388], [1101278, 0.7556351417873632], [1273673, 0.7590541420568517], [1508404, 0.7606222636344975], [1508467, 0.7448765062164904], [1653860, 0.7488434126199667], [1874699, 0.7428684582334538], [1878102, 0.7380391303989803], [1881089, 0.7382754405619839], [2603018, 0.7802119515424021], [2603155, 0.7502716769655108], [2874524, 0.7552271772907189], [2876145, 0.7369906278849021], [2899866, 0.7382814277795438], [3039829, 0.7527462482288294], [3509436, 0.7727604469774254], [3721639, 0.762042555230071], [3722446, 0.7531052755008274], [3740509, 0.7529437321755493], [3917002, 0.7299044249790089], [4618423, 0.7761045041163512], [4769912, 0.7698093535652618], [4911469, 0.7871112741111613], [5015514, 0.7871520483259861], [5430457, 0.8114467706589532], [5430570, 0.7955636171567504], [5449171, 0.7618438854377877], [5777888, 0.8072908351942051], [5780681, 0.7824850427092525], [5796242, 0.7840809231981876], [5809081, 0.7789031504182459], [5928366, 0.7751441807750223], [5928825, 0.7516050693678467], [5928876, 0.7467987388341037], [6086313, 0.7760242844660216], [6087732, 0.7523746451436585], [6139615, 0.7386529664196059], [6238478, 0.752694154836696], [6600921, 0.7984115707995866], [6614292, 0.7690967999135223], [6631185, 0.7482652192359701], [6726072, 0.7653674606441719], [6727673, 0.7303667792971342], [6812688, 0.7336206971424357], [6825657, 0.7315034145569741], [6914574, 0.7412890509376606], [7376759, 0.8181525619270913], [7505996, 0.7781197685759872], [7582991, 0.7595406892473016], [7630480, 0.7479394276084381], [7847693, 0.7883652506117621], [7985528, 0.8070895879381439], [7988895, 0.806108946247666], [8026280, 0.7530047490059198], [8112289, 0.7853373220614542], [8114454, 0.7512070165511048], [8223809, 0.7696559286825453], [8277120, 0.7544612450759545], [8334035, 0.7597981564595023], [8397680, 0.7666774182446013], [8507157, 0.7916050337457429], [8507180, 0.7854997274934009], [8583673, 0.8043445319534505], [8643124, 0.7695575597295935], [8649981, 0.7686376525717385], [8725257, 0.7287016621952104], [8971884, 0.789130245910814], [8982185, 0.7529639559763909], [9046700, 0.7199946528577651], [9099741, 0.7557267808829984], [9184108, 0.7751574878560795], [9285291, 0.7210446290591849], [9285338, 0.6872768530861626], [9285347, 0.6827875524854455], [9285352, 0.6756769910563429], [9315329, 0.6860433402921776], [9375582, 0.7293518807942295], [9402149, 0.7456335919103741], [9439896, 0.7694927518029272], [9494275, 0.837072583346728], [9516820, 0.752409847420645], [9516821, 0.7420632381200364], [9537610, 0.7570004769782127], [9580163, 0.8020640452277075], [9619994, 0.7727566267220566], [9619995, 0.7477699424191367], [9637004, 0.768301626182443], [9637037, 0.7514909910625691], [9643186, 0.7309949479994668], [9648039, 0.7396906864901783], [9688818, 0.8249975308759964], [9699317, 0.8393840940263838], [9735608, 0.8138582989864576], [9735609, 0.7742466346228258], [9778794, 0.7409610670375257], [9810877, 0.7710069304636922], [9810938, 0.7524325274348264], [9818239, 0.7671212318586269], [9840308, 0.8316830884603639], [9840331, 0.7787152077810416], [9840334, 0.7310898070224408], [9860715, 0.7902490232586193], [9861642, 0.7591486500861148], [9865417, 0.7664788964166239], [9865744, 0.75611244453585], [9871175, 0.7481946342174782], [9871602, 0.6996187613030392], [9904317, 0.8354747658851138], [9915218, 0.8200123414922129], [9915219, 0.809720660905149], [9915326, 0.729598907103068], [9915395, 0.7191041475609751], [9918862, 0.7360279917721346], [9918921, 0.7192603749360175], [9924440, 0.771564290612859], [9924441, 0.7695227413688922], [9924966, 0.7537358171542933], [9937111, 0.8402541385445977], [9937116, 0.7347931426917141], [9940303, 0.7419548263597352], [9947648, 0.6980641117037067], [9951119, 0.7008215447282531], [9952514, 0.7121029110657252], [9955075, 0.7431135600381323], [9955536, 0.7301354488364299], [9958601, 0.7527269239753032], [9959080, 0.7408665298912155], [9959081, 0.7359719732326528], [9964480, 0.6801010800951706], [9970393, 0.7537890765826807], [9974152, 0.8070907469082403], [9974711, 0.7728981899755965], [9976098, 0.8057228523289397], [9978529, 0.7741015599290633], [9979508, 0.8082348918174928], [9983571, 0.8426568479785888], [9984540, 0.7586327222672825], [9987060, 0.712451653835921], [9989789, 0.7255422983411994], [9990172, 0.6291336739542641], [9990523, 0.6441699516779185], [9991534, 0.6883818324403075], [9993017, 0.7192338677801039], [9993330, 0.6546529534737022], [9993649, 0.6635653732626271], [9994178, 0.715930378134242], [9994181, 0.6503871994905777], [9996138, 0.8208989680761979], [9996139, 0.7104219493415386], [9997194, 0.6867317331772087], [9998483, 0.9185681636824609], [9998590, 0.6875197422788706], [9998615, 0.6859296843466614], [9998620, 0.6701334783873648], [9998723, 0.6046472282626346], [9999036, 0.6637263322060807], [9999415, 0.8958112447424801], [9999424, 0.8773282482389273], [9999429, 0.8134688560209499], [9999430, 0.7105958787774672], [9999589, 0.9824397112098081], [9999670, 0.8033123753358288], [9999709, 0.7878270563026372], [9999806, 0.6948770078428397], [9999807, 0.646053984788369], [9999852, 0.7650529628818096], [9999897, 0.7047464238734291], [9999954, 0.758027218768726], [9999961, 0.724819232033832], [9999970, 0.8164735185641661], [9999971, 0.7348973903642414], [9999972, 0.5895666066321569], [9999989, 0.6086249923020149]]}