{"seed": 177791798, "N": 10000000, "alive_speed": 0.8418107285396758, "non_threatened_speed": 0.8418138432505843, "survivors": [[36, 0.8418138432505843], [864137, 0.7682217350932288], [8867484, 0.7547106033262805], [9999915, 0.3272570700701173]], "still_alive": [[255239, 0.763961664721466], [835262, 0.7684826918588973], [928572, 0.7645076455011772], [1117861, 0.7677103328020625], [1289440, 0.7580261675232566], [1479173, 0.7635440041799325], [1695150, 0.7705013575129401], [1701499, 0.7587675139954644], [1972966, 0.7697854572839418], [2165331, 0.7483189180550088], [2202668, 0.7175645203024704], [2756789, 0.7459831804378356], [2756790, 0.733235568765676], [2796769, 0.7354352023214813], [2852128, 0.7368007307714335], [2865367, 0.731381385978517], [3293208, 0.7669546179557345], [3922827, 0.7699076927062856], [3995670, 0.7697787087689705], [4002349, 0.7611543373674156], [4058876, 0.7518440369980082], [4092061, 0.75429465748172], [4188714, 0.7598131853248586], [4324911, 0.7580817571143388], [4970410, 0.7958070914285915], [5165879, 0.7977400829173321], [5185652, 0.7988087728381976], [5347743, 0.7601507027153919], [5677906, 0.7967361686291817], [5698347, 0.7781466767168064], [5946714, 0.7412452054057987], [6175261, 0.7331075950589889], [6187168, 0.7341923228463806], [6556113, 0.8010823352367712], [6558034, 0.7776438492774363], [6731009, 0.7990635423251232], [6740052, 0.7481726388602329], [6919245, 0.7786254992713767], [6920042, 0.7720303333829495], [6935717, 0.7431959098315569], [7159898, 0.7883475090828809], [7162373, 0.7645014192811123], [7162384, 0.7527734335394881], [7285677, 0.7731389814763455], [7492424, 0.7449894154473299], [7495227, 0.7438121688650585], [7506690, 0.7418827787032088], [7580759, 0.7609510733784944], [7592494, 0.7634630413556323], [7611861, 0.7426871215674723], [7704170, 0.7675985537355974], [7721673, 0.7370163368735697], [7721698, 0.7339982881173079], [7871637, 0.7800059878185823], [7872184, 0.7282932771265874], [8130685, 0.7332919164933052], [8312968, 0.8005532892277349], [8328319, 0.7074799033968734], [8346866, 0.6980575514651108], [8377619, 0.710805066342006], [8516668, 0.752616997878986], [8529729, 0.7516113817916823], [8575692, 0.7436336559545149], [8704607, 0.7802655229912044], [8765524, 0.7592206624582982], [8765815, 0.7500224973295326], [8809238, 0.7685375893389046], [8820373, 0.7529045352861897], [8821624, 0.7531958678414593], [8867453, 0.7584421415054047], [8874087, 0.7279161435455017], [8934132, 0.7509287430989364], [8935217, 0.7479855153326016], [8985776, 0.740763436469297], [9058241, 0.7751167025422321], [9084798, 0.7498427359838725], [9108435, 0.7232136007726782], [9108636, 0.7108747394968384], [9206311, 0.7855322525368649], [9206422, 0.7333396997379411], [9248587, 0.745930717944003], [9252974, 0.7240892293839042], [9324815, 0.6971192988511795], [9358660, 0.7169058874291153], [9360461, 0.7155266416535301], [9383606, 0.7353075152611083], [9399845, 0.7474676681621644], [9406668, 0.7397918505836274], [9412453, 0.7306345241107756], [9522832, 0.8201017163517116], [9525945, 0.7509823839828514], [9590246, 0.7423204363248598], [9590703, 0.7011553938492907], [9608082, 0.7255521261651294], [9608283, 0.7214502674648258], [9608354, 0.6853984014382273], [9621233, 0.6657713621306545], [9670320, 0.7566980341115684], [9681379, 0.7792248812030321], [9681968, 0.7750671644081223], [9690453, 0.7621727081605418], [9701700, 0.7573203585934359], [9702743, 0.6987465304465267], [9728988, 0.7473992164885636], [9741335, 0.7475934086717495], [9741472, 0.7341763319449347], [9742341, 0.735040230646128], [9749238, 0.7328935534330389], [9758103, 0.7378783070363595], [9772566, 0.768602244712477], [9773615, 0.7667759890987332], [9824584, 0.7732883323360841], [9826397, 0.7016905822540839], [9848906, 0.7482030353452064], [9849183, 0.7307312637054477], [9851138, 0.730928874565421], [9884507, 0.8654626784709867], [9884666, 0.7907555536986655], [9884845, 0.7831929989629433], [9885630, 0.7244003919273976], [9886471, 0.7249214277232221], [9897068, 0.7659690080828047], [9924799, 0.7615981834651201], [9924806, 0.7311850930581383], [9925173, 0.7343552768301955], [9934558, 0.8361026773852348], [9935905, 0.8099597397967038], [9935958, 0.8031092141448595], [9936005, 0.7973391638691718], [9936072, 0.738632744578961], [9939097, 0.7667342740429552], [9939310, 0.736848291646988], [9942381, 0.774400407414431], [9942470, 0.7322334588932727], [9942505, 0.6785730035105427], [9942516, 0.6608419699436255], [9956555, 0.8218383637449422], [9956562, 0.763518010128653], [9956735, 0.6983400694097046], [9959792, 0.7411423755399327], [9959859, 0.7004906090512657], [9960880, 0.6866777972611885], [9960959, 0.6686932019386586], [9970846, 0.8120834395398182], [9978885, 0.6997580411930893], [9984464, 0.8966787798574644], [9984541, 0.7844858159744801], [9985186, 0.7812515969584918], [9985559, 0.8010878117565277], [9986178, 0.8278102241494187], [9987031, 0.8453547936089104], [9987202, 0.8431653075457658], [9987259, 0.8311695416186923], [9990720, 0.6734884784109972], [9991257, 0.6936429062635686], [9992456, 0.6976288868223494], [9992763, 0.7243770608880058], [9993958, 0.8323158688360363], [9994007, 0.8155367424568776], [9994616, 0.8000139884916102], [9994919, 0.7286455078168046], [9996940, 0.5659140570894567], [9996941, 0.5301344465327373], [9998034, 0.7786221743903822], [9998511, 0.8611303573933324], [9998602, 0.8892269508291981], [9998625, 0.8143580749519546], [9998644, 0.8063566677765481], [9999007, 0.7754049765802448], [9999100, 0.8178230501179395], [9999179, 0.7272401472152954], [9999402, 0.8637841895798767], [9999451, 0.7671890030694624], [9999726, 0.7691967400212891], [9999727, 0.7660138169932523], [9999794, 0.9336988397374634], [9999811, 0.7973748459430766], [9999812, 0.7784337902435379], [9999849, 0.7789659884115102], [9999876, 0.8506473771982107], [9999916, 0.2340206792953008], [9999993, 0.6917476690865151], [9999996, 0.9401129733157354], [9999999, 0.8498969350529187]]}