{"seed": 928126042, "N": 10000000, "alive_speed": 0.801388308773117, "non_threatened_speed": 0.8013922355946786, "survivors": [[48, 0.8013922355946786], [1381341, 0.7858396898004696], [7866056, 0.7482586585927985], [9999895, 0.739210725406223]], "still_alive": [[9807, 0.7699724950322944], [10362, 0.7579731926684248], [331625, 0.7755697743382317], [527620, 0.7808007655968396], [704369, 0.7567990892348793], [1220956, 0.7998172843971184], [1523644, 0.7540212973374393], [1796867, 0.7362239713960742], [1843258, 0.7369907172954621], [2029473, 0.7405940184526001], [2777654, 0.7790105888719943], [2819229, 0.7732974830574194], [2859482, 0.7770089082416006], [2869573, 0.7502466420889785], [2873206, 0.736166787139416], [3332327, 0.7590465744793456], [3682440, 0.7886709205005945], [3682541, 0.7528495058963297], [4018464, 0.7688174957464987], [4260547, 0.7704579773964636], [4261264, 0.7665117187840029], [4399489, 0.7789295774034247], [5063360, 0.7478329351628101], [5075851, 0.7152616175076723], [5194306, 0.7324288472690071], [5443447, 0.7220801591496702], [5863264, 0.7641839701499782], [5969101, 0.770028935846398], [5970258, 0.7677601753275425], [5983203, 0.7673143968937879], [5984104, 0.7322520526259848], [5989273, 0.7323357077536992], [5989286, 0.7259410616214326], [6193061, 0.7450158488623988], [6233550, 0.732717755340215], [6488145, 0.7845434515757983], [6491926, 0.7546279693056779], [6561783, 0.7655537621198324], [6561914, 0.7452843106074545], [6647779, 0.68996420709866], [6933028, 0.7533693818328595], [6975721, 0.7627273882145206], [7024170, 0.7336007410769729], [7158487, 0.7395215218173008], [7526402, 0.7348721099501715], [7697845, 0.7825473881940894], [7772620, 0.7858718688004273], [7774155, 0.7681806355430383], [7867295, 0.7354924918893234], [8043470, 0.774209185174731], [8057993, 0.7474284970977815], [8104292, 0.7173007755192623], [8238435, 0.7636791824352275], [8251808, 0.7533478524987051], [8282579, 0.7598674873213477], [8282722, 0.7440657857935924], [8409747, 0.7227775269212302], [8480846, 0.739162548259647], [8481203, 0.6899655569264714], [8662126, 0.760910203080979], [8710049, 0.7690621720170088], [8785692, 0.7744561016991266], [8789565, 0.7209371776318578], [8897976, 0.7870104743857106], [8998985, 0.8486606110825518], [9001082, 0.7972942767867139], [9001135, 0.7634076264540225], [9003636, 0.7629199962354472], [9094189, 0.7523643559312169], [9162168, 0.7659566322786305], [9166217, 0.7402113550941847], [9241260, 0.7641917918107346], [9269251, 0.7695969824772887], [9289062, 0.7805844606075796], [9289977, 0.7429177973456772], [9291186, 0.722290650369286], [9355499, 0.7624169541951691], [9355512, 0.7608080618292559], [9361041, 0.763734674098973], [9361414, 0.7465227023905673], [9366427, 0.7375987425269226], [9384862, 0.7395168417615571], [9461257, 0.7141747403264814], [9461376, 0.6704401891157841], [9509637, 0.7220595151216171], [9566052, 0.79138436827324], [9585097, 0.8242306615096626], [9607722, 0.8398556595469047], [9653665, 0.8163164853778547], [9676144, 0.7658737710829074], [9676153, 0.7466065535314312], [9685376, 0.7602290928244984], [9721557, 0.7425881048265506], [9735754, 0.7354718874137807], [9736163, 0.7296067420322367], [9784540, 0.7641703309267259], [9786797, 0.7720428318804858], [9790152, 0.7688127693661291], [9793053, 0.7724349134292142], [9794470, 0.7685186392831648], [9794531, 0.7628209978183452], [9808464, 0.7517270872925292], [9830151, 0.7087012512720837], [9830168, 0.6869271885047826], [9837599, 0.7131663358529837], [9837868, 0.7107632451501531], [9838133, 0.6916595363778578], [9866152, 0.8291158495449326], [9867407, 0.8354997912187329], [9867422, 0.7321806828369106], [9867607, 0.6858223902369662], [9869852, 0.6894252752176747], [9889015, 0.695031809848387], [9895022, 0.7250421729435053], [9905503, 0.7358121314564713], [9919388, 0.8110636790154574], [9919747, 0.7960743791764088], [9922862, 0.7791956474867544], [9923107, 0.7669336332208432], [9929584, 0.7783024324373804], [9934667, 0.7603523531741151], [9947940, 0.7845039084358406], [9948745, 0.7829229548774586], [9953560, 0.8064709936610176], [9955057, 0.7474623023583841], [9961734, 0.7296469933082227], [9971299, 0.955017645729625], [9971300, 0.7853160653825866], [9972187, 0.7858732426040892], [9983148, 0.6866744158010025], [9985489, 0.7787070070320885], [9985496, 0.7549575933422439], [9986023, 0.7761123923259504], [9986326, 0.7738415327092585], [9987255, 0.7644333907102666], [9988968, 0.7109122419517254], [9989561, 0.7445409965563825], [9989562, 0.7184229923027781], [9989887, 0.7331902145262986], [9992290, 0.7730339622954463], [9992791, 0.7628875577933529], [9992834, 0.6655390118351303], [9993799, 0.7397330131512254], [9995120, 0.8112317990709362], [9995585, 0.6960747993765168], [9996696, 0.8075148126885204], [9996707, 0.7244001601703848], [9996710, 0.7188590500192805], [9997797, 0.9522312174668075], [9997832, 0.8082099002191806], [9997865, 0.6037637444477563], [9998622, 0.6811135732652652], [9998675, 0.6625534993983659], [9998684, 0.6159550714252422], [9999315, 0.8750390965799502], [9999402, 0.8498387055213361], [9999435, 0.5506615615053472], [9999498, 0.5596646459431988], [9999511, 0.5188043947569607], [9999678, 0.782739196663793], [9999679, 0.7753845147132302], [9999754, 0.721472768079656], [9999755, 0.693824601599168], [9999820, 0.8879043604468869], [9999847, 0.9589447341893298], [9999894, 0.7830099763768216], [9999896, 0.7207041252778812], [9999927, 0.8723017903955161], [9999990, 0.5530576368557361], [9999995, 0.7543548414967391], [9999996, 0.1846542741772611], [9999999, 0.454779257411841]]}