{"seed": 928126159, "N": 10000000, "alive_speed": 0.9104507916521676, "non_threatened_speed": 0.9104508826972468, "survivors": [[0, 0.9104508826972468], [2159, 0.8364271137260906], [6588, 0.7701551798182903], [6591, 0.7671001838331863], [449176, 0.767010365994555], [935701, 0.7638183176740788], [5089554, 0.7558206863264201], [9655013, 0.7520527910607157], [9888466, 0.7127099404315309], [9888467, 0.7119508007987028], [9999788, 0.6486168678703795], [9999999, 0.28741577973487453]], "still_alive": [[1599534, 0.7273251310020828], [1599561, 0.727035644089169], [2218620, 0.7447283872899884], [2657547, 0.7641171225945352], [2685986, 0.7658561057800854], [2828841, 0.7759965732608076], [2840266, 0.7429921572456678], [2859189, 0.7354735393456241], [3371394, 0.7505962844448565], [3671131, 0.7652158842955118], [3671136, 0.7638634605209773], [3671709, 0.7583727750528004], [3888928, 0.776296408254375], [3901993, 0.7747656155113084], [3962578, 0.7358451442010493], [4348923, 0.7810449105702612], [4348964, 0.7738746066232804], [4561555, 0.7762648478785416], [4583542, 0.7211700381549918], [5085313, 0.773153637318397], [5087408, 0.7688275617402139], [5088137, 0.7642236992361945], [5097085, 0.7541871640358548], [5102986, 0.7464010425102305], [5534745, 0.7685770213633896], [5758510, 0.7687893931487224], [5784445, 0.7503595085680529], [5795854, 0.7461650941831444], [5795857, 0.7422336865766779], [5899406, 0.7510077169146018], [5903795, 0.7312735021195998], [6164216, 0.7643215215218012], [6364987, 0.7989101585717238], [6522298, 0.7633361421500162], [6523517, 0.735543804232472], [6523822, 0.7293632130166259], [6597957, 0.7364519444805787], [6766090, 0.7589796349018993], [6921211, 0.7731341701327509], [7059282, 0.7709176249783894], [7061591, 0.7553708053290468], [7200096, 0.7656910103607898], [7233651, 0.7402100263373419], [7363238, 0.7117457709838337], [7512757, 0.7336905274760324], [7673566, 0.7251578032902601], [7802675, 0.7614495215050767], [7912352, 0.7818705412078486], [8003349, 0.7733454234399256], [8010098, 0.756205886292446], [8048341, 0.7698410888646956], [8053894, 0.7652737323182118], [8084069, 0.752789279318948], [8143442, 0.7265419390357112], [8350969, 0.7595199073758387], [8386706, 0.7634192250534966], [8456719, 0.7621656857624476], [8597270, 0.745561367088765], [8688545, 0.7645366271559881], [8732624, 0.7660149114857676], [8869049, 0.7361994870612355], [8951104, 0.7641036649371907], [8999023, 0.7832567496066675], [9003870, 0.7394797563145218], [9058527, 0.755395728463405], [9066448, 0.7590914756186504], [9075647, 0.7066194811682734], [9076378, 0.67632619908559], [9076387, 0.6715570255067114], [9186800, 0.7392563112821516], [9214897, 0.7650579680904144], [9226948, 0.7395832752169561], [9263921, 0.7533477149729736], [9312830, 0.7640748590061719], [9317025, 0.7669669226485106], [9317026, 0.744128718599622], [9327649, 0.7225953380696134], [9327658, 0.7131478626243141], [9366937, 0.7359406921751698], [9435724, 0.780577904183793], [9451751, 0.7994951474351294], [9526386, 0.7498177010525221], [9553247, 0.7570825565347817], [9571324, 0.7880237295158624], [9574373, 0.7750095784551497], [9574984, 0.7693388414922901], [9613139, 0.7444642551867356], [9625006, 0.7651870209083566], [9718576, 0.7222901026828727], [9718587, 0.6919085339172663], [9735716, 0.7102489279217065], [9740419, 0.7077531780610111], [9771018, 0.7726353471497979], [9771049, 0.7637626817164714], [9814550, 0.7606856417515092], [9816011, 0.7461075263531473], [9817862, 0.747758188056928], [9822439, 0.7452343387381422], [9828762, 0.7453859366812773], [9828927, 0.6840613410178991], [9857334, 0.8118829959995472], [9862385, 0.8332600332814002], [9866968, 0.7836285430665547], [9881183, 0.7920027238315509], [9881206, 0.7061365294146628], [9887461, 0.7278141730743535], [9888766, 0.6836693807353522], [9893499, 0.6799176387456634], [9916580, 0.6949516466391567], [9932015, 0.8263058354849967], [9933804, 0.8452666144389348], [9933817, 0.8307534051839043], [9933868, 0.7774055654296592], [9935913, 0.7462841852482263], [9941816, 0.714252101135118], [9941835, 0.6881266115263547], [9943466, 0.6946702778964363], [9944309, 0.6392866283718274], [9959262, 0.7591584708826979], [9961025, 0.7746490465312189], [9961108, 0.7407063007003141], [9966801, 0.8182932753683214], [9968930, 0.8086833848977877], [9968947, 0.7509685262546059], [9969020, 0.740695963047527], [9969347, 0.7072697389549637], [9973020, 0.7732483334657916], [9978895, 0.7893641878353641], [9979074, 0.7709845141068012], [9981411, 0.7591248327785006], [9983840, 0.7679861342441016], [9986363, 0.8580090371446806], [9986364, 0.7496887191723707], [9986619, 0.7128223784915346], [9988568, 0.6589580243398184], [9991811, 0.8506245155127083], [9991980, 0.7866298799978123], [9991999, 0.7817937280888937], [9994254, 0.6297522414617719], [9995427, 0.7492597334708296], [9996418, 0.8311438282934565], [9996681, 0.8846349468262648], [9996682, 0.8682277321703008], [9996789, 0.8732202009812727], [9997454, 0.704000422425874], [9997987, 0.6837759690632437], [9998276, 0.6772233002125041], [9998711, 0.5411351491668005], [9998714, 0.5385719075337411], [9999173, 0.8115947992236611], [9999378, 0.8713337115322866], [9999405, 0.8284739349271246], [9999458, 0.7111768973997084], [9999463, 0.7138376210942102], [9999522, 0.7588365871891304], [9999531, 0.7345765493235381], [9999586, 0.6764990182188575], [9999701, 0.8876452782936969], [9999712, 0.8076965167644105], [9999763, 0.705988609650204], [9999897, 0.5974489312921949], [9999952, 0.996203659543097], [9999965, 0.9284453401459548], [9999966, 0.933475505228486], [9999979, 0.4047964020604925], [9999996, 0.40524145117045185]]}