{"seed": 483722201, "N": 10000000, "alive_speed": 0.8877938599155981, "non_threatened_speed": 0.8878008735417976, "survivors": [[78, 0.8878008735417976], [79411, 0.7855574636728265], [172316, 0.7816962499557628], [6056259, 0.759602008030083], [6981174, 0.7508812783447384], [8576595, 0.744659360759679], [9760438, 0.7421701068553745], [9995329, 0.7273420880334758], [9999834, 0.6471362236462254], [9999993, 0.33773917636173356]], "still_alive": [[56255, 0.7996260781222754], [79220, 0.8004479346588852], [195133, 0.7298975711355997], [886740, 0.7800307571890126], [886743, 0.7522975300036139], [1073790, 0.7153206341978212], [1837471, 0.7515248956509049], [1864238, 0.7510983367952905], [2189971, 0.7626167252521441], [2203754, 0.7501149504654576], [2618157, 0.7717044305278048], [3066740, 0.7190372969828481], [3071631, 0.7171961175301316], [3247936, 0.7298485889038426], [3804241, 0.733067283513146], [3817266, 0.7297592831903159], [3854425, 0.711480609618085], [4589232, 0.7702836375367728], [4596413, 0.7619664635234061], [4881112, 0.7783420183393815], [4929509, 0.7793365485716423], [4929530, 0.7376012005371416], [5796779, 0.7908892475518512], [5807578, 0.764197949673518], [6004123, 0.7625530027573425], [6034020, 0.7648813943544783], [6084652, 0.7223119667662826], [6379471, 0.7777528849199025], [6441956, 0.73098224021123], [6655979, 0.7427758708631302], [6729864, 0.7565758197588929], [6938485, 0.7518024780523102], [6981459, 0.7398799242641334], [6982072, 0.7286356751702036], [7005979, 0.7201192544848191], [7212288, 0.733248569637561], [7259729, 0.7430532967678749], [7303428, 0.73643110854836], [7529283, 0.7603320326557779], [7584148, 0.7738963408079005], [7585739, 0.7435691822345952], [7698848, 0.744655554388994], [7886751, 0.790198108017152], [8208496, 0.752963589903401], [8359949, 0.7654245572322483], [8496902, 0.7640308440206451], [8565897, 0.7718739100762264], [8565904, 0.7677917540678005], [8578018, 0.7375315654991088], [8587711, 0.7365416421764601], [8638576, 0.745418719807958], [8696187, 0.7628445589332362], [8701152, 0.7520612341322306], [8707031, 0.7117802389813704], [8843388, 0.778802764985698], [8846277, 0.778421067793072], [8909262, 0.7925028222403163], [8947135, 0.7896997399486355], [8954314, 0.7233237222735748], [8969789, 0.7080144539159644], [9131300, 0.7836082343896581], [9172611, 0.7513840404844931], [9179538, 0.7467107740830611], [9183385, 0.7075507900649676], [9257200, 0.7637482537829323], [9257249, 0.7270099880543286], [9280518, 0.7395497362079579], [9333285, 0.7855491600959352], [9369658, 0.7467958944095524], [9419703, 0.7957390901384558], [9464324, 0.7906744993883679], [9464515, 0.7874760437723509], [9464516, 0.7658243451234493], [9464729, 0.7489370075360219], [9497448, 0.7914173388898882], [9501665, 0.7963924279225879], [9555554, 0.6993389500404781], [9593077, 0.7369700774144875], [9602752, 0.6989454977042613], [9641807, 0.7494227824643467], [9645038, 0.7561742085870669], [9645039, 0.7555348014943315], [9664828, 0.7975718763495057], [9671129, 0.7789173242329875], [9672854, 0.7649294745910633], [9691541, 0.7625587411370413], [9696606, 0.7649742667273828], [9696767, 0.7538768380372337], [9699792, 0.7342639831046164], [9745619, 0.7753742989093064], [9770465, 0.7432252362369315], [9824764, 0.8225014025933673], [9825499, 0.7389327837366444], [9843878, 0.7520393284108555], [9860305, 0.8098374816212851], [9865480, 0.8389478114385674], [9865891, 0.7693632947753745], [9865892, 0.7638637448396439], [9873245, 0.8009470107649008], [9877728, 0.7778557189016017], [9878237, 0.7514784762557685], [9890266, 0.7023299730074567], [9899571, 0.7668406155662656], [9902190, 0.6902202676669096], [9905335, 0.7127494095519609], [9905336, 0.7010017906356218], [9927219, 0.7583103441148766], [9936382, 0.8181318542200007], [9941689, 0.7961422581289126], [9944982, 0.792371944114455], [9945267, 0.742151621636779], [9945484, 0.7447008998181099], [9954079, 0.7736151489709499], [9956150, 0.7730289745091794], [9957893, 0.7750443691126211], [9958450, 0.7326594375982363], [9958845, 0.6950941233080445], [9966608, 0.8438294123794357], [9969615, 0.8056479350010021], [9969618, 0.788285049003146], [9971495, 0.7604903207546043], [9972562, 0.7842446116333416], [9976187, 0.8620359106101775], [9978612, 0.7978657992110582], [9984647, 0.7294428413579069], [9984670, 0.7097746008711328], [9987061, 0.8166452376449982], [9987102, 0.7505169394573415], [9988659, 0.7056807160004586], [9991258, 0.7978539909522707], [9991263, 0.7210934358177938], [9991268, 0.715932064139245], [9991523, 0.7343184004113965], [9991652, 0.7256374813766003], [9991723, 0.6899882292823447], [9993246, 0.7827059934486403], [9993637, 0.7111830925930492], [9995110, 0.7662012139916535], [9995434, 0.6787350241204675], [9995687, 0.6521843582418487], [9995916, 0.6296160083063689], [9997517, 0.929434331330398], [9997532, 0.741752963975243], [9997535, 0.7110600979784457], [9997556, 0.5884001005244889], [9997867, 0.6279564497111862], [9998690, 0.8831099000702758], [9998703, 0.6371780312451788], [9998708, 0.621251779484929], [9998715, 0.6040880871140873], [9999044, 0.5488093151501424], [9999047, 0.5272256610210583], [9999260, 0.630304000384236], [9999451, 0.7158044649807092], [9999740, 0.890689904229707], [9999743, 0.8515927295450907], [9999744, 0.7649902394563411], [9999765, 0.7331494178866576], [9999766, 0.6285798392961273], [9999773, 0.6390093983492036], [9999839, 0.6431779384871473], [9999896, 0.8114334627038603], [9999897, 0.5820475456066881], [9999900, 0.5573273873812761], [9999913, 0.5926416680515699], [9999960, 0.9153870053369966], [9999963, 0.7889685902736653], [9999964, 0.6980775426490955], [9999971, 0.5370505788417068], [9999992, 0.5733196776856232], [9999994, 0.2906714262182619], [9999999, 0.601658723501517]]}