{"seed": 942755620, "N": 100000000, "alive_speed": 0.8914122940832935, "non_threatened_speed": 0.8914123386539099, "survivors": [[4, 0.8914123386539099], [3083, 0.8913441993161296], [3330, 0.8587720633485432], [3463, 0.835144202370157], [6182, 0.8297275521785601], [7437, 0.8087508440278691], [2168048, 0.7705697299803919], [3975667, 0.7581124918005064], [17438068, 0.7472561681766824], [17458197, 0.7428111391056403], [99999914, 0.600352825694134], [99999917, 0.597306190650713], [99999928, 0.537737016597337], [99999999, 0.4304271119512786]], "still_alive": [[14700, 0.7740462569673296], [1193585, 0.7816006972587869], [4194976, 0.7568708803245284], [4197681, 0.7502158882284171], [5964684, 0.7507987434002585], [9391803, 0.7662181586309137], [9495732, 0.7631055374943438], [11808023, 0.7572740867191076], [12807474, 0.7595300438090813], [12809067, 0.7563271745778432], [16088286, 0.7760475898107098], [16116839, 0.7679566125862263], [23030620, 0.7700005648896008], [23071793, 0.7702300757849214], [23199802, 0.7513687369155513], [23526373, 0.7315490760739081], [23593746, 0.7321750063949413], [26096015, 0.7563185352753483], [26097166, 0.7506713790931764], [28186531, 0.7641701917289725], [29753360, 0.7580128339999916], [33913481, 0.7683602382695968], [33914030, 0.7470415561407164], [35681185, 0.7645225912480808], [36838370, 0.7505299282941771], [36885811, 0.7476014956330999], [39496248, 0.7544746499606002], [39540127, 0.7504467253946815], [39655986, 0.7511642566956671], [39660917, 0.742808376678808], [41274714, 0.7515463326347588], [41975931, 0.7545431654401373], [42004178, 0.7454139346923029], [44453467, 0.7552807280448671], [45223078, 0.7650214338510958], [45524157, 0.7512139020038826], [45594878, 0.7347192071283146], [50987769, 0.7533217640392779], [51852250, 0.7567545710282758], [52333393, 0.7519346463036649], [53141024, 0.7246372800691608], [53141271, 0.7224520842359539], [53154238, 0.7219951488661374], [57036851, 0.7842108000806406], [57394260, 0.7846916240637984], [57578479, 0.7549789788792209], [57578480, 0.7422012811070744], [57743159, 0.7450580489903973], [60059642, 0.7793405513717073], [60176697, 0.7348882816950699], [61009476, 0.7278206816484064], [61190329, 0.7187876722502119], [61190526, 0.7123822092549112], [63314747, 0.7248240420073649], [63701146, 0.7199078353985032], [66060903, 0.7634018001259257], [69095336, 0.7672014162971246], [69100571, 0.7523709023759334], [69494308, 0.7508205669685536], [69654329, 0.7496284754182123], [70721390, 0.7590494233160663], [71255579, 0.7606332377286964], [73472426, 0.7234701132716461], [75723167, 0.7629988993846769], [76018898, 0.741406169570428], [76765469, 0.7459867199569589], [77149252, 0.7472147377392346], [77149701, 0.7218899072933107], [77176402, 0.7211854202255557], [78285387, 0.7278343282318571], [78285690, 0.7261169475953242], [78730951, 0.7319643033678538], [79609118, 0.7474823063957176], [80443611, 0.7564143354569383], [80549012, 0.750788187676853], [80763167, 0.7579431677721863], [81240372, 0.7687933482613517], [81746399, 0.7682610813804099], [81788372, 0.7552848150629055], [81811095, 0.7518400391426373], [82537016, 0.7609558708133493], [82552123, 0.7577115000952287], [82948458, 0.7696121677872457], [83822247, 0.8015001065683698], [83842940, 0.8016419594991525], [83911203, 0.7635995306574377], [84262288, 0.7555728374996729], [84794057, 0.7680721002766981], [85510396, 0.7224037666665641], [86112433, 0.7393585704243324], [86464190, 0.7463295108203729], [87153753, 0.7089174222008296], [88390482, 0.7474561597460265], [88394865, 0.7440854463772987], [88412780, 0.7427033638639294], [88822497, 0.7662360690038843], [88843942, 0.7635606030603496], [89589713, 0.7449416257351692], [89641608, 0.7403801079494737], [89717975, 0.7401530166308966], [89813566, 0.732130079246553], [90986835, 0.7861548800290262], [91341658, 0.7986330574900722], [91426701, 0.773469510046433], [91597494, 0.7704181051799222], [91598467, 0.7491099181847565], [91969490, 0.7724616478710529], [91969501, 0.7722359162823612], [92170924, 0.775887911663133], [92200591, 0.7733661323869168], [92212970, 0.7613133055643692], [92212975, 0.7306741587774614], [92239302, 0.7302897153993286], [92714363, 0.753918511843266], [92758884, 0.7518847945684848], [92786403, 0.7491498652421013], [93238670, 0.761387708157003], [93504167, 0.7482435179358417], [93713730, 0.754140245646215], [94341085, 0.7510227086256288], [94342098, 0.7386586570736912], [94533273, 0.7502472418335718], [94941844, 0.7723605247322232], [94941845, 0.7384571788497993], [94944372, 0.7357528104216685], [95241285, 0.7348814704162537], [95247374, 0.7293299103279486], [95403009, 0.7517741306217075], [95740538, 0.768833529426683], [95938957, 0.7608557471357859], [95939072, 0.759165020178536], [96202221, 0.7684478774929634], [96254430, 0.7477844510512827], [96402633, 0.7590267869014374], [96726954, 0.8097347788722429], [96735007, 0.7522462833023212], [96762578, 0.7500632622410899], [96901897, 0.7782368857237703], [96901970, 0.777432463510488], [97048401, 0.7601044380319886], [97170442, 0.7816731909098346], [97217805, 0.7428995956324959], [97696750, 0.7629777616023518], [97697139, 0.732020422321895], [97697154, 0.7316654520825492], [97798665, 0.7574725873206746], [97799350, 0.730070531185138], [97837009, 0.7269307722518408], [97939780, 0.7545204498006298], [97994215, 0.7679101393467844], [98063380, 0.7815378145008913], [98063835, 0.7419078951538983], [98098616, 0.7210300854797412], [98165627, 0.7472794190124348], [98199516, 0.7480745423633731], [98200727, 0.7281573494202457], [98361712, 0.7423438967668281], [98412775, 0.735363714673027], [98447046, 0.7443647465702374], [98624745, 0.7854426316585789], [98627814, 0.7694023084843821], [98630215, 0.7326185007073661], [98708384, 0.7747921239631693], [98825997, 0.7905375626508769], [98826046, 0.7725596971957518], [98827829, 0.7612967851594435], [98854410, 0.7777509104913609], [98863801, 0.7718325620599835], [98875570, 0.7421626773118806], [98929111, 0.7438554743396626], [98982794, 0.7688571562501301], [98988027, 0.7237492790836643], [99030468, 0.7482069048810599], [99043743, 0.7558318402532922], [99091072, 0.7767595350066132], [99126241, 0.769385631138083], [99130838, 0.7509580479851522], [99210589, 0.817247286993277], [99215302, 0.8092312874089342], [99246593, 0.8189174302320203], [99246838, 0.7256261228004129], [99257881, 0.7031485209814554], [99260322, 0.6742045064883135], [99394239, 0.7207626023386338], [99408266, 0.7125777290659592], [99421931, 0.7148608220625039], [99465648, 0.7000548229087754], [99544301, 0.8071364830886173], [99562738, 0.7897424846718829], [99564853, 0.7659402739540392], [99571642, 0.7197766509707116], [99571645, 0.714886147847561], [99584316, 0.7015556478034295], [99633935, 0.7587449890340848], [99661098, 0.8113393235107766], [99689075, 0.7763369828566902], [99689102, 0.7644997414823036], [99689159, 0.7242547446467156], [99696628, 0.7390517728729648], [99696651, 0.7379192022226781], [99700062, 0.6888602862788727], [99704159, 0.6934468816936974], [99714884, 0.7033598806802486], [99714899, 0.7027515916979449], [99746504, 0.7423432885989183], [99747597, 0.7029593170799321], [99759598, 0.7144459915247819], [99789799, 0.7877570424114845], [99807510, 0.7794449509326278], [99807521, 0.7471822962737353], [99819236, 0.6763102566388679], [99838543, 0.6695479631925156], [99872874, 0.7288765332989778], [99875995, 0.7276461033650677], [99882410, 0.7464173596269637], [99883051, 0.7317594424694313], [99884174, 0.7125667141943784], [99887843, 0.721069514528747], [99897896, 0.6990068820088268], [99904379, 0.6740608323972174], [99934464, 0.8731138567867329], [99934467, 0.7703805316647174], [99947396, 0.9112385387360464], [99948073, 0.8930628433192825], [99952516, 0.7593171285564551], [99954791, 0.753508788050969], [99954804, 0.6551234646953801], [99960491, 0.6951591525751424], [99964956, 0.7520566000813272], [99964963, 0.7485797102068777], [99964966, 0.704421139073572], [99968243, 0.6654457751245796], [99976588, 0.769582525233538], [99977047, 