{"seed": 928126199, "N": 10000000, "alive_speed": 0.8725591621347031, "non_threatened_speed": 0.8731234617716161, "survivors": [[6462, 0.8731234617716161], [6463, 0.8582104801771543], [6486, 0.8478427154802517], [12999, 0.7894028539065743], [13284, 0.7649011514002471], [9888007, 0.733334730765626], [9999998, 0.2694516339288796], [9999999, 0.11440727779329962]], "still_alive": [[21437, 0.7473386024397695], [560774, 0.7666683021713021], [1052817, 0.7405512376154006], [1686132, 0.7306841586674327], [1686147, 0.7194237881903451], [2463678, 0.7802753867191385], [2488025, 0.7296196076129321], [2644882, 0.7186890822025004], [3127569, 0.7494190024498457], [3448374, 0.7491381460165679], [3632691, 0.7389386199853176], [4166344, 0.8015433051059848], [4228351, 0.7946985087120585], [4229686, 0.7714733069519105], [4498143, 0.7576637425243552], [4557634, 0.746006933127762], [4558925, 0.7406568435070443], [4558928, 0.7389138207320252], [4678749, 0.7443371613926351], [4750514, 0.7469631398037353], [4939897, 0.7724756265899988], [4975626, 0.7488038022164789], [5267665, 0.7580827099330733], [5471718, 0.7918202536708175], [5473283, 0.7609211252646703], [5618104, 0.7768349878091807], [5720169, 0.7564177092714802], [5916488, 0.7803786607111766], [6043897, 0.750322573026576], [6049564, 0.7481139290353469], [6064707, 0.7451959947024607], [6066156, 0.7384437432071432], [6151271, 0.7425383432525426], [6337950, 0.7681813503077403], [6553151, 0.7589071682726455], [6588746, 0.7364603189276512], [6603415, 0.7308343642589809], [6842252, 0.7294305323737929], [6855475, 0.7044236769323642], [6931220, 0.7216388131792211], [7043385, 0.7475127780407559], [7061294, 0.751456792038755], [7156793, 0.7350148891012253], [7389738, 0.7516863797057134], [7460421, 0.7678430448043658], [7497896, 0.7554897502248354], [7546475, 0.7514404854030479], [7562510, 0.744318899507954], [7563071, 0.7381434787867559], [7649754, 0.7535423490232233], [7700069, 0.7558676823051774], [7701596, 0.7497681603990594], [7902757, 0.7766105340782675], [7908702, 0.7668601949133401], [7965903, 0.714838844466091], [8194834, 0.7731961749553792], [8199255, 0.7703702586601933], [8223982, 0.7495486578000743], [8223985, 0.7384322740436885], [8425990, 0.7285648817383957], [8616499, 0.7794754316301936], [8669842, 0.7790708087957452], [8673639, 0.7616806642741423], [8725916, 0.7087552006759279], [8784841, 0.7081053656436876], [8911808, 0.7589696420040692], [8912921, 0.7379284285036403], [8926738, 0.7225897249800631], [8988737, 0.7576402938211914], [9032780, 0.7785686847709539], [9086913, 0.7613781296919219], [9093530, 0.7461367150632248], [9154615, 0.7716269650256109], [9154642, 0.767152987278038], [9155671, 0.7601528934727456], [9156332, 0.7500963404556439], [9261149, 0.7712915386845154], [9261178, 0.7385405599050364], [9298947, 0.7650268643822933], [9311850, 0.706757742873781], [9392551, 0.7722045971112403], [9392706, 0.7574656691398474], [9403329, 0.7278421532907623], [9439884, 0.7753074540470332], [9444267, 0.7269932892292766], [9513464, 0.7532714229174973], [9513481, 0.7253148151931343], [9536504, 0.7580273504622767], [9540083, 0.7621323626411893], [9550766, 0.7745305727267583], [9556497, 0.7690126118615794], [9557730, 0.7614251069232166], [9570949, 0.7418358230936387], [9601752, 0.7959272557863434], [9618107, 0.796329173778418], [9625410, 0.8035180906768933], [9631983, 0.7336936010978584], [9675092, 0.7958925240289023], [9684011, 0.8115195673123535], [9704396, 0.7982601519634551], [9704407, 0.782328661811277], [9745784, 0.7251031741356793], [9769125, 0.7486183917215724], [9771694, 0.7570069814804495], [9788331, 0.8093898390487729], [9788618, 0.7988267863702252], [9789881, 0.7078584201271324], [9796240, 0.6669541287266543], [9850221, 0.8647119750619625], [9852610, 0.8007946867754882], [9859025, 0.7952911845568734], [9861184, 0.7476857124238583], [9861185, 0.7229992647171816], [9867780, 0.7282948465760243], [9869355, 0.7075502960839557], [9883278, 0.7670041471924309], [9891900, 0.6981652632857914], [9894087, 0.679487870080891], [9906834, 0.756320700673747], [9907167, 0.7550553902942455], [9908998, 0.7675425997480897], [9912919, 0.7147536407078388], [9914614, 0.7086482034577336], [9920915, 0.7570618435603316], [9920938, 0.6941216565980904], [9927637, 0.7557958417005743], [9927640, 0.7105173006980583], [9928081, 0.6891428954744405], [9940242, 0.6765384706914241], [9956313, 0.7840451901578087], [9959564, 0.8085183532145914], [9959897, 0.8031121205844622], [9964996, 0.7911008404346187], [9968363, 0.8212625109759848], [9975072, 0.8043183840563335], [9978707, 0.8584409001068584], [9979650, 0.681815515491811], [9980533, 0.7031392683934747], [9981362, 0.7283278009041272], [9983673, 0.7082093666100985], [9985944, 0.7942068440220678], [9987775, 0.8116941255221551], [9988584, 0.7898624869466154], [9991589, 0.8331094137824215], [9992964, 0.801381360199533], [9993441, 0.780105891984704], [9993572, 0.7692305272317209], [9995025, 0.8107185761447299], [9995134, 0.6911232317484364], [9996601, 0.7783231771447774], [9997180, 0.744829521684432], [9997477, 0.7879714654668469], [9997666, 0.7613946741825216], [9997849, 0.7283376026493084], [9997912, 0.731695858285336], [9998375, 0.8261644668511691], [9998610, 0.8839765083085745], [9998617, 0.8051046215872516], [9998618, 0.7950938387753096], [9998649, 0.7055466006205697], [9998984, 0.8159725208595834], [9998995, 0.6515936403885452], [9999486, 0.8353101865501646], [9999521, 0.6838854342725241], [9999788, 0.8844267376423315], [9999799, 0.7874583721289288], [9999924, 0.9170705126797788], [9999935, 0.6406036246510772], [9999952, 0.6819464443799095], [9999959, 0.7459983617626345], [9999966, 0.7103650924316851], [9999995, 0.7259871599608501]]}