{"seed": 177791921, "N": 10000000, "alive_speed": 0.9200999243962938, "non_threatened_speed": 0.9201070092195565, "survivors": [[76, 0.9201070092195565], [199, 0.8584851985359248], [282, 0.8413901174337376], [1519, 0.8294258062727121], [3634, 0.8137364210858977], [8421, 0.7931488420965385], [8434, 0.7831634568755657], [2207693, 0.7644729940573841], [3178864, 0.7459684745808265], [9997717, 0.7078074493797395], [9999898, 0.6962476349947648], [9999977, 0.567425835198171]], "still_alive": [[605601, 0.7566700222475171], [923082, 0.7611621658963905], [1665713, 0.7727502890848592], [2035936, 0.7952130696404869], [2083025, 0.7884559028256872], [2176790, 0.7944160018070549], [2329140, 0.7450983989821829], [2453141, 0.7169908227348228], [2944108, 0.7488562902391966], [3096635, 0.7573346137877938], [3419403, 0.7426968714597748], [3832780, 0.7287582211182232], [3839597, 0.7266053367915597], [4002670, 0.7335832488251159], [4796381, 0.7917300991864131], [4852454, 0.7839577124369059], [4932145, 0.7831555007492352], [4933678, 0.7552151469488546], [4933743, 0.7363981834765089], [4934646, 0.7250053101432266], [5092461, 0.729194336656839], [5658906, 0.7817544599148109], [5661997, 0.7436143220427556], [5942468, 0.7459025935685257], [6026099, 0.7398599582946696], [6462852, 0.7639649173103281], [6465833, 0.7274089752535466], [6720316, 0.7650753421760812], [6858491, 0.7484069127317929], [7081518, 0.7673565175293671], [7255587, 0.7441769056226281], [7270926, 0.7278501651138769], [7270927, 0.7270815505557569], [7315338, 0.7047012090652627], [7486569, 0.7321234178828713], [7695092, 0.781337743586978], [7695703, 0.7530869499684544], [7854214, 0.7909187357144112], [7860635, 0.7902277965888616], [7906648, 0.7512858970992923], [7907037, 0.7491512379023115], [7907748, 0.7200560050795968], [8070879, 0.7703216628430175], [8122210, 0.7500476726233753], [8237869, 0.7725598656789788], [8255512, 0.7555545158671558], [8301971, 0.7681235779690191], [8355726, 0.7282082344458273], [8374331, 0.7079908941311215], [8686800, 0.8018856982433413], [8742133, 0.8132822667133859], [8742134, 0.8001197065568187], [8810511, 0.7625835701654254], [8820056, 0.7306820643480159], [8852837, 0.7345983163163847], [8871550, 0.722453459123631], [8993175, 0.7637790097246523], [9052230, 0.7676096317067566], [9059779, 0.75898529534438], [9086964, 0.7687248641378548], [9097577, 0.7444466859669288], [9097718, 0.7267739233469367], [9144817, 0.7522111634616786], [9172434, 0.746560261433962], [9175395, 0.7273045929177188], [9198924, 0.740183472024141], [9209195, 0.7256477880008319], [9234066, 0.7348558119691175], [9276377, 0.7707387178787664], [9281382, 0.754209572731003], [9281419, 0.7458096274027508], [9345032, 0.780542989199076], [9346471, 0.7813515196821249], [9355974, 0.7829355742984468], [9378495, 0.7895669058947639], [9378526, 0.7660952918652328], [9429829, 0.8214301531318455], [9431364, 0.7990459484313278], [9440851, 0.7655182878968789], [9440976, 0.7447023996597144], [9479095, 0.7415089511313859], [9522338, 0.7671650040987368], [9529221, 0.7426306701334342], [9541858, 0.7135829834710925], [9586257, 0.7604341355864886], [9586266, 0.7505322859256424], [9598065, 0.6953132772960514], [9603336, 0.6935094154929897], [9622071, 0.7274308652395124], [9626566, 0.7222133296077424], [9639409, 0.7304178510501466], [9650658, 0.7448909356377799], [9650919, 0.7306897087415133], [9669074, 0.7702841043846596], [9672941, 0.7696825867830109], [9695686, 0.8088638119209669], [9747485, 0.8043305045440517], [9747946, 0.8002998203787256], [9751273, 0.7357408761519109], [9771460, 0.7818538603884658], [9783577, 0.7571658400443576], [9793812, 0.7873240538499905], [9807579, 0.8186723473469382], [9812354, 0.782804393534326], [9828747, 0.7948791094103494], [9869222, 0.8091945302567058], [9873643, 0.7816159340613734], [9875368, 0.7839831620794433], [9876601, 0.729187274185045], [9897640, 0.7804903323157751], [9919689, 0.7640749747116967], [9931156, 0.818045210961081], [9931595, 0.7709055602398863], [9934994, 0.7536428922000235], [9937651, 0.7630380014517513], [9937652, 0.7606487885942277], [9942771, 0.8267407942137843], [9942786, 0.7517365618215753], [9948607, 0.7567390758659144], [9951332, 0.7665915055815907], [9951393, 0.7308725102065123], [9956694, 0.7516572759471365], [9959829, 0.7567369595080923], [9962856, 0.818203513608539], [9969529, 0.7851007806580107], [9973572, 0.8588008404193246], [9974893, 0.8242375387338752], [9976352, 0.7868325600021701], [9978859, 0.7179780035642879], [9982190, 0.7437269534813787], [9987793, 0.797618233050931], [9987802, 0.6626814211396802], [9987823, 0.5996162968389586], [9992188, 0.82954855105648], [9993703, 0.8379407678467398], [9993754, 0.8396085096767565], [9994417, 0.8908395990009288], [9994994, 0.7910883736878209], [9994995, 0.7364131106990555], [9995010, 0.6987284239321919], [9995997, 0.7853071796954769], [9996152, 0.7848750721141475], [9996229, 0.5851128252233136], [9997270, 0.7961028476827364], [9997311, 0.7428663070899215], [9997690, 0.7703092814640394], [9997950, 0.6487562306491059], [9998397, 0.6577299689603144], [9999002, 0.7737322201739024], [9999415, 0.9617905657452169], [9999512, 0.8985020158019039], [9999669, 0.7715673715875601], [9999684, 0.6770730144422008], [9999685, 0.6083732613483437], [9999814, 0.7980904523578549], [9999869, 0.9190245213551802], [9999878, 0.7736523684801836], [9999893, 0.7974342884620118], [9999923, 0.595379742188319], [9999932, 0.6721002175661928], [9999945, 0.6417614959153319], [9999976, 0.6435449087695114], [9999980, 0.4101374035604113], [9999997, 0.8476129482248648], [9999998, 0.29984838591901286], [9999999, 0.31912064376537963]]}