{"seed": 177791787, "N": 10000000, "alive_speed": 0.9627648558690716, "non_threatened_speed": 0.9627686106662777, "survivors": [[38, 0.9627686106662777], [39, 0.8304007558941048], [11528, 0.8283468918293112], [96647, 0.7906882089742499], [99106, 0.7775304718952061], [1022119, 0.7581791880436592], [9822608, 0.7290969236216153], [9853795, 0.7209097111531313], [9854334, 0.6604281540456549], [9999971, 0.6439555874882513], [9999984, 0.48706341629665884], [9999999, 0.09612693333765054]], "still_alive": [[290649, 0.7233999774379742], [678478, 0.7451177444790239], [1101594, 0.7519066388337696], [1113275, 0.7375513059378006], [1625562, 0.772701814923013], [1964915, 0.7574362286195524], [1971672, 0.7532650658490441], [1975031, 0.743554604021279], [2612050, 0.755347570399443], [2612051, 0.7424035238382523], [3174708, 0.7837660918706473], [3524877, 0.7661779307892326], [3525444, 0.7514884796315083], [3763023, 0.7596787004230826], [4134524, 0.7770300485472285], [4189861, 0.7632674259393275], [4734564, 0.7739811172394039], [4755847, 0.7570292133897547], [4824642, 0.7463445307621753], [4908481, 0.7434053248743633], [4988126, 0.7425317806754039], [5419991, 0.7705206113111198], [5603036, 0.7156361740402736], [5674507, 0.7243857163432477], [5688898, 0.7188320438845321], [6069619, 0.7556381876532755], [6340910, 0.7654748460394147], [6362305, 0.7524674615460086], [6403592, 0.7414995357105767], [6614111, 0.7516665240576698], [6666264, 0.754315322330659], [6668203, 0.7415694807419606], [6709472, 0.7470682765727096], [6718411, 0.7346842041332249], [7050762, 0.7844676031420798], [7098943, 0.7702893445045723], [7100784, 0.7409239695544105], [7231359, 0.7206869579061728], [7398128, 0.7578780178899107], [7398263, 0.7442534519752013], [7420994, 0.7209784560807518], [7446787, 0.7018784738050866], [7705342, 0.7728846460871471], [7856681, 0.7767773790936553], [7856706, 0.7664374123722929], [8061357, 0.7432988724692491], [8157430, 0.7775476023181432], [8185419, 0.78746710866326], [8186902, 0.7594624139611861], [8502331, 0.7237147053554528], [8554632, 0.748707710213705], [8772539, 0.7839341251858506], [8773004, 0.7202922160547289], [8962935, 0.7477024464206898], [8999264, 0.7258147894081297], [9004473, 0.7034181323764854], [9088554, 0.7663535240361932], [9139925, 0.7306515105807407], [9268572, 0.829610506104567], [9288641, 0.7772877739926525], [9289336, 0.7414334608291895], [9344803, 0.8023092114310891], [9344832, 0.7962765841745837], [9368673, 0.7284185571100059], [9381362, 0.7063431569873859], [9419715, 0.7075388184900673], [9419724, 0.7024631917804993], [9479313, 0.7779814833481945], [9479936, 0.775096652147038], [9480053, 0.7748091916368804], [9480596, 0.7450675636008794], [9503135, 0.7752714341339737], [9503148, 0.7691934205151159], [9504349, 0.7287401728139771], [9564322, 0.7737554616842008], [9565437, 0.7183098358948308], [9622712, 0.7506163247027171], [9622737, 0.7364775429868815], [9643028, 0.7747749973795081], [9643033, 0.7703686407101192], [9645406, 0.759664304736275], [9660041, 0.7833671608354827], [9690260, 0.796343105244709], [9761359, 0.7560194764174114], [9775408, 0.7661415718245471], [9783055, 0.7857628785635444], [9800640, 0.8497839643778455], [9809361, 0.776682514959162], [9823457, 0.7235455029716842], [9823762, 0.7122830773031051], [9846945, 0.7778198993333364], [9846948, 0.7705371293344908], [9870973, 0.7124460207797121], [9880038, 0.7637844453484784], [9892929, 0.6908719594011579], [9894822, 0.7017795034120108], [9923433, 0.6680050569342492], [9931080, 0.7291465844237714], [9931081, 0.7183399996323038], [9940468, 0.757708866645083], [9951187, 0.8590445729688673], [9951362, 0.8463022869157198], [9951423, 0.7558534157992571], [9951658, 0.6995941666980741], [9964025, 0.711941913278819], [9968278, 0.7603453658314883], [9973479, 0.8243803897955362], [9974836, 0.8529606725160579], [9975275, 0.8423747184287903], [9977428, 0.8295374883956463], [9979015, 0.7792104661716638], [9981054, 0.8335060254635386], [9982953, 0.6681220237625496], [9983646, 0.6674612826760338], [9985553, 0.7341581512013295], [9987540, 0.7290722998460476], [9989277, 0.7634825279243954], [9989382, 0.678413559143332], [9989435, 0.5774353825065743], [9992780, 0.7536024623028581], [9995399, 0.6545728473172043], [9995588, 0.6538260623765794], [9995599, 0.6467025340672566], [9995644, 0.5843306059934469], [9996865, 0.708458774538565], [9997784, 0.7447260504704173], [9998099, 0.7433400433712487], [9998932, 0.9659645857841637], [9998953, 0.9405760414932904], [9998968, 0.8444771078508932], [9999249, 0.9260480200746001], [9999300, 0.8805845802938402], [9999303, 0.8534951006201981], [9999350, 0.7500921193675311], [9999505, 0.8492731180458798], [9999552, 0.722437168994877], [9999679, 0.8215467980999225], [9999682, 0.5693224697182773], [9999813, 0.7713625438608535], [9999852, 0.8052559559424568], [9999853, 0.45296243600003105], [9999920, 0.6754055175433792], [9999937, 0.7287726469397408], [9999958, 0.6989438500152843], [9999959, 0.6570594734829542], [9999964, 0.7463022288190805]]}