{"seed": 928126193, "N": 10000000, "alive_speed": 0.9041688335090928, "non_threatened_speed": 0.9041688335090928, "survivors": [[316, 0.9023842649056559], [333995, 0.7802434535025935], [337514, 0.7735005884520553], [337859, 0.7632021618866616], [988390, 0.7550400628034032], [1719283, 0.754508087926839], [3013638, 0.7501629718302241], [9999579, 0.6330836449012675], [9999930, 0.4894804384061462], [9999933, 0.3530375661999766]], "still_alive": [[1755190, 0.7432267432352205], [2368139, 0.764176052232879], [3180435, 0.7265718768696875], [3189502, 0.7171089225273304], [3439903, 0.7429914082285656], [3450384, 0.7386195367359684], [3836635, 0.7401340588416072], [4331400, 0.7489055058285495], [4605893, 0.7567352247894941], [4947624, 0.7788035139710475], [4981831, 0.7522349523666282], [5529306, 0.797097920654784], [5543299, 0.7888418134991139], [5543308, 0.736982772739978], [5846355, 0.7515975118054206], [5848062, 0.7143884917175299], [5850665, 0.7002991155184276], [6550062, 0.7968744604411335], [6553865, 0.7671805606350588], [6684314, 0.7320325877883935], [6929423, 0.7687372850794915], [6975204, 0.7798937689064565], [7043681, 0.7789676780532648], [7063954, 0.7232423366267524], [7259159, 0.7679007850552283], [7283910, 0.7485538598845656], [7283911, 0.7406376995897956], [7578468, 0.7469327604713119], [7578483, 0.7217052933272673], [7694818, 0.715637966568533], [7745317, 0.7299983227758727], [7918488, 0.7702555950572336], [8053585, 0.781191803249963], [8054720, 0.7783371494249964], [8183099, 0.7891938828672977], [8192942, 0.7776709959269035], [8192943, 0.7629485496647852], [8208904, 0.7601460317328999], [8260855, 0.7723192234063564], [8260856, 0.7462516185955919], [8288037, 0.7564543262200197], [8323076, 0.7436401974757856], [8335087, 0.7462229438543453], [8422032, 0.726690200213598], [8563325, 0.7775626090034196], [8563814, 0.7350686702580407], [8618143, 0.724684477934901], [8660804, 0.7462118710706551], [8766377, 0.7514217555496928], [8769870, 0.7214510851552924], [8787515, 0.7174346528026763], [8807870, 0.7290922641571166], [8879361, 0.7569865019147836], [8928522, 0.7435766118624375], [8967395, 0.7478484423866825], [8968020, 0.7455696271323382], [9094321, 0.7876743641350159], [9226298, 0.7803861860803055], [9236409, 0.7332039285281777], [9327198, 0.8003903435066314], [9327209, 0.7919477074806723], [9387174, 0.7683784268412905], [9414681, 0.7449385722783338], [9447010, 0.771283392553886], [9493359, 0.7733465241336424], [9535224, 0.8321567597673393], [9536957, 0.7794986098868116], [9540056, 0.7837149978542445], [9579679, 0.7797270947762379], [9581288, 0.7610415890055846], [9588075, 0.7714231048300495], [9588114, 0.7415657820849634], [9588149, 0.7256565708986217], [9662940, 0.7207861990350438], [9764277, 0.8117662920014826], [9766618, 0.7571904757694733], [9770249, 0.7603133948851136], [9770724, 0.752323043665368], [9772309, 0.6918925846848405], [9790954, 0.7167077330133128], [9821881, 0.7415700313170442], [9844092, 0.8058696865106353], [9844105, 0.8027048656188803], [9845998, 0.7679954366526203], [9864589, 0.8306039687962674], [9867256, 0.7756218698812732], [9882287, 0.7668086750407969], [9886670, 0.7764172902674181], [9896727, 0.7867561830092337], [9896896, 0.7825516638089832], [9897499, 0.7802993586232795], [9899290, 0.7745621806680062], [9926239, 0.79543393048478], [9929534, 0.7619093347510126], [9941617, 0.8088727080069292], [9945384, 0.7788793489316063], [9945483, 0.7406909453372047], [9958582, 0.8338988476893411], [9965151, 0.7971266367801603], [9967318, 0.8462913913767673], [9967329, 0.7709724048361739], [9967530, 0.7538072058238042], [9967735, 0.6858332579798987], [9975662, 0.7360716575518841], [9976461, 0.7573993986064546], [9977148, 0.7286988298388242], [9982887, 0.8471263651371197], [9982990, 0.788477746228297], [9987029, 0.9006254017402373], [9987030, 0.8727250296752399], [9987041, 0.8582538758709], [9987484, 0.7457186719114863], [9989883, 0.7120259274167909], [9990308, 0.7309484912960765], [9991561, 0.8209562498474672], [9992856, 0.767902411781178], [9993583, 0.7196253837994975], [9995010, 0.8691106423255016], [9995011, 0.7818103729910274], [9995024, 0.7512094637018132], [9995589, 0.8403975302658482], [9996118, 0.9465095528281033], [9996483, 0.6639816334704306], [9997048, 0.7854129443259391], [9998119, 0.6909810945165871], [9998466, 0.8458541834166373], [9998467, 0.8105105886479178], [9998472, 0.7917895526951308], [9998557, 0.6327975249792971], [9998560, 0.6197032122180364], [9999181, 0.7506581256090313], [9999292, 0.6379954974917678], [9999347, 0.668597205182247], [9999556, 0.669515467693657], [9999582, 0.6076603017169636], [9999675, 0.6833631089015128], [9999684, 0.5582095981943832], [9999833, 0.9460169266682404], [9999848, 0.963638933338452], [9999849, 0.7245865746180634], [9999850, 0.611626565284887], [9999909, 0.859850430873908], [9999986, 0.7592457375230522], [9999993, 0.9138638242066083], [9999998, 0.41224154756929854], [9999999, 0.805206462232204]]}