{"seed": 483722198, "N": 10000000, "alive_speed": 0.8912778672797457, "non_threatened_speed": 0.8912778672797457, "survivors": [[54642, 0.825516942753229], [4396189, 0.7616917631601138], [4639620, 0.7579430644403196], [8463089, 0.7562392796971226], [9999992, 0.6038412704811672], [9999997, 0.513060507796256], [9999998, 0.34830093241800164], [9999999, 0.22813427560282373]], "still_alive": [[59687, 0.7463832864511237], [861148, 0.7529537883893354], [1157397, 0.7469508245456739], [1590022, 0.7493124388630737], [1591545, 0.746329054108265], [1606658, 0.7385311632429664], [1857891, 0.7566916397284782], [2459670, 0.8103330915562537], [2481795, 0.765567801681418], [2577266, 0.7571244124655206], [2577267, 0.7538006429211148], [3161804, 0.7464481854191268], [4192943, 0.7730661713543324], [4270596, 0.783449905700343], [4312375, 0.7735434644431018], [4330600, 0.7622549255722858], [4832815, 0.7516978931702588], [4938298, 0.7570455212191078], [4938359, 0.7532309113530528], [5249264, 0.7384108269240404], [5652169, 0.7620035822269137], [5677402, 0.7249089604008468], [5939237, 0.7533181482732195], [6544664, 0.7902155337680875], [6679041, 0.7525641394895367], [6762070, 0.7646598973511655], [6772759, 0.7667103528918208], [6772768, 0.7486021474330009], [6842213, 0.7647886552045716], [7045252, 0.7582829515351526], [7154743, 0.7523355297324684], [7291036, 0.7591606455409501], [7294061, 0.755946208571882], [7294746, 0.7378108650510037], [7370159, 0.7571930277930499], [7487294, 0.7733449311340127], [7499083, 0.7287073339965615], [7499122, 0.7180055230664759], [7540401, 0.717964072535112], [7939202, 0.7510129565482034], [8015817, 0.7628673248297555], [8084868, 0.7809609369854528], [8342665, 0.7696727504150259], [8352396, 0.762117831835327], [8467730, 0.7371638515209235], [8467955, 0.7337092992970488], [8567768, 0.7609509565574689], [8567769, 0.725647164381256], [8662818, 0.7094524610689852], [8679989, 0.7129677220766554], [8734912, 0.7402531031226203], [8870663, 0.7788865334446415], [8871040, 0.7771041719221241], [8888733, 0.7435700672586334], [8888734, 0.7175574032745046], [8891027, 0.6989899532623861], [8962848, 0.7217807758564557], [9029447, 0.7181892261439723], [9136342, 0.8035423001447731], [9179555, 0.7277102645801701], [9265418, 0.7576858769880686], [9274337, 0.7492853810130848], [9313678, 0.7779547854698805], [9344599, 0.7654670825259858], [9345666, 0.7306425797258054], [9351717, 0.7131710252268191], [9397068, 0.7436607848244036], [9527977, 0.8271085578924818], [9544274, 0.8134376244587532], [9544883, 0.7360912168915933], [9617028, 0.8343136980001777], [9617033, 0.832746891974408], [9617076, 0.7824952413209688], [9640085, 0.799454773816593], [9644274, 0.7380165025223256], [9715851, 0.8298227827034305], [9732774, 0.7965028928224346], [9738787, 0.7454540669694554], [9738788, 0.7450157533074226], [9738821, 0.7246218537251994], [9743724, 0.7015093829707197], [9759549, 0.7178618892031613], [9778380, 0.7628887179613182], [9790469, 0.7515622484081631], [9816844, 0.7868354368655849], [9827765, 0.7642122103998576], [9829096, 0.7428870011515698], [9832847, 0.7340718726853889], [9835422, 0.7113907818354048], [9849629, 0.7401728044055709], [9860556, 0.732839039223945], [9879855, 0.81239103349864], [9879980, 0.8015294829474451], [9882187, 0.7875651687270753], [9886842, 0.8030801091516248], [9889227, 0.7546297121925057], [9890546, 0.7318237682722973], [9896829, 0.7633339526961054], [9896842, 0.7352767666686333], [9902205, 0.7674015852576697], [9903090, 0.7293706580465996], [9913083, 0.6628003694425163], [9919582, 0.7051676979639337], [9928395, 0.7744632107294663], [9928404, 0.7230164042196651], [9933885, 0.7367086738563615], [9934450, 0.7300802103423293], [9947063, 0.8607026284153677], [9948066, 0.8446836674803171], [9948071, 0.7589034493808693], [9950582, 0.7292699973304619], [9951849, 0.7032438755129646], [9959430, 0.7732944176462795], [9961529, 0.7350027609428436], [9964780, 0.6787845153678552], [9971771, 0.752176607475567], [9974052, 0.8178751472038269], [9974053, 0.7434962801964039], [9982618, 0.8088594104686517], [9982623, 0.7576924154247621], [9984474, 0.7159003235183122], [9984535, 0.7008169376648766], [9985730, 0.7499382497387254], [9985785, 0.654778615843474], [9985834, 0.6008836280262885], [9989069, 0.7414555777094959], [9989070, 0.7365670498025366], [9990781, 0.7299121963210612], [9991216, 0.6880300875841014], [9991257, 0.6710832927369434], [9991258, 0.6663652981410476], [9993205, 0.8469107740625839], [9995382, 0.7473686803514454], [9996179, 0.873099731811953], [9996194, 0.6101718110037353], [9997757, 0.7786460324439207], [9997758, 0.7372741700297957], [9997815, 0.7154856375097172], [9998030, 0.7159935922864579], [9998217, 0.7526974452428984], [9998276, 0.77558899590635], [9998619, 0.7129178388704118], [9998784, 0.7260516000668029], [9998899, 0.7916373693674351], [9999048, 0.8673676650213233], [9999081, 0.6833614055107949], [9999088, 0.6202291127230102], [9999143, 0.6299296132404366], [9999412, 0.8594803277867482], [9999413, 0.6875219295743658], [9999414, 0.6377544944683123], [9999603, 0.5906481099745983], [9999764, 0.9164816734005793], [9999765, 0.8886251859431995], [9999808, 0.7283018598324277], [9999843, 0.7099842353725065], [9999906, 0.8169124596264867], [9999925, 0.832005298518956], [9999926, 0.8404243541065879], [9999929, 0.8396917294489525], [9999938, 0.8210657321739734], [9999949, 0.6370240946660264], [9999964, 0.8510444567313873], [9999969, 0.7504017065329992], [9999978, 0.7422603761952123], [9999985, 0.9178430903415149]]}