{"seed": 814, "N": 10000000, "alive_speed": 0.8883382296355496, "non_threatened_speed": 0.8883384961370718, "survivors": [[2, 0.8883384961370718], [83, 0.8844775169043464], [901226, 0.744170426764484], [9998509, 0.7357098686667055], [9999960, 0.6093850590580504], [9999975, 0.4901354350906362]], "still_alive": [[10586, 0.7472936361497077], [435843, 0.767964976810635], [458832, 0.7516853862237783], [464001, 0.7439161414175807], [810368, 0.7596564342005635], [843835, 0.7621386387151619], [872700, 0.7586729871216574], [873151, 0.7585917939056953], [902291, 0.7412177934576821], [941314, 0.7324458165677223], [1270399, 0.7375319681650039], [1541540, 0.760233640584962], [1792323, 0.7689543111956614], [1809786, 0.7702737964745926], [1810153, 0.7590283009330661], [2009644, 0.7719256099246737], [2023287, 0.7323156842150365], [2777816, 0.7592127689890058], [2779503, 0.7444545527340093], [2965956, 0.7439522575997379], [3226421, 0.7626264866026183], [3245832, 0.7643466755699636], [3247271, 0.7465250369582331], [3247582, 0.7290673699055887], [3621407, 0.7690538061041452], [3622582, 0.7632786268365422], [3683315, 0.7600692405642953], [3687318, 0.7458816361252163], [3780021, 0.7414899469945758], [3780558, 0.7255730816872693], [4326795, 0.7753742501597366], [4525990, 0.7623790988989202], [4525993, 0.751587331982568], [4702206, 0.7734411646761902], [4774157, 0.7551641877452908], [4774902, 0.7452213262662424], [4906595, 0.7608321304606882], [4906798, 0.750863379797591], [4906801, 0.7374081459010821], [5157374, 0.7704786068966952], [5329227, 0.7709143215609164], [5466632, 0.7447215730532851], [5851943, 0.7551300092981725], [5878126, 0.7556946446110693], [5878619, 0.7143574607216338], [6236354, 0.7817021229680898], [6237317, 0.767618865957976], [6249882, 0.7685437614840139], [6409425, 0.7849695038513368], [6531484, 0.7486328137158216], [6725871, 0.7539057546903731], [6837322, 0.7528071964676454], [6963979, 0.7477798142596889], [7082498, 0.7664168291133625], [7549291, 0.7861162232729544], [7549346, 0.7850722785793549], [7549705, 0.7739040274085796], [7551644, 0.7626498129069806], [7677167, 0.7203596099441684], [7801484, 0.7408023625882382], [7835415, 0.7371111835967553], [8089594, 0.7280122750899163], [8095311, 0.7216357964876213], [8095320, 0.7198842823634182], [8101925, 0.7180245190455301], [8102026, 0.7112460108590409], [8102177, 0.7045993522546261], [8424002, 0.8042672957159167], [8424159, 0.7433394830645729], [8432508, 0.7294129909100339], [8433381, 0.6980829175161272], [8551290, 0.7261176876218597], [8675405, 0.750993156643772], [8706080, 0.7645768167637169], [8825415, 0.7487353323365229], [8867366, 0.7652722997280134], [8952633, 0.8261932154650543], [8994672, 0.7548082660289067], [9068219, 0.7121861831640783], [9086810, 0.715679420272908], [9170321, 0.7681049120240383], [9184270, 0.7604446322372533], [9264533, 0.7652300484607095], [9268600, 0.7638966050311211], [9268679, 0.7583049914155585], [9337680, 0.7388001971021626], [9343335, 0.7204632037113478], [9419166, 0.7702885886176238], [9426971, 0.731025799783773], [9470336, 0.745395937524577], [9470689, 0.7330387734601195], [9573008, 0.7129816595514203], [9641451, 0.7191248472736366], [9668932, 0.755078658363777], [9679465, 0.7294072211385795], [9708368, 0.7344212789719803], [9708519, 0.7330808297611149], [9716556, 0.7533380680001575], [9746465, 0.8310000636011404], [9746946, 0.8258218819286126], [9752275, 0.7539471372024689], [9803048, 0.7841050324565811], [9835339, 0.7743480076486389], [9835414, 0.7553775729005198], [9837317, 0.7018665195926129], [9837320, 0.67031485794923], [9861487, 0.720031084249605], [9876150, 0.7652975701103291], [9880045, 0.7657927382695968], [9884278, 0.7894670140427748], [9889631, 0.8039994686375943], [9889714, 0.8028806101391186], [9903159, 0.7767446481233351], [9903162, 0.7724287566309639], [9910267, 0.7904588946477169], [9914242, 0.7831847245352513], [9918019, 0.7106058641556583], [9924706, 0.7467030195435089], [9928481, 0.7782216706009703], [9930250, 0.7664554897947268], [9931877, 0.7763886980016147], [9945954, 0.7354323402027093], [9945965, 0.7042134397079878], [9953830, 0.7041496418208303], [9958561, 0.7710787288119769], [9963198, 0.7638807805228125], [9963199, 0.754834356962977], [9963208, 0.7315570614293465], [9965583, 0.7748385910077248], [9966982, 0.774869414841772], [9966985, 0.7675141538993815], [9967480, 0.7674046161278835], [9969479, 0.7427479328155535], [9970508, 0.7678804278800951], [9970543, 0.7577150654530559], [9976924, 0.8397732515076941], [9980729, 0.7639738560402282], [9983512, 0.7872687484064178], [9985607, 0.8416968321877147], [9985864, 0.7988488886885143], [9986473, 0.8067709649685546], [9988172, 0.8193921003275277], [9988177, 0.8013146728625582], [9988182, 0.7371711118442753], [9990769, 0.7057458383052626], [9992230, 0.8310501235075178], [9993219, 0.6889301076515969], [9993562, 0.7232029640370133], [9994561, 0.7950874089677179], [9994668, 0.7641518302702676], [9995165, 0.7429329585632096], [9995338, 0.6311127788844717], [9995701, 0.6722678829740718], [9996720, 0.6510965044592392], [9997227, 0.6845395127078353], [9997982, 0.7654551755401079], [9997993, 0.7137618415753141], [9998402, 0.8295953740080988], [9998421, 0.7839545212601164], [9998430, 0.7672779501957151], [9998526, 0.6282978021146088], [9998645, 0.6474960297315727], [9999072, 0.5997320187876098], [9999285, 0.7308763285415117], [9999446, 0.903466873224549], [9999523, 0.9346031130878293], [9999562, 0.8535520420619621], [9999609, 0.8007245790117511], [9999706, 0.8213618711655386], [9999737, 0.8341781381012665], [9999768, 0.9109846322337919], [9999781, 0.9049712830020418], [9999848, 0.5306550382935368], [9999869, 0.47742754303125157], [9999958, 0.9753179054812793], [9999959, 0.9284794097170997], [9999988, 0.4108732547121575], [9999995, 0.46241651491669356], [9999996, 0.07256029213375803], [9999999, 0.16333098728746787]]}