{"seed": 177791824, "N": 10000000, "alive_speed": 0.8205454947320191, "non_threatened_speed": 0.8207031517917126, "survivors": [[1920, 0.8207031517917126], [2783, 0.7931502904434081], [11092, 0.7837029178852657], [1592087, 0.7693461681561421], [2633120, 0.7663592368168162], [2633227, 0.760149799744751], [5531568, 0.757692404922622], [5639291, 0.752660737069389], [5646798, 0.7508716645426314], [9955181, 0.7447782327721713], [9999080, 0.6642901861336573], [9999243, 0.6281435118745251], [9999248, 0.6164365828788546], [9999999, 0.20438765887517363]], "still_alive": [[22971, 0.7468552398429534], [537118, 0.7783540362605087], [956309, 0.7409333153817044], [1590754, 0.78554733877477], [2422370, 0.7578630527253198], [2630071, 0.7662871469911273], [2889106, 0.7156697662801309], [2925809, 0.7157178576653702], [3434770, 0.762079168303448], [3641725, 0.7698486394778268], [3746170, 0.7720892550213401], [3746635, 0.7620641098421209], [4100544, 0.7842841024725459], [4395917, 0.7928938589878973], [4418578, 0.7575345539489047], [4835999, 0.7944067131308764], [4838600, 0.7521394487309467], [5095347, 0.768663399139077], [5095354, 0.7579339486807183], [5095939, 0.7548332150844931], [5423028, 0.794491487740184], [5474565, 0.7700113214093104], [5547025, 0.7443010114232019], [5638542, 0.7528728495942714], [5752235, 0.7367232239147022], [6039016, 0.7605386795857395], [6226445, 0.7896960425295986], [6246302, 0.7924767417352891], [6337381, 0.8042169579139556], [6405018, 0.7483287814094881], [6419109, 0.7357583088743286], [6429430, 0.714517387498267], [6948401, 0.7470362338844136], [7099296, 0.7658815527581512], [7104947, 0.7502454630272327], [7104972, 0.747755668746675], [7203923, 0.7446667837474374], [7204192, 0.7422383234262568], [7205173, 0.7240679936709813], [7522464, 0.7600621278955026], [7849849, 0.8077750900535539], [7882076, 0.7988932957343525], [7882077, 0.7969863330085215], [7903070, 0.7740058884969051], [8052937, 0.7868692616811305], [8059352, 0.7786724763100152], [8059353, 0.7360421556285989], [8228022, 0.7833892738635633], [8276611, 0.7495737506356447], [8300252, 0.7355738834335779], [8365769, 0.7008358098011933], [8491296, 0.7110094066326202], [8543629, 0.7285777821484325], [8544412, 0.722228408692003], [8717029, 0.7801388002931858], [8717196, 0.754900410776432], [8755461, 0.7534158273440051], [8765374, 0.7553708256036943], [8770149, 0.7363752153687217], [8877952, 0.7946485620151849], [8896971, 0.737859371279369], [8940958, 0.7680288959854918], [8941297, 0.7513444349904921], [9037540, 0.8085144120017665], [9054179, 0.8096157502183385], [9057464, 0.7765899754902742], [9063709, 0.7810475344294878], [9124388, 0.7977455908104095], [9124537, 0.7534721366800377], [9215192, 0.8146970469001948], [9234199, 0.8275850480118033], [9239570, 0.8047191823735439], [9240225, 0.804275550203753], [9252148, 0.7824088308163636], [9252277, 0.7609728974987626], [9269204, 0.7760462572635142], [9298241, 0.7904545580765401], [9327520, 0.7173330945491768], [9359829, 0.7241019726524304], [9491786, 0.8495838148840353], [9498531, 0.7733250768379742], [9525296, 0.7309873071109103], [9534487, 0.7354563974731712], [9562824, 0.73064470701316], [9604771, 0.7431450558142619], [9621404, 0.74987134975524], [9678765, 0.7718515765065159], [9678772, 0.7524248719150541], [9707871, 0.7524443252739942], [9729246, 0.7694650468776404], [9818135, 0.7705092062577669], [9862442, 0.9054580597546884], [9862797, 0.8288404804846288], [9863180, 0.7854357592659879], [9870209, 0.7165982400256159], [9886680, 0.8085192746120003], [9886971, 0.7357606996477991], [9890022, 0.7426464505857383], [9896173, 0.7851471949322099], [9898236, 0.6030922276040459], [9915511, 0.7138325762110165], [9927632, 0.748610711943003], [9929849, 0.7715012974728288], [9930046, 0.7585619422309412], [9933075, 0.730447558944357], [9936350, 0.7301949081973488], [9946403, 0.838892330966551], [9952682, 0.7653887251028274], [9959896, 0.6840625655086854], [9968867, 0.7210667987671137], [9969626, 0.669277425269945], [9970783, 0.6846320495169274], [9978244, 0.8148401118898019], [9978783, 0.7273801134681657], [9981778, 0.7239000742256615], [9984103, 0.7542232633152656], [9984152, 0.7530842060327247], [9989869, 0.8227979473734667], [9990520, 0.6667261937157279], [9991069, 0.6557124519380866], [9991070, 0.6515608495862688], [9993945, 0.7646613287575911], [9994002, 0.7292475675563033], [9994819, 0.8199733810915313], [9995320, 0.7692605916478493], [9995359, 0.6895256971370677], [9997532, 0.7642054733940403], [9998099, 0.9005398610409354], [9998174, 0.8349832991650331], [9998235, 0.8135299759180481], [9998438, 0.7476146987560556], [9998585, 0.7924807459745099], [9998858, 0.6643024955731093], [9999079, 0.6904435419128451], [9999543, 0.6444028715836857], [9999720, 0.7738246434065374], [9999837, 0.6395035856486021], [9999944, 0.7819485816360396], [9999945, 0.71567996330527], [9999956, 0.36609934150049817], [9999983, 0.6360429930905158], [9999990, 0.7797185222617131], [9999991, 0.7978457209001159], [9999994, 0.792284837964945]]}