{"seed": 177791905, "N": 10000000, "alive_speed": 0.7965068036819039, "non_threatened_speed": 0.7965068036819039, "survivors": [[35774, 0.7796535697944283], [115531, 0.7796270122917976], [187672, 0.7772777111320006], [2946915, 0.7532088957962225], [9058006, 0.7460527379456441], [9455221, 0.7327015570933015], [9994714, 0.7307667789789588], [9997783, 0.7073327866984324], [9998688, 0.7025508408495055], [9998721, 0.5883537480688912]], "still_alive": [[189487, 0.7546629206462637], [433972, 0.7699290603210732], [470195, 0.7697823949747535], [1301246, 0.7715603990588294], [1449031, 0.735268014622709], [1924864, 0.7687984178837792], [1985819, 0.7723849668839388], [1987096, 0.7441084917458847], [2575705, 0.7711283444428372], [2937478, 0.7753441659820203], [4179348, 0.7497740467493761], [4316945, 0.749240010643736], [4636030, 0.7629010226310771], [4659115, 0.7640822395046896], [4733606, 0.7525943413192413], [4735991, 0.7473775768980357], [4758882, 0.7471518320278409], [4813285, 0.7543004484397933], [4900180, 0.7510637994572756], [4911375, 0.7476657363629431], [4919564, 0.7350532159553518], [5080571, 0.7553856709587902], [5088630, 0.7333674354413483], [5257111, 0.7482162636648538], [5521860, 0.7920896958203395], [5578853, 0.776400241954478], [5624844, 0.7470293704247307], [5625907, 0.7329367965407647], [5727608, 0.7076402480226318], [6118277, 0.7437514272786426], [6120158, 0.7392428904867461], [6152903, 0.7423968367569765], [6296362, 0.7631906485620528], [6307913, 0.7476269588896791], [6453950, 0.7528212756031147], [6732221, 0.7856592263686295], [6808900, 0.7664255812362744], [6836633, 0.7587127113935991], [6846216, 0.7599675161746285], [6858803, 0.7392647328663792], [6965598, 0.7402437077289781], [7020469, 0.751449318272314], [7032264, 0.7419084985987253], [7326449, 0.7957686338690326], [7326670, 0.7906353149029889], [7523925, 0.761760290388085], [7523926, 0.7597446272716828], [7797873, 0.8033148642497652], [7814602, 0.7916017730826289], [7843653, 0.7832056331576215], [7887844, 0.7426395321893533], [7891647, 0.7140578866226188], [7987502, 0.7455289326729638], [8010089, 0.7243701340763042], [8168316, 0.7840955568336032], [8249335, 0.7906744781875215], [8251580, 0.761525854049114], [8290765, 0.768350751796135], [8290964, 0.761073932975318], [8298629, 0.7305928713844304], [8317372, 0.7086508295244133], [8457481, 0.7374543701779231], [8464028, 0.7196868254934196], [8472027, 0.7150876544229312], [8483266, 0.7011348467016885], [8639599, 0.7340564301465237], [8643962, 0.7311712710307661], [8772825, 0.771123320275902], [8773158, 0.7562295330886719], [8773325, 0.7546139959616245], [8790062, 0.7343345132490166], [8849143, 0.7561717759376434], [8850160, 0.7522257923783142], [8889993, 0.7682541677475171], [8902046, 0.761899819218051], [8910081, 0.7547712832527622], [8934466, 0.7410124444387118], [8942769, 0.7467319956708016], [9021334, 0.8026424155330205], [9021353, 0.7989457056527867], [9032236, 0.7503829199778727], [9056367, 0.7498391244997101], [9080677, 0.7406940767413089], [9080738, 0.6912254409549068], [9192163, 0.7515653626745284], [9194600, 0.7466122466867369], [9251801, 0.7037346193656903], [9294540, 0.7246336957821555], [9306795, 0.7330507895866398], [9323474, 0.7230277135517211], [9323553, 0.717636188310344], [9336510, 0.7307287501900328], [9348913, 0.7166447210301303], [9402968, 0.7256069853319073], [9451347, 0.7510935085126528], [9451944, 0.7339645178245591], [9462670, 0.7292156873165299], [9476887, 0.7169548616622904], [9498874, 0.7422647977721334], [9510193, 0.7565365748396444], [9510194, 0.7406899850315101], [9510207, 0.7195472971770505], [9548650, 0.7497123216966989], [9604077, 0.798331759683012], [9606974, 0.7913880523155339], [9615967, 0.7770924613712438], [9616920, 0.7355392174843235], [9618203, 0.7212875957981024], [9637930, 0.7077359368448826], [9706165, 0.8252789829840745], [9710122, 0.771733978675381], [9710127, 0.7388387892190588], [9720182, 0.7518358107583136], [9742517, 0.7469202545598895], [9748050, 0.7339631836793051], [9776353, 0.7411671302313843], [9781058, 0.7370655654529117], [9799499, 0.7621586154704105], [9802240, 0.7492145015713441], [9808317, 0.7180984410229115], [9819078, 0.7339418659756397], [9833725, 0.7380687865840204], [9839646, 0.7609276222165899], [9858025, 0.7664159903431775], [9858178, 0.7489939767989713], [9858477, 0.744598744057621], [9864366, 0.7566866050517287], [9870089, 0.7648022694394232], [9874632, 0.7867952001076728], [9875155, 0.7831995601565662], [9883202, 0.831489701294695], [9890983, 0.7989076004221176], [9895688, 0.8139296094500136], [9898657, 0.7779806477064932], [9899342, 0.7616949812225767], [9908127, 0.7901007128153595], [9911670, 0.7522889261081657], [9915367, 0.6825483299507884], [9921094, 0.7128188091245125], [9937549, 0.8170373724639239], [9937894, 0.7670630557137952], [9938785, 0.7661930775433933], [9944522, 0.729071769321408], [9951257, 0.7321679658055664], [9954852, 0.770207974819939], [9954853, 0.7538100493735416], [9960644, 0.7393359737437409], [9968275, 0.6825783165877211], [9973620, 0.7533826992236958], [9976445, 0.7859617408780256], [9976452, 0.7771908982327843], [9976453, 0.7206499864401534], [9982208, 0.869454731710621], [9982873, 0.7828016695789937], [9982874, 0.6954507370724311], [9983823, 0.6938489481009835], [9987620, 0.8193023200207591], [9987641, 0.7791235986712294], [9987836, 0.7718574800524066], [9989201, 0.8614841249007622], [9989246, 0.7204460385400564], [9990471, 0.7207808641979631], [9993702, 0.7957224944235269], [9994235, 0.7669762900982883], [9994877, 0.7115140361247521], [9995434, 0.6970838546101119], [9996987, 0.7977759458298513], [9997000, 0.7477740843751649], [9997363, 0.8373817987766438], [9997594, 0.7696027642952503], [9997962, 0.6645298286934206], [9998679, 0.731806945097551], [9998752, 0.49049834658493185], [9999045, 0.554516422365401], [9999048, 0.5202284078002443], [9999057, 0.5187928680297186], [9999282, 0.5933194302818287], [9999619, 0.9633839386208856], [9999658, 0.7641326883915729], [9999707, 0.7620990626143165], [9999708, 0.6636333909548178], [9999851, 0.7815046863571097], [9999884, 0.7635323056197209], [9999933, 0.8600038775081721], [9999958, 0.45896961469081154], [9999985, 0.551490892693111], [9999986, 0.32503296103512136], [9999997, 0.7644664687469919]]}