{"seed": 942755626, "N": 100000000, "alive_speed": 0.7882471402572783, "non_threatened_speed": 0.788249323707883, "survivors": [[276, 0.788249323707883], [6275, 0.7850470753764857], [1181874, 0.7746854713119693], [1462389, 0.7739626201896743], [80033646, 0.7559936567173126], [99962175, 0.6948705136743474], [99962644, 0.6942202519536137], [99999907, 0.5924923925213484]], "still_alive": [[2076796, 0.7585394038510043], [2388017, 0.7563889142205288], [2801564, 0.7480804164009328], [6976137, 0.7703535788923459], [7010758, 0.7706297623592644], [7684777, 0.7694884021183925], [7899466, 0.7641473775652956], [10658517, 0.750013018904972], [10850292, 0.7498229627775321], [16375829, 0.7725977081495642], [17633356, 0.7776507029610081], [20689563, 0.774104629915876], [20922926, 0.7461097637565011], [22134479, 0.7463450837966461], [26603568, 0.7607303169392721], [28418579, 0.7709341538713024], [28484182, 0.7694887224505894], [28485317, 0.7527847569058894], [29198574, 0.7560573952433131], [29198575, 0.7554319263966052], [29198972, 0.7475603005288254], [29198973, 0.7389759556732006], [31665718, 0.7454491166046863], [33034327, 0.7412545068422896], [33041232, 0.7400705291103302], [36213399, 0.7721277421413147], [36227706, 0.7691808963616995], [36230969, 0.7628855260869644], [36441746, 0.7626409406712714], [36550057, 0.7568561006538328], [36761208, 0.7532688269939531], [36927949, 0.751166345416538], [40042742, 0.7875980712224642], [40270891, 0.7646338001871849], [40400934, 0.7470143395139396], [40413895, 0.7424806956468437], [40416330, 0.7370375686442593], [44492803, 0.7793240780390143], [45177546, 0.7880695521650838], [46086289, 0.7459024737047051], [48088386, 0.7461915865010996], [49349439, 0.7427561743844759], [53009018, 0.7598429813505039], [53009515, 0.7569032321304122], [54041872, 0.7574783441275993], [54699333, 0.7677280228602577], [57337066, 0.7576224422129282], [57681089, 0.7556023500430414], [57681226, 0.738037467194773], [58871039, 0.7494391182896332], [60724918, 0.7647949893121485], [60789493, 0.7549777075872042], [61561320, 0.7460079979408943], [61570333, 0.7427559678877287], [63951026, 0.7859201669967968], [63982913, 0.7693426217029568], [64158976, 0.7645001135509311], [64236161, 0.7556442055194204], [65117838, 0.744515367976597], [66290897, 0.7426685648235316], [67171172, 0.7614116426561092], [67171189, 0.7540721340085569], [68424524, 0.7672129458180789], [68563207, 0.7542381331236723], [69390554, 0.7468257850170849], [70170431, 0.7390413557777864], [71178750, 0.7643474343153234], [71181165, 0.7641789060903583], [71182026, 0.7498179930623292], [71489055, 0.7508522080686579], [72462132, 0.7650163105756682], [73323053, 0.7658398632019083], [74327680, 0.7651583910075477], [74327725, 0.7562323706245047], [74587834, 0.7600135225713366], [74886527, 0.7382411119424004], [75316148, 0.7507684737356513], [78644583, 0.7743889160827228], [78854800, 0.7634480118614299], [79957647, 0.7909198819738344], [79962986, 0.7622247882112942], [80033245, 0.7582678165733089], [80146479, 0.7432214745337182], [80629812, 0.7477013746588628], [80630255, 0.7423704910073341], [81332952, 0.7441538205759035], [81789363, 0.7463864857083513], [82475144, 0.7445562665138865], [82475351, 0.7417269641802778], [82984118, 0.7507010440573102], [83442575, 0.7661822226946298], [83675478, 0.7612585096420389], [84653433, 0.788683086399133], [84814790, 0.7549877898872384], [84902739, 0.7572498430211396], [85034086, 0.7615243467042911], [85038615, 0.748634752275576], [85332506, 0.7631606425707191], [85334289, 0.7509459346336758], [85359184, 0.7503706252374251], [85749219, 0.7672953047368692], [85867584, 0.7674015518288082], [85931901, 0.7400992199161509], [85992636, 0.7372143305776155], [85992705, 0.7276963320551231], [86309512, 0.742828691429915], [87403617, 0.7784279696379632], [87448048, 0.756767205270886], [87874669, 0.7658030201717397], [87892516, 0.763856091459192], [88056063, 0.7653357164400727], [88059666, 0.7593319570227349], [88064389, 0.7527443404780463], [88429222, 0.7521264373958321], [88613507, 0.7569256261808758], [89105162, 0.7652636887106076], [89794233, 0.770878858193429], [90850500, 0.7457563862515203], [90919577, 0.7478777966328234], [90932052, 0.7310380626304271], [91171395, 0.7402025103522686], [91206870, 0.7378509317236994], [91206883, 0.7168031495200655], [91400316, 0.7125897103998335], [92192233, 0.7828928142383955], [92195380, 0.7806366576261811], [92206695, 0.7444772415607787], [92603328, 0.7190725261234046], [92953107, 0.7378203060791119], [92991260, 0.7397114266604508], [93032571, 0.7420117018103765], [93274566, 0.7606921280296255], [93338357, 0.741235792510818], [93437404, 0.746201665678895], [93830339, 0.769918592279963], [93861274, 0.7574325317578797], [93863901, 0.7556978592993346], [94154000, 0.764001101838391], [94159009, 0.7560451831733838], [94159484, 0.746646173965544], [94160909, 0.7454458513063632], [94418882, 0.7710432135245074], [94632629, 0.7692866436967611], [95006982, 0.7346201109522599], [95129897, 0.7447080411667023], [95130452, 0.7385403373182269], [95444251, 0.7467172680561557], [95588182, 0.7551889079978583], [95913061, 0.8062601955630125], [96079138, 0.7577614395552115], [96337577, 0.7514572771435385], [96447608, 0.7356700165486891], [96461685, 0.7353390994297688], [96557964, 0.7227764844271319], [96557989, 0.6930472499202058], [96798750, 0.7276687177667394], [96983861, 0.7410528231675879], [97296040, 0.7545261656960283], [97301233, 0.7464354473645223], [97464764, 0.75349979853413], [97694809, 0.7568212848182513], [97694862, 0.7543891773436717], [97788513, 0.7428417256135647], [97802456, 0.7428364862406914], [97823045, 0.7399183807305585], [97871458, 0.7395358238824534], [97970993, 0.7094428923678439], [97979062, 0.7095243159137291], [98024093, 0.7121296575307265], [98203352, 0.7311086198640913], [98305743, 0.7376650574140055], [98305798, 0.7208630673431229], [98487983, 0.7571272238213528], [98618988, 0.76238029055904], [98718063, 0.775978942522925], [98745264, 0.7703023536310305], [98755987, 0.7694245434803897], [98791618, 0.7529582453371862], [98803017, 0.7391942375557834], [98840832, 0.7264566719663335], [98915215, 0.7321296579733186], [98952002, 0.754720265959728], [99071515, 0.7793294792925889], [99071526, 0.7762196214303662], [99080977, 0.76650935204197], [99146786, 0.7839711976815601], [99146899, 0.7836639095224541], [99162214, 0.7592211761703213], [99183987, 0.7732032887635321], [99254850, 0.7649151703816357], [99290019, 0.7840380472498837], [99295572, 0.7804695772148914], [99312817, 0.7882941646760065], [99358002, 0.7462432764417085], [99428781, 0.8027834909582313], [99428784, 0.7855091050961895], [99461589, 0.8040016382092043], [99465962, 0.7987566848233186], [99466007, 0.798312916518555], [99467834, 0.7329084107640342], [99531947, 0.7825084626512693], [99576060, 0.8018042423603263], [99577143, 0.7849744765720964], [99578146, 0.7528738109056957], [99578567, 0.71006884565194], [99578648, 0.6699961770676742], [99640929, 0.7747691547866721], [99658436, 0.7727322384366897], [99659021, 0.7551003386888634], [99690594, 0.7998555330532028], [99691217, 0.7122503291586002], [99708182, 0.7204222086121609], [99762295, 0.775942358155116], [99769928, 0.7939688641992932], [99774225, 0.7728760975834803], [99779624, 0.78014113465597], [99786501, 0.7401617245872941], [99795370, 0.7713768552145057], [99809965, 0.8124561371254078], [99824272, 0.7921236732524861], [99830309, 0.7991912618233683], [99830320, 0.7608971502445714], [99857535, 0.680470454507675], [99883978, 0.7795820339606984], [99884229, 0.7170479210708844], [99908370, 0.8570303521492738], [99908377, 0.8302455090317179], [99909060, 0.7451402436060419], [99911157, 0.7453916679896998], [99911348, 0.7427488468561665], [99911359, 0.733613761602359], [99925324, 0.8180848652725763], [99925427, 0.7975983031496647], [99927040, 0.8072406433125928], [99930279, 0.7106808680591808], [99935310, 0.7519898434179483], [99935433, 0.729015485362131], [99942214, 0.7920454027006987], [99942385, 0.7178950669974099], 