{"seed": 928126115, "N": 10000000, "alive_speed": 0.7833384886941067, "non_threatened_speed": 0.783808068060724, "survivors": [[5990, 0.783808068060724], [171915, 0.7630051112015217], [6549770, 0.7480980490701297], [9999953, 0.6926390999107687], [9999966, 0.6014054715709222], [9999999, 0.5017583786530938]], "still_alive": [[258802, 0.7565392808863255], [520159, 0.7614736401281712], [689474, 0.7499591289359774], [748895, 0.7503407351030917], [1076096, 0.768606382940442], [1107169, 0.7525535487668569], [1107266, 0.7432051924483485], [1558279, 0.7445245316603903], [1753308, 0.7456306506961031], [2087927, 0.7398599640596892], [2112930, 0.7344564504045871], [2115371, 0.7172863874954374], [3368008, 0.8122783287639102], [3423061, 0.8017226807986048], [3425810, 0.7747033891220356], [3473389, 0.7181757217180579], [3754656, 0.7478472176427605], [3761173, 0.7444078531542475], [3762182, 0.7393666498937849], [4383775, 0.794495658116162], [4452542, 0.7443213272401845], [4583543, 0.748628878429573], [4584538, 0.7482759016423387], [4756959, 0.7523487165010586], [4759172, 0.7394217896038309], [4867729, 0.7399886463453663], [5028948, 0.7466366192995649], [5776517, 0.7788679694203912], [5776634, 0.7638483462397251], [6087025, 0.7837109067104254], [6368600, 0.7723310255502903], [6414227, 0.7661865124990791], [6460154, 0.7466349861266115], [6528729, 0.7558167037350136], [6531410, 0.7544519396623773], [6549453, 0.7577157470627255], [6574567, 0.7258265692863008], [6575092, 0.7118692567361089], [6981607, 0.7503705594966779], [7180188, 0.7275110378990568], [7330915, 0.7549972684287578], [7472596, 0.7969217600864187], [7482039, 0.7410265589594897], [7685160, 0.7877241451486923], [7709437, 0.7696908969601198], [7770176, 0.7781127749178121], [7774025, 0.7611183484476975], [7787158, 0.7585131233727568], [7787209, 0.7544892245349748], [7946406, 0.7668735658117624], [8019135, 0.7887406952760883], [8065924, 0.7501112237169038], [8229901, 0.7921933093125205], [8320362, 0.7931766692310706], [8322303, 0.7627611023953007], [8323260, 0.7014755498885775], [8683935, 0.8125255401710617], [8703372, 0.8126445171828484], [8746355, 0.7395112271454842], [8876398, 0.7394149441267589], [8969849, 0.785679383310275], [8972240, 0.7395207468081514], [9058191, 0.7258825719367458], [9178374, 0.7428434180340608], [9178441, 0.740427383592114], [9185802, 0.725838307708454], [9185997, 0.7245860459807927], [9290352, 0.7855164379833536], [9303317, 0.7859523920687209], [9317820, 0.7504163882759499], [9346485, 0.7589601848578948], [9362888, 0.7653159205631839], [9379371, 0.7279069920443673], [9504814, 0.7773879357338117], [9565575, 0.7989736312600363], [9568516, 0.7778260369543764], [9616683, 0.8497503325080396], [9619598, 0.7636418278825376], [9624607, 0.7403137646503555], [9639700, 0.7321736859625924], [9642917, 0.7271048358429254], [9643534, 0.7078312841879857], [9712023, 0.7645378312246265], [9712124, 0.7327383091976567], [9741927, 0.7732782115736272], [9745410, 0.7823482133519941], [9758555, 0.7630274984216854], [9761352, 0.7519796818011422], [9761357, 0.7076465449992818], [9794900, 0.795380174032405], [9804259, 0.7257745793590877], [9804260, 0.7236968307437295], [9804591, 0.7161391964820423], [9837006, 0.746186380044476], [9842851, 0.6595801135086329], [9871028, 0.7630706060054558], [9871031, 0.7431663949729898], [9875016, 0.7524256930050763], [9879039, 0.7713083011058862], [9879948, 0.7674130114220077], [9881099, 0.662862787369044], [9887768, 0.6592789776754912], [9897681, 0.7066573167462412], [9903360, 0.7232279515323143], [9920655, 0.8476189302121645], [9931196, 0.8203427829791611], [9944237, 0.7959525991373754], [9945410, 0.8119554488123664], [9945411, 0.7756707366926272], [9951256, 0.7931381770134605], [9955155, 0.7839365521873937], [9957886, 0.7694825558889856], [9959631, 0.6749418670209748], [9962392, 0.7012362412444915], [9964713, 0.7298183104862518], [9968542, 0.7352642636345657], [9971721, 0.7385447727248646], [9973582, 0.7467347114760559], [9973707, 0.7365096893668528], [9975212, 0.7713213554262117], [9977689, 0.8252985216491966], [9978956, 0.8741613250948607], [9979065, 0.8479330822420086], [9979260, 0.815602891212711], [9980947, 0.8120801261106354], [9981076, 0.6970192078525067], [9985149, 0.7474760103071608], [9988506, 0.7502027660466095], [9989825, 0.8269541235850609], [9989846, 0.7950948470720256], [9991463, 0.7357212134824278], [9991506, 0.6911625099363685], [9994121, 0.7890858064364327], [9995892, 0.6539084518178186], [9996267, 0.6776871607201361], [9996380, 0.5848939282656519], [9998265, 0.8495539238460585], [9998266, 0.7936487314415203], [9998645, 0.7821858844736025], [9998734, 0.7680406043933821], [9999181, 0.8404084594707764], [9999404, 0.6681685278872452], [9999621, 0.7134511062794947], [9999626, 0.7204760653364417], [9999729, 0.824190969390638], [9999732, 0.7738403994824675], [9999799, 0.6127392705158899], [9999830, 0.597611781328622], [9999867, 0.7143897866250827], [9999878, 0.6969315042675179], [9999929, 0.7916167964951495], [9999938, 0.8273470801819406], [9999979, 0.42475631126165514], [9999990, 0.5170757299705844]]}