{"seed": 177791825, "N": 10000000, "alive_speed": 0.8247021583599803, "non_threatened_speed": 0.8247931330334564, "survivors": [[1102, 0.8247931330334564], [222497, 0.7819531357534006], [4146592, 0.7538819992800886], [5476393, 0.746725749030085], [5478174, 0.7436909343364908], [9693297, 0.7422349765049259], [9973852, 0.7337307226764317], [9973855, 0.717444329572662], [9973856, 0.7082245945404931], [9974305, 0.6973314107658164], [9977818, 0.6704907107311339], [9999911, 0.587688993395153], [9999988, 0.4127389787339033], [9999999, 0.09123181060623098]], "still_alive": [[68499, 0.7873009865897483], [207382, 0.796503151601583], [788628, 0.7569050964413023], [792133, 0.7360016821153272], [792134, 0.7310671806651411], [792307, 0.7272857104470507], [1127566, 0.7349838242926494], [1950263, 0.8065109465712558], [2044786, 0.7800210571173594], [2098531, 0.7663524031873329], [2228018, 0.7618197233116718], [2282763, 0.7615560717312995], [2441204, 0.7538930129511174], [2789883, 0.7404644594663055], [2941792, 0.7539128967738703], [2950227, 0.7466911400860783], [3422992, 0.7819284179833198], [3422997, 0.7752309258018312], [3422998, 0.7692246781635885], [3679847, 0.798290049443473], [3834844, 0.7372075532870039], [4027659, 0.7516032922823781], [4303905, 0.7456208886886945], [4451072, 0.7544866790317005], [4477627, 0.7523616092167779], [4601674, 0.7319345605217774], [5025197, 0.7710735546373091], [5447624, 0.7591053415501846], [5520797, 0.7433437967499172], [5704788, 0.7517683974606956], [5843191, 0.7364749749787292], [5843410, 0.7349228287451938], [5892833, 0.7378543379561883], [6029308, 0.7275541758046375], [6041921, 0.7026213242431454], [6045026, 0.7003026036343265], [6450543, 0.7411831230051006], [6707826, 0.7532957658259202], [6961769, 0.7639631467174235], [6961790, 0.7322180282829203], [7029665, 0.7454838661380615], [7089110, 0.752141470139603], [7096875, 0.7466144261635581], [7218146, 0.7420056141526001], [7302207, 0.7621388102692715], [7309090, 0.751979588483867], [7311635, 0.7118769187757756], [7841962, 0.7407320338172642], [7871787, 0.7482669526186326], [7991470, 0.7822797398532636], [8040701, 0.7599574619365915], [8081844, 0.7618232047029126], [8082191, 0.7469238644181725], [8127816, 0.7578607683421291], [8128289, 0.702049633780044], [8128296, 0.6903995811500518], [8310155, 0.7561772585659201], [8357794, 0.7484515837246875], [8359003, 0.7484870620973716], [8361790, 0.7341610210932168], [8368021, 0.7343472334287424], [8414652, 0.7486243314350517], [8414861, 0.7423016311708648], [8415720, 0.7286198309442449], [8426923, 0.7155964492601908], [8487688, 0.7220589968328889], [8583121, 0.758265007012318], [8682702, 0.7539375478247393], [8682927, 0.750642486642498], [8891660, 0.7511769254532303], [8891665, 0.7388326612604137], [8932992, 0.7545545878468325], [9013007, 0.7378041821777644], [9118328, 0.7669560206882985], [9125307, 0.7584387654161481], [9133652, 0.7294776523005442], [9137137, 0.7319723332322918], [9166806, 0.7216069235214752], [9238475, 0.7581212796577348], [9294072, 0.7566507264368677], [9313907, 0.7197743758358205], [9347512, 0.7512743310092558], [9365901, 0.7666415131208644], [9493414, 0.7498349343484966], [9493631, 0.7318967315206544], [9553768, 0.7066064579111616], [9573099, 0.735304652227039], [9573102, 0.7140864528309775], [9580997, 0.7267777039714323], [9582852, 0.7031713731207635], [9636541, 0.7939533874627654], [9644862, 0.7781910976353432], [9649567, 0.7588799602197792], [9661260, 0.771537114179832], [9670751, 0.7811276968301747], [9689886, 0.7592406670016], [9695018, 0.72957533617648], [9719137, 0.6537760889199022], [9746926, 0.7126800239864657], [9788057, 0.7431378654435621], [9815940, 0.7886986280412823], [9815943, 0.7505910687069541], [9821194, 0.745112511838859], [9821207, 0.7360472836153183], [9831266, 0.7549520512680072], [9831777, 0.6930666039955866], [9866958, 0.7778245444100726], [9869491, 0.7500304623322783], [9870754, 0.6754910624656154], [9891127, 0.7644755556752945], [9892848, 0.7325404624720107], [9892919, 0.7280059553072095], [9913236, 0.8228550705708331], [9915385, 0.7793438361629412], [9916548, 0.7158226302205734], [9924949, 0.7212871747691362], [9946710, 0.821029642933112], [9946815, 0.8010823329519728], [9947076, 0.7844758921091524], [9948019, 0.7974057266058155], [9948494, 0.7311568910479755], [9956865, 0.7415918779221152], [9957596, 0.7237430366806894], [9965233, 0.824600660408098], [9967936, 0.8635074838099244], [9968585, 0.8420457834037], [9968700, 0.7035864082345992], [9973821, 0.7448980762191109], [9980159, 0.6913029703541416], [9984232, 0.7829127608384969], [9988309, 0.7475321487174205], [9988336, 0.7219318613638889], [9988343, 0.7208066607872337], [9990878, 0.8684476378234308], [9991677, 0.9152362267513007], [9991678, 0.8325611826979932], [9992283, 0.7076641699652944], [9993356, 0.7567278663448818], [9994413, 0.6417537536413256], [9995462, 0.7079688424313973], [9995463, 0.6976514050191706], [9995464, 0.6647962505536136], [9995925, 0.7333668074740939], [9996306, 0.499470048625662], [9998455, 0.8987992776388473], [9998466, 0.8932478726092248], [9998493, 0.7842601920405197], [9998622, 0.7689991232595409], [9999061, 0.9019052240680284], [9999104, 0.8576232173362051], [9999351, 0.4938104016125002], [9999602, 0.7428575841141801], [9999609, 0.5302515153468963], [9999732, 0.6795818237972149], [9999753, 0.6143760036082345], [9999888, 0.8643361296965079], [9999916, 0.4524102472842617], [9999941, 0.5547121157307118], [9999966, 0.8777661195178619], [9999967, 0.6147965194221331], [9999986, 0.9800102598672078], [9999987, 0.9347696080356099]]}