{"seed": 483722233, "N": 10000000, "alive_speed": 0.9864664941607857, "non_threatened_speed": 0.9864687630387138, "survivors": [[22, 0.9864687630387138], [43, 0.951974858424198], [162, 0.9174954707712939], [7677, 0.8031200663165677], [93084, 0.777191818828383], [7614003, 0.7485840287531902], [7646852, 0.7404349071529389], [9999949, 0.6849873486284853]], "still_alive": [[236301, 0.7662793898792953], [236482, 0.7181810582766227], [961393, 0.774729041773208], [968904, 0.7735413165160788], [1018411, 0.7607399793903595], [1018924, 0.733795364824465], [1211073, 0.7431131958249911], [1472520, 0.744785277626456], [1666619, 0.7576333654313753], [1877522, 0.732293957129412], [2090515, 0.7413532319921647], [2883734, 0.7665593192725566], [2929507, 0.7657384838174902], [3239354, 0.7833653452207671], [3240369, 0.7639775410110414], [3247672, 0.745542604105374], [3571705, 0.7705146372618433], [3785546, 0.7826682392261418], [3790717, 0.7614238841700384], [4006254, 0.7621108603427683], [4031025, 0.7602160710612897], [4084700, 0.7660568125897077], [4466003, 0.7368315689653169], [4552780, 0.732939682882568], [4692215, 0.7439250580714505], [4897580, 0.751633319032015], [4918773, 0.750236567666097], [5598464, 0.7541893767773551], [5600885, 0.7378335007005478], [5715444, 0.7534421798265429], [5951025, 0.7588399755675458], [6198776, 0.7688045837656152], [6256441, 0.7581973324336492], [6256594, 0.7173236234770813], [6521129, 0.7320347948918121], [6692456, 0.761862358013314], [6817687, 0.760381939102408], [6888500, 0.7559969833643562], [6905235, 0.7372509120745823], [7109058, 0.7265044399972557], [7166067, 0.7325808110157289], [7370414, 0.7847842835849891], [7480403, 0.7732835459578131], [7480454, 0.77016110333378], [7480457, 0.7645879517272056], [7480458, 0.7635197134027722], [7488103, 0.7539202362771004], [7515794, 0.7622784514284137], [7777741, 0.7334930027369785], [7793090, 0.7347534483781526], [7793091, 0.7309065573041377], [7901828, 0.7366530716870867], [7979975, 0.7532917866580848], [8117336, 0.7270273521924637], [8136711, 0.7043757840209964], [8137712, 0.6998515919397119], [8137791, 0.6973057692904335], [8270330, 0.7272533715466397], [8275025, 0.7288393522605247], [8453416, 0.7842370862921153], [8460251, 0.7534569144141335], [8546352, 0.7530187051394823], [8744327, 0.7863218846460135], [8745182, 0.7813635917053482], [8746731, 0.7146584590840137], [9021592, 0.7388014737302735], [9133111, 0.7715552663200904], [9165144, 0.7490263851179603], [9212539, 0.7217040639038951], [9218936, 0.7274492342216302], [9223145, 0.7175913717663571], [9330706, 0.7822891355098998], [9330715, 0.7666552745861638], [9352700, 0.7584471926644862], [9391133, 0.7823955570923009], [9395954, 0.7274220036160198], [9445127, 0.7725476325238482], [9445168, 0.7688118216597263], [9446693, 0.732768206156288], [9446740, 0.7301253234835802], [9448519, 0.7318651565312475], [9449238, 0.7201067083937406], [9455309, 0.7272047065864424], [9485522, 0.7378713785733636], [9569503, 0.7161393459272228], [9569504, 0.7106190337308228], [9577277, 0.7213181912814637], [9634424, 0.7730001247245587], [9634429, 0.7658680904524513], [9634432, 0.7445869871542077], [9640707, 0.7551174700527458], [9641214, 0.739786148735335], [9642975, 0.7186247601610537], [9721192, 0.7894026737864259], [9724497, 0.7951131827866675], [9729852, 0.788888254785749], [9737087, 0.8033945900960257], [9763898, 0.8198474542143467], [9790517, 0.7594677916031468], [9802690, 0.7599998138110791], [9802729, 0.6653966166121273], [9862718, 0.8050839040821905], [9871069, 0.7396368946259029], [9887644, 0.7908010842112546], [9889689, 0.713187445583287], [9913232, 0.8513924305859982], [9913767, 0.7942235566592922], [9917288, 0.8184667387943882], [9924629, 0.7971676656545176], [9924660, 0.7892478079179164], [9924665, 0.7791735518214505], [9924764, 0.7553665481398127], [9930017, 0.6625276901671224], [9941752, 0.6929073020459963], [9944831, 0.7174621781163723], [9954074, 0.7855274841882036], [9954395, 0.7736721963874488], [9954702, 0.6757663698078662], [9962613, 0.757535963277747], [9965206, 0.7472240861390732], [9973283, 0.8513273730669584], [9974120, 0.7317380278422293], [9974125, 0.6855866912453863], [9974148, 0.6661003577542566], [9979765, 0.7600091699051887], [9980906, 0.6972833932585246], [9981149, 0.6844918736688536], [9984644, 0.7804317519066372], [9990137, 0.5820875672195043], [9993236, 0.7279385173476204], [9994499, 0.8796378641735402], [9994514, 0.8627610508350875], [9995617, 0.8480990533816792], [9995620, 0.670938498870887], [9996303, 0.7436629769108428], [9998580, 0.7536973860126028], [9998677, 0.7144686527129205], [9998712, 0.7206503347074106], [9999459, 0.9054606627389066], [9999460, 0.7755819398739887], [9999541, 0.7722163606785032], [9999562, 0.6042544100448847], [9999707, 0.4974172375701804], [9999848, 0.9380556714562536], [9999849, 0.9382109686071771], [9999864, 0.8485143941806994], [9999865, 0.8094790343146082], [9999934, 0.7282668408290052], [9999935, 0.7304140899452318], [9999944, 0.8006615989901854], [9999964, 0.5093903329865026], [9999987, 0.6314209063442296], [9999994, 0.5834800192008659], [9999999, 0.6927358563857875]]}