{"seed": 928126134, "N": 10000000, "alive_speed": 0.8794417831898322, "non_threatened_speed": 0.8794527763484372, "survivors": [[124, 0.8794527763484372], [7317, 0.7680211594503185], [5487490, 0.7638071953297626], [8637909, 0.7632913246326096], [8638272, 0.7561906232516907], [8653309, 0.7487815219567282], [8838884, 0.7390388877247063], [9946479, 0.7265194656662326], [9950340, 0.7134801971259184], [9999037, 0.6921934225937824], [9999826, 0.5829745127901381], [9999997, 0.44183074208688067]], "still_alive": [[103760, 0.7449627009950316], [990311, 0.7520005362683055], [1269930, 0.7387488710974456], [1460861, 0.7452385164298445], [1542098, 0.743912614569083], [1812401, 0.7520688081627558], [1921528, 0.7466797527406427], [1943379, 0.7241962929930457], [2769830, 0.7794628251676956], [2774863, 0.7666552458507091], [3125284, 0.7859985938592723], [3127765, 0.7773000755225086], [3370142, 0.7804082514261197], [3413711, 0.7607160638732053], [3708962, 0.7922099007422632], [3879995, 0.7560983603218647], [4078718, 0.7715355785843382], [4405953, 0.7743824272958799], [4441032, 0.7537559903513072], [4540459, 0.7670284941251531], [4955458, 0.776001384076522], [5012647, 0.7797497783793507], [5371820, 0.758005973607934], [5486693, 0.7771062266973514], [5488123, 0.757296020242814], [5489592, 0.7539426836058413], [5644409, 0.7623598597333912], [5665052, 0.7527256544241979], [6049347, 0.7955706532874532], [6363726, 0.7713825683406949], [6412799, 0.7379992901794249], [6710038, 0.7758128159928117], [6712455, 0.7560614685695279], [6930830, 0.7283881959575079], [7033609, 0.7403364567412885], [7136984, 0.7668671234574297], [7137285, 0.7579471608537149], [7139344, 0.7556813472858185], [7223229, 0.7747361883672769], [7384878, 0.7607294379883189], [7389379, 0.7463739984430295], [7565416, 0.7453193706215621], [7620477, 0.7612762334851371], [7684850, 0.7686608815540608], [7755593, 0.7494396779164196], [7782826, 0.7414480137120846], [7814197, 0.7284903354579148], [8030218, 0.8001915200882256], [8061719, 0.7692406357681529], [8152292, 0.7651519337997412], [8237579, 0.7934895720795344], [8244758, 0.7810489099939476], [8332531, 0.7606654057027843], [8332532, 0.757801024628047], [8454993, 0.7841937292496369], [8475798, 0.7801580958755557], [8475913, 0.7801163123874257], [8478004, 0.7654609373386257], [8478123, 0.7624183586529933], [8595388, 0.782953767129641], [8654764, 0.7169300890567979], [8732061, 0.724647443949138], [8813804, 0.7664439699909137], [8832409, 0.7486506703178403], [8840325, 0.7315945827573904], [8841760, 0.7311592876913262], [8920439, 0.7632326563132198], [8939178, 0.767551773196498], [8942769, 0.7385952824949836], [9212402, 0.7521850186862372], [9212455, 0.7413510976587226], [9224486, 0.7482561711433412], [9326369, 0.7601360783326313], [9341240, 0.7679856644637857], [9382137, 0.769910941786607], [9429420, 0.7499205399259852], [9436745, 0.7143424779945939], [9436748, 0.7009303331410258], [9503037, 0.7917682416790849], [9504420, 0.7900170046068657], [9504511, 0.7714268343478007], [9504532, 0.7563973852453947], [9507633, 0.750154967986257], [9515260, 0.7613719923229191], [9518093, 0.7412904513758451], [9549482, 0.7540807193166732], [9579295, 0.7878329604809934], [9591900, 0.7708157617574386], [9682409, 0.8717591596356923], [9683164, 0.7936610944408071], [9687455, 0.777620414912759], [9707826, 0.7802269535059349], [9708941, 0.7552930584450707], [9715710, 0.7636162824380472], [9720747, 0.7154875916598192], [9725706, 0.7123372701352833], [9784125, 0.7865953570627323], [9784244, 0.6873670985082475], [9823175, 0.7690536500910463], [9823176, 0.7589144055787898], [9850405, 0.8539636736390195], [9850700, 0.8097939361725073], [9852243, 0.8028906515488624], [9860080, 0.7990598733413636], [9861713, 0.7997552792867996], [9862598, 0.7324930603115213], [9865785, 0.7303126054613869], [9873072, 0.7374048922992431], [9878755, 0.7632125940443035], [9878950, 0.6991669163418065], [9881257, 0.7126534673205269], [9898958, 0.8090870046370598], [9899327, 0.8082650460220097], [9903358, 0.7076763378001668], [9924707, 0.8243555998356182], [9928164, 0.7646947066733758], [9959133, 0.7786789332308985], [9959330, 0.7804177872123901], [9959717, 0.7084446841351977], [9959940, 0.6849846352100079], [9968107, 0.8439430821965734], [9968118, 0.753585646562289], [9969763, 0.7869351195752781], [9970966, 0.7903152371081327], [9971317, 0.7269932528623351], [9974270, 0.7313326499281334], [9974743, 0.6604292139271648], [9979396, 0.7288500816620465], [9979879, 0.7385955557803768], [9979934, 0.6916737360249088], [9986459, 0.8004369559562334], [9986942, 0.7130644898721795], [9989879, 0.6759986587404183], [9992300, 0.6660353140415625], [9992785, 0.6757847253321432], [9994496, 0.6142418682883107], [9996955, 0.731256036961741], [9997016, 0.7183925546631933], [9997025, 0.6603772308470692], [9998476, 0.7011684758422644], [9998601, 0.7258216075106207], [9998968, 0.770520858591242], [9999021, 0.8085912317370973], [9999022, 0.7664284417187672], [9999128, 0.5589442258180054], [9999353, 0.5597513569801743], [9999586, 0.8070799754225894], [9999715, 0.7291453977778928], [9999835, 0.5389671483187831], [9999864, 0.38735297439198535], [9999903, 0.48943280844753223], [9999932, 0.5970864566148661], [9999933, 0.5827910468879055], [9999970, 0.7702123167075816], [9999975, 0.801936227328491], [9999988, 0.5939400136948887]]}