{"seed": 483722327, "N": 10000000, "alive_speed": 0.7306138666354894, "non_threatened_speed": 0.7643968373199413, "survivors": [[1533748, 0.7643968373199413], [9717283, 0.7366496389376026], [9969164, 0.7172329744524625], [9999993, 0.6837530434874658]], "still_alive": [[686050, 0.7496540890853568], [928829, 0.7435274289481073], [1474038, 0.774356195381241], [1484157, 0.7668868548788887], [1547911, 0.7525794851725437], [2793616, 0.7528988107359735], [3048331, 0.7381681240280968], [3209178, 0.7417399488219728], [3319467, 0.7535710874170957], [3568404, 0.7715650218665057], [4210903, 0.7608954964260984], [4210912, 0.7451942707255377], [4748673, 0.7441509475766077], [4985298, 0.7423221399910219], [4995713, 0.7365224720400071], [5040850, 0.7377109402181079], [5072497, 0.7408308827255419], [5648574, 0.8241286030514716], [5648617, 0.7987737277647325], [5679460, 0.7855556645617525], [6041727, 0.7907394968472459], [6041730, 0.7704541025079021], [6041733, 0.7585497425871521], [6137090, 0.7707425291127319], [6139277, 0.7517078916545691], [6403050, 0.7736682920311471], [6403053, 0.7654195372057161], [6408130, 0.7449408785909565], [6424735, 0.7416096827966032], [6846996, 0.7952260290617783], [6857605, 0.7421513456183213], [6900762, 0.7345988703401576], [6900775, 0.729673510563987], [6905250, 0.716836826079479], [7173359, 0.7552381580108821], [7173666, 0.7461786187541194], [7261419, 0.769675361898882], [7261520, 0.7539092779038826], [7274539, 0.7559827393709527], [7356166, 0.7669642609414292], [7599347, 0.7731312697301149], [7693870, 0.7983240223257244], [7740569, 0.8009698247988203], [7776676, 0.8100576751362052], [7845621, 0.7911141869036753], [7845912, 0.7728392429089695], [7905823, 0.7781343874099553], [7905888, 0.7474785155898722], [7907853, 0.7297410249805141], [7907872, 0.7255761930324067], [8074545, 0.7858713981285899], [8074590, 0.7778252772410694], [8177345, 0.7626001009897576], [8179344, 0.7543586977875345], [8253461, 0.7031535621261059], [8420420, 0.75612024477428], [8449069, 0.7498879674134411], [8728420, 0.7322080544085722], [8810597, 0.7563898483839508], [8813396, 0.7485596430938428], [8832569, 0.7422407371555652], [9017996, 0.7727260682466949], [9063083, 0.7794924398616359], [9150440, 0.7708710119258123], [9223727, 0.763370898305324], [9223732, 0.7554185439649136], [9335429, 0.7373337956402533], [9466266, 0.7664321501649259], [9493997, 0.764698850316662], [9592508, 0.7834692085743806], [9592527, 0.7637204611106181], [9603422, 0.7128083267694665], [9612567, 0.7083509879064939], [9637762, 0.7276984273892041], [9644789, 0.7136426934040226], [9646540, 0.6942904377097348], [9690527, 0.7654728213884349], [9708870, 0.7751546079026139], [9710037, 0.7690391147312], [9717194, 0.7598136493475247], [9718170, 0.7181029626953949], [9748291, 0.7558030346707657], [9750558, 0.7187320658776718], [9750577, 0.701656744994744], [9766292, 0.7378826059715857], [9766633, 0.7001689219086701], [9770768, 0.7122873210802215], [9776983, 0.7066156093460525], [9821256, 0.7973249095450295], [9821257, 0.7962190255288888], [9821284, 0.7415943234645104], [9824727, 0.7203861123370494], [9852876, 0.7580955025233383], [9854111, 0.7614980726459334], [9856474, 0.7474219485201492], [9860957, 0.7626072009237699], [9880170, 0.773513776903541], [9880187, 0.7559766459751339], [9881666, 0.7624870116771723], [9883419, 0.766534056742547], [9885266, 0.759810235717243], [9886465, 0.7657444220297143], [9890532, 0.7184686524743659], [9903545, 0.7495839744751901], [9909736, 0.7705607785007897], [9909985, 0.7345742909361247], [9916734, 0.7096661900071456], [9916735, 0.6755904584541379], [9923864, 0.7148187345808934], [9927435, 0.7271043894281604], [9927436, 0.7029350760164599], [9933663, 0.7269513514699409], [9939844, 0.80095445883383], [9940255, 0.7773326799887195], [9941036, 0.7592956549903889], [9941039, 0.7480780790532371], [9942440, 0.7557712070809891], [9942461, 0.7316200486071095], [9953418, 0.7792833929964134], [9959641, 0.8035121504648679], [9959698, 0.780599976227038], [9959783, 0.7674388852957293], [9959808, 0.7661938937245141], [9965689, 0.7825363172117685], [9966950, 0.7830586463434683], [9966951, 0.7559447934535671], [9968986, 0.7686722329219833], [9969095, 0.7192130228788668], [9975957, 0.7582901474776904], [9976388, 0.7596818446999192], [9978323, 0.8181197352427555], [9978324, 0.7847010975276644], [9981901, 0.6939133580935197], [9983082, 0.7245634572141293], [9985153, 0.6706706661827595], [9985418, 0.630494799864602], [9990359, 0.8490616267022474], [9990502, 0.8406103519081222], [9991417, 0.8816645516528618], [9991866, 0.7509565202263344], [9994469, 0.7271976664579052], [9994512, 0.6918182366278506], [9995483, 0.7796348852704229], [9995484, 0.7319949175041045], [9996353, 0.7257887100536802], [9997018, 0.8660030709478164], [9997033, 0.8572567824958897], [9997050, 0.7449161159685481], [9997611, 0.863430475665485], [9997738, 0.7736137012113595], [9998279, 0.6588502442018049], [9998712, 0.8622747964853675], [9999109, 0.9228830390859165], [9999268, 0.9285907760254128], [9999273, 0.6892875909673962], [9999376, 0.7732129226534518], [9999515, 0.9803924641532314], [9999518, 0.907999785343073], [9999559, 0.6594839877943374], [9999742, 0.8892622990372069], [9999743, 0.7826353556223908], [9999800, 0.825551730759126], [9999875, 0.7729536334253141], [9999924, 0.6596433715836515], [9999939, 0.8076813026400492], [9999966, 0.7865976873757925], [9999977, 0.5708329743587661], [9999992, 0.8068332074334505], [9999996, 0.19794282382871775], [9999999, 0.4980768926643595]]}