{"seed": 483722349, "N": 10000000, "alive_speed": 0.8257408574355748, "non_threatened_speed": 0.8257409400096606, "survivors": [[0, 0.8257409400096606], [441, 0.7943983518299874], [2458014, 0.7582453262732863], [5825307, 0.7507960252401127], [9858890, 0.7381598338843516], [9942473, 0.6958571117897688], [9946240, 0.6822036931405128], [9990843, 0.6444810413459257], [9999988, 0.40045333826130236], [9999999, 0.24234251277101748]], "still_alive": [[255972, 0.7613274936209635], [540049, 0.7658431271887897], [820832, 0.7800089215885567], [855851, 0.7653706455148374], [1061588, 0.7553621424227327], [1483639, 0.7491160082337762], [1487220, 0.7470312495475543], [2048951, 0.7934208507394929], [2331968, 0.7721111286653933], [2407573, 0.7623269799060165], [2480721, 0.7483769252719029], [2483190, 0.7455909838292276], [2485631, 0.7375065465365561], [2836010, 0.750174109555845], [2851233, 0.738114532391192], [2851250, 0.7285023659385841], [3086543, 0.7510483022158634], [3241434, 0.7655486050424111], [3624843, 0.7738071807958128], [3625980, 0.7604901805894423], [3625981, 0.75509708305055], [3686490, 0.7131915689230197], [4142859, 0.7552475113065688], [4664124, 0.7831503258366947], [4763021, 0.7802059674093844], [4911936, 0.7774970991192373], [4912205, 0.7668392441498654], [4942004, 0.7639445396225261], [5224741, 0.7975185168045021], [5246368, 0.7761424278854562], [5246369, 0.7567033382185646], [5640064, 0.7926647553097146], [5677817, 0.7636143836348199], [5749448, 0.7654462899469955], [5909240, 0.7459838840827188], [6141987, 0.7402527259935564], [6257726, 0.7434988445501378], [6257727, 0.7429125888728849], [6388608, 0.7526655870322115], [6639681, 0.7528236518381515], [6643188, 0.7238009527751972], [6650657, 0.7225734818473746], [7083294, 0.7690833984711622], [7118125, 0.7335205436928611], [7119048, 0.7190746944445525], [7430599, 0.7734874935136701], [7430600, 0.7705895439872117], [7613537, 0.7780416445117222], [7642742, 0.7824804797287667], [7673287, 0.755489578132699], [7767468, 0.7749825863487299], [7845925, 0.7808455755020756], [7984350, 0.8030511245690489], [7984357, 0.8022118920971975], [8112332, 0.8056762352770485], [8112377, 0.7494664209820218], [8150668, 0.7514887875487086], [8246163, 0.765707904298007], [8298652, 0.7374198412372889], [8425357, 0.7152272620507304], [8495200, 0.7385340491289286], [8495213, 0.7272608707614562], [8533244, 0.7280767178764935], [8533643, 0.7137651237477216], [8570324, 0.7247892960875038], [8699997, 0.779983051602432], [8744714, 0.7941683204484273], [8753877, 0.7944367152048666], [8830400, 0.7836316589209235], [8830401, 0.7649175549428557], [8836056, 0.7377799656535178], [8969409, 0.7345277063986425], [8970828, 0.7168770016130692], [9049123, 0.750828664681202], [9049542, 0.742982250080113], [9077981, 0.7390216485173592], [9077984, 0.7260309987648998], [9110213, 0.7468961640331125], [9174292, 0.7790780731390019], [9241401, 0.7992759681451203], [9277342, 0.7854927365263626], [9277389, 0.7740662417270364], [9347174, 0.8150376618903887], [9347267, 0.797968839398924], [9347270, 0.7918285989042874], [9363379, 0.7514278579323619], [9387810, 0.7564505543917606], [9389429, 0.740308334624257], [9450916, 0.8161687550925799], [9481929, 0.7226561942131422], [9482004, 0.7073116122593531], [9591305, 0.8242420600103068], [9624022, 0.748367946381638], [9628191, 0.7523706248396091], [9668426, 0.7023551834228986], [9707541, 0.7840460594757921], [9728184, 0.7610037986273341], [9739079, 0.7903730718885169], [9748402, 0.8178812915063632], [9766185, 0.834886658580165], [9767570, 0.7986258834329578], [9767573, 0.7939818748345094], [9773626, 0.8097247896236397], [9773631, 0.781358492680608], [9773832, 0.7458476233781403], [9773833, 0.729592199984512], [9806688, 0.8194017566326663], [9806931, 0.7979760447202638], [9821730, 0.7343080919959337], [9827337, 0.7566306262301263], [9840892, 0.7898526544456028], [9842161, 0.7615484420537132], [9870031, 0.7341190434202705], [9903072, 0.7461622667662257], [9906189, 0.7058223990439969], [9911504, 0.7346716081346895], [9923711, 0.7407283948400983], [9935410, 0.7843737954524508], [9944258, 0.6855205244620795], [9944427, 0.6865628158085868], [9946241, 0.6767795545858347], [9951734, 0.7045235019809514], [9953541, 0.6610177814669825], [9954668, 0.6365814128399371], [9964319, 0.7342344096559068], [9965284, 0.649194674998831], [9969329, 0.6824010505302092], [9971456, 0.6900924110928006], [9979257, 0.7558201396056409], [9981946, 0.743480657614539], [9984577, 0.8112932289014982], [9988656, 0.7663864526009598], [9988799, 0.7740527015900774], [9990796, 0.7708872589802287], [9991930, 0.6270288016940792], [9993799, 0.5596028916669564], [9994902, 0.6642062483233704], [9994907, 0.6621180127166282], [9996548, 0.9611046147813629], [9996549, 0.6564141703505971], [9996790, 0.6452872612335233], [9997605, 0.8045273170166747], [9997606, 0.7761873897372833], [9997619, 0.746834001771895], [9997678, 0.7136904067101314], [9998643, 0.9216890197550667], [9998662, 0.5512563646377086], [9999095, 0.6191252297419778], [9999324, 0.6285359191082224], [9999725, 0.9854477780492576], [9999730, 0.9868688954605623], [9999733, 0.6764469714045563], [9999740, 0.6622992710011413], [9999773, 0.6058028761060347], [9999830, 0.6763524853781124], [9999845, 0.4311351500969852], [9999898, 0.6356701494545431], [9999919, 0.5293032678227575], [9999948, 0.6907054060904152], [9999971, 0.7431952129652528], [9999972, 0.5582555949266855], [9999983, 0.6620842919953401]]}