{"seed": 483722185, "N": 10000000, "alive_speed": 0.9458898878326745, "non_threatened_speed": 0.9458950902551506, "survivors": [[54, 0.9458950902551506], [37285, 0.8199008527857904], [435338, 0.7894680432842585], [1426387, 0.7570271090878815], [1506578, 0.7545363110500268], [9288613, 0.7310118437561534], [9999978, 0.5331685871709443], [9999991, 0.3884050183738018], [9999996, 0.3557729920995799], [9999997, 0.15556420629672363]], "still_alive": [[506183, 0.7500795811600102], [1186378, 0.7561363708479036], [1403927, 0.7726979274360947], [1426376, 0.7586695509930625], [1553281, 0.742621598828788], [1578206, 0.7365610770016342], [1810643, 0.7563834666207472], [1927554, 0.7624584522745201], [1940425, 0.7343636884443321], [1951084, 0.7293606104504926], [2190259, 0.7260395268280061], [2195668, 0.7260227915544324], [2676261, 0.7543354756367179], [2903244, 0.7437077835719257], [2903271, 0.7303514046649416], [3409618, 0.7836976106257194], [3786797, 0.7626691371788684], [4190442, 0.7890291970443537], [4197961, 0.7701579621689041], [4233104, 0.7315109326519625], [4348855, 0.745208182361172], [4594364, 0.7579671993493511], [4736981, 0.7614913146658818], [4766036, 0.7655274607807047], [4800827, 0.7470535040314195], [5394180, 0.7732580610834812], [5455665, 0.7811024868239962], [5516400, 0.7574736663472337], [5832987, 0.7594570373511094], [5966088, 0.7436366359233031], [6275267, 0.7416578987681308], [6361184, 0.7477277759169031], [6364881, 0.7378173373959603], [6625498, 0.7894142414375543], [6627777, 0.7610172220067685], [6756152, 0.7830023148899742], [6757681, 0.7654725968949877], [6838562, 0.7559015291773992], [7046867, 0.7796635116359724], [7074668, 0.777969965544777], [7091491, 0.75868983267689], [7378148, 0.8062668102095871], [7482703, 0.8025827098491577], [7522240, 0.7455459126627397], [7522365, 0.7407252069928016], [7561190, 0.7439387686250833], [7684153, 0.7701186193236328], [7867672, 0.7758986454886473], [7987885, 0.8142770675385596], [7990458, 0.7826963704207233], [7992091, 0.7593394554769953], [8032996, 0.746909941567369], [8047945, 0.7526009776736856], [8160066, 0.715491902510067], [8226695, 0.7236966627143765], [8228346, 0.7189556901809333], [8314497, 0.7375378887715591], [8375134, 0.7454430786169439], [8473283, 0.7579641320832927], [8503364, 0.7388837001074081], [8809099, 0.774158819981959], [8809718, 0.7682675168493178], [8856925, 0.75302961516492], [8874164, 0.7526855442106212], [8906837, 0.7117264821853155], [9015646, 0.7703428609868238], [9016197, 0.7665385771525245], [9016198, 0.7663240070496913], [9045011, 0.739198096590915], [9045084, 0.7292435556956557], [9053295, 0.6996422461800448], [9108896, 0.7356591382568713], [9185583, 0.7751978547740276], [9246356, 0.779071171748424], [9362166, 0.7347024871675017], [9369625, 0.7108651915196297], [9420704, 0.7484211952684757], [9449639, 0.7438582838800256], [9487026, 0.7269032667894009], [9575763, 0.8192299473042371], [9575764, 0.7581106705354075], [9594349, 0.7349107154106896], [9594738, 0.7170678205638638], [9641233, 0.7685263586520696], [9646200, 0.7778472383692195], [9711731, 0.8173530440363397], [9711810, 0.7631851153086144], [9712825, 0.7586787577244352], [9718238, 0.7571871245450588], [9718245, 0.7502083534758334], [9741148, 0.7929526849758899], [9762417, 0.8254553483987739], [9775202, 0.8241535404053582], [9778973, 0.773363325170694], [9795342, 0.7264149154660503], [9860619, 0.7882994805566285], [9860630, 0.7472498598734054], [9860657, 0.7462441674059237], [9867636, 0.746949100120817], [9878099, 0.7378479946309244], [9895622, 0.7763049680154207], [9895727, 0.7655094856991097], [9904474, 0.7819793625329926], [9904551, 0.7274130243915405], [9913914, 0.7573344731419575], [9921081, 0.8144553071468559], [9921154, 0.8073779663924988], [9924281, 0.8393205892722109], [9925222, 0.7999045708138239], [9925273, 0.763608358457135], [9931686, 0.7765634661066853], [9932979, 0.7787014794518123], [9935444, 0.7809355203699492], [9935647, 0.768476863247943], [9938092, 0.7473002031595912], [9946835, 0.72890236097068], [9947606, 0.683398619548928], [9954173, 0.7340751410666095], [9954182, 0.6922489206035244], [9959761, 0.753777683898265], [9959804, 0.6943327210216942], [9964635, 0.6648029272234207], [9969570, 0.7357867227780122], [9973303, 0.73870205569113], [9976360, 0.7703166631316394], [9984523, 0.8334170725496797], [9984632, 0.8007181368010381], [9985539, 0.8347141654741244], [9986288, 0.7454508152582168], [9989947, 0.8473303605566342], [9990786, 0.8681194368701837], [9990807, 0.8209792070010578], [9991464, 0.8248629708970788], [9991975, 0.7436705701535373], [9992064, 0.6386751611813382], [9993111, 0.7271664439259676], [9993476, 0.7446289917227291], [9995033, 0.8283916828051638], [9995130, 0.7967016630050896], [9996151, 0.90549897316439], [9996162, 0.8879463460625133], [9996213, 0.8463526328663429], [9996370, 0.7942805839436631], [9997223, 0.6900930054289522], [9997530, 0.7515966857762906], [9997927, 0.8759793566450753], [9998216, 0.8037406199934287], [9998247, 0.7557759063199856], [9998252, 0.6375346252964991], [9998263, 0.6082709395730731], [9998960, 0.8821300692564391], [9998981, 0.8204530481928206], [9999004, 0.7092404628553642], [9999229, 0.5949982564793499], [9999324, 0.673858071351376], [9999607, 0.7092677192776438], [9999616, 0.6952039809648979], [9999653, 0.6796268092174417], [9999674, 0.7014853545643915], [9999757, 0.9073992782292413], [9999758, 0.8220299918770846], [9999819, 0.9944194513496415], [9999820, 0.816680317226521], [9999829, 0.836951623481991], [9999874, 0.7465824420116708], [9999875, 0.4780001003447776], [9999928, 0.6682985846549152], [9999933, 0.44084917389879097], [9999968, 0.7609757604663523], [9999977, 0.7071898090783092]]}