{"seed": 928126167, "N": 10000000, "alive_speed": 0.8199661597600327, "non_threatened_speed": 0.838833794768867, "survivors": [[224926, 0.838833794768867], [296831, 0.8002153724775583], [9786208, 0.7428029435020259], [9816295, 0.7178752315959123], [9995276, 0.6694027792750052], [9995291, 0.640880791272297], [9999980, 0.4649330622101333], [9999999, 0.2384985555604977]], "still_alive": [[297478, 0.7703789714140996], [791025, 0.7740224927187112], [1401018, 0.7591720720356787], [1474695, 0.7310851095193444], [1475242, 0.7215718772127416], [2566763, 0.7656858988577614], [2746690, 0.7611306116640597], [2779717, 0.7383487780043384], [3035640, 0.7615243726614314], [3760241, 0.7765272718613848], [3796336, 0.777203901104637], [3911575, 0.7627505745232759], [4240830, 0.7432590643545142], [4278627, 0.7344516760550109], [4287510, 0.7197180476442082], [4484677, 0.744255588247977], [4510302, 0.7472392489636457], [4512629, 0.7439595908942072], [4881860, 0.7612011249459777], [4882529, 0.7531271345011478], [4945390, 0.7281651449978781], [4999073, 0.7124812642851857], [5305632, 0.756843739236654], [5306209, 0.7443087063976995], [5306212, 0.7365514655234264], [5516105, 0.7553098449840674], [5516112, 0.747312567223273], [5675781, 0.7715645012906895], [5815770, 0.7780192255010113], [6130331, 0.7720024102040444], [6184316, 0.7617286655478248], [6198463, 0.760755001798966], [6345282, 0.7782711870243854], [6392061, 0.7791783831824431], [6396988, 0.7771124717058491], [6404169, 0.7641977007901104], [6467282, 0.7765336053013481], [6526077, 0.7466656302426516], [6830920, 0.800283968323745], [6862413, 0.7770300579714962], [6862660, 0.755328088332045], [7023953, 0.7733165242357705], [7037334, 0.7695626175090023], [7227033, 0.7754081286502947], [7242130, 0.7445990036319684], [7519997, 0.7742048676747683], [7532674, 0.7733435060185011], [7597145, 0.7739646748795819], [7600074, 0.7359196765759296], [7635683, 0.7204160929849406], [7850906, 0.7658094037499203], [7852581, 0.7378174004451759], [7852608, 0.730314328629886], [7981539, 0.7469891118518033], [7984428, 0.7473017937344844], [8067093, 0.7545617682064389], [8137166, 0.7521729642284799], [8149203, 0.7466186302240099], [8343596, 0.7987714007780342], [8359095, 0.7757446505432066], [8436568, 0.7867752210142472], [8556491, 0.7811890626256445], [8564616, 0.7750456321364854], [8575481, 0.77837526685956], [8614786, 0.7455963904195404], [8614795, 0.73491010157818], [8693768, 0.7716899161340119], [8737351, 0.7555281483829704], [8778562, 0.7758385395217493], [8795061, 0.7752617819412602], [8881246, 0.8045015959532361], [8889347, 0.7815399994328466], [8889494, 0.7724371353298632], [8891897, 0.7508633624649238], [9118606, 0.7628082745576956], [9142103, 0.7493814877050032], [9164002, 0.7683169182144491], [9191151, 0.7622700077474842], [9339076, 0.7734761076685798], [9376375, 0.7863687456446111], [9435752, 0.7921671799926843], [9461831, 0.7480636900635609], [9568040, 0.8780924090120148], [9669887, 0.8221258245691055], [9669928, 0.7900028789236829], [9726075, 0.8062799373710022], [9726562, 0.8041845715875027], [9736883, 0.7609723407313084], [9743596, 0.7341234411474306], [9769013, 0.801067548641296], [9816942, 0.675350481518287], [9823719, 0.6473960837430279], [9831096, 0.6744539772410995], [9837307, 0.685021104637296], [9844478, 0.7068949807163878], [9844517, 0.6918133721751434], [9844534, 0.6574380408117197], [9879629, 0.7679327784678986], [9880586, 0.7258511593682353], [9902051, 0.7160711617196736], [9906388, 0.7353685710915654], [9912347, 0.7726877178929121], [9930936, 0.778146567053106], [9934975, 0.7882516152970369], [9953122, 0.7791983657790115], [9953663, 0.7803699970168517], [9953748, 0.7713894087056393], [9957311, 0.7805601105146983], [9958398, 0.7914619807527336], [9961481, 0.7406203912523801], [9968412, 0.8127470536742536], [9971785, 0.7661293311773061], [9971804, 0.7661227312823234], [9978213, 0.7820313646246396], [9979102, 0.6129678346134232], [9979871, 0.6120942507372354], [9985250, 0.7872812661337966], [9986235, 0.7983859949600021], [9986246, 0.7975654831267636], [9987591, 0.7587573114313629], [9988088, 0.722261434586688], [9988115, 0.6963581577146305], [9990380, 0.7967883757501613], [9991231, 0.7267642640735117], [9991670, 0.7247842270186159], [9992649, 0.8095013409059947], [9993184, 0.6981894461310504], [9993891, 0.7353949210823278], [9994320, 0.7640874610738311], [9995269, 0.7432700691888949], [9995472, 0.6378901901203973], [9995473, 0.6324309036240571], [9996136, 0.6543019974373436], [9996145, 0.5812413516411914], [9996180, 0.5839751219753602], [9997901, 0.8239905488159321], [9998408, 0.9616895611786472], [9998503, 0.6461751809434685], [9999586, 0.9087546291258564], [9999591, 0.6927969893281243], [9999680, 0.8219955168433716], [9999767, 0.7927242658660231], [9999776, 0.5364357842014281], [9999805, 0.5759486871020765], [9999848, 0.7113174550712282], [9999903, 0.78428189110432], [9999926, 0.8982896773458524], [9999931, 0.8923022048261077], [9999932, 0.7866515736353845], [9999943, 0.8584809983696975], [9999956, 0.6256340020099996], [9999963, 0.6886234402329677], [9999981, 0.25011805390698916], [9999984, 0.27691364637019955], [9999997, 0.6472852858178941], [9999998, 0.7554026899630158]]}