{"seed": 943, "N": 10000000, "alive_speed": 0.9104858042791247, "non_threatened_speed": 0.9104873521074685, "survivors": [[16, 0.9104873521074685], [21781, 0.7975034078456137], [40544, 0.787117079237248], [540307, 0.7734281689069264], [1046770, 0.7698237576200694], [1111905, 0.7636697702749047], [5527410, 0.7513455719804285], [9918219, 0.739104277136666], [9934804, 0.7298328875006896], [9952081, 0.7184067838814917], [9999398, 0.6730697336527367], [9999981, 0.48499849601122]], "still_alive": [[721300, 0.7732808499111655], [1046313, 0.7770497317193118], [1369816, 0.7398291374562529], [1369823, 0.7356828200836435], [2127784, 0.7470176586982802], [2552109, 0.7664181394754422], [2629036, 0.7587821047315941], [2855527, 0.7609651158342692], [2856808, 0.7483294813172688], [2867915, 0.7313413929677044], [3794240, 0.7706361505382687], [3835465, 0.7745870279601758], [4144194, 0.7847274496316934], [4144427, 0.7683190331992465], [4275066, 0.7711293573209203], [4349933, 0.7386949844519917], [4379070, 0.7154712531161926], [4552571, 0.7359874573295346], [4768464, 0.7538103967614975], [5526563, 0.7626833252751137], [5673455, 0.7470155496396557], [5673458, 0.740542484434614], [5727485, 0.7391186160889799], [5769576, 0.7400911470722441], [6027619, 0.7635108428853696], [6186922, 0.7552356979429141], [6187629, 0.7276426570418715], [6562138, 0.7973236416785147], [6707863, 0.7708567695646606], [6757780, 0.7806602241383872], [6946591, 0.7504226104466526], [7329934, 0.7990129124640334], [7359601, 0.7758909065563675], [7462594, 0.7408670479721581], [7463205, 0.7385515144966479], [7484976, 0.7397596101582541], [7489985, 0.7248958020406185], [7607118, 0.7278323464815701], [7607213, 0.7048113760438462], [7835948, 0.7639711572202632], [7929883, 0.755043672692873], [7930200, 0.753318241550552], [7971679, 0.748493876528779], [8020718, 0.7546964997743151], [8177083, 0.8011395842055226], [8177326, 0.774289472165681], [8355567, 0.7629537778203627], [8474244, 0.7533924639886572], [8494113, 0.7269821582783688], [8574620, 0.7512358232918415], [8701655, 0.7950596227240563], [8709094, 0.7722828969825444], [8758129, 0.7538492325784659], [8779356, 0.72201679118886], [8821899, 0.7069654809486626], [8963370, 0.7998558539768502], [8994135, 0.8141581957360216], [8995732, 0.7275254269660751], [9180495, 0.783444519917836], [9181126, 0.7682176911182872], [9271605, 0.7690801511574811], [9271606, 0.7532380484793015], [9294489, 0.7640377921865509], [9332354, 0.7419911306340753], [9349669, 0.7096155277513969], [9380662, 0.740819897311918], [9383909, 0.7302858223074854], [9383936, 0.690557459122549], [9460047, 0.7876322770034053], [9464760, 0.7701458891973708], [9487607, 0.7084360505853801], [9515202, 0.722079587241406], [9549133, 0.7515422990711352], [9601124, 0.7214684941783895], [9611829, 0.7399140019839925], [9612994, 0.741333165447231], [9622229, 0.7320478108385846], [9624102, 0.7042569288053214], [9675179, 0.7969888487158732], [9721618, 0.7880831602072297], [9721621, 0.7293753173762442], [9772396, 0.7999924053032814], [9787553, 0.7787134383478383], [9794182, 0.7106392657136741], [9795499, 0.6997314056437515], [9835158, 0.7831560034492877], [9835363, 0.7779097807704661], [9849732, 0.7712540044221015], [9855377, 0.729527130338895], [9871084, 0.7505942717536951], [9879057, 0.7576625631351936], [9896558, 0.8415932811018906], [9896563, 0.827701528295085], [9896564, 0.7671859240724357], [9897433, 0.7150157951703031], [9909412, 0.7559964798831308], [9922210, 0.7080471850177534], [9932641, 0.7991222479436733], [9939157, 0.6665910291831972], [9950188, 0.8062061189297768], [9950331, 0.7320971357728913], [9952076, 0.7383368343660532], [9952538, 0.6771424173258204], [9970777, 0.6896465790924676], [9970784, 0.6778155490973171], [9970887, 0.6695366808949708], [9971076, 0.6670460512719629], [9974371, 0.7087518596043666], [9974406, 0.6860080402824624], [9976981, 0.6760947466081317], [9976984, 0.6670665063151966], [9977293, 0.6595395788933418], [9979414, 0.710262764947114], [9982121, 0.7046344054888092], [9985370, 0.782378985327182], [9985383, 0.680186733097468], [9988862, 0.7985241176255778], [9989297, 0.7830817481063345], [9989598, 0.6800809536706683], [9989601, 0.6766193920295562], [9992326, 0.7345386161536874], [9992479, 0.747219099818937], [9992500, 0.68934999729109], [9994087, 0.8088868425048309], [9994394, 0.7733233801297265], [9994395, 0.7574389426859284], [9995170, 0.7680474754184886], [9995519, 0.8125756817125005], [9995526, 0.7308911330390587], [9996073, 0.6990433904514697], [9997038, 0.8835833354843294], [9997055, 0.8073593833192345], [9997130, 0.7872574213018416], [9997171, 0.6575558232190073], [9997320, 0.6643065747426057], [9997705, 0.7628363006163738], [9997864, 0.7991602810309784], [9997907, 0.8086461612151403], [9997920, 0.7254294559410072], [9997947, 0.6785956513875053], [9998230, 0.5935491061755412], [9998483, 0.6636342000032391], [9998534, 0.6675605013278683], [9998535, 0.5569730600132305], [9999216, 0.8167808117862986], [9999341, 0.8923581826027596], [9999350, 0.8436183720368752], [9999353, 0.7156199162344815], [9999923, 0.43572376238840904], [9999946, 0.6137454358815422], [9999963, 0.6101782906647473], [9999980, 0.6808902650977425], [9999996, 0.3383790232160877], [9999999, 0.6417306810977247]]}