{"seed": 483722169, "N": 10000000, "alive_speed": 0.867803888209142, "non_threatened_speed": 0.8678138680676268, "survivors": [[114, 0.8678138680676268], [311, 0.8218448437704476], [986, 0.7868579667952117], [1025, 0.7660213363218287], [18120, 0.7552952842454148], [9697649, 0.747378142690246], [9705732, 0.7469234601987722], [9999497, 0.6507074493881464], [9999928, 0.6326953111773802], [9999943, 0.5347403341615683], [9999976, 0.5003972329924599], [9999999, 0.38571077642910867]], "still_alive": [[173979, 0.7506181927544303], [366822, 0.7456799644113323], [794907, 0.7648823749389496], [827228, 0.7369093210254761], [882965, 0.7405253337445036], [883436, 0.7219676902234725], [887321, 0.7185914553794926], [1416548, 0.7614842490741199], [1418125, 0.7424207818697297], [1718316, 0.751479959445092], [1858033, 0.7477796729255205], [2573860, 0.7982736000428263], [3691631, 0.7485331607805024], [3897878, 0.756037875351006], [4331089, 0.8003386659078744], [4606066, 0.7753384871143714], [4793509, 0.7739757090294545], [5129402, 0.7842459154999262], [5458761, 0.7755054798199009], [5802798, 0.7470602453101702], [5895575, 0.7421302872660054], [6111192, 0.7561194423671473], [6112833, 0.755232804403664], [6357574, 0.7676318275545083], [6614217, 0.7744464876349746], [6621940, 0.7448687847539499], [6822111, 0.7910293163135573], [7005976, 0.781826052644049], [7014229, 0.762023769268135], [7172648, 0.7463410470421253], [7198767, 0.7483912982110333], [7442384, 0.7984011169648999], [7442401, 0.7634981543310104], [7442452, 0.7541208002683678], [7505055, 0.7721341317608836], [7796182, 0.7658891066771605], [7832477, 0.7547257196613113], [8006976, 0.8123749227564131], [8078351, 0.7958210715967418], [8129424, 0.775654083282935], [8236285, 0.7305392364561817], [8382650, 0.731895325163546], [8383323, 0.7144583082701765], [8384896, 0.714743074645536], [8540695, 0.7708522979697833], [8540696, 0.7683600269043318], [8540817, 0.7482893450696341], [8619634, 0.7695119563900148], [8674661, 0.7533047081059471], [8760656, 0.749685326463793], [8813211, 0.7442064444982266], [8888736, 0.7887739457889812], [8888767, 0.7701998025762692], [8930790, 0.7761492755160659], [9021673, 0.741741411864621], [9102854, 0.79981120449369], [9103089, 0.7845794876911061], [9103090, 0.7398566761670942], [9201897, 0.7383830503101212], [9201904, 0.72453055437663], [9261775, 0.7582264511962277], [9266236, 0.7613556678424395], [9272711, 0.752409795903639], [9280252, 0.7527200813959672], [9282461, 0.7543184948056673], [9289388, 0.7226430605760286], [9313245, 0.6924068419628711], [9367254, 0.7303902974394356], [9374975, 0.7091239224460251], [9405236, 0.7398045000851636], [9437595, 0.7818396298997708], [9442168, 0.7506300189049008], [9498251, 0.7811288981628677], [9500900, 0.7213268319355607], [9579335, 0.8235111979166193], [9579414, 0.7987767886041461], [9580889, 0.7648770406422608], [9611460, 0.745592992020809], [9645477, 0.7015071721132952], [9691486, 0.7969785133380446], [9691489, 0.7805941539822453], [9697282, 0.7648994501388389], [9705737, 0.7079468035023454], [9706058, 0.7011078120251957], [9710951, 0.7080504449399418], [9711710, 0.7063818571256838], [9759805, 0.7506766264562094], [9777844, 0.7638987593889728], [9780805, 0.721981322925546], [9812808, 0.7650633609166532], [9830271, 0.7945935085956796], [9842646, 0.7814015714167318], [9847125, 0.7878336507486633], [9848092, 0.7150756628449292], [9866167, 0.7450272219446338], [9876402, 0.7704704259285196], [9876551, 0.7175955181060812], [9885990, 0.7330163943936631], [9888699, 0.746794397025271], [9888730, 0.7154081750473452], [9896601, 0.7691745670918418], [9919550, 0.8126143876795819], [9930325, 0.8493369938204148], [9930338, 0.7823948238576506], [9937857, 0.8423067507756798], [9940888, 0.7883772486740384], [9943243, 0.7945093603098087], [9944882, 0.7725562769550078], [9944973, 0.7674267947436071], [9949316, 0.7722610671629575], [9950231, 0.758552196129038], [9953280, 0.7836258707200882], [9960867, 0.760315286156353], [9963828, 0.7518503184596209], [9964371, 0.7500226790072229], [9967722, 0.7552066431625897], [9968175, 0.6981350507035359], [9975932, 0.7643048045083545], [9978523, 0.7546554458601612], [9978566, 0.7165348779058897], [9978909, 0.7220500341845147], [9983582, 0.7967394406343397], [9984387, 0.7760199814857842], [9986084, 0.7546675271665044], [9988109, 0.7614274581382692], [9989722, 0.7048733290004153], [9991551, 0.640075892904641], [9993534, 0.824637705077928], [9993985, 0.7726229137756], [9994048, 0.5877450271776521], [9994071, 0.544081478933629], [9994328, 0.5642486037150091], [9995935, 0.6706958596216119], [9996522, 0.7107407064026542], [9996773, 0.7028302725942879], [9996990, 0.6852652100104905], [9997561, 0.8061656817346162], [9997562, 0.7764604060082696], [9997879, 0.8292513033011247], [9997952, 0.8494942019332791], [9998967, 0.8604855426708192], [9999124, 0.7286531530903063], [9999129, 0.661094269772608], [9999422, 0.8935257420608074], [9999788, 0.7014568564850833], [9999841, 0.736763319398935], [9999848, 0.59887700988951], [9999857, 0.6102351584542318], [9999977, 0.44071204336208003], [9999980, 0.44864368915667896], [9999991, 0.39014371153474314], [9999994, 0.5736796576129428], [9999997, 0.5955578275601298], [9999998, 0.8269179783265992]]}