{"seed": 928126107, "N": 10000000, "alive_speed": 0.9519186466858843, "non_threatened_speed": 0.9519187418777489, "survivors": [[0, 0.9519187418777489], [211, 0.8406913116062541], [2088, 0.8314950214111991], [50113, 0.8100703293116587], [50226, 0.7870843096151955], [51481, 0.7867839352359859], [1086406, 0.7795834821054571], [5040473, 0.7774278625145777], [9987836, 0.7429083248782336], [9991739, 0.712304678482387]], "still_alive": [[52322, 0.7775060000436591], [1057013, 0.7937566547338711], [1088063, 0.764214999137895], [1088216, 0.7549769287310649], [1122261, 0.7561660095398817], [1122264, 0.7447801210045184], [1552885, 0.7486515597220095], [2042012, 0.7696813897049525], [2125431, 0.7766015694414629], [2364616, 0.7919924343282981], [3049753, 0.8012498772247262], [3120028, 0.7836644285081703], [3140745, 0.777431789075012], [3307688, 0.7437871509596907], [3323777, 0.7437839538547759], [3490072, 0.7526275395947596], [3620311, 0.7554970188702862], [3648754, 0.7409611679963052], [3656201, 0.7196568097406201], [3657762, 0.7112396635271012], [4062379, 0.746648053445352], [4062382, 0.7458775810344963], [4070573, 0.7285931875557485], [4177508, 0.7354196362908916], [4296041, 0.7492268813401068], [4491010, 0.7653256706402799], [4698185, 0.7846314550434377], [4702432, 0.7826582243153327], [4724457, 0.7607243328443126], [4943826, 0.7818476740656002], [5107972, 0.7692600847696645], [5108005, 0.760410588181449], [5447172, 0.7576757626165164], [5604351, 0.7838131088417751], [5626266, 0.7820727740487031], [5626267, 0.7814790437524646], [5729940, 0.7300131822595797], [5998613, 0.7652429437978974], [6042828, 0.7435699700299776], [6073529, 0.7360157816090439], [6073858, 0.734989729330853], [6202443, 0.7594513061626759], [6264622, 0.7679528008173993], [6292549, 0.7380008592944899], [6292568, 0.733936193053033], [6431071, 0.7377388995206866], [6541758, 0.727168374699561], [6752625, 0.7647370954336075], [6991392, 0.7687477872564646], [7024861, 0.7444232932646309], [7128634, 0.7546132913380624], [7129437, 0.7492347909350047], [7278818, 0.7488190605224878], [7455867, 0.7281026323863703], [7503698, 0.7270386344061632], [7682865, 0.7304839846347347], [7753340, 0.7260437578533298], [7753439, 0.718546653524161], [7796790, 0.7325041053415935], [7799117, 0.6801330648343051], [7804060, 0.6780997143932085], [7952613, 0.722828056867514], [7952950, 0.7157134540185599], [8096071, 0.7211391235266241], [8187068, 0.751010951166299], [8247485, 0.7443613663295842], [8247486, 0.7417181034647975], [8252575, 0.7392489020892141], [8398446, 0.8015357631610569], [8493649, 0.8390040605199969], [8500112, 0.7822861273644329], [8500123, 0.7722783778624269], [8598694, 0.6882428756314477], [8681461, 0.7288015814804826], [8908338, 0.7482283153073329], [8957277, 0.7429528017306176], [8986902, 0.7583293248984126], [8998131, 0.7646194308234493], [9208182, 0.7959941301041854], [9211081, 0.7603067926775658], [9247024, 0.7577536092962177], [9421301, 0.825480364771568], [9421356, 0.7979711004429935], [9426421, 0.7568037765763329], [9440166, 0.7490720703468501], [9442759, 0.7466960612567264], [9469136, 0.7646471577511591], [9508005, 0.7893111580662615], [9541330, 0.7591790074999956], [9568075, 0.7833510853978257], [9571016, 0.786389571614077], [9572827, 0.7856020498260542], [9572890, 0.7796770212244138], [9575625, 0.759292851299122], [9576060, 0.7336044127279121], [9614779, 0.7627387637508115], [9648162, 0.8140214123623962], [9651883, 0.815462544790196], [9651982, 0.8029848090887307], [9652059, 0.7417812958839283], [9659090, 0.7140941945288568], [9692083, 0.773353738268934], [9724428, 0.8253727063321951], [9728529, 0.8331067058732222], [9728710, 0.8256705992044162], [9752687, 0.7965913630276887], [9752726, 0.7787583936552332], [9762259, 0.7760493847579367], [9762402, 0.7710956365226536], [9769587, 0.7670501591448206], [9797600, 0.7770136969775153], [9797689, 0.7772971126981723], [9803958, 0.7403854669625292], [9807531, 0.7418806161631426], [9827780, 0.8144609867957286], [9836251, 0.8217220775128811], [9839468, 0.7774595491019118], [9839671, 0.7653125853813977], [9844020, 0.7598874033434182], [9849085, 0.7756547729443766], [9852130, 0.7885023886969255], [9855607, 0.755759573632668], [9866444, 0.7888650987536096], [9866879, 0.7559232180192708], [9866896, 0.7024583235465893], [9897077, 0.7744396970120272], [9912010, 0.861583184152941], [9916499, 0.8305897328726621], [9917108, 0.7388837628567176], [9920879, 0.7039023676869409], [9937320, 0.8459931867189784], [9937321, 0.8350850457850623], [9938462, 0.8220978376191307], [9938607, 0.8112922193575643], [9938616, 0.726091646486341], [9939801, 0.7125470660878183], [9939828, 0.7125609167341526], [9944189, 0.765382127435292], [9945038, 0.6692459354345321], [9954725, 0.8039417422328652], [9955834, 0.7989356919335505], [9956055, 0.7544528217617386], [9956926, 0.7536996040097298], [9959433, 0.7844811464154035], [9963668, 0.8615260796116901], [9963679, 0.8405937909033931], [9964632, 0.792707422016871], [9966691, 0.7383320085055164], [9969032, 0.7749578042720858], [9969167, 0.7739484050686899], [9970496, 0.7156463659494152], [9973093, 0.7429160326452653], [9975626, 0.7701940211038352], [9976661, 0.7342047650866093], [9982444, 0.7148624011012602], [9983953, 0.7718634230781631], [9984086, 0.7722559689324268], [9984103, 0.7532858562514283], [9984690, 0.6628315838825216], [9985259, 0.6796994608599324], [9989299, 0.6868779444173351], [9991614, 0.8224970051091812], [9992910, 0.6386879951811911], [9994501, 0.6983935341756048], [9995514, 0.6302331251047604], [9997107, 0.6239512690459923], [9998390, 0.9361508075336922], [9998477, 0.6017317932963199], [9998488, 0.5191563757892856], [9998947, 0.7172737647064708], [9999124, 0.6775021391684214], [9999295, 0.5239367930579549], [9999620, 0.7989974029350555], [9999735, 0.7006154388593899], [9999834, 0.5822307372613844], [9999921, 0.7184084687377003], [9999962, 0.7280463615429599], [9999967, 0.7833916781656793], [9999976, 0.6396263326607521], [9999977, 0.4706190634987909], [9999984, 0.6721880411565814], [9999987, 0.6399147848962434], [9999992, 0.9115586465228174], [9999999, 0.9050808432245311]]}