{"seed": 177791910, "N": 10000000, "alive_speed": 0.7993523960652238, "non_threatened_speed": 0.7993948439271915, "survivors": [[530, 0.7993948439271915], [105555, 0.7838503499010175], [2596344, 0.7723160181756388], [2597483, 0.764527598310952], [6233320, 0.7600906429159434], [9694837, 0.7594688803758551], [9694844, 0.7318114410420865], [9999997, 0.40167259362717]], "still_alive": [[124708, 0.7433896459662352], [386751, 0.7581698275410683], [818640, 0.7644550038964244], [1042057, 0.7234375009218422], [2053282, 0.8097179280697663], [2053381, 0.7785339443234214], [2086792, 0.7559259644260873], [2568561, 0.7843161370534387], [3045038, 0.7471613277682007], [3433893, 0.7430600301814303], [3694800, 0.7596828064847784], [3744185, 0.7515184720122975], [3975684, 0.7544946443110173], [3976123, 0.7241124301715822], [4288106, 0.7466330752213238], [4759223, 0.7290340371531807], [5272622, 0.7924938353084254], [5283185, 0.7863993196026638], [5284826, 0.7399612488330488], [5404747, 0.7447395731912448], [5429894, 0.736284991269005], [5601811, 0.7189755032306219], [5934906, 0.7763512910048016], [5961351, 0.7624359018217011], [5961352, 0.7552721805963136], [5968267, 0.7541729665043981], [6069012, 0.7711258670945255], [6109583, 0.7421788708556377], [6228278, 0.7649342985927449], [6233319, 0.7614976475848505], [6497769, 0.7555614236634839], [6594990, 0.7404716898246729], [6936617, 0.7576314956052164], [6983638, 0.749409968253121], [6987741, 0.7196094456721579], [7206340, 0.7534864299655164], [7208333, 0.7523813201981863], [7208766, 0.7188649972738701], [7606015, 0.7881487590559791], [7961982, 0.7532297894869022], [8020821, 0.7578104400688286], [8055182, 0.7602173047252659], [8156835, 0.7908486378367521], [8170510, 0.7304691577085448], [8310613, 0.7846627806773888], [8463042, 0.7323899071207747], [8497219, 0.7243002930423791], [8654912, 0.7808821252661655], [8654913, 0.7216861851746798], [8817410, 0.7869881042467508], [8820281, 0.7203115702672199], [8875836, 0.7431707902345471], [8962899, 0.7485958699314578], [8972860, 0.7411216370642508], [8982251, 0.7305853362581659], [9009876, 0.749411723181485], [9033339, 0.7522636266023384], [9154988, 0.7717386901837476], [9229669, 0.698397499648664], [9365602, 0.773587041387346], [9374963, 0.7731666170918614], [9379854, 0.752015742446902], [9410661, 0.7792728121644816], [9418536, 0.7590340758475799], [9418563, 0.7550608361164027], [9445964, 0.7789447590628474], [9474381, 0.7722490169576365], [9477112, 0.7145729104040062], [9479949, 0.7169100634952436], [9493768, 0.7341095813298488], [9542595, 0.7133146400397572], [9570458, 0.7539340021126], [9599283, 0.7699651939677273], [9639448, 0.7772955067783143], [9641557, 0.7623497397795905], [9649002, 0.767743501057804], [9674785, 0.8266891052352083], [9684528, 0.8436557485014977], [9694871, 0.722155934143396], [9696510, 0.7088857052660552], [9736733, 0.7716304321316875], [9744394, 0.7396763278113605], [9756593, 0.7701887040198082], [9769236, 0.8044123897973507], [9769569, 0.749874844018456], [9771934, 0.7563206893801234], [9771937, 0.7177151487716631], [9806800, 0.7842100733346138], [9809559, 0.7943780897577859], [9822700, 0.7272685417731729], [9822711, 0.7046663046585963], [9828652, 0.7150239526915967], [9842973, 0.7588517686514509], [9852910, 0.7654530161372237], [9853131, 0.7334547659739149], [9856432, 0.7428121736173986], [9856459, 0.7312926602982684], [9867928, 0.730910503003], [9873529, 0.7457471764013182], [9894532, 0.8311379359429996], [9894747, 0.8084656570868279], [9895238, 0.7932492399049285], [9895805, 0.765718884899658], [9895808, 0.7437647840797786], [9896793, 0.6758177244735794], [9914452, 0.7792968887702111], [9914481, 0.7708202992072021], [9914734, 0.7243551929697017], [9918997, 0.755483465899718], [9919200, 0.6387081018549734], [9932353, 0.7195472825255324], [9940950, 0.7387664404731251], [9942739, 0.7351302103208484], [9950076, 0.753543882946919], [9950083, 0.7144188591700738], [9953550, 0.6815359458346639], [9957755, 0.6922552309889405], [9963482, 0.7662783959626703], [9969621, 0.8198776661759245], [9969690, 0.7987415794512736], [9969889, 0.7479841385652006], [9969890, 0.7418648490733608], [9972061, 0.733873228756123], [9972116, 0.7136623050231249], [9978515, 0.8398413037393594], [9979470, 0.7731610215982241], [9982901, 0.8628640655757125], [9983730, 0.844749914074467], [9984517, 0.7750166153086769], [9985098, 0.7511924870902952], [9985981, 0.7287159979841057], [9986756, 0.7543964720290709], [9988313, 0.8299605706511036], [9989234, 0.7263719455123927], [9991025, 0.785248036645878], [9992164, 0.7337861853808548], [9992259, 0.7397132675088605], [9993568, 0.837081144739676], [9993573, 0.615587925571671], [9994220, 0.6651055498980356], [9994611, 0.7071339128321763], [9994614, 0.6357017275263077], [9995985, 0.757251227965448], [9996936, 0.7458087963965128], [9998123, 0.6588902954699631], [9998346, 0.6978304955302819], [9998397, 0.6193997779227205], [9998428, 0.5345193428900433], [9999247, 0.7740928774556244], [9999364, 0.7619289062377036], [9999431, 0.8024851048115589], [9999432, 0.7151208142700727], [9999555, 0.6517101014341901], [9999686, 0.813737801735191], [9999741, 0.8393995779987679], [9999778, 0.7060704352367226], [9999799, 0.743876337631805], [9999856, 0.7157054503049094], [9999935, 0.49613744614788247], [9999952, 0.5928091703045986], [9999959, 0.5054129161410811], [9999980, 0.9074941733533387], [9999981, 0.9489320106056282], [9999984, 0.5931591485885016]]}