{"seed": 483722234, "N": 10000000, "alive_speed": 0.8419935470156544, "non_threatened_speed": 0.8421701500784655, "survivors": [[2096, 0.8421701500784655], [2671, 0.824825396495434], [108116, 0.7911160776964736], [111969, 0.7845335410530314], [186918, 0.7653152133984844], [188077, 0.7526815082817687], [1909522, 0.7512430150457555], [9980739, 0.7499425557229473], [9981040, 0.7247043932395851], [9994611, 0.7184434784872319], [9999652, 0.6722615942067153], [9999969, 0.5170483146501761]], "still_alive": [[533214, 0.7244144648614075], [1264835, 0.7427384703966007], [1912567, 0.7373834908470863], [2248714, 0.7556488529646814], [3323477, 0.7492573682686742], [3482896, 0.7581033328078444], [3529703, 0.7634382692324972], [3593356, 0.7101944222838422], [3614067, 0.7048772242049396], [3631354, 0.7020697795893641], [3938067, 0.7366160284481998], [3940602, 0.7245991793592048], [4165547, 0.7374993192726002], [4173266, 0.7301078885614236], [4299343, 0.7221066076762813], [4405390, 0.7254886448944157], [4585185, 0.7476608762533615], [4602160, 0.7437252586768879], [4909759, 0.7696564873961609], [5208312, 0.7992138518097465], [5228147, 0.7580282962928709], [5349774, 0.767630712688587], [5590315, 0.7741264261597244], [5612464, 0.7581523989977624], [5621215, 0.7440398246520838], [5794868, 0.7658055137624052], [5963269, 0.7839317005818511], [6264706, 0.7594687015215518], [6268075, 0.7466077500385734], [6387080, 0.7705315189914402], [6807151, 0.758755001733447], [6944302, 0.7482586519550678], [7016995, 0.7659398820124539], [7173478, 0.7830019388711754], [7226167, 0.7692864722747209], [7245022, 0.7623443604622118], [7245035, 0.7594059009212155], [7246568, 0.7409007147455375], [7263207, 0.7326210676469316], [7561010, 0.8011782333837769], [7561061, 0.7988680074336106], [7588108, 0.7698441592648736], [7588435, 0.7454531156014707], [7600426, 0.7046865274995818], [7895201, 0.7451108764105883], [8146470, 0.8099812995088013], [8252279, 0.7845320583532526], [8287546, 0.7942149543734529], [8333173, 0.815297211713337], [8358964, 0.7946101609055601], [8360005, 0.7742233187348598], [8398806, 0.7873098278092668], [8426329, 0.7735601633805813], [8518668, 0.789302230512966], [8549407, 0.7922637392779935], [8550484, 0.7815940264809759], [8550521, 0.7629619720835829], [8857322, 0.8275572722143819], [8872261, 0.8038325905987082], [8909716, 0.7697980297603998], [8942719, 0.7236189785630728], [9108712, 0.8151639593189294], [9126635, 0.8007228610570332], [9154844, 0.7824145985770486], [9196659, 0.7937469746783765], [9238390, 0.8124560016477504], [9240087, 0.7968019244660014], [9240164, 0.7586907150936476], [9243609, 0.7616693587103556], [9288278, 0.7332552299359826], [9288281, 0.718449150861797], [9327390, 0.7225894891522617], [9423255, 0.8340044215697282], [9427960, 0.8059788419530958], [9431217, 0.743801419975509], [9444852, 0.7471384195537744], [9446867, 0.7222924575615758], [9448532, 0.7065831266257184], [9458333, 0.7112728714549327], [9459180, 0.7028570752041743], [9462465, 0.6931953137597929], [9503314, 0.7450475205549881], [9504205, 0.7278072172021762], [9584686, 0.7791875245485648], [9586455, 0.7534014948746718], [9622658, 0.8212785992913169], [9624525, 0.7633357095310693], [9626392, 0.7179300659144248], [9626395, 0.6620275072997667], [9705058, 0.8065039775289148], [9705059, 0.7462265461565034], [9741820, 0.7843105642206033], [9762531, 0.7964800897519427], [9762542, 0.7962939265706062], [9776847, 0.7890691715364134], [9794922, 0.7542048249606518], [9797251, 0.7453186006941536], [9805270, 0.7738651860066674], [9807277, 0.7533065732099894], [9834104, 0.7943987961089642], [9850449, 0.8534989642735371], [9850450, 0.7977983643078416], [9850593, 0.7359322976957907], [9864308, 0.8020340329364799], [9864715, 0.7754583798193013], [9874738, 0.8279685852513599], [9874739, 0.7931638759302675], [9877910, 0.7587729283945079], [9877927, 0.7383195303031128], [9890870, 0.7453545157805497], [9891137, 0.6773994306440949], [9892064, 0.6738986004053623], [9900791, 0.7087051438970172], [9919832, 0.74770485486884], [9921067, 0.7405543982862147], [9926024, 0.6880035985884703], [9928673, 0.7065559706041847], [9942626, 0.8153310627340209], [9942723, 0.7592205948849408], [9952092, 0.8330548340893842], [9954867, 0.8028088296594718], [9954868, 0.7905698791194984], [9955185, 0.7491460727744557], [9955186, 0.7416497143735985], [9957999, 0.7700333957874642], [9959080, 0.7728129747850219], [9961821, 0.7181294608813571], [9971128, 0.7557360340651971], [9971279, 0.7235945044936672], [9972736, 0.731221338609465], [9980679, 0.8826394033334365], [9980680, 0.7693320959784561], [9983075, 0.7277628625367948], [9983824, 0.7305905958348341], [9985301, 0.7636261933274531], [9985526, 0.7648341017716125], [9986821, 0.8049568140899338], [9988092, 0.7788061710251144], [9988309, 0.7845355983449124], [9988476, 0.6818039069740467], [9989871, 0.7018555509950031], [9993488, 0.9196370832633004], [9993497, 0.8694523937621917], [9993498, 0.8017802029321321], [9994648, 0.6907674385139929], [9995157, 0.7037732580664897], [9995488, 0.7297047238952473], [9995939, 0.8039729962758164], [9996724, 0.79413930404819], [9997335, 0.8533070897915335], [9997352, 0.8415126489671007], [9998865, 0.7339727167861883], [9999046, 0.7761700680571763], [9999275, 0.7549030141041334], [9999422, 0.7723015261234238], [9999425, 0.7305172227980062], [9999600, 0.9384917233032062], [9999611, 0.7863504745158609], [9999665, 0.5924460589621655], [9999700, 0.6515407096176173], [9999715, 0.5914968191312275], [9999812, 0.6453463233857604], [9999813, 0.40603869755159916], [9999928, 0.8254416957736012], [9999947, 0.8246729689810114], [9999968, 0.853539235826609], [9999980, 0.23035789863235634], [9999997, 0.3382312570408397]]}