{"seed": 483722326, "N": 10000000, "alive_speed": 0.8817211763842564, "non_threatened_speed": 0.8817214409006623, "survivors": [[2, 0.8817214409006623], [569, 0.8181890655870233], [15020, 0.7903257639485228], [8886673, 0.7548994332105368], [9943658, 0.7458329774057673], [9945627, 0.7419670145565816], [9999696, 0.7144798596709465], [9999935, 0.48360524832781504]], "still_alive": [[22841, 0.7491474229645101], [1109866, 0.7711457408735084], [1295165, 0.7721452799606958], [1299224, 0.7550682754180115], [1733181, 0.776360549557402], [1736076, 0.7694297709116832], [1946049, 0.7703508192503408], [2040782, 0.7522938865360292], [2735627, 0.748701466103563], [2875088, 0.7347299851398745], [3497329, 0.7549356352025253], [3508394, 0.7464920936628842], [3557427, 0.7491831626322512], [3558724, 0.7368627385113273], [3856271, 0.760389161778336], [4056020, 0.7686829408965759], [4294409, 0.7336395031640536], [4294414, 0.7290611256724556], [4866273, 0.7827256615321798], [4866300, 0.7713766504394673], [4980951, 0.7795928923181704], [5027810, 0.7741951400576421], [5371343, 0.7718384135809243], [5373840, 0.7642086137061771], [5520405, 0.7403103970789876], [5715158, 0.7638817672133945], [5715159, 0.7603112052947228], [6220244, 0.7752465608657393], [6239733, 0.7483511662860085], [6239734, 0.7251683931328543], [6563281, 0.7613846934090259], [6699428, 0.791591232244751], [6699813, 0.7862886260326424], [6725644, 0.7920829241218531], [6905117, 0.8178069490099036], [6905128, 0.8083254693602506], [6905149, 0.8040001218313787], [7313544, 0.7960913458079113], [7506053, 0.7747979066866556], [7506060, 0.7745187536889635], [7618915, 0.7750476836880202], [7636418, 0.7254076598930224], [7939799, 0.7739068084327376], [8024484, 0.780465110583932], [8046221, 0.7523456004151399], [8085802, 0.7652806587841624], [8154057, 0.7763425576920069], [8157160, 0.7764217074439702], [8157441, 0.7332936004742061], [8267174, 0.740947230162829], [8296369, 0.7150382937962968], [8368928, 0.716626943128212], [8539725, 0.7770376013873348], [8540462, 0.7363864385027908], [8710073, 0.7697372131194508], [8811220, 0.7811565417727064], [8840801, 0.7493704579336766], [8877426, 0.7721738004853202], [8907910, 0.6955507643891449], [8909407, 0.6711403214910541], [9040750, 0.7623051166775625], [9052013, 0.7442930022543163], [9073444, 0.7297618957300351], [9073445, 0.7036500787043178], [9073496, 0.7018168689095227], [9118475, 0.7369013363780066], [9118668, 0.6960339078009468], [9129849, 0.7019468846907514], [9257682, 0.811328952891979], [9258097, 0.7692007943811454], [9277658, 0.745026803106086], [9277681, 0.7342234420710112], [9315028, 0.7698605580871574], [9330153, 0.7730972646430443], [9407192, 0.7993835267745333], [9413815, 0.8030521805747445], [9414186, 0.7942565975721262], [9450515, 0.7386925447353669], [9460158, 0.7172485335292411], [9461499, 0.6943648347295386], [9530002, 0.7274291118241267], [9561117, 0.7394156577066111], [9592388, 0.7717089670530483], [9618117, 0.7321756044999448], [9630236, 0.7042705442280294], [9689429, 0.7611261076207043], [9689774, 0.7483615079706848], [9701827, 0.7774903221919633], [9702418, 0.7745006106922313], [9702419, 0.7610445633000277], [9710222, 0.7542012022220977], [9710251, 0.7466723041145602], [9729450, 0.7837551500256923], [9730107, 0.7779619907794287], [9732114, 0.7737963655459074], [9732115, 0.7587715534329119], [9732284, 0.7335392500854586], [9734891, 0.7235091370599189], [9773820, 0.8169892527593712], [9774013, 0.7983728592968954], [9778802, 0.7996350345325793], [9793631, 0.7352075784594538], [9799834, 0.7500639551700131], [9834857, 0.8102845453164647], [9847668, 0.8142735877418341], [9851699, 0.739274756180153], [9851976, 0.7283524447094082], [9880109, 0.8280745820744854], [9891468, 0.8330897392791461], [9891535, 0.800296839874434], [9891610, 0.7414919304461017], [9896497, 0.7676219224269244], [9899578, 0.7179700124150927], [9909043, 0.7429361985915366], [9917178, 0.6774887041785391], [9929987, 0.7524212114153666], [9934496, 0.7817925908754324], [9943637, 0.7983461913388874], [9952108, 0.6665201802751687], [9957485, 0.6460219537726736], [9973390, 0.8535922330415796], [9974727, 0.7438331284602402], [9974728, 0.7226445557517213], [9977441, 0.7788936946248342], [9977548, 0.6717286420930821], [9985305, 0.8267375324059238], [9987044, 0.6822390400007081], [9987247, 0.6384591258415603], [9987292, 0.6384696947356127], [9990183, 0.724097626147504], [9990582, 0.6893420663348216], [9991025, 0.6637045166417259], [9992688, 0.7645025605061789], [9993115, 0.7217536034108701], [9993508, 0.72846539894234], [9994359, 0.8076273994269739], [9995354, 0.7359634211110377], [9997095, 0.7283098017708405], [9997284, 0.6876843732659736], [9997663, 0.7697258455903176], [9998276, 0.7592010513834482], [9998669, 0.7379325452563128], [9998870, 0.7292363140783814], [9999077, 0.8727636042197973], [9999078, 0.8584459540452111], [9999079, 0.7724261619673121], [9999134, 0.555085614990311], [9999325, 0.5914441552921993], [9999568, 0.7397455128805964], [9999569, 0.7062933539669211], [9999697, 0.501485802558589], [9999836, 0.6438047759035752], [9999849, 0.6045492972040745], [9999872, 0.6409931836464234], [9999873, 0.5777051110378149], [9999924, 0.7715966057783782], [9999936, 0.43843798288342417], [9999943, 0.4799026814053009], [9999988, 0.9472041984804288], [9999989, 0.9790620451942043], [9999990, 0.1567653288165528], [9999999, 0.4880335906568267]]}