{"seed": 942755634, "N": 100000000, "alive_speed": 0.9117644734344607, "non_threatened_speed": 0.9117647560815322, "survivors": [[30, 0.9117647560815322], [31, 0.9089257460523341], [40, 0.8759066608079938], [975, 0.8199573944811451], [976, 0.7861627952274189], [1031, 0.784168860879635], [868286, 0.7773364267147085], [45310249, 0.7652333417870906], [73983886, 0.75310195772852], [99913759, 0.744634811985006], [99926718, 0.7244848656524927], [99930645, 0.6872312924644148]], "still_alive": [[906621, 0.7549873956192303], [4569502, 0.7448008751410221], [4570637, 0.7447324105776416], [5282130, 0.7434767477423879], [5461139, 0.7341633291512911], [8939092, 0.7565869463471075], [8940199, 0.7500953081888051], [8940484, 0.7428790592797572], [13807789, 0.7673379987270843], [13952100, 0.7663167904702372], [14179189, 0.7576061397521133], [14666932, 0.7563981997610728], [16436777, 0.7582925543200163], [17591894, 0.7563148528422329], [19338811, 0.7535456842654222], [20586448, 0.7593535559970164], [21236585, 0.7433677505004448], [21779116, 0.7483160748976314], [21784407, 0.7400216125020439], [22510426, 0.7389432865324832], [28016827, 0.7837554443785322], [28017574, 0.7837088212880586], [28019995, 0.7826780041089436], [29114128, 0.792082433574544], [29714329, 0.7865090917967039], [31199928, 0.7541945688915358], [32547943, 0.7607044786373635], [33954444, 0.7608175627422789], [34631179, 0.749952604764873], [35402186, 0.7474527493779033], [38128883, 0.7788533300638657], [38230582, 0.7523374457334907], [38517819, 0.7539724244111843], [40252692, 0.7716901987779808], [41211205, 0.7748957113966477], [43177646, 0.7784897858527081], [44946905, 0.7753370984060388], [45036258, 0.7708057265260481], [48955380, 0.751623383360358], [49792439, 0.7632892523817463], [50966722, 0.7330227591521022], [50967109, 0.7232578624561962], [52955372, 0.7322463578331726], [56165211, 0.7546700963370782], [56428370, 0.7436357958605688], [56959759, 0.7526934101560888], [58264522, 0.7551775988365284], [58451499, 0.7544412762341645], [61040904, 0.7774453914080464], [61040905, 0.7734690349267679], [61997266, 0.753286047281878], [62695741, 0.7601956715021176], [62695754, 0.7491643865014197], [63874485, 0.733327785861587], [65416496, 0.7314899086208672], [66950841, 0.7538497094156755], [68271626, 0.7453984098132053], [69303925, 0.759114589675242], [69658598, 0.7419941083663003], [70012245, 0.7417758867258099], [71389224, 0.7721316805190301], [71389235, 0.7504300733129906], [72570948, 0.7511463546241332], [73350183, 0.7647508011182208], [73363564, 0.7547794906139846], [73575843, 0.7533854928874024], [74851967, 0.743248766505445], [74853214, 0.731338184389341], [75908525, 0.751852317706901], [77135854, 0.7837663022167521], [77153041, 0.7631736014930461], [77501772, 0.7527570223756442], [77502685, 0.7327603454307882], [78927212, 0.7804281765051093], [79090679, 0.7665455762935194], [79400976, 0.7716898688873565], [80536011, 0.7640691624073829], [80537034, 0.7623752849242932], [82117953, 0.7795608250902162], [82218462, 0.7831824771081873], [82218469, 0.7739652767501125], [82218470, 0.7601475847401253], [82896245, 0.7840749894152138], [82901688, 0.7683616666672816], [83526011, 0.7847715937974294], [83776360, 0.7398602422278919], [84259925, 0.7605806840576868], [84445650, 0.7611958058447306], [84670585, 0.7391594466319763], [85615554, 0.7839594367135442], [85624973, 0.7772003876432599], [85625020, 0.7557076559937327], [86458431, 0.7515710819569038], [86630460, 0.7591527281094044], [87253573, 0.7764094804319903], [87492922, 0.7513758372350205], [88116691, 0.75525082917892], [88517702, 0.7522845340797591], [88679143, 0.7362894021169396], [88712840, 0.736468012011884], [88859461, 0.743515673322908], [88859470, 0.7299466979469106], [89929515, 0.7543576616825626], [89968082, 0.7436918006543677], [89968087, 0.7381697289486221], [89989352, 0.7330423718587306], [90637743, 0.7730210460832896], [91384828, 0.7597666423407176], [91674389, 0.753449447336993], [92314442, 0.7739557488233504], [92552299, 0.746130626836921], [93119854, 0.7476243697062881], [93142055, 0.7495907809091525], [93666170, 0.7704848224221502], [93741987, 0.7355639685147182], [93948868, 0.7350577271757571], [93949459, 0.7331369645182281], [94247460, 0.7357701276048354], [94265621, 0.7056632591961584], [94545404, 0.7245954501779404], [94977899, 0.7743120171433124], [95188522, 0.7639818709085624], [95461627, 0.7536921917181357], [95496410, 0.7375374217909898], [95626541, 0.7475796731689247], [95692168, 0.7560769239855765], [95863829, 0.7786884333690384], [96015372, 0.7595658967411244], [96029683, 0.7254181887350406], [96041108, 0.7143822366613553], [96488025, 0.7246017494550874], [96835662, 0.7490449694677191], [96836713, 0.6958468216202164], [97463402, 0.8231815411982318], [97473111, 0.7897553449285805], [97507278, 0.7856282979820988], [97508985, 0.7486420813432146], [97565316, 0.7531132021483161], [97570377, 0.7458101429629993], [97727632, 0.7672327625849502], [97818069, 0.7725831782925302], [97818080, 0.7220990075604242], [97818485, 0.7058424789015871], [97956428, 0.7317877312056473], [98111641, 0.7259029761516552], [98228918, 0.7647622658761016], [98239501, 0.7426567703263403], [98277014, 0.7528600207976668], [98277815, 0.7498564610768963], [98379224, 0.751360055418454], [98457001, 0.752601155170745], [98488776, 0.7460050189550137], [98623623, 0.7564599997019731], [98688004, 0.7781293316279557], [98688069, 0.7738797471972351], [98696054, 0.7753209311226799], [98702413, 0.7607313818330317], [98745366, 0.7786263229580597], [98745369, 0.7783354011170831], [98745370, 0.762370825927371], [98948001, 0.8089261593209541], [98966056, 0.8052747803248149], [98966097, 0.7800249528644208], [99006616, 0.7599764375595456], [99057723, 0.7810408653078842], [99111362, 0.75200182951448], [99214751, 0.8489848227346698], [99215114, 0.8266631229307729], [99215257, 0.8243121961805167], [99246354, 0.8085042315014439], [99273711, 0.7248249605293848], [99311950, 0.7461192850409399], [99335227, 0.7434339669756013], [99335228, 0.7012919377835946], [99409671, 0.7297207897210254], [99442306, 0.7415077398853537], [99461401, 0.7619605236698431], [99461736, 0.7487585953768152], [99509853, 0.7228915850573526], [99541558, 0.750749254516077], [99659425, 0.7594709777070289], [99681530, 0.7894515792476526], [99681695, 0.7522348604834859], [99681722, 0.7493764583264484], [99704937, 0.7365329100425511], [99735392, 0.7822092919079622], [99746493, 0.7502446059112429], [99812720, 0.7070988651885242], [99813613, 0.7099984352343139], [99814560, 0.7005254052843238], [99851757, 0.8408684621129049], [99858162, 0.7741745509502912], [99859683, 0.7512279209786896], [99860860, 0.7088140659954517], [99879273, 0.7514075308947534], [99884834, 0.7460712530314124], [99885185, 0.7180823526347644], [99885356, 0.691324237816328], [99897737, 0.7513911369612375], [99901596, 0.6907074382347042], [99913563, 0.7839588972328038], [99913686, 0.7799973597527216], [99913796, 0.7411350133356569], [99926715, 0.7804108589805675], [99930734, 0.6431575129626779], [99940223, 0.743944635324227], [99941080, 0.6903664292357493], [99941081, 0.6712272690863585], [99948454, 0.7093879937406249], [99949299, 0.70104475858085], [99957274, 0.7135022429692351], [99962733, 0.7050497655544137], [99963180, 0.7075464959499933], [99966783, 0.7722528490619366], [99969932, 0.7453044430779183], [99973447, 0.769242063696908], [99974114, 0.750751762594528], [99974115, 0.7089322930920161], [99979486, 0.7965960021655575], [99979497, 0.7678595642546455], [99982790, 0.767238026568773], [99983775, 0.7391247288400256], [99986500, 0.8814568411975144], [99986847, 0.7022554854235264], [99987816, 0.6799250127016664], [99989923, 0.7449432083244585], [99990592, 0.7770132220472131], [99990597, 0.7396383718582549], [99992384, 0.7134014346305685], [99993985, 0.7398830845582184], [99994902, 0.6774236895994472], [99995891, 0.7629186949648548], [99996482, 0.6667334667687924], [99997049, 0.7569762946447828], [99997574, 0.6671910949719609], [99998039, 