{"seed": 928126260, "N": 10000000, "alive_speed": 0.9989124352070121, "non_threatened_speed": 0.9989353108233423, "survivors": [[228, 0.9989353108233423], [233, 0.9749770753371781], [3392, 0.8795115795180463], [99709, 0.8037130266563063], [185218, 0.7755540607408234], [7196831, 0.7644967396987935], [8860698, 0.7614934316819174], [9999985, 0.7392489512334853]], "still_alive": [[338831, 0.7509025528570809], [452232, 0.7566117360767186], [489045, 0.7348140772342364], [599202, 0.741473349016942], [807335, 0.7338128547047567], [1116476, 0.7568442842148669], [1122863, 0.755993719016128], [1209398, 0.7517865307549305], [1537977, 0.7648976625022489], [1950614, 0.7688790751146932], [2427735, 0.7251235449602218], [3320764, 0.7503652985435296], [3449135, 0.7454166264375537], [3896930, 0.7711074143698943], [3905441, 0.7706590752753248], [3914004, 0.7615795215363628], [4016115, 0.7352277695705898], [4021492, 0.7286213851266774], [4266479, 0.7561055898123044], [4267320, 0.7384453440424924], [4354351, 0.7454763482441198], [4357812, 0.7431464608373479], [4358395, 0.7358502640358553], [4399162, 0.7234071857371156], [4501429, 0.7283550120831093], [4992142, 0.7399399102703594], [5255473, 0.7581831880195036], [5815448, 0.754164894858638], [5815597, 0.7350043208352312], [5816968, 0.7345937287061625], [5920011, 0.7508835463952486], [5920046, 0.7304311764304671], [6259505, 0.7725371638886157], [6472330, 0.7508751145636722], [6575409, 0.7400428362847269], [6599754, 0.7216688018073979], [6656235, 0.7302162378352582], [7079242, 0.7743619435248852], [7104117, 0.77050712551424], [7129110, 0.7735946651931018], [7187391, 0.7730833797288104], [7196830, 0.7691718963467131], [7306458, 0.7627358364257094], [7311131, 0.733087190778472], [7852100, 0.7685090023141207], [7969567, 0.7714964790073185], [7969588, 0.7465382126514072], [8072817, 0.7246243115446096], [8105154, 0.7313349119536404], [8165517, 0.7521355016698703], [8166064, 0.7475454861394724], [8242249, 0.7424197950201592], [8276740, 0.7424341153611305], [8388705, 0.7662597795271703], [8390192, 0.7068927343353623], [8555329, 0.7381652975569843], [8598516, 0.7578565689192677], [8778551, 0.7763334804919322], [8801346, 0.7779139554868114], [8859089, 0.7685087355044165], [8860887, 0.7396837328389803], [8897978, 0.7592117512429731], [8947371, 0.7504294145914895], [8958232, 0.7499283949298684], [9006515, 0.7475333636072461], [9128002, 0.7717793875347737], [9148853, 0.7723937694634722], [9152548, 0.7553002589686292], [9211497, 0.7844033521051362], [9213016, 0.7322665669745588], [9223723, 0.7277310481524637], [9238480, 0.7359999962568252], [9245627, 0.7324891196792905], [9289008, 0.7730857695146846], [9289273, 0.7339538970424412], [9330808, 0.7382276292344726], [9330997, 0.7297268262608105], [9387866, 0.789206430469988], [9393479, 0.765386066272997], [9406508, 0.7391780750255552], [9440055, 0.7731857584561684], [9440056, 0.7716908075205291], [9470849, 0.784537230693023], [9471576, 0.7844752785048038], [9493985, 0.7644313914117956], [9556452, 0.8166015082312444], [9556673, 0.7603495030629939], [9556976, 0.7339045855556169], [9619279, 0.830755661430422], [9653320, 0.7590123169536815], [9697647, 0.7911787085442071], [9701006, 0.7611635061522083], [9719829, 0.7223967992817579], [9731310, 0.7522613597793454], [9753359, 0.7004559995714185], [9786494, 0.7757224200511259], [9800767, 0.783973287136327], [9807756, 0.7617544666527759], [9835087, 0.7989403803486532], [9866634, 0.7823937268871802], [9882669, 0.8026983542005562], [9888564, 0.8332830540151174], [9903075, 0.7866495616202306], [9906638, 0.7262179574862497], [9924351, 0.7859616057301662], [9935324, 0.7880684098092304], [9935525, 0.7415334749043845], [9944410, 0.7874327027087953], [9950311, 0.844177963982275], [9951870, 0.6854585142247639], [9957651, 0.7785094153151946], [9958624, 0.7377701427999199], [9958631, 0.7168434455251426], [9962686, 0.7759168796197284], [9962881, 0.7601569510197398], [9965380, 0.6399247376254174], [9969741, 0.6597852494640839], [9976666, 0.8096842109807585], [9976677, 0.7853410148296572], [9977476, 0.7753498974656442], [9977951, 0.7872457426694488], [9982764, 0.7010869293726544], [9983903, 0.7451999823883141], [9983984, 0.7187209804626404], [9984345, 0.722722936936919], [9988422, 0.8855683217542779], [9988457, 0.8498989803322089], [9988652, 0.7373322283467666], [9990825, 0.80416294527176], [9990940, 0.7974040115397976], [9993075, 0.8773902593006113], [9993814, 0.6994755674955163], [9994455, 0.7286384439307453], [9995146, 0.7481876824840764], [9995767, 0.8349319577134878], [9995768, 0.8300280250713952], [9995787, 0.760552728741997], [9996072, 0.7816173251055486], [9996293, 0.8099879803016992], [9996310, 0.7679139913148797], [9996411, 0.7358907777943807], [9996656, 0.74781400421099], [9996701, 0.6321443989044359], [9997550, 0.551302947817633], [9998185, 0.6941989035585363], [9999010, 0.7371467673574302], [9999031, 0.6665275135810497], [9999152, 0.6743376055184193], [9999215, 0.7137011723827397], [9999458, 0.9167679953093364], [9999461, 0.9110284157178142], [9999578, 0.774551487998119], [9999615, 0.8075294603553007], [9999650, 0.7570913605405357], [9999669, 0.6576735191849592], [9999750, 0.8182194536875524], [9999757, 0.4596472752737717], [9999830, 0.5663646977458553], [9999899, 0.8302908264193317], [9999938, 0.7224373554928047], [9999945, 0.799409743617985], [9999966, 0.7866120860305422], [9999986, 0.518678807875831], [9999991, 0.7035640025503308], [9999992, 0.3600802608009587], [9999995, 0.29937818833404883], [9999996, 0.3643418604932821], [9999999, 0.412451815663917]]}