{"seed": 832, "N": 10000000, "alive_speed": 0.9437362360469247, "non_threatened_speed": 0.9437363304205483, "survivors": [[0, 0.9437363304205483], [1, 0.8522780285002125], [13598, 0.7872507904904207], [92083, 0.7742673631589333], [5362508, 0.7515023105500783], [9719917, 0.7415722382206335], [9886702, 0.7330602399950215], [9906605, 0.7316775278808852], [9999040, 0.5947419963274548], [9999997, 0.24947419332577125]], "still_alive": [[93710, 0.7706529830721923], [186761, 0.7521224352080571], [392016, 0.7555103047433928], [851893, 0.7631076729587962], [1106856, 0.7666109218716813], [1656547, 0.8146791235695936], [1821942, 0.813218506784971], [1907061, 0.7667461848540466], [2232326, 0.7742082406046067], [2242419, 0.774426912060069], [2245568, 0.7658425018684042], [2252647, 0.7365049030787518], [2697418, 0.7254855231009705], [2697421, 0.7218324400292472], [2959048, 0.741468115941948], [2960081, 0.7286523538783329], [3348050, 0.7584395339128303], [3721525, 0.7813327683153347], [3859292, 0.7635670832265001], [4129891, 0.7419451924681826], [4528402, 0.7780863647426496], [4571827, 0.7419951013875777], [4909890, 0.7893362434514726], [4909951, 0.7720555626399808], [4946700, 0.7420133741058615], [4947035, 0.7328162249860107], [5287326, 0.7713862088316847], [5287577, 0.7564893846788063], [5377737, 0.7391026568489107], [5415550, 0.735928494712776], [5441743, 0.7227943290021139], [5566648, 0.7284834395347031], [5568771, 0.7159755368336315], [5972986, 0.758846504333628], [6169235, 0.7769515910213933], [6183142, 0.7334592602184525], [6544207, 0.7635942579397822], [6544278, 0.7567223550217499], [6544283, 0.7391440312557145], [6941312, 0.8203742693472007], [6942633, 0.7711901206208898], [6942640, 0.7680368928865297], [6965021, 0.7501560940677283], [6986108, 0.7494719088209668], [7468609, 0.7608678672675523], [7484016, 0.7368635818563806], [7486155, 0.7164819341598462], [7569804, 0.7320740216997368], [7674177, 0.7566485949617022], [7816194, 0.7372155602285403], [7865849, 0.7471043163564622], [7868166, 0.7440757870645588], [7939625, 0.7589964535426514], [7954852, 0.7552185570145503], [7956141, 0.7512421509864365], [7997354, 0.7395809478859934], [8227015, 0.7721009846604171], [8265892, 0.7209149714878349], [8268219, 0.717290514697148], [8409136, 0.7356358056806424], [8494929, 0.7678373123755677], [8544092, 0.7397888359591661], [8627415, 0.7521664397692531], [8774878, 0.8092896009265157], [8781219, 0.77257805458618], [8882362, 0.7469587220388517], [8924173, 0.7402700819296966], [8983936, 0.7773381618365639], [9032479, 0.778010813646962], [9032818, 0.7591065942540312], [9069759, 0.7714618925402071], [9111254, 0.8052596637458708], [9123429, 0.7831844946831709], [9157444, 0.6859062771093599], [9157661, 0.6841645341242126], [9283392, 0.70659657683741], [9382069, 0.7513686385298448], [9387250, 0.7509294268584665], [9401507, 0.7596017311443582], [9412398, 0.7574523771153098], [9466565, 0.7253214049908558], [9518280, 0.7706184963770034], [9528325, 0.7470647983004532], [9575118, 0.768571476279415], [9575123, 0.7419836155812115], [9587174, 0.7617384291142405], [9591989, 0.7692517657734684], [9607850, 0.7742451548961601], [9645619, 0.7927122406434041], [9645648, 0.7790407569519611], [9683087, 0.7750543227874499], [9683332, 0.7678847797749425], [9690061, 0.7506840875926175], [9713110, 0.7855044834454519], [9739466, 0.7238572429635702], [9791559, 0.8402278928535892], [9794494, 0.71092967075762], [9813527, 0.7529039217499103], [9814994, 0.713146968129518], [9815011, 0.6853954282481934], [9843074, 0.8005048170410276], [9848251, 0.7721205164222434], [9848304, 0.7455356438580097], [9863209, 0.6997056380363327], [9883344, 0.7712538969991616], [9883349, 0.7616432640230397], [9894761, 0.6738437028910275], [9906598, 0.7528014071142427], [9906840, 0.7106713203329995], [9918763, 0.735977135763055], [9918764, 0.7078264541359872], [9930371, 0.7024777527729491], [9935990, 0.7096038689134693], [9947259, 0.7239809070307524], [9953954, 0.813672985017937], [9954503, 0.8192447884156169], [9962370, 0.755760133397461], [9962609, 0.7234703250061394], [9967640, 0.775980323295029], [9967951, 0.7281562292442858], [9971306, 0.7150878446199218], [9972885, 0.7241144865938107], [9972886, 0.6253766216655616], [9980895, 0.6590088781570066], [9987586, 0.6918072752459112], [9988855, 0.7395665104783605], [9988860, 0.7081268420990934], [9988861, 0.6575108705618116], [9991202, 0.7209693472508872], [9991965, 0.6502471837011821], [9994452, 0.8016935273645961], [9995125, 0.7666825047553467], [9995368, 0.7974835157007986], [9996091, 0.7105354412662225], [9996114, 0.7098257157096174], [9996515, 0.6961917558567423], [9996524, 0.6558107173015467], [9997337, 0.8005610844811423], [9998138, 0.7608196197127949], [9998815, 0.8606032840175092], [9998816, 0.8212373170214405], [9998821, 0.7374135017746549], [9998824, 0.6513800620599578], [9999039, 0.6987176436546196], [9999471, 0.6753184170637209], [9999758, 0.7911979499239907], [9999793, 0.5798202745707483], [9999804, 0.5851300085888207], [9999849, 0.5648897391291959], [9999908, 0.781700597315198], [9999923, 0.8970099555061146], [9999944, 0.7250479810020317], [9999957, 0.2942948318890567], [9999982, 0.6614939730730268], [9999983, 0.6587303770032599], [9999990, 0.976157554680199]]}