{"seed": 483722197, "N": 10000000, "alive_speed": 0.9437420719541945, "non_threatened_speed": 0.9437506600843425, "survivors": [[90, 0.9437506600843425], [1593, 0.814078465364849], [139732, 0.7623185669812828], [392817, 0.7435853364534285], [9639994, 0.7292800307027143], [9997837, 0.7182905192084764], [9999962, 0.651596379058562], [9999977, 0.49445153103751704]], "still_alive": [[204047, 0.7577878450733464], [363650, 0.7695921928862942], [392860, 0.743497290508986], [404395, 0.7412012604987256], [1612392, 0.764749601035873], [1802479, 0.7661231138851976], [2918152, 0.8073188233521844], [2918167, 0.8044323797858276], [3317808, 0.7494045136058427], [3873759, 0.7592686168274342], [4196494, 0.761688121694968], [4213625, 0.7240182928190375], [4920858, 0.8109939221895901], [5038443, 0.7546099267071638], [5038660, 0.7501680688132929], [5231479, 0.7730075708022662], [5280456, 0.7652765852364635], [5297379, 0.7492410952937107], [5729916, 0.7991045337734993], [5730159, 0.7943579654508889], [5734828, 0.7826808412188416], [5736395, 0.7545979541049784], [5859242, 0.7752509083224348], [6372427, 0.8140334427989019], [6484650, 0.8014408017147991], [6484651, 0.7559177879196727], [6484996, 0.742597096308358], [6550129, 0.7546478362338817], [6576232, 0.7405722286441927], [6576785, 0.7283307685314694], [6580878, 0.7240628622811593], [6777387, 0.7467879507491189], [7159160, 0.744451905517728], [7548889, 0.7946449646986293], [7561232, 0.7615207210185314], [7609863, 0.7436310507771486], [7824528, 0.7723117316295612], [7885727, 0.7779278179843137], [7903856, 0.7171982079644359], [8047437, 0.7547223402181124], [8063952, 0.7360944861321351], [8130225, 0.7463460625120609], [8153592, 0.7472387957145978], [8155079, 0.7437743154103013], [8298502, 0.7692774292421154], [8298845, 0.7455838665608852], [8362978, 0.7669847462935863], [8404225, 0.7806890632001903], [8407036, 0.7643247853497211], [8425949, 0.7121843180699196], [8436750, 0.7104495191350755], [8499591, 0.7319582784608092], [8645580, 0.7428996096795922], [8647477, 0.7390130777054985], [8649442, 0.739508962422966], [8729875, 0.7850656898347512], [8744316, 0.7497606314446482], [8745199, 0.7108894338909162], [8879932, 0.7843293268489112], [8890569, 0.721732193346227], [8994712, 0.7779996763274533], [8997449, 0.7623773007190018], [9004436, 0.7554157037166868], [9053885, 0.758566310796193], [9071880, 0.7470997730489992], [9183625, 0.8131451325933045], [9233358, 0.7321382066011628], [9269151, 0.6841399078916884], [9307428, 0.6841804935929655], [9391611, 0.6950180455985393], [9465110, 0.7867634788555476], [9465111, 0.7795986331955498], [9465176, 0.7770379514312311], [9473009, 0.7313901908069829], [9617714, 0.8491763144704075], [9630809, 0.8159514814820535], [9631696, 0.7928767803668751], [9636563, 0.7616240799349737], [9640001, 0.708492693292666], [9667832, 0.7336171741063134], [9690315, 0.7826241399971301], [9690410, 0.727797114996923], [9690425, 0.7195593508264687], [9704276, 0.7304227398226611], [9748345, 0.7831233762008734], [9761338, 0.8058801584934292], [9776001, 0.7116070134910911], [9783956, 0.734490611516727], [9808097, 0.7790490026102656], [9816248, 0.7585951094628923], [9851495, 0.7331780571471087], [9860852, 0.7670851631560247], [9874009, 0.8379700351750669], [9874156, 0.7607854543034231], [9878615, 0.7525735970937562], [9898426, 0.80772541995592], [9898607, 0.7931196933240232], [9899464, 0.7881454512569848], [9904785, 0.7101502397716379], [9911484, 0.7377842131029811], [9920263, 0.7020922686630588], [9926134, 0.7488919996658229], [9926155, 0.7418057974017723], [9934246, 0.8073551804690365], [9937677, 0.8497296029549599], [9937754, 0.7651113912784763], [9939611, 0.7404162572571216], [9944550, 0.7757302387343893], [9945467, 0.7611878980730932], [9948588, 0.8057704384363926], [9958993, 0.7308121608413913], [9958998, 0.697994431065038], [9966617, 0.7950112850803498], [9968360, 0.7258156823613613], [9968361, 0.7068653115248097], [9973992, 0.8489321199821566], [9973993, 0.7690963961248227], [9979522, 0.6941356845299842], [9980471, 0.7170688232853746], [9981562, 0.640220269930237], [9985731, 0.7744130433510321], [9985790, 0.6739732057649711], [9985795, 0.6671362303558429], [9988876, 0.7828665491532754], [9989287, 0.7916529879610232], [9990686, 0.899776264453461], [9992099, 0.7831440533555667], [9992556, 0.7698823932856178], [9992721, 0.7841927841276927], [9992810, 0.7642061870557484], [9993105, 0.7695069577083441], [9993652, 0.7424630489301348], [9993655, 0.6768006142959642], [9994240, 0.7424107475866173], [9995057, 0.8486147437248253], [9996656, 0.6466587997862521], [9997645, 0.7731803268430294], [9997718, 0.7842436812596524], [9998082, 0.7000678906216959], [9998287, 0.7736736239847326], [9998446, 0.7179328051719005], [9998467, 0.6065649627000158], [9999166, 0.7829104561856314], [9999205, 0.7500230474205388], [9999206, 0.6926717985849877], [9999217, 0.6982989766478936], [9999226, 0.7011284298862943], [9999323, 0.7630273960129074], [9999538, 0.6131132312045363], [9999571, 0.6521586389864369], [9999716, 0.8326937758185216], [9999745, 0.8106430145341774], [9999746, 0.7582419394846569], [9999747, 0.7020379880818483], [9999772, 0.7697889510808675], [9999793, 0.834559949425496], [9999834, 0.572848387720776], [9999881, 0.7131557611458618], [9999906, 0.6708421417000997], [9999915, 0.5248655008170667], [9999936, 0.6259743057913458], [9999955, 0.7555272053284839], [9999963, 0.4433391906154409], [9999976, 0.6440035801745917], [9999982, 0.4112553807672863], [9999995, 0.6526824348990694], [9999996, 0.5704953888222122], [9999999, 0.9840618357704516]]}