{"seed": 483722319, "N": 10000000, "alive_speed": 0.7960930164938942, "non_threatened_speed": 0.8036438119023052, "survivors": [[93956, 0.8036438119023052], [93963, 0.7756620759996584], [3331752, 0.7700307263259915], [7669865, 0.7658861432725924], [7727696, 0.7546838008912522], [9998991, 0.7132670248930748], [9999998, 0.4299788111494839], [9999999, 0.3354112722308028]], "still_alive": [[149730, 0.7665492836545542], [362329, 0.7793134118460671], [364680, 0.7220527593562739], [1432161, 0.7729296333274757], [1443086, 0.7079115756591352], [2213373, 0.7678922648911886], [2335714, 0.7600178140901627], [2335719, 0.7491344785599107], [2481444, 0.741730282435517], [3203179, 0.7864353548134553], [3213284, 0.7806715900733056], [3328353, 0.7804460306491302], [3333203, 0.7476601729727299], [3634726, 0.7759482024521004], [3706931, 0.7601079573155921], [3711230, 0.7576147598745785], [3752015, 0.7556289807344897], [3816592, 0.7292786165395764], [3816611, 0.7176071709179991], [3898674, 0.7265331902126939], [4654733, 0.792362241394042], [4667372, 0.7533570759582836], [4946471, 0.7761882648627763], [4947758, 0.7737582725664571], [5174561, 0.7798448864222316], [5259242, 0.7725630756582168], [5382381, 0.7717644015772263], [5420048, 0.7445265032208136], [5488205, 0.7442262858251446], [5823304, 0.7646986040801426], [5843367, 0.7569591623541353], [5843544, 0.7518388169110455], [5920969, 0.7577319753197145], [5925410, 0.7313357130172254], [5979451, 0.7404437477418585], [6969964, 0.7872055829797091], [6972091, 0.7876492119268657], [7060678, 0.7706718536537374], [7060787, 0.7378757032766011], [7167242, 0.7491309513435318], [7201677, 0.7499742096670419], [7255304, 0.758487854511324], [7385495, 0.738746120372562], [7606246, 0.7919464261963315], [7606247, 0.7814011914130101], [7669862, 0.7762738722384547], [7723810, 0.7606145079233274], [7725021, 0.7608258228375248], [7727715, 0.7175921487774735], [7735024, 0.6926506146826806], [7736701, 0.681474082785614], [7861160, 0.7105434377938938], [8119597, 0.7598932262574415], [8151464, 0.7532474754816931], [8152219, 0.7346756687293586], [8249254, 0.7314117079340587], [8284687, 0.7420737741633278], [8285990, 0.7384416849759671], [8285991, 0.7199309502969496], [8289618, 0.7207564434758315], [8379613, 0.7557873986630734], [8466050, 0.760335904561606], [8466515, 0.7579189615022703], [8478080, 0.7563851947877521], [8483949, 0.7571759106854474], [8484064, 0.7424342002001981], [8578591, 0.7852070281070364], [8591774, 0.7413460346381873], [8592525, 0.7245809047779768], [8803730, 0.7557694018489096], [8803745, 0.7550456156170418], [8826904, 0.7570480818207341], [8887835, 0.7794068055659686], [8978972, 0.7024975387521748], [9082771, 0.7374589947980724], [9119336, 0.7481815718799607], [9203085, 0.7792951339234949], [9210638, 0.7248602845050255], [9244343, 0.7447861087238958], [9246286, 0.7362645371805061], [9246325, 0.6938388849725281], [9378708, 0.7532014674029334], [9457119, 0.7699266325868167], [9457186, 0.7439505202119208], [9461019, 0.710863959820405], [9547636, 0.7580600609919694], [9567995, 0.7788001631859001], [9575636, 0.7226425994820771], [9575637, 0.7075315704660803], [9640132, 0.7793209679856679], [9668623, 0.7912182284455704], [9673270, 0.7630306048651668], [9674245, 0.7410941565592859], [9694120, 0.7206747697089206], [9697749, 0.7095944270192319], [9737064, 0.7168461042323608], [9748813, 0.7397629040674277], [9748818, 0.7318932858034812], [9785747, 0.7885760416199827], [9797340, 0.7625577191397046], [9833901, 0.8370396928710504], [9833992, 0.8162373332539095], [9835063, 0.7955259094347719], [9838348, 0.7571411214850604], [9840903, 0.7198809484581132], [9841564, 0.7118928810359105], [9855303, 0.7501053877798606], [9860778, 0.7763729840259007], [9865951, 0.7252962633796893], [9866390, 0.7238419691543626], [9882377, 0.8201816151660262], [9904792, 0.9221102818240834], [9904961, 0.9113983237396904], [9909474, 0.8119673184443095], [9912379, 0.7883646361674129], [9912380, 0.7859725684094186], [9915679, 0.7564453784747588], [9915978, 0.712007639315126], [9917415, 0.7126055734145255], [9921490, 0.6988273320034224], [9933003, 0.8120838928565239], [9933010, 0.8093013220716416], [9939257, 0.8192851864298486], [9946976, 0.7545126662971402], [9947715, 0.7467884195650627], [9951412, 0.7728545854362873], [9953711, 0.7890380415822356], [9955282, 0.7860976984288824], [9955285, 0.7169425638379197], [9960866, 0.7556782595430783], [9963341, 0.7243241821961474], [9964162, 0.6710953192686646], [9970937, 0.7063961021838161], [9972858, 0.7399641830084647], [9973429, 0.6930779657668782], [9973440, 0.6788973121041793], [9973589, 0.6698187785222418], [9977716, 0.7508460181766841], [9979993, 0.7984179867086171], [9980116, 0.736918124431754], [9980145, 0.7248266720969743], [9981342, 0.729725666347841], [9981537, 0.7100434082934465], [9986394, 0.6861231682571693], [9986731, 0.684706211276132], [9986848, 0.6682774479752255], [9988271, 0.7376365735478031], [9989932, 0.8141785843806449], [9989951, 0.6893033050841592], [9990774, 0.7410933219258804], [9992879, 0.668299829496647], [9993792, 0.5902437528486906], [9995575, 0.7659768584789277], [9995648, 0.7626043166502005], [9995929, 0.7007508567018599], [9996038, 0.6351704790456976], [9996623, 0.718528218599396], [9997572, 0.838231832210011], [9997573, 0.7790856837311881], [9997580, 0.6681244432091662], [9997773, 0.7120764863719824], [9997794, 0.6655190613907852], [9998189, 0.7517646305726767], [9998384, 0.8212230462548272], [9998483, 0.8442841497606327], [9998858, 0.7372338662866835], [9999046, 0.6252511240934246], [9999485, 0.7620864858721955], [9999490, 0.567223096595087], [9999711, 0.7773142964065257], [9999818, 0.9088592480018032], [9999843, 0.9220853493496084], [9999912, 0.6537038979803291], [9999945, 0.7979047772920228], [9999958, 0.7773243572975266], [9999979, 0.5999724354561125], [9999982, 0.6887985652462905], [9999985, 0.7179268813555133], [9999990, 0.7900143912433062], [9999997, 0.8616176196563919]]}