{"seed": 483722444, "N": 10000000, "alive_speed": 0.9773187218373153, "non_threatened_speed": 0.9773190150329903, "survivors": [[2, 0.9773190150329903], [5211, 0.8025783510547245], [3824044, 0.7604441330952757], [3874787, 0.760129277454847], [3874814, 0.7580921586215185], [9993495, 0.67903108558689], [9999904, 0.5756960172725111], [9999999, 0.35820665773123717]], "still_alive": [[250272, 0.7518568222904747], [605063, 0.7530828086779302], [1001940, 0.7810020736761258], [1023515, 0.7752701300436383], [1029778, 0.7523333390528811], [1083611, 0.755473764803511], [1628138, 0.7901220976568785], [1711041, 0.7555439805154311], [1842294, 0.7459118241194648], [1842779, 0.7437243186214316], [1842808, 0.7421418284393991], [2013333, 0.7400010098893722], [2379026, 0.7709155018217777], [2379029, 0.7429513246490181], [3736494, 0.8163153017596806], [3739121, 0.8101417930016955], [3739128, 0.8042904045402108], [3739135, 0.7956578864874456], [3885247, 0.7518936717679332], [4172712, 0.7857081961877851], [4173123, 0.7400341353006653], [4666748, 0.7499088685884179], [4731769, 0.7333682686886523], [5087732, 0.7170775787049894], [5087775, 0.708598345033279], [5087776, 0.6994074823563204], [6168047, 0.7893832811935184], [6283494, 0.7754111464274805], [6284457, 0.7745531203019406], [6438096, 0.7788973905372363], [6441577, 0.7566304012926701], [6441632, 0.7456889280411485], [6608081, 0.7764586663209632], [6845968, 0.7621046593144113], [6909361, 0.7626279389664843], [7238128, 0.7752709844265969], [7243783, 0.7363936985886778], [7243876, 0.73443864991452], [7244473, 0.7211223295392395], [7261700, 0.7175579612519941], [7752985, 0.7740017440815163], [7753904, 0.7739066299909435], [7790651, 0.7792831113014116], [7796040, 0.749976080058929], [7888659, 0.7690392954900274], [7912030, 0.7533409935027735], [7913751, 0.7414574442519553], [7913808, 0.7340254638057714], [8182741, 0.7982517101864853], [8183372, 0.7886553169417246], [8192887, 0.7760776098474651], [8198438, 0.7540597803130873], [8202699, 0.7469722111421324], [8225378, 0.7262144250938631], [8344813, 0.771773825348437], [8344816, 0.7654100788468154], [8511167, 0.7663176432064083], [8552260, 0.7215030719054688], [8774361, 0.7727179503076544], [8878168, 0.763321583029832], [8880067, 0.7491509997634854], [8891260, 0.7504861304555694], [8894447, 0.7433188549520172], [8976126, 0.7407797237584001], [9066233, 0.7388631768022563], [9172846, 0.7965678606783997], [9178193, 0.729233901237308], [9194766, 0.7396161612282266], [9228831, 0.765839604133459], [9253150, 0.7155272173930265], [9291783, 0.7387099767539522], [9292172, 0.7354362649482323], [9328523, 0.7534121115222667], [9328524, 0.7291547577610114], [9404479, 0.7834402775284627], [9410496, 0.7638434700505196], [9425477, 0.7653370884471808], [9440308, 0.7433718364234709], [9440847, 0.7428045575643717], [9512142, 0.7651014106382343], [9515411, 0.738495555486132], [9534950, 0.7296201921018647], [9545233, 0.6967264621330995], [9576996, 0.7489988288837995], [9580011, 0.7129678597458737], [9631552, 0.8073357911914515], [9631587, 0.7983901372559522], [9637176, 0.7344113054905167], [9698433, 0.7944878494221373], [9753102, 0.882971666589771], [9758743, 0.7494479774404745], [9769192, 0.7199678820012607], [9775205, 0.7280188318424142], [9775256, 0.7077197643939057], [9804599, 0.7697988136715489], [9837558, 0.7637584335889548], [9840317, 0.7758934908327781], [9840330, 0.7453106197374841], [9843197, 0.7122153502434521], [9856346, 0.7669637914311602], [9859213, 0.7083501632144084], [9860808, 0.6924839291939738], [9861301, 0.6686975388069384], [9887788, 0.7679571142608861], [9887841, 0.7493893228578454], [9888600, 0.7056027104006425], [9896093, 0.7468039263475942], [9904524, 0.7137561082147538], [9907793, 0.6978392145790078], [9919526, 0.7501473789712851], [9919529, 0.7455689792678982], [9925236, 0.7558936912338593], [9942839, 0.8557781774148392], [9943914, 0.6908956420894062], [9952211, 0.7165621675727659], [9954990, 0.7059695380249776], [9959249, 0.7145776685044467], [9960226, 0.6609551876875768], [9966385, 0.7387874255606214], [9971964, 0.7268825944541261], [9971995, 0.7019926641491905], [9972608, 0.7128981773927042], [9974193, 0.7563287583874218], [9974194, 0.7260367807359359], [9974195, 0.7104484474868179], [9974236, 0.7048647504814651], [9974991, 0.7241136804388486], [9975820, 0.7471980459692869], [9976307, 0.7552700047171158], [9977040, 0.6765336363931191], [9977543, 0.6819626664970849], [9977556, 0.6795457379432603], [9980739, 0.7582254856867998], [9980902, 0.7476784202876754], [9981647, 0.7005422916522381], [9983122, 0.7428631982091723], [9983437, 0.6973117150724764], [9985394, 0.7645210126093648], [9987765, 0.8474044897208866], [9987768, 0.7323004943374031], [9989505, 0.69413871033854], [9990318, 0.6786296584279352], [9992013, 0.7093684649332896], [9993468, 0.8467834192600222], [9993479, 0.8097457205569013], [9993480, 0.7614167746231618], [9993498, 0.6380424263754287], [9995241, 0.7309902119205776], [9995268, 0.707097530536802], [9996169, 0.725563590326203], [9996408, 0.7554027082481028], [9996421, 0.7158652120929658], [9996506, 0.6545762982479895], [9996797, 0.6981825656639972], [9996798, 0.6797576396913978], [9997725, 0.9196368078438133], [9997796, 0.8126946198007056], [9997823, 0.8027689095351355], [9998392, 0.6184322150543727], [9998399, 0.5707009647854361], [9998932, 0.826864714558268], [9999005, 0.7655349651189183], [9999316, 0.6650415129008057], [9999319, 0.6503551769630471], [9999486, 0.7590967741148135], [9999503, 0.7338602553202769], [9999508, 0.6127630921980438], [9999513, 0.576254797807661], [9999616, 0.6899922652930138], [9999725, 0.6947996075591716], [9999900, 0.7820104867299098], [9999901, 0.7732886176280339], [9999911, 0.49581820818834144], [9999970, 0.6390875780312334], [9999997, 0.6400471982835987], [9999998, 0.7426802961064819]]}