{"seed": 177791890, "N": 10000000, "alive_speed": 0.9385402716473082, "non_threatened_speed": 0.9385444950971138, "survivors": [[44, 0.9385444950971138], [45, 0.867358334223067], [49664, 0.7852455753564429], [256239, 0.7811393599568529], [266790, 0.7676422602626566], [528675, 0.7664397372862196], [6271786, 0.7415901018253269], [8137505, 0.7297067314603488], [9999096, 0.6974455500167656], [9999725, 0.5532273985057925], [9999962, 0.45016887969050845], [9999963, 0.29743632352497096]], "still_alive": [[560234, 0.7440200934289934], [754599, 0.7469525402753967], [773196, 0.7408028314787729], [1393515, 0.7725610028553063], [1401746, 0.7653771155783595], [1500773, 0.75796282471873], [1519758, 0.7570206135856868], [2060535, 0.762040664332234], [2422774, 0.7389098685511697], [2487065, 0.7385330321126286], [2640222, 0.7338588577537071], [3105377, 0.7541029508407512], [3135008, 0.7546956406343162], [3348773, 0.7739627343069825], [3836074, 0.7721602068854392], [3847515, 0.7558981839130104], [4045256, 0.7798470229803433], [4318763, 0.7623601361287621], [4318770, 0.7356014292943309], [4412249, 0.7390645101501019], [4814184, 0.7498114423215269], [5028025, 0.7660301012648668], [5029484, 0.7205296739311706], [5105067, 0.7002799159551101], [5810490, 0.7674954375919109], [6233885, 0.7443249994444056], [6275923, 0.7377418445791846], [6827780, 0.8155816186409924], [6827783, 0.7831474040489566], [6870430, 0.7908565469203908], [6915233, 0.7359892386683341], [6950558, 0.7312870071566728], [7038061, 0.752683740625957], [7039242, 0.7368392806753531], [7128207, 0.7357847907718428], [7128780, 0.7257100066098693], [7349585, 0.7692385532704136], [7351094, 0.7681666024795385], [7391065, 0.7686429550856421], [7460510, 0.7632902354811483], [7737059, 0.7986729094609181], [7742020, 0.7466944027147014], [7787153, 0.7106802673066922], [7941364, 0.7593805555769907], [8011743, 0.7600484572385782], [8028222, 0.7514345674243329], [8127831, 0.7539612751577149], [8127996, 0.7488667357506676], [8138000, 0.7202253190314983], [8144503, 0.7046875431398123], [8196368, 0.7161622366029717], [8254053, 0.7343634699272431], [8301262, 0.7375398534989714], [8462655, 0.8014405941654339], [8489552, 0.7464090715209417], [8504371, 0.7439327270990479], [8553022, 0.7538550486233112], [8580111, 0.7259817612592587], [8656032, 0.7630738827581929], [8676969, 0.7318921194023327], [8679226, 0.7200529045428095], [8798769, 0.7865342153174524], [8829232, 0.7476694490415039], [8841379, 0.740931581307158], [8841380, 0.7276111788632065], [8855317, 0.722508610344313], [8889364, 0.7415223969659676], [8889367, 0.7216412572587023], [8931516, 0.7154227331760061], [9056401, 0.7769926956746989], [9056420, 0.7667878537402384], [9120793, 0.7760940350432626], [9157602, 0.8085709399823804], [9158907, 0.766734192307009], [9222844, 0.7812613384628599], [9240379, 0.7837511722789913], [9243984, 0.7786714328963742], [9313233, 0.7760628383802247], [9337104, 0.7880551615171569], [9346093, 0.7733976463884709], [9394336, 0.7636839310570596], [9483971, 0.710210300520128], [9558412, 0.7947598206491944], [9581875, 0.7963956626043641], [9627852, 0.7230712255051882], [9680841, 0.8369957978320945], [9682552, 0.7947272568353955], [9682559, 0.7422876448890722], [9717194, 0.7861483428940909], [9717271, 0.7569944450178234], [9717290, 0.6969902883349226], [9717311, 0.6958443571855097], [9734928, 0.7291779168050375], [9769645, 0.7611107664414992], [9776270, 0.7551512074490209], [9791989, 0.6966732260726168], [9792160, 0.6859011386009176], [9823257, 0.7788357139208648], [9836290, 0.8395966018632799], [9842949, 0.836583174039251], [9843080, 0.7957171993416716], [9844111, 0.7539754772902865], [9858432, 0.7954838109082734], [9867413, 0.829165221641353], [9867678, 0.7822267486812274], [9872079, 0.7796610969291106], [9888954, 0.7282648979172099], [9892995, 0.6468761704193845], [9932630, 0.7627503089274057], [9937479, 0.7646448560068102], [9937762, 0.7650917321898086], [9937777, 0.7546462116595962], [9939488, 0.6570400575281672], [9960531, 0.882499736181952], [9960540, 0.8342162577221449], [9962549, 0.7817742064881371], [9964834, 0.7649926165785417], [9968369, 0.8305316525871052], [9968374, 0.7275930500388275], [9980233, 0.8179000805535311], [9980326, 0.7778443125335467], [9980957, 0.7513367221576264], [9981084, 0.744005546622908], [9982643, 0.8008607271209511], [9983162, 0.7886108942545947], [9986639, 0.8812750312011421], [9986678, 0.8704415713933017], [9986681, 0.8621047332415821], [9989376, 0.6978215794547937], [9991491, 0.7554623142813798], [9991622, 0.7334066012484841], [9991983, 0.7638369280048385], [9992822, 0.6919410092767786], [9992835, 0.6829213382309075], [9993684, 0.7711133548527114], [9994245, 0.6782495283486183], [9994572, 0.6934186653001181], [9996735, 0.9183694864714689], [9996736, 0.8262533803173158], [9996761, 0.7309053322764575], [9996812, 0.7316883909356308], [9996831, 0.7317229473181647], [9997316, 0.8465786210409991], [9997325, 0.8182984392338145], [9997348, 0.7334788155510844], [9997745, 0.8233495736075068], [9997966, 0.9075839313306944], [9998141, 0.7986527334244694], [9998778, 0.5933616379192811], [9999091, 0.7927735745176939], [9999353, 0.6575065610511069], [9999470, 0.7170503487587532], [9999491, 0.7071026563587569], [9999564, 0.7209447917772634], [9999736, 0.508545285678418], [9999813, 0.596762027838452], [9999854, 0.6545474052419327], [9999903, 0.8450996710597197], [9999904, 0.8162683853448531], [9999911, 0.8121813042285542], [9999948, 0.5337198416452121], [9999957, 0.611655446604733], [9999990, 0.6609012230098251], [9999991, 0.7177372433653737], [9999998, 0.43190960507656173], [9999999, 0.5315368375765549]]}