{"seed": 928126230, "N": 10000000, "alive_speed": 0.8497240974957065, "non_threatened_speed": 0.8497369285220442, "survivors": [[150, 0.8497369285220442], [731377, 0.7536582108136769], [731854, 0.7483563045902701], [9638131, 0.7453146128131458], [9976266, 0.7154422763518785], [9999227, 0.6867662821231957], [9999970, 0.6673505588689583], [9999979, 0.44790830094715295]], "still_alive": [[331, 0.7736612229728504], [2744, 0.7613254764010566], [293683, 0.7813498026778098], [459432, 0.7834127601775391], [461807, 0.7820172858261532], [705906, 0.7996939572693055], [806215, 0.7501562426817587], [1048532, 0.7668662479916152], [1049499, 0.7425262336404048], [1050028, 0.7394955156770017], [1376111, 0.7530273468333555], [1933664, 0.753135372596338], [2024929, 0.7314536945224661], [2377576, 0.7576168140800954], [2377579, 0.7341919858404661], [2940614, 0.738043087643679], [2975199, 0.7412616896734542], [3245110, 0.7279177261536677], [3245779, 0.7172130829300839], [3654286, 0.7493587444260073], [3905095, 0.7152125958763706], [4404138, 0.7681949953569827], [4488397, 0.7530180406569466], [4658370, 0.7506698766169646], [4746363, 0.7353673845115475], [5192346, 0.7669566497853008], [5443739, 0.8043499802675067], [5473508, 0.7582499200397961], [5581527, 0.7579063745023745], [5680500, 0.7352050896470796], [5683377, 0.7253842017528287], [5944546, 0.7476387118976716], [6310333, 0.7733198968398344], [6320060, 0.7595068000730394], [6343511, 0.7640342802430448], [6523520, 0.7869760013592817], [6523555, 0.782170418160217], [6524338, 0.7808551313410423], [6584149, 0.7918088524254122], [6956104, 0.8295830719092556], [6977243, 0.7780268912960676], [7022982, 0.7537042234606562], [7023031, 0.6987914485912955], [7403110, 0.7848965711096915], [7403169, 0.7717768041536226], [7430058, 0.7738707894995515], [7454133, 0.7650220484977532], [7537368, 0.7248023363952398], [7711957, 0.7797782385504758], [7720866, 0.7536661808827194], [7739523, 0.7411319345938133], [7772744, 0.7194663941287958], [7774059, 0.7166031734333516], [7934214, 0.7390602129527375], [8079449, 0.7374648431009938], [8202412, 0.775605130319507], [8229477, 0.7270694101478193], [8235806, 0.7265816475973316], [8236071, 0.721143618276127], [8394232, 0.7822108505174992], [8487853, 0.7837251128850311], [8488178, 0.7800560842264457], [8491601, 0.7792769301052851], [8491896, 0.7776169193520192], [8573483, 0.7540304840432637], [8604460, 0.754636287138245], [8753977, 0.8031420334010938], [8753994, 0.7340957895488625], [8754533, 0.722889651370536], [8781112, 0.731218059899188], [8859197, 0.7369794309517362], [9018746, 0.8247417598146841], [9113553, 0.7790095130545299], [9116650, 0.7583628954286427], [9159679, 0.742994824662412], [9241528, 0.7397580206316094], [9314441, 0.692505937907157], [9408242, 0.7890872985647609], [9410529, 0.755210749613322], [9418308, 0.7446441858896979], [9418309, 0.7405639914130895], [9418310, 0.7276974711332138], [9571851, 0.7785675784947438], [9600226, 0.7903696747945185], [9601457, 0.7848784908081746], [9601516, 0.7775778949886383], [9601633, 0.7462290246402544], [9602448, 0.7320577797411687], [9629391, 0.7813648888693115], [9635602, 0.7833905522773955], [9730986, 0.7167347805704232], [9740861, 0.6836715097171515], [9751704, 0.6651577295424956], [9755451, 0.6479962019663832], [9755746, 0.6441117366646996], [9780545, 0.6934107636483028], [9797064, 0.7017865791468655], [9832593, 0.7985741080785665], [9836960, 0.6879571880022544], [9861265, 0.8000529047792424], [9861612, 0.743562760306444], [9871575, 0.7849247613614703], [9877854, 0.7741036582203841], [9879705, 0.7701505998856901], [9879706, 0.7400601451937187], [9908691, 0.7877340223742174], [9926726, 0.8532319617482014], [9936773, 0.7102326385916314], [9949470, 0.794367542860751], [9949471, 0.7361597117255417], [9957194, 0.8134048266260516], [9957293, 0.8049630658131316], [9966616, 0.8483486809199902], [9968605, 0.8242163626137982], [9970780, 0.7765242061160688], [9971859, 0.8045415628823525], [9972066, 0.8021660626591373], [9972075, 0.7544542071541828], [9976269, 0.7037590674018946], [9978926, 0.7122520740563703], [9978927, 0.7118174062858525], [9983788, 0.7552462953735063], [9984681, 0.7387985636386226], [9987168, 0.7553294913938369], [9987291, 0.7532808337195187], [9988060, 0.6873745825918799], [9991893, 0.8435511223024781], [9991894, 0.785361913612225], [9992319, 0.8205266620645801], [9992632, 0.7733679403244552], [9992639, 0.7190102808728583], [9992846, 0.6307545683950857], [9993979, 0.7466112759535992], [9994436, 0.7932286965414305], [9996453, 0.7106703564261605], [9996956, 0.7135315302800727], [9997369, 0.7979903516263556], [9997370, 0.7877765197893618], [9997685, 0.8533023932722443], [9997920, 0.6078364547133474], [9998901, 0.7674459079151461], [9999058, 0.7543487627023598], [9999225, 0.8231733673337027], [9999226, 0.7630171456612089], [9999230, 0.607328085209419], [9999235, 0.5104518400189609], [9999482, 0.6768542962644324], [9999487, 0.5275589992000428], [9999704, 0.7529206435742005], [9999823, 0.9389647492926143], [9999840, 0.6069468632880527], [9999843, 0.5668998166268531], [9999936, 0.8479149697522197], [9999939, 0.8138203988479762], [9999958, 0.6806929133013531], [9999969, 0.8952507281577932], [9999980, 0.4469564360732903], [9999989, 0.636632344319467], [9999996, 0.46231068219091553], [9999999, 0.8972010381817653]]}