{"seed": 177791857, "N": 10000000, "alive_speed": 0.9124251827026455, "non_threatened_speed": 0.9124256389154194, "survivors": [[4, 0.9124256389154194], [487, 0.8842668768944532], [9444240, 0.7566893585426976], [9447057, 0.7518972016537163], [9463570, 0.7463958996901066], [9816587, 0.7392255064089769], [9846428, 0.7379740254018139], [9992355, 0.7132529179157271], [9998240, 0.6988210239314256], [9999975, 0.47913048335998476], [9999982, 0.41758041160160475], [9999993, 0.277887314028452]], "still_alive": [[21998, 0.7587042267221632], [355823, 0.7733735424573738], [355932, 0.7594301032808645], [1027395, 0.7798023116745921], [1031638, 0.7393578251651528], [1235443, 0.7393453539189025], [1493990, 0.7529050212926535], [1563749, 0.755169048799156], [1596534, 0.7508475511614816], [1637787, 0.7351424547987766], [1660504, 0.736864928400719], [1837549, 0.7458055807641496], [2365874, 0.7891897880674766], [2443485, 0.7652652430406843], [2525866, 0.7579743316463636], [2529703, 0.7562523216882402], [2796594, 0.757723749009909], [3319283, 0.7396136399415616], [3626762, 0.743060948796258], [3628597, 0.7370312774063369], [3816544, 0.758986240361934], [3817505, 0.7178189826686733], [4230642, 0.7607145463036842], [4234023, 0.7461011593816701], [4240180, 0.7422437897721919], [4352147, 0.7525691430698568], [4434122, 0.7469736364122042], [4435275, 0.7378042369789651], [4759226, 0.7619548237009814], [4759389, 0.7583402613596443], [4759400, 0.7510595737988103], [4930659, 0.7508472479818395], [5075460, 0.7495491067001044], [5103795, 0.752216791089314], [5125836, 0.7381301252084288], [5972237, 0.8071082979883346], [5989794, 0.7858870274907865], [6032599, 0.7475532686160413], [6035198, 0.7450748277787317], [6365693, 0.7954859127952928], [6490812, 0.7807985656146595], [6698035, 0.7771901237562806], [6752592, 0.7656111889901099], [6781337, 0.7616559738881113], [6783024, 0.7589469864007675], [6794339, 0.7501501003500783], [6888740, 0.7588663749640622], [7090011, 0.7765611068947557], [7095902, 0.7551437029387328], [7096487, 0.7482471534170166], [7096874, 0.7440161474049888], [7198193, 0.7690155495183678], [7214388, 0.7375440251152198], [7217797, 0.736103778318665], [7344960, 0.7684341678553134], [7428499, 0.7830457751084432], [7429356, 0.7206701818382231], [7734645, 0.7840493366334731], [7752752, 0.7873188821422943], [7752771, 0.7587060535546252], [7779912, 0.7587354924134775], [7892199, 0.7893987092361286], [7971808, 0.7542713262786006], [8086023, 0.74203681091591], [8182468, 0.7607992459528189], [8217105, 0.7612474127650058], [8259950, 0.7403244406169597], [8297481, 0.7428299573426718], [8394154, 0.7622472556254443], [8498131, 0.7646023900145892], [8534874, 0.7675268252726548], [8536215, 0.762983767433011], [8537018, 0.7516000278163348], [8538423, 0.7517554055060351], [8682610, 0.7730703198721737], [8729169, 0.7865550501390243], [8740122, 0.7616202144577052], [8741061, 0.7616513717787151], [8824198, 0.7836577023969771], [8857335, 0.7493038793097049], [8922478, 0.767844355094148], [8922851, 0.7272039874555923], [9017418, 0.775008897042203], [9079895, 0.774343452907379], [9085244, 0.7196562742875804], [9100811, 0.7113876235759931], [9185022, 0.7767707775715832], [9185087, 0.7352238315281038], [9187298, 0.701949380272473], [9222347, 0.7318908162760546], [9328214, 0.8283365422019218], [9331369, 0.7685800478216847], [9340006, 0.7176040737323791], [9355755, 0.7309069425480099], [9421672, 0.8129105912779951], [9444211, 0.7615867847221218], [9476807, 0.742103412973879], [9502344, 0.7158012151455762], [9541379, 0.7567641212401596], [9542558, 0.7171899331798862], [9544145, 0.7039320959803996], [9583212, 0.7387325337080635], [9583391, 0.7359079583824106], [9587488, 0.7376833725780676], [9637669, 0.7989577474310224], [9638010, 0.7735532202138165], [9657705, 0.7763186314933148], [9663324, 0.7782984482870977], [9663901, 0.7287585771146952], [9680088, 0.7468438428016814], [9706503, 0.8097382613181078], [9729334, 0.7092665529504198], [9768721, 0.7833655758631383], [9778146, 0.7631438193286837], [9808713, 0.7910229800957189], [9814258, 0.7623012676679555], [9846655, 0.7293293107396435], [9850130, 0.706304426387338], [9851379, 0.7072909936525346], [9875168, 0.7372642479094371], [9894205, 0.7734786171409126], [9901414, 0.7977060143750602], [9902953, 0.7515091018211509], [9909934, 0.7299168075395872], [9913839, 0.7495248293076828], [9919210, 0.7190925002813718], [9921521, 0.7365731674402881], [9927684, 0.6900048852676913], [9946939, 0.8536110241963184], [9946956, 0.8201004046418163], [9959895, 0.8537346503230678], [9960842, 0.8128237351830152], [9960845, 0.7889572145570687], [9962134, 0.7717483363642631], [9964117, 0.7950873328113605], [9966448, 0.6901201805542102], [9968305, 0.7110212051713117], [9968806, 0.7205304675696552], [9968825, 0.7024009806013177], [9971224, 0.6818659738852167], [9979095, 0.7437625819957884], [9983548, 0.823104763214424], [9986201, 0.7090158739403428], [9986514, 0.6823091183472705], [9987829, 0.7426564358359895], [9991108, 0.8436702431618951], [9992265, 0.7983987017715969], [9992354, 0.7648845387855413], [9994398, 0.7001806452490287], [9994583, 0.6853256383581581], [9995478, 0.7425101228129407], [9995875, 0.8015105358569732], [9995910, 0.8013313357324776], [9996095, 0.8283251025184881], [9996618, 0.7833723825816995], [9996761, 0.8057003901186881], [9997194, 0.8521759998993365], [9998239, 0.73211868257423], [9998545, 0.6278770863108853], [9998990, 0.7429789548832654], [9999451, 0.5535218370432096], [9999712, 0.7767030888034929], [9999783, 0.8798400520193649], [9999794, 0.7564672788901879], [9999803, 0.7217034422225629], [9999858, 0.8730131286977405], [9999861, 0.755144081454852], [9999872, 0.4976741048305241], [9999945, 0.7455100028391283], [9999968, 0.8329563061195296], [9999983, 0.3992032071730389], [9999990, 0.4739359927567276]]}