{"seed": 483722194, "N": 10000000, "alive_speed": 0.8670082608571533, "non_threatened_speed": 0.8674405064182771, "survivors": [[4982, 0.8674405064182771], [7843, 0.8467523575725114], [7864, 0.8220013598490784], [8329, 0.7897214623815445], [8332, 0.7610878610823468], [5101209, 0.7497573676232933], [5102706, 0.7419743978806975], [8010683, 0.7366975185706623], [9966332, 0.7366462626977007], [9981379, 0.7106562409114591], [9999790, 0.6037564459071364], [9999977, 0.5765243948336846], [9999988, 0.4931805746461332], [9999999, 0.38080938299733924]], "still_alive": [[22567, 0.7507206572012275], [463696, 0.7606293593416072], [899435, 0.7827828597681832], [1029292, 0.7731224513355294], [1033221, 0.7535159729927029], [1062500, 0.7492435653095394], [1123495, 0.7530794458637083], [1567726, 0.7326505351202631], [1914469, 0.7245314877862856], [1914572, 0.7240718423235002], [2061849, 0.7238223956803609], [2630270, 0.770030185213769], [2638455, 0.7348731490657701], [2799668, 0.7488200591185793], [3404705, 0.7474697535874768], [3671202, 0.7754847833671373], [3671253, 0.7707345945860585], [3768244, 0.7815767384895289], [3768355, 0.7506047972066593], [3791430, 0.7502572047208741], [4201539, 0.7843033168150977], [4208306, 0.7821888621727228], [4210355, 0.7806668408004538], [4344160, 0.7717793302660486], [4657659, 0.7641087513805217], [4867340, 0.7561997844377985], [4867343, 0.7421350815362954], [5100824, 0.7518395329014137], [5376999, 0.7211905334780577], [5411710, 0.7208140431466049], [5642045, 0.725678071481383], [6084792, 0.7590739373929825], [6285345, 0.7552509834220861], [6285470, 0.7440941441920835], [6598831, 0.7940816100414734], [6660618, 0.8033945963127838], [6763639, 0.7413161037923335], [6885730, 0.7646100534097136], [6886155, 0.7557886819082186], [7095466, 0.7941902527217788], [7099307, 0.7658311152297739], [7138812, 0.7672330143895356], [7140825, 0.7580763704021845], [7235486, 0.7696003452669362], [7421013, 0.7813177862952261], [7522092, 0.7955204121199861], [7588691, 0.7624942631832048], [7796462, 0.7798311296605065], [7910169, 0.8090096468352217], [8008844, 0.8400594333382457], [8009049, 0.7816234545411622], [8009054, 0.7501041406614928], [8118082, 0.7556575716657632], [8231939, 0.802907117401634], [8299366, 0.7347221020335574], [8303215, 0.7216269034301998], [8441646, 0.7315671191440015], [8483999, 0.733764113865395], [8484180, 0.720678476051419], [8484313, 0.6985124421667533], [8600282, 0.7338980872270155], [8691469, 0.7721350468481414], [8735760, 0.7381284283698464], [8807445, 0.7429372792688941], [8812340, 0.7367922402223664], [8896925, 0.747659468885734], [8897082, 0.7339780078421155], [8935011, 0.7540962696033284], [8937912, 0.7416117684979141], [9051765, 0.7902520617186597], [9064824, 0.7871806571413292], [9064825, 0.7839340893105602], [9079690, 0.7744092220643229], [9116623, 0.7930274261065136], [9116624, 0.7783075521645868], [9166881, 0.7906858526040667], [9191264, 0.7879402018702631], [9205493, 0.7842124287460547], [9229308, 0.7894196093617559], [9229433, 0.7561110741974295], [9280036, 0.7938741246738947], [9299029, 0.7917429850673222], [9376914, 0.7767133015945006], [9391425, 0.7410570950088045], [9398738, 0.7392585615220432], [9450027, 0.768628392331542], [9535754, 0.7572008277232423], [9535787, 0.7262496521894242], [9581240, 0.7922694555485734], [9582007, 0.7404236417383959], [9582010, 0.7187798521723423], [9589067, 0.7094211631661567], [9594808, 0.7146852563082579], [9623377, 0.762143211632104], [9623632, 0.7495672859140948], [9626093, 0.7241457042049089], [9641930, 0.7233450816740823], [9641939, 0.7074866430360892], [9667888, 0.7417198866245166], [9668385, 0.7130535849591583], [9670638, 0.6776790893838088], [9690325, 0.7005787812865615], [9709476, 0.681179365069696], [9762979, 0.7605974522570177], [9768382, 0.7156965631075867], [9778477, 0.7453377818456818], [9785448, 0.7511832342890327], [9799811, 0.7120333404138114], [9824574, 0.7695177674321646], [9827963, 0.6918715787161888], [9829162, 0.6940614322420348], [9831315, 0.6855648968027687], [9832356, 0.6853579994996495], [9852563, 0.7787284111306481], [9854606, 0.7119282799730148], [9868261, 0.7567550817686615], [9881512, 0.7499438357581679], [9891249, 0.7992568816425916], [9893614, 0.7726520155450392], [9902395, 0.7374103188087466], [9903126, 0.7307086890778903], [9903749, 0.7245440954688109], [9903836, 0.6749145998468958], [9913809, 0.7272900391177228], [9915992, 0.704481958894027], [9925749, 0.6918892449820637], [9927976, 0.7079494817895831], [9944905, 0.7989538038849948], [9945378, 0.7035388820473275], [9949951, 0.7274009262372954], [9952520, 0.7518443178547094], [9956395, 0.806894694559744], [9956412, 0.7890395269362643], [9956471, 0.7616936010449114], [9956486, 0.7569281018696176], [9965989, 0.7588116483991502], [9966427, 0.6567563007235944], [9966638, 0.6338083486955616], [9976079, 0.7594653646634696], [9976702, 0.705995320525204], [9981502, 0.6794644968970357], [9982845, 0.7004695606641264], [9983058, 0.6806874503169629], [9985547, 0.7456016448841564], [9985580, 0.6852509413149093], [9987877, 0.6564690574793968], [9987908, 0.6117511886580005], [9989219, 0.6596568111075314], [9989234, 0.6317479317935087], [9993473, 0.8025146647939783], [9993792, 0.8365095777438052], [9993795, 0.8177398651863445], [9994988, 0.7715901059740388], [9995425, 0.7407172724517287], [9996304, 0.8265349614069755], [9996349, 0.828742531692512], [9996782, 0.6585013432887302], [9997593, 0.77751700642677], [9997848, 0.6701424770020559], [9998371, 0.8014256795989477], [9998374, 0.7890913263026218], [9998407, 0.7302558262906645], [9998460, 0.6846438412467528], [9998529, 0.7077767346621028], [9998808, 0.640212669327315], [9998851, 0.6442206906041303], [9999104, 0.7668800588914909], [9999163, 0.6675206954794042], [9999714, 0.7516816595968673], [9999779, 0.9277028232650928], [9999809, 0.48067951229473416], [9999922, 0.6090473341351732], [9999929, 0.6249710991550028], [9999976, 0.8682236858317913], [9999995, 0.5497673170308892], [9999998, 0.9691860562708947]]}