{"seed": 483722364, "N": 10000000, "alive_speed": 0.9829928212448847, "non_threatened_speed": 0.9830055020145926, "survivors": [[128, 0.9830055020145926], [129, 0.9400980752988845], [136, 0.9018878534140701], [679719, 0.7756357281858529], [679722, 0.7649324589277285], [680017, 0.7612987465518614], [943204, 0.7578739762218963], [2909857, 0.7542259703015846], [8505634, 0.7301627960637961], [8577277, 0.7232650883667211]], "still_alive": [[684302, 0.7514438197509103], [749839, 0.7554606463589175], [944633, 0.7565122637078635], [1253210, 0.7277274310211012], [1987615, 0.7413438018294137], [2175112, 0.7340745004528305], [2280499, 0.7424629989668009], [2895044, 0.7574645140172087], [2909858, 0.743867048128132], [2913907, 0.7378328130393236], [2984494, 0.7411441119870036], [3578623, 0.7795834885140478], [4367260, 0.7574912168054472], [4400441, 0.7477473956561439], [4418112, 0.7349856359207781], [4519719, 0.7239755689308043], [5085506, 0.7833166987519417], [5266003, 0.785000399749156], [5281412, 0.7601101836648039], [5379969, 0.7634303559220705], [5434098, 0.7406952201213781], [5803869, 0.7837037303590836], [6045806, 0.7789171824441803], [6057719, 0.7499158714309155], [6062520, 0.7288856794213052], [6256925, 0.7234121010478736], [6587522, 0.7460330175390122], [6591457, 0.7355342222825212], [6592654, 0.7254851785782754], [6666009, 0.7410104539318546], [6906042, 0.7362327610408769], [6906045, 0.7279143994630008], [7223806, 0.7681741784045913], [7304565, 0.7654079210835775], [7506916, 0.7654778613586011], [7542721, 0.7640675561918427], [7550494, 0.7658866010145847], [7558307, 0.7120294878778876], [7840412, 0.7573953612406849], [7889859, 0.7671110816708131], [7889926, 0.7315683890553444], [8100543, 0.7800006504768883], [8141682, 0.7635270389298685], [8191141, 0.7734496475034823], [8374494, 0.7553617266769928], [8449261, 0.7454333727563227], [8579112, 0.7216802620054162], [8616961, 0.7196006871519429], [8669800, 0.7344842233449551], [8669999, 0.7306344080656615], [8749090, 0.7296917731801303], [8859255, 0.7741013443807239], [8950024, 0.773088203911806], [8972139, 0.7068847380954473], [9094798, 0.7495961453958688], [9113343, 0.7556719386214245], [9145666, 0.7762429861021335], [9165959, 0.7367169609263995], [9206664, 0.753682395453024], [9218567, 0.7646011753535971], [9218778, 0.7457264416978572], [9261673, 0.7802388984965566], [9301116, 0.7354668256091311], [9380585, 0.7544879238362102], [9396760, 0.7745777766650724], [9397693, 0.7483619758035501], [9446880, 0.8033417698539461], [9457067, 0.7938666871661278], [9497408, 0.7985782767834285], [9536867, 0.760847503725433], [9541020, 0.7638367430807408], [9545171, 0.7480607812043175], [9582710, 0.7604476946871813], [9612613, 0.7884676747055716], [9635774, 0.7987662922694372], [9635775, 0.7747619800420208], [9652806, 0.7920731539700406], [9661631, 0.7288101687069788], [9723712, 0.7388999058250121], [9730315, 0.6912922616921094], [9792072, 0.7737164340338035], [9792211, 0.7629301384464374], [9813424, 0.827322310733164], [9813429, 0.8191865825714489], [9815150, 0.8213168914801057], [9849021, 0.7358480737376474], [9849022, 0.72130602498943], [9863853, 0.7226597609943795], [9887222, 0.7344510364133378], [9887855, 0.7327942484669874], [9887856, 0.7203748340606555], [9897649, 0.7338245142674273], [9909260, 0.8187986492326405], [9909365, 0.7501958409775078], [9923482, 0.7450625868915656], [9933751, 0.7914044910097282], [9938512, 0.7945031038550758], [9940267, 0.7073613086356043], [9949032, 0.7858493217722402], [9949359, 0.6767945909997298], [9960380, 0.7999044018587979], [9965311, 0.8335772995378143], [9965312, 0.7091322298839435], [9966075, 0.7212206340488685], [9966436, 0.6241696597120822], [9970477, 0.6929900155569745], [9970804, 0.6749105601489646], [9975049, 0.7800404178760372], [9975500, 0.7724696840532684], [9975537, 0.675913077417362], [9981476, 0.806351873899565], [9981481, 0.7717986970514519], [9984648, 0.8666888349206432], [9984741, 0.8339814077624682], [9984898, 0.8347360048217514], [9984909, 0.7826279402895838], [9987016, 0.7371576712977603], [9987605, 0.6753025777793137], [9987888, 0.6704240215259303], [9990287, 0.7643377421105282], [9990306, 0.7333477938273503], [9990307, 0.6709705622024951], [9990420, 0.6613494186806689], [9994615, 0.7897573140575493], [9996964, 0.8414318531977479], [9996965, 0.8382590255736798], [9996966, 0.7540722219480812], [9997533, 0.8306669350507374], [9997634, 0.5687481361204308], [9997635, 0.5621216303337045], [9998240, 0.6907412698319185], [9998499, 0.670419012804348], [9998686, 0.679629252972716], [9998903, 0.7875617309020098], [9998960, 0.8245277413030616], [9999041, 0.7242524962317413], [9999120, 0.5888055327196917], [9999489, 0.679928364653915], [9999612, 0.5021307954632666], [9999617, 0.4977751259571691], [9999618, 0.491918531418872], [9999705, 0.6349017820757541], [9999774, 0.7722872251794929], [9999777, 0.6379008558816931], [9999790, 0.436211729191768], [9999835, 0.4781618798423558], [9999924, 0.8024101379382532], [9999933, 0.8398716958074645], [9999936, 0.6787498338568299], [9999939, 0.360295573868628], [9999986, 0.779705467702028], [9999999, 0.8385499187845415]]}