{"seed": 483722350, "N": 10000000, "alive_speed": 0.9280280058560391, "non_threatened_speed": 0.9280290266878664, "survivors": [[10, 0.9280290266878664], [245, 0.8735082716300521], [382, 0.8588842395350794], [636051, 0.7527544836699485], [2759260, 0.7412561044151296], [9999249, 0.7349374765085919], [9999960, 0.5641451756061293], [9999975, 0.5191297692100281]], "still_alive": [[156199, 0.7417589538250384], [636000, 0.7661957297067277], [653560, 0.7369653317306951], [676005, 0.7371893008033087], [862640, 0.7395363820593099], [1101943, 0.7439447086987742], [1436282, 0.7681272007905438], [1445123, 0.7618659373517938], [1450288, 0.7323821854606897], [1719177, 0.7489780776197967], [1816250, 0.7341935563670264], [2171405, 0.7643659379494633], [2172748, 0.7635073520728116], [2174525, 0.7630556642689852], [2174590, 0.7368228785477948], [2224613, 0.7401477943290073], [2759265, 0.7337453530542014], [2943242, 0.7303133310472829], [3178691, 0.7323464558163102], [3204664, 0.7338953287276526], [3641485, 0.7440988852249328], [3783446, 0.7135680545637232], [4400043, 0.7607974236281266], [4515594, 0.7744568871203491], [4876543, 0.772681032199891], [5076202, 0.7375964101075778], [5082183, 0.7311242365380167], [5106096, 0.7241588451908413], [5449437, 0.7760427457857523], [5694098, 0.8179548031562917], [5695989, 0.7885082332125997], [5771446, 0.7912826017290794], [5923531, 0.7406558677806692], [6362440, 0.779288775000127], [6375343, 0.7449948930795938], [6557116, 0.7636154343953118], [6586893, 0.7576038589944892], [6718950, 0.7685730386828247], [6756499, 0.7610233914103607], [6764272, 0.7492317196724742], [6764301, 0.7200859952737357], [7142628, 0.7158177381831176], [7142897, 0.707999342751797], [7386820, 0.7590442616255519], [7387437, 0.7465522065354155], [7465950, 0.7485006155368805], [7612069, 0.7689424918060379], [7612134, 0.754385200949334], [7776517, 0.7729630417371016], [7777866, 0.7640318252249568], [8004853, 0.7526506534256433], [8103142, 0.7649821541365608], [8119125, 0.7403341221383047], [8184658, 0.7514517778192377], [8310871, 0.7883076919639814], [8354608, 0.7708513270610687], [8382337, 0.7472169104207851], [8401302, 0.7541499414959633], [8478533, 0.7800483013970441], [8506696, 0.7705707328406001], [8693979, 0.7813301876780511], [8738898, 0.7755301231361981], [8741115, 0.754631013821498], [8743840, 0.7453268771525516], [8810451, 0.7315566379339848], [8813212, 0.7314439255516408], [8965403, 0.791583363475551], [8998010, 0.7984559027289773], [9048451, 0.725700711884022], [9049264, 0.6931385012435364], [9050213, 0.6722000466201977], [9155582, 0.7530668278349065], [9155589, 0.7398576357338448], [9235726, 0.7742148835617274], [9289501, 0.7281896249887669], [9403878, 0.7736265127440891], [9408957, 0.7442164292148296], [9443802, 0.78200933510139], [9453957, 0.7823275574932378], [9455962, 0.7500135551135111], [9470197, 0.7682313464323648], [9498980, 0.7879536189033098], [9500557, 0.7825115222468897], [9500560, 0.7726197776808942], [9556579, 0.7457308560718792], [9620740, 0.7871129925738515], [9633781, 0.7823633582788122], [9642980, 0.8009568458487757], [9660399, 0.7513746953379885], [9687680, 0.7375992418882652], [9690217, 0.7386553909472261], [9694434, 0.7466560476659111], [9714357, 0.7578795454445971], [9719634, 0.7492682558952227], [9736873, 0.7805824423384867], [9739182, 0.7751937282940357], [9744227, 0.7463602219605574], [9760542, 0.7769027714776954], [9764279, 0.7600390224894035], [9772834, 0.7760030693172628], [9784713, 0.7643163135529971], [9786684, 0.7275174899841742], [9786713, 0.7242404930698539], [9808210, 0.781970663132786], [9809181, 0.7540473443341102], [9810122, 0.7538837185062789], [9820497, 0.7876760050494838], [9837872, 0.8545036875937027], [9839741, 0.7693440019418275], [9849868, 0.7390385403905069], [9851107, 0.7233208490388978], [9864456, 0.786470467806045], [9873115, 0.7691952410819528], [9873582, 0.7534843412753155], [9883859, 0.8066034827348318], [9884058, 0.7197524118356189], [9885041, 0.7143154152888063], [9899154, 0.6631611603319091], [9925785, 0.7401985311290329], [9926228, 0.6883696248629129], [9929897, 0.7166818415334458], [9939468, 0.8022680219058732], [9945821, 0.8305390191096472], [9948822, 0.6909516596599315], [9952903, 0.6724893915482996], [9963016, 0.7514505849490813], [9963017, 0.7367427022551504], [9963034, 0.7287391794409123], [9963139, 0.6309472953962721], [9977654, 0.8608651464569869], [9977911, 0.8318648177608127], [9978106, 0.8228907989480556], [9978117, 0.8093294606099315], [9978476, 0.7736337251244633], [9978659, 0.7700804059370125], [9983134, 0.8102934921197084], [9984399, 0.838013046041311], [9984418, 0.7651014033361613], [9984887, 0.7037013706433095], [9988682, 0.8641714370558018], [9989241, 0.7755931401578692], [9989282, 0.711906754216216], [9989315, 0.6096144150764683], [9991144, 0.7251546856643072], [9992525, 0.6713697941410486], [9992628, 0.6149453395228295], [9996305, 0.8737737554390873], [9996802, 0.9168436563164569], [9996805, 0.8451201447222801], [9997478, 0.8297985175222294], [9997613, 0.7834913547197574], [9997670, 0.6512045434283359], [9998311, 0.7890697842125629], [9998462, 0.8177960673603208], [9998813, 0.9426938801658205], [9998828, 0.8899732683699307], [9998883, 0.9078308613838887], [9999092, 0.7760332168851958], [9999388, 0.684706500939177], [9999389, 0.6086529642767305], [9999626, 0.7179109345443573], [9999627, 0.7076872430664319], [9999704, 0.7406073738878964], [9999851, 0.8604088394870784], [9999852, 0.518042217111591], [9999911, 0.5910512966120205], [9999942, 0.7719134877758852], [9999953, 0.7293901419120035], [9999978, 0.516255821529491], [9999987, 0.7223500943706971], [9999988, 0.5163813210066249], [9999999, 0.8329184405850215]]}