{"seed": 928126123, "N": 10000000, "alive_speed": 0.8251357414959253, "non_threatened_speed": 0.8251364841186867, "survivors": [[8, 0.8251364841186867], [20781, 0.7551819356807411], [1189494, 0.7488445436335777], [9299681, 0.7465646638490188], [9589244, 0.7229613654889007], [9974981, 0.6956795438978468], [9975756, 0.6861414416581536], [9989957, 0.6760350969332778], [9999930, 0.5401847457389944], [9999977, 0.5275417095231382]], "still_alive": [[45670, 0.739744288888048], [46423, 0.7239567316250335], [835930, 0.7636747879315497], [969671, 0.7708304719487736], [1568977, 0.7452422338781447], [1580682, 0.7353445752510875], [1606833, 0.7335317303907529], [2015772, 0.7411043470750018], [2384749, 0.7422181748479288], [2673154, 0.7625040063449147], [2778037, 0.7604144923778279], [2778120, 0.7228190680424785], [3452845, 0.7706227323343657], [3489036, 0.765014987641199], [3508295, 0.7358071285223791], [4042098, 0.7818363366294041], [4161577, 0.7827524459389384], [4161578, 0.7738726776826992], [4224891, 0.7604979745044624], [4451232, 0.7715016319419656], [4457969, 0.7690633578300391], [4461086, 0.7646674920844367], [4679791, 0.7461763051039102], [4693726, 0.7430875408621821], [5058043, 0.7610207081227469], [5058102, 0.7430686438174113], [5426837, 0.7865580311051871], [5433836, 0.7590631621685225], [5939999, 0.8019424704328344], [5956646, 0.7506108277480563], [6049447, 0.6974658640653462], [6424266, 0.7677325798636884], [6472893, 0.7432319376971691], [6479662, 0.7028470853477082], [6854913, 0.7640774226270363], [6866228, 0.750630245755075], [7056599, 0.7618911939321051], [7220034, 0.785519784943753], [7270043, 0.7857503481728143], [7270870, 0.7612201787271761], [7407897, 0.7855325461213375], [7549968, 0.8044907197198752], [7553703, 0.7400608059483457], [7798462, 0.7770711770161658], [7806031, 0.7594772689060948], [7831640, 0.7556757154768522], [7869387, 0.7645804497136058], [7869838, 0.7626459314248206], [7880715, 0.7518208676591485], [7887896, 0.7164954936654442], [7996853, 0.7470792765123196], [8149368, 0.7304628150805541], [8272187, 0.7391444141323631], [8272426, 0.7218954562910144], [8489343, 0.784416574647183], [8496160, 0.748133819024327], [8532977, 0.7510827905447698], [8532978, 0.7479397128425678], [8614439, 0.7661458504877137], [8615764, 0.7438453800089282], [8620543, 0.7460625652700357], [8661630, 0.7363316721907308], [8661859, 0.7269868770289551], [8672472, 0.7253030663822951], [8802225, 0.7734755718740136], [8803430, 0.7506037813898637], [8809219, 0.7382255672503909], [8824794, 0.7474577686818505], [8844695, 0.7484882217811087], [8941322, 0.7908002410497934], [8974849, 0.7741882792111173], [9022220, 0.8098612346232705], [9023481, 0.7794873145252962], [9027286, 0.7659507857314035], [9081841, 0.7985134383405469], [9083262, 0.7798125340498212], [9083267, 0.7573632104984299], [9175518, 0.7931051492667388], [9182321, 0.7936502300675334], [9187282, 0.7579888353030103], [9224097, 0.7687027617982523], [9224098, 0.7533088893243047], [9226263, 0.708226047252781], [9235750, 0.7168270505908916], [9301186, 0.7378560574072797], [9315347, 0.7434297465320224], [9380382, 0.8002162938391363], [9380901, 0.7690672411979973], [9407132, 0.7933163414528761], [9408669, 0.7391557217234549], [9426164, 0.7327703985122872], [9433089, 0.7150902744892347], [9525976, 0.7400018785398259], [9558027, 0.7904646277067291], [9559108, 0.7917479489242157], [9559115, 0.7666295748672506], [9564312, 0.713239966639478], [9589241, 0.7350966929656626], [9589277, 0.715795737826316], [9616966, 0.7227506090077226], [9647055, 0.7236693528997741], [9648230, 0.7071333954889967], [9690585, 0.7890150894039797], [9703068, 0.7759710743414039], [9708919, 0.78287938414654], [9709356, 0.751444538324695], [9713299, 0.7276786669014694], [9742076, 0.8013686469246346], [9762105, 0.8107321099655223], [9762106, 0.7844945064864007], [9777623, 0.8143086209332508], [9778596, 0.8110706184180806], [9778679, 0.8073616371931918], [9778694, 0.7195096609579863], [9784509, 0.7247886441218149], [9784548, 0.7198389364278591], [9792873, 0.6751625862871488], [9809790, 0.705840265434004], [9826415, 0.7502385927553964], [9873472, 0.8865407912649691], [9884693, 0.8130532520683658], [9884696, 0.779622050403952], [9896885, 0.7282930305901696], [9901884, 0.7314007800869675], [9911315, 0.7230247142643588], [9914152, 0.698764465276694], [9914825, 0.6787682975843526], [9920402, 0.6944655413938968], [9949019, 0.7479503256659737], [9954026, 0.7938035860102974], [9956481, 0.8025770780857616], [9960652, 0.7510462960818579], [9960809, 0.738570402336994], [9962446, 0.7607688849586268], [9963977, 0.7391520553118714], [9968738, 0.826555375897041], [9968743, 0.7488653063231633], [9969700, 0.7224171980458425], [9973557, 0.784144155628817], [9973728, 0.7851472124375398], [9975757, 0.6409520580354344], [9979640, 0.6836546763357758], [9980979, 0.6651965943004053], [9982336, 0.6950072755310086], [9982913, 0.6981400518511711], [9987550, 0.8361217447838337], [9988785, 0.8001337884272288], [9989950, 0.8419819779048479], [9993416, 0.6764243005850274], [9993447, 0.6416609415643977], [9993720, 0.6499726201264747], [9995981, 0.8632349009942871], [9995984, 0.8375767623036319], [9996039, 0.7323185793918677], [9996062, 0.675107681265104], [9996313, 0.6315711362847727], [9996416, 0.6071969752834742], [9997223, 0.7778992956352231], [9997228, 0.7430741319527313], [9997229, 0.727743052360813], [9997350, 0.7536916868918004], [9997415, 0.7305472561689283], [9997430, 0.6494421546878194], [9997471, 0.6564776697713285], [9998112, 0.8047411160911341], [9998289, 0.6388543985681261], [9998356, 0.6020586837439114], [9998635, 0.689953082606475], [9998666, 0.7028977466876946], [9999001, 0.5887409946578914], [9999112, 0.632623488509177], [9999209, 0.6166093311201558], [9999642, 0.770920998068052], [9999761, 0.9082382358777766], [9999840, 0.9846374198628259], [9999841, 0.9069498208671505], [9999846, 0.8616704095498182], [9999849, 0.849076673405154], [9999878, 0.5824132257783233], [9999907, 0.7050822797122405], [9999992, 0.3323576150207266], [9999999, 0.46371465315996463]]}