{"seed": 928126133, "N": 10000000, "alive_speed": 0.757347654430335, "non_threatened_speed": 0.7668027308049594, "survivors": [[9963486, 0.7315943998065259], [9999967, 0.5576985274812835]], "still_alive": [[124286, 0.7668789620326191], [124675, 0.7668238795674561], [124676, 0.7552965236047448], [451465, 0.7725949111847275], [704528, 0.7812914616798505], [704781, 0.7719966915385055], [910558, 0.7759918787971044], [1395535, 0.8018594371297383], [1405118, 0.790803285637888], [1416955, 0.7496191924481647], [1461642, 0.7487060502155017], [1845633, 0.7138325919189996], [1942380, 0.7201526836764762], [2200109, 0.7199439462277047], [3360762, 0.7690732439488734], [3378129, 0.7575066940202634], [3378788, 0.7186036087485163], [3982669, 0.7614869268446562], [4234916, 0.7821106857810045], [4330975, 0.790757849490319], [4396504, 0.7916935556371114], [4396649, 0.7851800019541982], [4397864, 0.7691749129599497], [4402831, 0.6965240058516025], [5233608, 0.7672239767024177], [5234493, 0.7376007386953225], [5543210, 0.7766173638055354], [5543219, 0.7702174567757463], [5546168, 0.7661466484177957], [5546673, 0.748982678242611], [5568890, 0.7490527386354466], [5785055, 0.7701786688164858], [5860280, 0.7731700968619944], [6005067, 0.7713619256025127], [6005092, 0.7482275970632243], [6330037, 0.7805431765595262], [6340400, 0.7399362145201988], [6467005, 0.7449503074894562], [6468474, 0.7039274719546147], [6663009, 0.7394862962951381], [6752312, 0.7470131761575234], [6753887, 0.7468914108932341], [6777850, 0.7387814903878773], [7081767, 0.8056070802343592], [7452608, 0.7692754511759896], [7453575, 0.7558591323431665], [7453890, 0.7554950765513162], [7677695, 0.7619748851090995], [7703646, 0.7669683510466324], [7713995, 0.7632388904093897], [7730416, 0.7630995126744589], [7913531, 0.7175439549374317], [8086536, 0.7613006949008937], [8087879, 0.7490163462739783], [8103744, 0.7234436412887715], [8168851, 0.7402813572474066], [8416194, 0.7735140808881396], [8489323, 0.7517486429696545], [8489450, 0.7476670459965573], [8552887, 0.7719830245355559], [8554892, 0.7570399581990291], [8614489, 0.7284425779897304], [8849974, 0.7535366787121334], [8860869, 0.7603711885301804], [8860870, 0.7454721675069218], [9024379, 0.8216207243020749], [9029784, 0.7397360624801228], [9107291, 0.7498106094106266], [9132856, 0.7449589579349454], [9149883, 0.7397452251903757], [9284430, 0.7824538612189826], [9285689, 0.7668665889077457], [9291414, 0.7645268703047176], [9328239, 0.7856785112932395], [9328650, 0.7225125212181722], [9387777, 0.7228837465141449], [9393896, 0.724625248604611], [9431473, 0.7581037570304932], [9462934, 0.7206758914654682], [9551199, 0.8260864529674452], [9558296, 0.7706363870145598], [9594139, 0.760861503463663], [9676486, 0.7501237132755905], [9679373, 0.7416294748621566], [9690272, 0.747617493871078], [9694753, 0.7373643932660037], [9720560, 0.7319286166021498], [9746571, 0.78869954484916], [9746572, 0.7723986522380336], [9767699, 0.8058254131936633], [9773884, 0.757410169565478], [9803623, 0.7405916159619695], [9812384, 0.766420822127287], [9814131, 0.7716326221355017], [9814152, 0.7536669114821751], [9814291, 0.7306313445624059], [9822358, 0.755617761164544], [9824403, 0.7235142454996011], [9824728, 0.7118333933771337], [9830239, 0.7314335152643892], [9835756, 0.7488159817812844], [9850919, 0.7919029949305546], [9851056, 0.7923803838958521], [9868381, 0.7235611386151721], [9889780, 0.7449219455728965], [9906871, 0.7437876157519274], [9913944, 0.7530455569504794], [9918255, 0.7925427797887354], [9918920, 0.7473997257063805], [9920499, 0.7559976570120449], [9920996, 0.6790548889509183], [9931999, 0.6847503359994987], [9938586, 0.7486651295550815], [9940473, 0.7669977500120356], [9951060, 0.812847815181162], [9951595, 0.7197959393842553], [9951820, 0.709761598037339], [9960063, 0.7566337208867863], [9963484, 0.7617336539855194], [9963485, 0.7538340220000948], [9973625, 0.6733902987558547], [9977196, 0.7294176018370924], [9979511, 0.7864976377716653], [9980136, 0.8057487642718892], [9981199, 0.7254971706164116], [9981270, 0.6834332956943171], [9984903, 0.7929527839431939], [9985158, 0.7660257306923736], [9986203, 0.7396241784232589], [9986292, 0.7085656220495934], [9989343, 0.7445993862718601], [9994134, 0.6783166277192927], [9994509, 0.7144851626926985], [9994528, 0.7132844042202617], [9994697, 0.7200658227899112], [9995254, 0.6758703639768858], [9996903, 0.8793340259260775], [9997432, 0.7998153019082515], [9997681, 0.7010402027403422], [9998126, 0.7726210396733832], [9998411, 0.5968841307028969], [9998570, 0.6522236401256083], [9999265, 0.8932581502495194], [9999266, 0.7557737918713574], [9999339, 0.7488471356454465], [9999362, 0.7049100144052234], [9999555, 0.8033143805347837], [9999568, 0.7279342724121083], [9999573, 0.6832813070160755], [9999624, 0.6997358073371082], [9999679, 0.80357714334247], [9999708, 0.7985120939254652], [9999765, 0.8902829574197914], [9999774, 0.8233141996492072], [9999787, 0.666571184897077], [9999840, 0.8024649753966643], [9999843, 0.7416322588259131], [9999934, 0.9685675298466789], [9999939, 0.9843674007517217], [9999956, 0.8651486514378466], [9999959, 0.7421529103328071], [9999966, 0.8277320433705627], [9999982, 0.22414132993838753], [9999983, 0.1644663169577978], [9999998, 0.8213809874482363], [9999999, 0.6047788029923944]]}