{"seed": 951, "N": 10000000, "alive_speed": 0.9359228842328959, "non_threatened_speed": 0.935925224045722, "survivors": [[24, 0.935925224045722], [2434457, 0.7709803042517475], [8520634, 0.7687024667513193], [9725181, 0.7566754337858135], [9934302, 0.7561455731877466], [9999771, 0.6120854917800169], [9999772, 0.5852653280401223], [9999873, 0.4845742310629517]], "still_alive": [[86875, 0.7523945450103958], [155524, 0.7529622460046922], [427189, 0.7520637018966502], [427190, 0.7360317442571698], [803003, 0.7489772141537459], [1872540, 0.7771408300232968], [1884781, 0.7609451994524818], [2083398, 0.7661958978253611], [2445424, 0.7675937852202772], [3178895, 0.7716198524502261], [3185678, 0.7566528755477727], [3453219, 0.7584528492439656], [3538470, 0.7668537702713216], [3538877, 0.7652544799025371], [3539728, 0.7364877341901613], [4026669, 0.7381164343631974], [4278180, 0.7638987677597939], [4311585, 0.7636591360999528], [4314888, 0.758086601750306], [4479775, 0.7579376902188844], [4698240, 0.7630294044161898], [4711605, 0.733444735669494], [4736480, 0.7331343694512951], [4736481, 0.7288194855100517], [4918552, 0.7418764356454061], [5081863, 0.7444177735312625], [5082080, 0.7386109836076702], [5082095, 0.7294120297627471], [5207186, 0.7406533859558757], [5259479, 0.7259109196863512], [5571534, 0.7662765385073482], [5634621, 0.7438053049500003], [6130744, 0.7858898202645798], [6241461, 0.7577120475706554], [6247046, 0.7518202002280857], [6278827, 0.7353604199422541], [6279582, 0.7350844937071053], [6567883, 0.7705557465299703], [6776270, 0.7998595545864958], [6949775, 0.7175442942333722], [7597262, 0.7602909793743731], [7721155, 0.7632457883272649], [7757032, 0.7089830068344887], [7922777, 0.757450938748252], [8114036, 0.8068565085240194], [8118493, 0.7983855966608817], [8152998, 0.8027438904556804], [8157655, 0.7694582352213636], [8422474, 0.7982920988822592], [8422475, 0.79360037862122], [8480010, 0.7907171664739193], [8520507, 0.7771798555488338], [8520915, 0.7241093400383102], [8522062, 0.7170905561976355], [8576925, 0.7321722683810744], [8716932, 0.7243131948533666], [8733745, 0.7202895212572819], [8767428, 0.7328045947852448], [8899833, 0.8013642456811355], [8906910, 0.7760002123704055], [8946101, 0.7663510317518516], [8965360, 0.7517702762292737], [8975975, 0.7377960757722902], [8976238, 0.729118677018289], [9094415, 0.7938830285674351], [9110484, 0.7846654222031961], [9113039, 0.7658958291765925], [9190478, 0.7892366141980836], [9210349, 0.7642668721961703], [9275840, 0.74247383380015], [9352083, 0.8091375091106516], [9385524, 0.7837947391884295], [9385537, 0.7549753940173644], [9396232, 0.7470283801355948], [9396511, 0.7317606384145429], [9478688, 0.8237197970632881], [9479895, 0.8072497129349041], [9480080, 0.7930302060902397], [9480773, 0.7494669364791229], [9496794, 0.7658877603719834], [9498045, 0.7484286368397653], [9531374, 0.7591865496200813], [9624625, 0.7658674202555487], [9628814, 0.7696322885327984], [9628853, 0.7590111154548701], [9639916, 0.7242718608040255], [9685209, 0.8117590691385099], [9686758, 0.7615086932165755], [9716259, 0.7714980938889351], [9717430, 0.7675113110163574], [9725302, 0.7127742268039301], [9728369, 0.7153992337728089], [9765768, 0.7384760980317197], [9766903, 0.7333497829346698], [9788256, 0.7510987734533782], [9794303, 0.7164179506099645], [9822202, 0.7645052119922007], [9825307, 0.7387054561767251], [9831972, 0.7590998661904198], [9857171, 0.7872988864646022], [9870158, 0.8431363252789736], [9875121, 0.8382122508570405], [9875124, 0.7868238411453721], [9887511, 0.7196907990043213], [9895110, 0.6682767611169586], [9906179, 0.7366302188242363], [9908204, 0.7452300607649278], [9908207, 0.7174553932970152], [9921428, 0.7967972723546427], [9921967, 0.7999349569981967], [9929198, 0.7916652723016505], [9934291, 0.7675860709891212], [9940181, 0.6432572380853768], [9944306, 0.6575682689234315], [9958033, 0.853641578382364], [9958060, 0.8476087232004818], [9958759, 0.7794873623716102], [9958848, 0.7802769125162624], [9964107, 0.7825617625788688], [9973662, 0.7996487554334759], [9976023, 0.7364554253561226], [9976820, 0.7469088831125438], [9979757, 0.7671441140213694], [9981364, 0.7781310542149875], [9982183, 0.7622305627164829], [9982228, 0.7578382773420854], [9984951, 0.813375466214507], [9985046, 0.7951255782941478], [9985113, 0.6859405424674763], [9985622, 0.6480900268187975], [9989525, 0.7494819010910417], [9989738, 0.7357572174713892], [9990313, 0.6620649875773413], [9990318, 0.5965918946661132], [9991545, 0.6482319982714182], [9991812, 0.6451044612760845], [9995793, 0.7297243827918389], [9995856, 0.7227236389135188], [9996009, 0.7451300153504332], [9996040, 0.6909455995885871], [9996481, 0.56641719756926], [9997822, 0.7963534876180335], [9998071, 0.7820639975237891], [9998502, 0.6708827619765528], [9998503, 0.6579767314559918], [9999004, 0.8770502162886984], [9999257, 0.8318778402589673], [9999378, 0.7857516819428237], [9999407, 0.800320354021678], [9999492, 0.6689731014158811], [9999651, 0.7333301784249527], [9999652, 0.6497948092096587], [9999737, 0.8571954603525932], [9999766, 0.7447190238212833], [9999817, 0.4304314190473614], [9999856, 0.5012059810207316], [9999874, 0.3560985424345472], [9999943, 0.6318852771416396], [9999964, 0.4110801277636711], [9999997, 0.6267328222992556]]}