{"seed": 4444, "N": 10000000, "alive_speed": 0.9427984114505715, "non_threatened_speed": 0.9427985057304127, "survivors": [[0, 0.9427985057304127], [233531, 0.7778167290598419], [4433288, 0.7596925702813974], [9996863, 0.6763610054009215], [9997254, 0.5982644051383278], [9999999, 0.5309714701086969]], "still_alive": [[233740, 0.739029664899517], [709971, 0.7300355499166897], [908122, 0.7387636277560847], [910825, 0.732716661247665], [1331126, 0.7600957176197988], [1723701, 0.7642166610611054], [1986466, 0.782883649938548], [2091751, 0.7507423104124975], [2265232, 0.7376336084942773], [2268445, 0.7372863007240338], [2663676, 0.7533895835504975], [2664349, 0.7493296714893843], [2667800, 0.7459686499857945], [2783923, 0.755726871722361], [2881670, 0.7339714698146576], [3320165, 0.7732718436022509], [3380730, 0.7247157023439063], [3808295, 0.7433168539161497], [4415006, 0.7881126800878501], [4433271, 0.7793595948351779], [4755821, 0.7536718289594908], [4844252, 0.7591172238002761], [4900205, 0.7363724390437568], [5126246, 0.7472652394479662], [6059763, 0.8026752376110842], [6077958, 0.7813978440377113], [6184963, 0.7231564052342936], [6550438, 0.7788974121858773], [6550875, 0.7760577275863375], [6715726, 0.771814143360811], [6830401, 0.7996003250611551], [6999044, 0.8342861820056563], [6999047, 0.8247338334672785], [7013252, 0.8017306494960024], [7092099, 0.8216631517004553], [7145228, 0.7406429677342736], [7145769, 0.7204336847343961], [7437196, 0.7712595914063075], [7438759, 0.7433655447572319], [7494940, 0.7523213336774083], [7556229, 0.7419572817015646], [7556276, 0.7126010198789304], [7894081, 0.7475791732985665], [8229634, 0.7858222115970693], [8229735, 0.7351733524550512], [8237420, 0.7254893185824582], [8284427, 0.7376968952789646], [8374222, 0.7746127517285617], [8388819, 0.7627985158442784], [8420454, 0.7179779830077345], [8605179, 0.7941631207532476], [8700340, 0.7487937327055877], [8742975, 0.7615130131282093], [8771688, 0.7575336091307194], [8810241, 0.7441664677701109], [8862400, 0.7463958257995756], [8928831, 0.7797437955836882], [8956656, 0.7929578349595923], [8961289, 0.7535255798907405], [9108542, 0.8168892839721482], [9108543, 0.765196884779966], [9125586, 0.7270392731838321], [9206807, 0.7893502221596411], [9304748, 0.7968128404795928], [9336035, 0.8142482897532658], [9338336, 0.8122207877795844], [9338341, 0.7951289353839829], [9341468, 0.7523243718897185], [9341469, 0.7310829639946517], [9371702, 0.7165553542629883], [9380153, 0.7082693654043012], [9440928, 0.7641929716239267], [9441721, 0.7379371784494632], [9480626, 0.7590470749680664], [9484001, 0.743901331161412], [9484036, 0.736238632319508], [9553573, 0.7710572486519138], [9632054, 0.7575062192371439], [9641985, 0.7492451343427772], [9662696, 0.7210344552200242], [9683453, 0.7324514755304083], [9693610, 0.7188582765392935], [9772833, 0.7852768494552912], [9773114, 0.766117892283074], [9780831, 0.7894782222345104], [9782698, 0.7889663244625766], [9795083, 0.7697901017531361], [9795552, 0.7651723761087085], [9802821, 0.7406534006575141], [9803062, 0.7012741009021052], [9803063, 0.680653889002527], [9813076, 0.7119611755035405], [9834181, 0.7627262384797857], [9863472, 0.8273087181978742], [9870949, 0.7044210186267508], [9870986, 0.6636913068012367], [9890033, 0.7599761529424347], [9901452, 0.7919945045895116], [9906917, 0.7648905954808889], [9912676, 0.7484686655104889], [9914231, 0.7388790306980444], [9921786, 0.7518498492035874], [9930091, 0.699599532833764], [9936608, 0.7567903292672885], [9938249, 0.7332564164316056], [9946144, 0.7720039079394564], [9947155, 0.7642503902732602], [9952744, 0.8261958250032869], [9953951, 0.685480934667842], [9954480, 0.6697110643760397], [9959675, 0.7530268702184292], [9961826, 0.7720886559739337], [9963753, 0.7943442612074625], [9963754, 0.7544793043180638], [9974137, 0.7478033827036451], [9974150, 0.6633073298146662], [9974901, 0.670471558118418], [9978380, 0.762507943956856], [9978649, 0.7425128317463885], [9979044, 0.7543516695334089], [9986559, 0.7512445647290241], [9988498, 0.8713910014247362], [9989201, 0.8513630877416529], [9990096, 0.7710212036135128], [9990893, 0.714450322013883], [9992538, 0.7522869515865599], [9992745, 0.756631816927517], [9992752, 0.7142223749108929], [9993069, 0.7358266430929061], [9993772, 0.80772921335592], [9994395, 0.8969949139389028], [9994414, 0.830867271421647], [9997255, 0.5681113351575806], [9998310, 0.7943389383008403], [9998427, 0.8501522394119058], [9998928, 0.6153104170589969], [9999295, 0.6923525817848467], [9999298, 0.6637633413381212], [9999613, 0.5392628769932384], [9999838, 0.8693158657571518], [9999911, 0.9147877860928062], [9999924, 0.9552720328202551], [9999927, 0.778256041001793], [9999932, 0.7839343555641743], [9999935, 0.7324013366264968], [9999952, 0.8995887561606899], [9999961, 0.8923710555814293], [9999964, 0.7578568331491098], [9999991, 0.9741577754408858], [9999998, 0.5763845077562465]]}