{"seed": 991, "N": 10000000, "alive_speed": 0.9461306505402827, "non_threatened_speed": 0.9461306505402827, "survivors": [[114, 0.903326908458939], [27633, 0.766611758394417], [385442, 0.7632975561582237], [3320075, 0.7482284056657322], [9961696, 0.6526242095672155], [9999983, 0.6131962720318279]], "still_alive": [[30382, 0.7515423393035217], [318437, 0.7732115255613892], [687951, 0.7494352750848051], [872158, 0.7408688870556649], [1273809, 0.7496999402193655], [1723600, 0.7250612247989566], [2204805, 0.7674777723348694], [2224258, 0.7620789258991674], [2408667, 0.7517476979221827], [2409126, 0.7371987522035903], [2701667, 0.7235245892230977], [3158626, 0.7701006092028153], [3186229, 0.7652278620659037], [3243664, 0.7595124324259872], [3520954, 0.7322813983531585], [3934353, 0.7391522079105415], [4063670, 0.7514177539920177], [4082803, 0.7222288177233096], [4259208, 0.7426131185477332], [4862799, 0.7841702350437447], [4977132, 0.755915093212537], [5367339, 0.7397408167224886], [5475674, 0.7476917001426108], [5685501, 0.7504726017790906], [5914958, 0.7754988429813124], [5923955, 0.7429533303532079], [6138548, 0.7670366439932618], [6141347, 0.7392441622920258], [6404890, 0.7361553133672689], [6614511, 0.7790826301086278], [6777892, 0.7877526606887911], [6777949, 0.7776443521133951], [6778774, 0.7346165824624694], [7187595, 0.7376937393130854], [7189880, 0.7174555069709976], [7413497, 0.7650415394366574], [7425454, 0.7642785478584135], [7536343, 0.777606495948611], [7552524, 0.7735092264863896], [7619209, 0.748862471289846], [7689900, 0.7629142089691365], [7957987, 0.7206908816411521], [8262088, 0.772608699304045], [8283943, 0.7686085452223045], [8283960, 0.749763689660925], [8308187, 0.7567830728230966], [8475306, 0.7767321205315237], [8611209, 0.7387542070862952], [8611218, 0.731736006269073], [8684687, 0.7423208495922947], [8989058, 0.7851653124093646], [9018251, 0.7564343292767981], [9045482, 0.772822337334041], [9135909, 0.7725138766297156], [9153610, 0.7815244191038251], [9154581, 0.7569306895300141], [9178562, 0.7638480945673081], [9263879, 0.8391025477113102], [9264828, 0.7437738052452597], [9268101, 0.7074551826459747], [9315056, 0.7385765890654662], [9325141, 0.7289227144582648], [9393024, 0.792657912288809], [9393049, 0.7874736093006727], [9421456, 0.7526304944340312], [9436823, 0.7365101493699768], [9436878, 0.7355077614723196], [9453601, 0.7355889924608359], [9485572, 0.7736489999820028], [9492139, 0.770418114407281], [9494142, 0.7508246671827674], [9521679, 0.7781631958569102], [9554864, 0.789032387010487], [9557815, 0.7730436565560992], [9558644, 0.7195506715020057], [9579115, 0.7302024074093192], [9619454, 0.719391190387152], [9619805, 0.7061070992982904], [9640470, 0.720093862244736], [9663559, 0.7081200009773354], [9670858, 0.6485547347467386], [9733533, 0.7152997028239338], [9759638, 0.7550117932904291], [9759639, 0.7231572650727089], [9797530, 0.7234557870621355], [9812533, 0.7558370743065885], [9817146, 0.7401735499717432], [9820649, 0.6694083688934505], [9856676, 0.6523032343090469], [9864333, 0.6856909347440855], [9888870, 0.7595098029293541], [9888879, 0.7580274402402751], [9888882, 0.7331350490630181], [9888883, 0.6666290861131118], [9900874, 0.7061536868245422], [9904029, 0.6652607430964054], [9920166, 0.7767421586253056], [9928427, 0.7931002095924051], [9940658, 0.802177673565475], [9948985, 0.769128149183045], [9950906, 0.7783524887357468], [9953711, 0.7510530676253062], [9954588, 0.7148903931206485], [9959629, 0.7569206425311575], [9963975, 0.6218855789874761], [9967156, 0.6330342575010391], [9976325, 0.781094220693856], [9976328, 0.7437747092449251], [9977085, 0.7114657584935631], [9981958, 0.7226591345158836], [9985347, 0.8309118365271595], [9987114, 0.8076443889339601], [9987317, 0.7351051946212317], [9990038, 0.8734798751560555], [9992591, 0.6701564609089017], [9992594, 0.6698111891295158], [9994245, 0.8247988660528071], [9994278, 0.7183136752752948], [9995137, 0.7588692370363558], [9995472, 0.7669333380348031], [9996175, 0.5933081494943071], [9997524, 0.5383858159300715], [9999075, 0.8957089238938526], [9999090, 0.7229123062086426], [9999275, 0.8312287521048527], [9999278, 0.734815284679635], [9999291, 0.6912099117694693], [9999294, 0.5331232166443236], [9999437, 0.5714353291712814], [9999742, 0.8799289478745952], [9999743, 0.8509632863013307], [9999792, 0.8462844073092555], [9999803, 0.7986109423937285], [9999812, 0.7848081835183212], [9999813, 0.6452029077897479], [9999816, 0.6520005636218641], [9999873, 0.8817738721907928], [9999882, 0.5906362563922205], [9999927, 0.86719242864254], [9999928, 0.6407911850454907], [9999979, 0.8109528853786634], [9999980, 0.7185601879482849], [9999990, 0.34711827498511594], [9999999, 0.4982921241483951]]}