{"seed": 469401954, "N": 100000000, "alive_speed": 0.8706415799299885, "non_threatened_speed": 0.8706563201413411, "survivors": [[1692, 0.8706563201413411], [5323, 0.809510386050266], [863698, 0.7825972660371197], [880479, 0.7693853820896299], [1652968, 0.7665013295732553], [4388741, 0.7584997559579185], [4392732, 0.7577507764472383], [52538459, 0.7486151018342574], [99997740, 0.7450913239180558], [99998713, 0.7272938305317554], [99999498, 0.6496606429720201], [99999601, 0.5907267898840937]], "still_alive": [[4460717, 0.7468205516498446], [5363152, 0.7409756436052726], [5862637, 0.7412597603054689], [9115300, 0.7549904372173675], [11818501, 0.7610090140714715], [12354114, 0.7520147609010215], [13044339, 0.7542312425642708], [13421192, 0.7548081723983041], [14147159, 0.7588607807777453], [14147160, 0.748940201402086], [14292429, 0.727767910236323], [17592124, 0.7475930371128658], [21743173, 0.7714774270457807], [21743174, 0.7665139129186003], [21895749, 0.7585475591669615], [23278304, 0.7608743239211806], [24230685, 0.7605862165821448], [26463444, 0.7707480151616645], [26482493, 0.7667994487727632], [28339854, 0.7791124990370526], [29251467, 0.7519934625694934], [31111766, 0.7685365198980861], [31559717, 0.763516182985468], [31645814, 0.7445626590615962], [34434719, 0.773270904783208], [37783502, 0.7830922038281258], [37803645, 0.7507152243223776], [38608646, 0.7493153099554647], [40270587, 0.7553797431130886], [42008518, 0.7643548422234306], [42137087, 0.7603759336614367], [42595608, 0.7630351394106699], [43712101, 0.7447834849201899], [45329494, 0.7547346748806802], [46274835, 0.7575238312082688], [47366322, 0.7700126106207239], [47735787, 0.775172235698013], [47774922, 0.768202649778194], [49722199, 0.7879968044360293], [49736748, 0.7795781440683622], [50818047, 0.7657952052993524], [50818154, 0.7643285268687371], [50818189, 0.7592283848613443], [51022714, 0.7594734636785611], [51024475, 0.7507585500345848], [51339580, 0.7513382367519689], [51832425, 0.7575594133669167], [51853638, 0.7565207740032084], [55102192, 0.7463335929878663], [55133045, 0.7334949082551638], [56216854, 0.7412547784247057], [57220347, 0.7479487579568893], [58022582, 0.7610915618447122], [58111113, 0.7552164100799679], [59408186, 0.7771055187843174], [59618883, 0.776035472378679], [59989592, 0.771216934608751], [60017027, 0.7458383899359855], [60202170, 0.7409096296853982], [60213417, 0.735040445783936], [61025402, 0.7495009001622772], [61162011, 0.7437926816581225], [61627554, 0.7522124107569279], [61627561, 0.7497923869145225], [62579558, 0.7420230742422605], [63350401, 0.7494136923767644], [63628656, 0.753758010660048], [63995825, 0.7541723052530004], [63996180, 0.7510491391892103], [65701061, 0.7861261899099476], [65766318, 0.7682223845022899], [65774887, 0.7625484602153563], [66030098, 0.7456730927434462], [66037317, 0.7435822798654306], [66730954, 0.7459247160623509], [66863651, 0.7465259284156488], [68064952, 0.7689433784499566], [68095705, 0.7552357518591302], [68598052, 0.7471413537335558], [69062549, 0.7501917921769071], [71002470, 0.7751872030051227], [71417733, 0.7500115808459015], [71926134, 0.7554251078908265], [72039307, 0.7505993149874758], [73185880, 0.7743750214977659], [73198491, 0.7534786643413824], [73757036, 0.755913556217704], [73905043, 0.7465781368813974], [74045590, 0.7327902670434014], [74655155, 0.7419248459157918], [77376276, 0.779617139482135], [77399547, 0.7588072285082446], [77399550, 0.7584433417984382], [78250799, 0.7738378256948533], [78254964, 0.7691028991681343], [78259713, 0.7518086969401824], [78335080, 0.7299702031368314], [79916625, 0.7551182409169039], [80589708, 0.7733287915488326], [81033461, 0.780763041623548], [81369590, 0.7788733568386186], [81431011, 0.7785887771293394], [82458096, 0.7648823916339909], [83886465, 0.7314414816862601], [84132392, 0.7343052424883055], [85811881, 0.8000377555832634], [85811888, 0.788648872958756], [85944315, 0.75377688841308], [85946296, 0.7135610801292127], [87458477, 0.7727642561810064], [87480982, 0.762119998139836], [87847653, 0.7711278807503928], [87853926, 0.758541460432082], [87931075, 0.7392942134282717], [88148258, 0.7488453050438127], [88148273, 0.7437835173515825], [88800146, 0.7478585324014416], [89307487, 0.750216767137363], [89315094, 0.7461297676930125], [89449521, 0.749706771169491], [90146610, 0.7714379933982902], [90231293, 0.7680746075323837], [90525394, 0.7910672637992654], [90672361, 0.7580955641366173], [91089070, 0.7464889397711093], [91177503, 0.7413240666482803], [91255048, 0.7303141440908614], [91533997, 0.747881789032471], [91846886, 0.774204727147015], [92027457, 0.7890621989756892], [92027880, 0.7435453539015943], [92167597, 0.751949192819031], [92167604, 0.7438649050797669], [92193585, 0.732327011240894], [92672416, 0.7543606819347546], [92910567, 0.7504431841124096], [92936066, 0.7365781636728381], [93433207, 0.7582662680671306], [93501272, 0.7546080681634386], [93501903, 0.7433786291420088], [93502086, 0.711534043499262], [94108419, 0.7718780376963108], [94337700, 0.7280273571168154], [94677867, 0.7692899629279706], [94683748, 0.7507149401403547], [95067517, 0.752000127855997], [95170834, 0.764139308884421], [95190989, 0.7393762005158834], [95262278, 0.747818685785435], [95291087, 0.7491998573437233], [95293752, 0.7482143325557009], [95445747, 0.7620855317973597], [95486092, 0.7629074824391596], [95486311, 0.7491069024215612], [95486314, 0.7465470322012745], [95613729, 0.7440738408776155], [95635348, 0.7437732214574099], [95701975, 0.7464126124460908], [95701976, 0.7459218090272094], [95907775, 0.7750228869318194], [95973890, 0.7770570857259083], [95989099, 0.7733193575098714], [96238978, 0.7671612430031839], [96241753, 0.763589035307264], [96370718, 0.7779804433963317], [96461997, 0.756332791551793], [96471444, 0.7579352683454674], [96521221, 0.7597321170207808], [96521224, 0.7555065229320456], [96523281, 0.7473581791905077], [96568634, 0.7517290468071283], [96830019, 0.8030493581547116], [96931346, 0.806254366002319], [97033701, 0.7687504943898738], [97034986, 0.7331570994738789], [97378407, 0.8068337214778357], [97463572, 0.773009758512535], [97500871, 0.7729882915265417], [97511098, 0.7494357602023056], [97511149, 0.74649140525751], [97515104, 0.7399742421507794], [97565619, 0.7430486513101108], [97572674, 0.7407609256835918], [98104731, 0.7120526135692509], [98182612, 0.7335917897895317], [98309223, 0.7624028340100897], [98341442, 0.7478698357051939], [98402661, 0.7465710447629913], [98542620, 0.7935780270503251], [98566575, 0.7954564273839573], [98650966, 0.798051137649196], [98711883, 0.7899762389595927], [98711890, 0.7620107868585513], [98839011, 0.7650293921059961], [98839880, 0.7642004428665353], [98839883, 0.753931574469282], [98839908, 0.752181262878237], [98923627, 0.7623349382998116], [98933094, 0.7621966994890055], [98974231, 0.7848376788051601], [99121512, 0.7731300916278204], [99138815, 0.7815754824751346], [99138958, 0.7795872870581678], [99208195, 0.7478720907623657], [99236150, 0.7473928815455685], [99243985, 0.7527771179848748], [99332124, 0.8094046478114301], [99335653, 0.7322953139745947], [99369336, 0.7509988047076518], [99369449, 0.7419713618219445], [99427294, 0.7647828540300258], [99446671, 0.7859920465682791], [99478728, 0.8109453995310711], [99538455, 0.7822551353943402], [99562580, 0.7814869037606463], [99563133, 0.7118346290665127], [99563172, 0.7080910192109896], [99563233, 0.7036798300414095], [99587354, 0.7382086104295296], [99588521, 0.7394166074110283], [99588540, 0.7290283739335784], [99606915, 0.7628452923127758], [99623260, 0.7869380577000524], [99623599, 0.7774504605653615], [99647894, 0.7359956653303332], [99697445, 0.7614426376878972], [99697446, 0.7275551068275492], [99747265, 0.8156906515389757], [99747268, 0.7657541813578556], [99756137, 0.7507013782454476], [99766394, 0.7026107408827461], [99767075, 0.7020199326778548], [99797562, 0.7574355856828149], [99799465, 0.7433873942644408], [99843704, 0.8565790379987755], 