{"seed": 483722310, "N": 10000000, "alive_speed": 0.9379984390661298, "non_threatened_speed": 0.9379984390661298, "survivors": [[58, 0.8965553407586336], [3443, 0.859750552841845], [5152, 0.8474549753567732], [7769, 0.8206007784060595], [55492, 0.817330148116105], [68077, 0.8017295667110856], [83308, 0.7922790649906273], [425357, 0.7824498782343364], [517522, 0.778037328436153], [999421, 0.7614539513586932], [2191448, 0.7584747267345489], [2833447, 0.7514563406779046], [9972924, 0.7303115921239495], [9993341, 0.6677453471515677]], "still_alive": [[523303, 0.7515373792557524], [990320, 0.7709266791853924], [1026190, 0.7433222684931595], [1527963, 0.7496474450461461], [1821776, 0.7663268336857139], [2169695, 0.7725280677798018], [2245897, 0.7474236059835442], [2509872, 0.7605599658457699], [2566233, 0.763385957705724], [2833322, 0.7744564760266323], [3220294, 0.748329505160656], [3774409, 0.7472422507052249], [3831872, 0.7384442808164644], [3835317, 0.7273944622866261], [3944006, 0.7244750822223254], [4193659, 0.7407216534397286], [4193674, 0.7400344310686713], [4278617, 0.7382361515465754], [4322046, 0.7311347652786703], [4385043, 0.7361466305403429], [4754440, 0.7785555017899606], [4911195, 0.7578426948888508], [5020210, 0.7299467657734675], [5079679, 0.7383390764459189], [5399488, 0.7885696875858184], [5431809, 0.7719696247686786], [5451220, 0.7320014403689044], [6084365, 0.7574537790226408], [6245344, 0.7605292893208099], [6269241, 0.7552368721415351], [6270978, 0.689333693181362], [6567437, 0.7398488016713117], [6927148, 0.8027829081653228], [7066413, 0.7637845436569224], [7101136, 0.7631340693131078], [7511369, 0.7405055283587494], [7564790, 0.7272108475271115], [7799489, 0.7528544484303261], [7906974, 0.7300969291097101], [8036415, 0.7682309331812515], [8224124, 0.802673727168736], [8242091, 0.7901463404762206], [8242138, 0.7819700611575041], [8258215, 0.7499482173290373], [8503390, 0.76696988624911], [8503391, 0.762675588182407], [8504272, 0.7290153983153657], [8724435, 0.7996247289665137], [8822048, 0.7805019835725483], [8843997, 0.7911942923046312], [8844278, 0.7874901006156915], [8853531, 0.7862170713783607], [8855102, 0.738383485564198], [8994039, 0.8080029342872717], [8996244, 0.7711282104583143], [9029333, 0.7592012947057653], [9095192, 0.7599418435349675], [9115583, 0.761497084427215], [9118218, 0.7507531041004952], [9149993, 0.7281006762512482], [9151154, 0.7154732774850895], [9214723, 0.7677019992788122], [9395936, 0.8275122943536145], [9401719, 0.7837853112796868], [9468652, 0.7503587719188527], [9540555, 0.777548413888242], [9576010, 0.7893407298354278], [9580005, 0.7246026910078897], [9593286, 0.7165403068129381], [9598481, 0.7220569641716804], [9620764, 0.7213181950283777], [9621039, 0.7116124748432036], [9681906, 0.7869755045955742], [9681907, 0.7834294969665544], [9681940, 0.7708115645124762], [9682117, 0.7618654301052419], [9688658, 0.7667893524486226], [9690067, 0.7694697153025528], [9723522, 0.7644837547728759], [9749193, 0.7659428712337076], [9765930, 0.7047479854948495], [9786505, 0.7484444413724388], [9796286, 0.783264405665075], [9814735, 0.7889840171592196], [9816938, 0.768709557032073], [9823773, 0.7743768518903547], [9824600, 0.7466927412518737], [9879941, 0.8866487620748289], [9880114, 0.7336369497796628], [9883201, 0.6781395148987922], [9898706, 0.762368061563944], [9898793, 0.7392726412777262], [9912598, 0.7517065320572585], [9912601, 0.6920339278217064], [9912664, 0.666308618647], [9926647, 0.7743846773486226], [9928214, 0.7599508853018196], [9933893, 0.7242107029260234], [9933976, 0.6948295836150605], [9954249, 0.7474450093122945], [9957190, 0.7558786666120414], [9958739, 0.7215994734996869], [9958960, 0.7243076387935304], [9970117, 0.8137459376565618], [9970118, 0.7839892964943511], [9970531, 0.7373747973566379], [9970636, 0.7271520903842105], [9972897, 0.7791717578858042], [9974875, 0.7007568748715768], [9979196, 0.7155867519398118], [9979689, 0.6970845303024749], [9980018, 0.6792791965141813], [9985187, 0.7308274809481744], [9985850, 0.715788001636795], [9986903, 0.6493073921672745], [9986994, 0.6260585505298857], [9990499, 0.8155223332502403], [9991016, 0.798781199481201], [9991019, 0.7740688470909682], [9992442, 0.7480896217570971], [9993466, 0.6511841675467097], [9994597, 0.713660040250643], [9995012, 0.7445619556583131], [9995177, 0.656732316184363], [9995180, 0.6295666719520914], [9997065, 0.9020114436860243], [9997118, 0.8002516496214784], [9997289, 0.7628258746998433], [9997584, 0.6049317827800325], [9998395, 0.7659414941808033], [9998678, 0.9254002684490977], [9998689, 0.9169436025392792], [9998690, 0.8784349063522949], [9999195, 0.9036190509044069], [9999196, 0.7196537700324444], [9999223, 0.7419151424350205], [9999516, 0.7234792866239262], [9999523, 0.6378223025979837], [9999638, 0.79427480968553], [9999687, 0.8967293460043376], [9999694, 0.7587885861125153], [9999781, 0.825231633853153], [9999782, 0.5911343530108782], [9999783, 0.5717767662490393], [9999810, 0.5428372922619696], [9999841, 0.5696287122907806], [9999900, 0.6427190944546951], [9999907, 0.6417542034533961], [9999944, 0.9695940333000878], [9999953, 0.8812650165351554], [9999956, 0.7611160262380866], [9999961, 0.7569676943092432], [9999964, 0.486885945304966], [9999969, 0.5629140555820547], [9999992, 0.7920398377029559], [9999997, 0.47202693133212614], [9999998, 0.6874844313141278], [9999999, 0.7465937891651313]]}