{"seed": 860, "N": 10000000, "alive_speed": 0.9110278654256473, "non_threatened_speed": 0.9110281387340615, "survivors": [[2, 0.9110281387340615], [520945, 0.7543999678557849], [629732, 0.7515748355116603], [7295373, 0.7477611623158652], [7306102, 0.7389617689171099], [9999803, 0.7322059513482881], [9999954, 0.5803849016153949], [9999999, 0.09836789853811545]], "still_alive": [[27099, 0.7488241628828329], [415102, 0.761427436715057], [1177671, 0.7385745137010468], [1938198, 0.749552385108154], [2135643, 0.7657913645772862], [2137034, 0.7562645353185719], [2149351, 0.7572558362068528], [2777394, 0.7700946664181857], [2938179, 0.753147697761244], [3010886, 0.7373756605615586], [3441055, 0.7571976740958585], [3445526, 0.7535178423296939], [3512247, 0.7342447825499305], [3699766, 0.7554499068587381], [3704945, 0.7521988676060104], [3989082, 0.777627912469447], [4093277, 0.7691638827533837], [4104738, 0.7549555455409559], [4367597, 0.7766276217896144], [4368144, 0.7574756866256233], [4613765, 0.7693594748366009], [4616976, 0.7647992795729726], [4617009, 0.7348089702792713], [5350284, 0.772337751029678], [5485537, 0.7704205182771424], [5516114, 0.7291920081252355], [5843051, 0.7661587680210794], [6052564, 0.7827553267241346], [6299205, 0.7246854954173555], [6310400, 0.7254510168179349], [6533555, 0.7572776571742849], [7142436, 0.7688705775923297], [7306103, 0.7332960579468251], [7552176, 0.7180190325071011], [7560533, 0.6935209525445777], [7812084, 0.7507678877208815], [7852603, 0.7454014885475855], [7902582, 0.7507208800512267], [7985095, 0.7655054688219134], [7985104, 0.7498997560654803], [8055401, 0.7348914049061371], [8169212, 0.7366677186181791], [8202871, 0.7362967203886159], [8299608, 0.7426169284230898], [8299695, 0.7391772051685348], [8334442, 0.7408350053988325], [8335531, 0.7013023999239578], [8493272, 0.7543824928266903], [8495313, 0.7412815883531022], [8495674, 0.7400174231666069], [8575971, 0.7155671968687934], [8575972, 0.6952643023992984], [8692219, 0.7567091306601219], [8692240, 0.7523378084824224], [8777631, 0.7673837757398287], [8824492, 0.7730819233791181], [8824493, 0.7583312509866623], [8855194, 0.7764921548330387], [8855515, 0.7568444434810501], [8892532, 0.7587071547522071], [9097681, 0.758215603813618], [9109572, 0.7339197843190327], [9124549, 0.7423803913621921], [9124686, 0.7378207213915589], [9194943, 0.7750400252057593], [9210118, 0.7746629945442898], [9242609, 0.8057636259698902], [9251410, 0.8083373476879798], [9308941, 0.7544929252239007], [9332534, 0.7406954972332644], [9406619, 0.81898700246396], [9419154, 0.7584054886684742], [9419545, 0.7402198228896084], [9423758, 0.723565290212617], [9433397, 0.7260941872680523], [9493246, 0.7809574631542368], [9534835, 0.7328564395720469], [9598690, 0.7859515883318752], [9601877, 0.7907528922954095], [9601878, 0.7902384763498672], [9603659, 0.7468517285310421], [9603662, 0.7433518757958906], [9612415, 0.6814339685127756], [9662126, 0.7707113435940943], [9678403, 0.7557700741320786], [9678430, 0.7444320592702055], [9678847, 0.7344037486353647], [9678948, 0.730213234463161], [9679749, 0.7027328748480844], [9753352, 0.7534272280965079], [9770089, 0.7990867917573415], [9774228, 0.7493736881844903], [9811883, 0.8013136677046506], [9816524, 0.8018465488856028], [9829183, 0.8365443119537173], [9829876, 0.7951149335599722], [9831555, 0.7994880744885628], [9834646, 0.7574860790615813], [9834691, 0.749732633891272], [9845136, 0.7783642323911911], [9852103, 0.8149686018407603], [9856368, 0.8242494600777658], [9857017, 0.8247630107172967], [9857392, 0.7964177206285259], [9857395, 0.768596494873077], [9858442, 0.7677340140012247], [9858505, 0.7635780285209921], [9859136, 0.7590919069993394], [9859451, 0.7366106151876642], [9878066, 0.8321701079012226], [9879209, 0.8294131037249096], [9880246, 0.834923536892088], [9883337, 0.8110899919796344], [9887006, 0.7350715152979094], [9890051, 0.7472534521186109], [9908950, 0.7734904986977496], [9916181, 0.7448011736495412], [9917114, 0.7523943011732769], [9921265, 0.789270645813055], [9927750, 0.7963836596071097], [9931361, 0.7341785961455495], [9941326, 0.8432832478572937], [9942487, 0.7608070924874749], [9949632, 0.8664395049344236], [9949655, 0.7620003566661805], [9950362, 0.7435539827356158], [9952487, 0.7000062590688425], [9962958, 0.7399827124396497], [9972915, 0.7803613012942728], [9972918, 0.7467856258584271], [9972981, 0.6567067393396321], [9976212, 0.7442971537496583], [9977479, 0.774852005803743], [9979210, 0.7943546702015828], [9980265, 0.7877953459883382], [9980712, 0.7473402071198461], [9981411, 0.6965007902064762], [9981434, 0.6965614954000129], [9981541, 0.6475219079947322], [9981928, 0.6293287968002955], [9987105, 0.7900436479678671], [9990004, 0.8413078826463539], [9991769, 0.8848120743712605], [9991792, 0.7509981178427828], [9991943, 0.7161955997765997], [9992052, 0.654591039280891], [9993873, 0.7949420519144552], [9994770, 0.8081512657646737], [9995295, 0.8037174648961882], [9996562, 0.7973027031692589], [9996607, 0.8077270541123999], [9997206, 0.8255396026336578], [9997307, 0.8337922919884759], [9997544, 0.7779357292339348], [9997809, 0.8182495729938348], [9997986, 0.8199197691338275], [9997987, 0.8057533927537912], [9998026, 0.6828652260275975], [9998355, 0.7855968240543691], [9998362, 0.7626891412740345], [9998805, 0.814816300816139], [9998910, 0.8845565473642113], [9998911, 0.7641338777261086], [9998974, 0.7717334966348598], [9999085, 0.7831410583006555], [9999160, 0.7692851637536204], [9999161, 0.6500737626605462], [9999372, 0.8621147202681241], [9999383, 0.6875952702135025], [9999390, 0.6435624930214926], [9999629, 0.9231064875460112], [9999636, 0.59370509776302], [9999797, 0.910434590580784], [9999802, 0.822648411234215], [9999808, 0.6590108058531661], [9999871, 0.676278948777013], [9999955, 0.5259443733900073], [9999958, 0.5007562968794159], [9999979, 0.4389113194633347], [9999984, 0.5483030642625751], [9999993, 0.9814755906299129], [9999996, 0.6482099580043806], [9999997, 0.751417577493657], [9999998, 0.7976478983128241]]}