{"seed": 954, "N": 10000000, "alive_speed": 0.8769907545346168, "non_threatened_speed": 0.8770094348337107, "survivors": [[212, 0.8770094348337107], [8471, 0.8132457465748641], [102344, 0.8130744005118106], [213161, 0.7588102738555338], [231886, 0.7554591988202425], [9423463, 0.7496904206719964], [9876868, 0.717938674642069], [9902585, 0.6931746743471854], [9999972, 0.560754831082433], [9999993, 0.5231007495109539]], "still_alive": [[251163, 0.7495439950617282], [265508, 0.74958130724616], [345147, 0.7500098902409614], [345150, 0.7481110018372595], [346003, 0.7278433465124778], [347104, 0.70648306095668], [1014147, 0.7572060297659972], [1416310, 0.7549667821906182], [1416471, 0.7531273175489388], [1542368, 0.7511819794000536], [1542595, 0.7433903429542463], [1832132, 0.748474088062659], [2331385, 0.7231597498684731], [2798082, 0.760928731866489], [2800165, 0.7539493763236867], [2918234, 0.7321216194357293], [3073095, 0.7191966091872307], [3463298, 0.7271516036866543], [3904653, 0.7418703571590988], [4174756, 0.758021655202736], [4263485, 0.7598378637849021], [4695510, 0.7619765769859438], [4695797, 0.7580677965197696], [4698650, 0.7552455491338909], [4768517, 0.7313830211913962], [5001328, 0.75976318618729], [5048453, 0.7626938107860438], [5063684, 0.7541954103592008], [5626463, 0.791657491546827], [5676590, 0.7500088426227349], [5686129, 0.737259550607789], [5752778, 0.745524705282016], [5816671, 0.7437522168077909], [5939874, 0.7566974947439805], [5946133, 0.7519434716693518], [6038952, 0.7627222570498949], [6285209, 0.7582884078468752], [6425162, 0.7848916156109995], [6503631, 0.7659520809208421], [6509088, 0.7636300651793004], [6602629, 0.7692442532893002], [6737362, 0.7357837509729149], [6774509, 0.7178617684345903], [6789484, 0.7127814460612161], [6789485, 0.7093781644132794], [7175770, 0.7793712712993706], [7175777, 0.7723693340243216], [7256370, 0.7524347529582812], [7259687, 0.7453876234431763], [7261070, 0.7385162681807094], [7385989, 0.7685397475668923], [7475932, 0.7568653385774194], [7490165, 0.7517912943173084], [7528226, 0.7278827386977024], [7714017, 0.7380731092646822], [7854570, 0.7799740489467499], [7855637, 0.7624414404923465], [8027848, 0.7961542454690773], [8059441, 0.7499629377285498], [8062942, 0.7426896588730241], [8242631, 0.73012441508294], [8342168, 0.7387350925238463], [8464909, 0.7863384552654428], [8568516, 0.7234352702387469], [8675681, 0.759367632230079], [8732044, 0.7687628585108912], [8742829, 0.7540651179878064], [8753460, 0.7604676624797946], [8764183, 0.7439387588313783], [8893004, 0.8035879826972644], [8895537, 0.7768688168952926], [8913962, 0.7310538810629784], [8943511, 0.7256394844518386], [8967962, 0.6986915725493681], [9122985, 0.7767791237698598], [9159880, 0.7950038658077498], [9166343, 0.7387080082018439], [9271956, 0.8089744332154609], [9276221, 0.7436450340249855], [9318670, 0.7876451233158741], [9330025, 0.7394723800810847], [9416264, 0.79906620968256], [9419609, 0.7710948684332013], [9420696, 0.7522916999129148], [9423542, 0.7407311575075097], [9425945, 0.7223539225383587], [9458686, 0.7579464288146371], [9459063, 0.7259598319183252], [9459066, 0.695384691048979], [9499019, 0.7247812082696263], [9568144, 0.81059297624351], [9577089, 0.8096476393483121], [9580752, 0.793649641769419], [9587491, 0.7640546756833182], [9594210, 0.7755824968787178], [9594241, 0.7527081821740047], [9594446, 0.7225921663055512], [9594457, 0.7216277739534319], [9594566, 0.6902371342667901], [9623235, 0.6932817475696302], [9654858, 0.7307284319458174], [9684181, 0.7893177667162384], [9692034, 0.754684233026906], [9723065, 0.8102515706337166], [9723090, 0.7979977672986275], [9724249, 0.7322836778851418], [9758464, 0.7429095469756325], [9759471, 0.7456250576572009], [9786640, 0.8239578976370443], [9788779, 0.8150627974407793], [9797456, 0.7110286992102811], [9799901, 0.7169031890524918], [9827090, 0.7796590140418211], [9834393, 0.7176387410987667], [9845568, 0.7037862766833197], [9861923, 0.7361777003894768], [9876190, 0.7583646820526408], [9876705, 0.7512851312198802], [9883015, 0.7075228453127266], [9899584, 0.7795473887199997], [9902766, 0.6577194061509404], [9911057, 0.684749350099117], [9929950, 0.6896195466901385], [9930641, 0.6755107764676025], [9934816, 0.7123625559649046], [9934955, 0.6480534321578115], [9945254, 0.7454738466019512], [9952263, 0.644908563124602], [9966904, 0.7509850523861419], [9969643, 0.7880607960328798], [9969696, 0.7827314550542007], [9970631, 0.740517604884651], [9970752, 0.7155706189957219], [9973673, 0.7736748553386266], [9974154, 0.7715815615277392], [9977983, 0.7653290908965588], [9980452, 0.6428287688142086], [9981803, 0.6831966961616349], [9983146, 0.6876574149769314], [9984229, 0.6837592868082102], [9985966, 0.7060648242345877], [9988273, 0.7399479526697809], [9989492, 0.8020215064504537], [9989661, 0.7712625941051342], [9989874, 0.7178737467431627], [9990479, 0.685468395640587], [9992146, 0.7832616140719529], [9992507, 0.7375431833011925], [9993644, 0.7860676223143382], [9994039, 0.7846589597651126], [9994426, 0.7774030710427388], [9995851, 0.8615321753434853], [9995854, 0.8225445924659652], [9995931, 0.7376693233124373], [9995934, 0.6945398093574634], [9995971, 0.6131926447724935], [9996998, 0.7860324446469895], [9997437, 0.6300817597211628], [9997440, 0.5063327428866415], [9998459, 0.835313855038178], [9998580, 0.8707849878464954], [9998617, 0.8001491455406528], [9998644, 0.7935338475343223], [9998649, 0.7457122299715087], [9999050, 0.7645416922294036], [9999229, 0.870939185338013], [9999400, 0.9740597205701765], [9999407, 0.9792413024538873], [9999574, 0.7502039693626996], [9999593, 0.7504932211198926], [9999744, 0.9469455421012465], [9999745, 0.9221038870003051], [9999780, 0.7671347386394071], [9999807, 0.7940466777427758], [9999830, 0.836774566929764], [9999859, 0.8869526212559455], [9999942, 0.698679896209759], [9999965, 0.835639748845014], [9999975, 0.407659516725665], [9999988, 0.660518344895185]]}