{"seed": 177791838, "N": 10000000, "alive_speed": 0.8344665689966378, "non_threatened_speed": 0.8359111068359072, "survivors": [[17280, 0.8359111068359072], [18301, 0.8159276694411144], [19534, 0.7882793239591231], [3950333, 0.7558101354809477], [9748620, 0.7422544271688764], [9818969, 0.727388448475826], [9959962, 0.6968538178378768], [9999991, 0.5708746151916442]], "still_alive": [[362567, 0.7557585799943561], [485538, 0.7545825173952924], [544745, 0.7212644666666128], [544754, 0.7206085444495336], [859029, 0.7310807853362635], [1870332, 0.8010339492302131], [1917271, 0.7961797035823099], [1932434, 0.7752327441025424], [2134093, 0.7754173653838691], [2134136, 0.7610338039376942], [2564511, 0.7410094719652747], [2569076, 0.7296149391374934], [2922527, 0.7270957232355016], [3423820, 0.7457173644290676], [3765705, 0.7807745053923796], [3936098, 0.7920432007406825], [3937825, 0.7849854136943089], [3943414, 0.779065120500434], [3950334, 0.7457451530524826], [4030399, 0.7487386672150019], [4144092, 0.7499285860803802], [4331351, 0.773292268174804], [4383284, 0.7710401103923419], [4585741, 0.7432742701966883], [4603182, 0.7407396898343166], [5169161, 0.7596582187308785], [5364870, 0.7458718982904777], [5365379, 0.7304396376686755], [5366130, 0.723095786991008], [5703783, 0.776771707679698], [5811496, 0.7639067108467137], [5825133, 0.70257160459659], [6396838, 0.7590289881241958], [6577325, 0.7842989290809583], [6591536, 0.7320982743874944], [7087709, 0.8059527058955578], [7101478, 0.7511629803635617], [7255311, 0.7709857332349932], [7255336, 0.7575756548843744], [7517761, 0.7684779731461028], [7568654, 0.727274341791706], [7779869, 0.734397957723462], [7779874, 0.7191509574656352], [7929603, 0.7135808708149461], [8104290, 0.7525408111918486], [8120799, 0.6785643350972189], [8446196, 0.8016994560197225], [8532059, 0.7529537488432267], [8535008, 0.7522053912547992], [8800505, 0.8071701530070874], [8818052, 0.8047310687682201], [8820155, 0.7574094829882658], [8866460, 0.7679844093816909], [8892291, 0.7615217328121053], [8892668, 0.7602775618540452], [8928271, 0.7842884751304627], [8938800, 0.7381837367351302], [8977549, 0.7558325470864952], [8987274, 0.7312153786967153], [9095179, 0.7643531576684551], [9108994, 0.7565797582151887], [9141407, 0.7112861434292602], [9151164, 0.7010753017905675], [9170875, 0.7080084255242681], [9173972, 0.7084026120780051], [9173975, 0.6898834558217187], [9273594, 0.7707849035451827], [9284523, 0.7622904591615467], [9309216, 0.7778354305158273], [9321829, 0.7834500980947249], [9323014, 0.7763418805837723], [9352165, 0.8007573488316952], [9392764, 0.8241359857150857], [9394093, 0.7968418612340428], [9394904, 0.7838275299113293], [9399679, 0.7622418124229814], [9462602, 0.806784404626161], [9462687, 0.7798417267387672], [9466472, 0.78168038474839], [9478149, 0.7811312369869607], [9478156, 0.7703065968437287], [9490435, 0.7617063206975222], [9546302, 0.7311156525181559], [9600353, 0.7680590881631801], [9671692, 0.8010303474949335], [9704155, 0.7562920335028802], [9726920, 0.7434738676005952], [9747695, 0.7451248009594914], [9755299, 0.7297619622986855], [9759228, 0.7326842023789414], [9759233, 0.720531650948484], [9771810, 0.7203639231472936], [9793849, 0.7678128450340863], [9806582, 0.8045572251875055], [9816281, 0.7572490796521509], [9818134, 0.7451266312706655], [9822116, 0.7294326269918867], [9857119, 0.7567388892095325], [9858976, 0.7246277619298458], [9859083, 0.7214048486484437], [9882858, 0.7289220575615694], [9903607, 0.8043829076339052], [9906274, 0.7516533674157692], [9913513, 0.7464881179960844], [9916932, 0.7585478683480781], [9925437, 0.6806555926743152], [9933580, 0.7261875672807406], [9934267, 0.7128390552284714], [9937114, 0.7112342871508464], [9946755, 0.8204617860783875], [9946768, 0.8127463587271299], [9948107, 0.769140653336001], [9951328, 0.7328492547309408], [9951335, 0.7134139093194437], [9955750, 0.7762972637644123], [9958499, 0.8180372790586963], [9968283, 0.7577596233144794], [9973114, 0.88215513340302], [9977549, 0.7423953194790696], [9977860, 0.744574637380885], [9980029, 0.5789464181629607], [9984804, 0.7587816980752371], [9987983, 0.6985390617255031], [9988182, 0.6989713005298575], [9989241, 0.6890311765799602], [9991986, 0.788475595169948], [9992247, 0.739860762968891], [9992250, 0.7119455430382065], [9994309, 0.7234259401529555], [9994312, 0.6967627954410923], [9994823, 0.7373487137421433], [9994978, 0.7342546998220413], [9995951, 0.778138190448327], [9995960, 0.6654649000791862], [9996759, 0.77940708070149], [9996760, 0.7718461728572306], [9997429, 0.776469572182492], [9997740, 0.8823346067021735], [9997795, 0.8210228916477211], [9998284, 0.6892787788479179], [9998627, 0.7605127385947055], [9998644, 0.7470623933729471], [9999259, 0.7581647378014718], [9999386, 0.8897697216027283], [9999431, 0.8127480028951791], [9999486, 0.7870513514019881], [9999487, 0.7381130266355483], [9999530, 0.5822105323982371], [9999575, 0.558225374507218], [9999746, 0.6488579955110534], [9999801, 0.79832064323488], [9999804, 0.756715568364758], [9999813, 0.744416767955445], [9999830, 0.7500697005591483], [9999883, 0.6958531118536667], [9999886, 0.712076886522027], [9999909, 0.5183618292598551], [9999962, 0.7111490552398722], [9999983, 0.794825636167757], [9999986, 0.9362117183103552], [9999994, 0.29432501620428075], [9999997, 0.35433824504289213], [9999998, 0.3473671359242938], [9999999, 0.6941976185232621]]}