{"seed": 928126110, "N": 10000000, "alive_speed": 0.9202832313384293, "non_threatened_speed": 0.9202833233667524, "survivors": [[0, 0.9202833233667524], [10747, 0.7845840442453458], [56774, 0.778792024218024], [9980307, 0.6727170409281427], [9999530, 0.6222030076539241], [9999723, 0.5655747192641937]], "still_alive": [[158223, 0.7557953310030214], [169716, 0.7547178904441916], [200123, 0.750097947042715], [355592, 0.758677758835969], [356947, 0.7548096376131224], [395148, 0.753396881973825], [642727, 0.7356972074742889], [645114, 0.7127812844831126], [1811503, 0.7896937798112866], [1846884, 0.7739629041422027], [1979759, 0.771458449193916], [1979958, 0.7528252726326141], [2377813, 0.7828526931398819], [2472724, 0.763547962298557], [2821715, 0.7600305445991709], [2821740, 0.7571868236189984], [2821765, 0.740521503962888], [2871118, 0.743102947881895], [3017229, 0.7586306133222418], [3155460, 0.758283453279984], [3176969, 0.7438053338657545], [3245382, 0.7437094641404246], [3245393, 0.7369833784842269], [3618616, 0.7502384089394291], [3739581, 0.7245078788914584], [4187926, 0.760336612834742], [4344023, 0.7547046821179663], [4364918, 0.7471481338180983], [4459993, 0.7460275950209293], [4846914, 0.7932347592723515], [4847527, 0.7564735969602644], [4867224, 0.7490463969426926], [4867797, 0.7376918982133516], [4877350, 0.7032807022315105], [5020525, 0.7009403137119561], [5525408, 0.7763732680662375], [5528391, 0.7764270945815026], [5691868, 0.7498914641838081], [5784809, 0.7613363483345508], [5789270, 0.7547991115996933], [5789381, 0.7437420968549825], [5804454, 0.7137320611810546], [5885207, 0.7224927927012792], [6166568, 0.7685803227929016], [6176189, 0.7594434268191155], [6199434, 0.7550718837341488], [6348509, 0.7465138083519619], [6413500, 0.741796990599324], [6415515, 0.731057079301011], [6767596, 0.7625284012773913], [6767675, 0.7523538657826753], [6862436, 0.7598411024372455], [6868531, 0.7388970976113682], [7257474, 0.755490058348319], [7258019, 0.7412488583771127], [7544990, 0.773683646524041], [7545013, 0.7613935281312683], [7754614, 0.7869558456291518], [7755425, 0.7753541527572797], [7852090, 0.7677090271498178], [7944613, 0.7639938946560657], [7946044, 0.7358024786818661], [7946169, 0.7340584387934743], [8096278, 0.761640471279173], [8190051, 0.7562591819553154], [8190082, 0.7558091448376906], [8390641, 0.8092108167168685], [8433544, 0.7943264741501403], [8529073, 0.7655017822801828], [8531950, 0.7411602161168362], [8687145, 0.750569597468396], [8787344, 0.7667941729398801], [8849573, 0.7400417717192856], [8937088, 0.7442379609985651], [9067803, 0.8019742948712781], [9067814, 0.7848228072697211], [9155701, 0.752854882087728], [9216180, 0.7713279325940037], [9218913, 0.7013807140116679], [9304642, 0.7633105502538788], [9407875, 0.797796623643348], [9408208, 0.7575420505706989], [9441855, 0.7800096081931871], [9511810, 0.7591790351623359], [9581591, 0.8550607368507431], [9582356, 0.7697786711555996], [9603847, 0.7466047729917719], [9627656, 0.7628530139284826], [9627699, 0.7541738287928907], [9627700, 0.7140614976500214], [9637531, 0.721185035713112], [9642092, 0.7153177866860277], [9686735, 0.7514711327790514], [9695884, 0.7451692279229968], [9696151, 0.7117664660978406], [9711560, 0.7407567309564996], [9713279, 0.7284112982376331], [9767068, 0.7408521945863613], [9773881, 0.6939522614370928], [9798168, 0.7416221860961215], [9827861, 0.717518268738878], [9837532, 0.7402488702662311], [9889691, 0.7688427031391768], [9889706, 0.7618794836808438], [9891081, 0.7178789134386697], [9891540, 0.7108687592317133], [9906853, 0.7281977826818534], [9907142, 0.7213869739022696], [9915141, 0.7537644789621184], [9931286, 0.8144236935293071], [9931287, 0.7800010011341432], [9931522, 0.7653416059348558], [9938633, 0.7852058760214035], [9940166, 0.723264501324694], [9948341, 0.7825438964664021], [9951382, 0.7821984108125478], [9952633, 0.7791775254509187], [9958670, 0.787156906013629], [9958715, 0.7776920294573608], [9963964, 0.7669771510885641], [9964327, 0.7390384214780948], [9966240, 0.6905991632385002], [9968699, 0.6614696400262198], [9972300, 0.6997855808505536], [9977591, 0.7619004444796277], [9979432, 0.7461202114234254], [9982974, 0.6688328956936475], [9987103, 0.778465835626003], [9988404, 0.7938542938577456], [9989139, 0.8151278156830398], [9989938, 0.7434922489810328], [9991851, 0.788380682516509], [9993624, 0.6413657304627821], [9995715, 0.6300584128591701], [9996016, 0.6605831989410299], [9996197, 0.5875208616441276], [9996754, 0.6582019290839963], [9997879, 0.7629095595693696], [9998154, 0.8690043023894883], [9998453, 0.6709646953362813], [9998518, 0.6901639842732065], [9998893, 0.7896633637887254], [9999070, 0.9116504725995039], [9999095, 0.7719537399618096], [9999172, 0.7761235235714656], [9999201, 0.7258531277728548], [9999240, 0.6135183908166276], [9999245, 0.5657338894868181], [9999486, 0.7320501983398088], [9999523, 0.6608946141720462], [9999591, 0.6089318310579176], [9999714, 0.7193703802830419], [9999854, 0.5803636312701016], [9999863, 0.4636597231424956], [9999988, 0.7879663329846623], [9999989, 0.7438372908245683], [9999996, 0.9172230595347463], [9999997, 0.9897260516616292]]}