{"seed": 928126105, "N": 10000000, "alive_speed": 0.82674327069639, "non_threatened_speed": 0.82674327069639, "survivors": [[5478, 0.8083643855271687], [9995751, 0.6971369290311522], [9995828, 0.6934590804310061], [9999783, 0.6122500421537218]], "still_alive": [[7929, 0.7323245303568918], [320056, 0.7441549196597926], [396357, 0.7464256340086778], [397504, 0.7250787831370554], [856129, 0.7548260616655547], [1033976, 0.733297845506917], [1079893, 0.7061913663152394], [1490786, 0.7315546436890753], [1880935, 0.7499939727670376], [1882462, 0.7464917513926903], [1885955, 0.7463553158129996], [2082076, 0.7527221444265414], [2433719, 0.7721477186377333], [2515794, 0.7415498817988037], [2887399, 0.7472430661595775], [3252362, 0.7638246201718798], [3336973, 0.7697740418694272], [3339644, 0.7535158737542721], [4046715, 0.7408446973509724], [4046934, 0.7397102733974564], [4654097, 0.7666641324390879], [5010652, 0.7576455171377895], [5017113, 0.7509967229940985], [5121114, 0.7615169874716076], [5160997, 0.7483472378238323], [5613732, 0.7034038885472661], [6215695, 0.800913188690824], [6227226, 0.7891891754231458], [6349757, 0.7552331045300108], [6543922, 0.7389180912163831], [7175813, 0.7546356435757606], [7238168, 0.764860812538361], [7238511, 0.7440906533525272], [7409060, 0.7850097827184201], [7442629, 0.7936931102054974], [7442784, 0.7754962833453319], [7564449, 0.807431646043208], [7566620, 0.7528721863779836], [7599639, 0.7537273531194609], [7684338, 0.7642311559912895], [7849771, 0.7594180314848626], [7850016, 0.741748519444805], [7857867, 0.7441236333085017], [7946166, 0.7637944229226724], [8113903, 0.741665079399374], [8294582, 0.7663152358629122], [8495451, 0.7741382020542814], [8534660, 0.7733811196625787], [8621405, 0.7674174486005433], [8621410, 0.7444797808748058], [8629405, 0.7460869062425551], [8749644, 0.7512858178106531], [8821517, 0.7326921241057407], [8947672, 0.7350410553092651], [9028743, 0.7467496658763674], [9138862, 0.7814673257633444], [9138901, 0.7596165385267186], [9153466, 0.7334737616372875], [9156335, 0.7321331010460904], [9159516, 0.7293705683806936], [9215931, 0.7519054586407155], [9216368, 0.7450952765175477], [9216973, 0.7097883390807153], [9245430, 0.700083812394565], [9245513, 0.6996985945658831], [9332960, 0.7726662801851651], [9344501, 0.7862176761839313], [9429040, 0.7326168921473166], [9429041, 0.7127357002119127], [9487934, 0.7542636233491042], [9560455, 0.7741050032587286], [9582092, 0.7885982949877303], [9591807, 0.7540038765943031], [9592130, 0.7335537581110161], [9593167, 0.7268132391648224], [9618080, 0.7455691244737404], [9643869, 0.7835017501513576], [9661578, 0.7516429911955715], [9687275, 0.7033741956212637], [9702596, 0.7070674126042505], [9702781, 0.6982648516140587], [9716214, 0.6873230144054472], [9742357, 0.7273947161910699], [9774514, 0.8208170015676184], [9778361, 0.7423769730237215], [9809700, 0.8228220534250864], [9814413, 0.7960578020230847], [9814420, 0.7689902160365183], [9829751, 0.756483127348805], [9835882, 0.6911242834389212], [9866421, 0.7105356264456194], [9873340, 0.6929247207181317], [9898577, 0.7618273478484971], [9901032, 0.7639273592137061], [9915721, 0.7072185336076301], [9928334, 0.8026437611016478], [9938145, 0.8290882154481543], [9938982, 0.8043892058997336], [9944187, 0.8018704535723011], [9946538, 0.7505960243694427], [9953635, 0.7957378159770544], [9956100, 0.8179691487263409], [9957405, 0.7861095545864734], [9958332, 0.7964472572537298], [9958363, 0.7905612858465269], [9962142, 0.8213296837319801], [9962793, 0.7699571909407249], [9972342, 0.7526144783156412], [9977589, 0.818867095397023], [9977598, 0.815883542617688], [9977603, 0.7809651315625035], [9980668, 0.8002858271075806], [9987145, 0.8451503803301771], [9987146, 0.8363428361803743], [9987527, 0.8370625090431679], [9987730, 0.7149191405384522], [9988095, 0.7258990024602681], [9988218, 0.6921337048997268], [9988839, 0.7031652024602741], [9989676, 0.7282217321727857], [9992363, 0.7541074475319846], [9992364, 0.735821668452104], [9993763, 0.8054827634514917], [9993830, 0.6675471387822962], [9994707, 0.7467168660172453], [9995192, 0.7950432101186865], [9995831, 0.6929032420222604], [9996660, 0.6832534682340979], [9996675, 0.6607258874559657], [9996740, 0.632782375453198], [9997515, 0.7959165522557449], [9997516, 0.6892828125939987], [9998003, 0.6877901820819567], [9998324, 0.7819607710857983], [9998489, 0.6587519929044868], [9998738, 0.7241252669731918], [9999153, 0.7391629343358147], [9999154, 0.7185624944032221], [9999211, 0.7338202143379512], [9999370, 0.6364160548279119], [9999459, 0.701236688626675], [9999506, 0.7121937763858152], [9999531, 0.6616230400662646], [9999532, 0.631172014366119], [9999629, 0.7007410922689397], [9999710, 0.6908148241720448], [9999711, 0.6651627301960967], [9999778, 0.7180436498605893], [9999798, 0.5336640064405049], [9999935, 0.6737738877890296], [9999954, 0.5391017047207167], [9999967, 0.3996916612450875], [9999986, 0.43510554443051364], [9999995, 0.9317832010533088], [9999996, 0.7270303680158177], [9999997, 0.4223947706710517], [9999998, 0.6225544235806899], [9999999, 0.5437226398279944]]}