{"seed": 934709727, "N": 100000000, "alive_speed": 0.8592063621801728, "non_threatened_speed": 0.8592118353595093, "survivors": [[636, 0.8592118353595093], [1325, 0.8040798552429317], [1806, 0.7855072935458212], [15118717, 0.7641251508070399], [99924844, 0.7347061096523365], [99999975, 0.5773806181984099], [99999976, 0.5526848538331488], [99999999, 0.40751697145379484]], "still_alive": [[698787, 0.7640506659497954], [1296020, 0.7352046182949984], [7295777, 0.7519785985631093], [12341902, 0.773196937762668], [14708947, 0.7737723971774754], [15096022, 0.7733629189728384], [16830620, 0.7545359612573631], [26662101, 0.7404479716741688], [30448334, 0.7718302090330097], [30462263, 0.7651812406196192], [30712510, 0.7619094512837032], [30712511, 0.7493718224424281], [32954206, 0.7444123380547163], [33433431, 0.745193210833994], [35879118, 0.7672702805130255], [35879139, 0.76579010053297], [35881274, 0.7531093582691181], [38403303, 0.76798303107711], [38467872, 0.7642956323186035], [38551129, 0.7488458229298766], [38779176, 0.7486441199027112], [39755191, 0.7252813629410226], [39779596, 0.7225390183734383], [43445847, 0.7625366305813683], [43949764, 0.7538981445649564], [44178399, 0.7454007874506677], [44207356, 0.7422019337019418], [46151303, 0.750747849122632], [47930754, 0.7560927985017802], [50757767, 0.7569015168382204], [50757770, 0.7559940690886223], [51077555, 0.7437369693601348], [53940796, 0.7598635331584855], [53963981, 0.7378395722946203], [56518468, 0.7573782963515154], [58080563, 0.7388410119770622], [59467214, 0.7550877958536613], [60392687, 0.7604237370897242], [61244598, 0.7635860620729805], [61529681, 0.7489967725839457], [61652114, 0.7428535188924645], [62864073, 0.7469029532479148], [63245822, 0.7402558039040329], [66857471, 0.7776071338835157], [66951968, 0.7652004726332108], [66964069, 0.7642217776029957], [67145600, 0.7524964470766344], [68896289, 0.7768794619012269], [69106750, 0.7758245376144856], [70043237, 0.770507556913573], [72083184, 0.7651550476030409], [72201207, 0.762718399795425], [72593444, 0.7533333607097124], [73335097, 0.754000362895769], [73343654, 0.7447488260475097], [73778927, 0.7556439652672033], [73789144, 0.7378706976320506], [74417491, 0.7459069260558528], [74451310, 0.740895552403244], [74541395, 0.7302046818527069], [76431458, 0.7355220163936385], [77788497, 0.7685566793178994], [77789374, 0.7523226986302242], [77795295, 0.735524594968872], [79396810, 0.7727991796338691], [79396831, 0.7646374916259318], [80284424, 0.7628851508975664], [80319829, 0.7608319214805612], [80335238, 0.7418435871387572], [81073707, 0.7554324192693075], [81215232, 0.7442635949143105], [81288723, 0.7452579630808946], [81335060, 0.7256043365842796], [81916679, 0.7412208281710697], [82634128, 0.752567928027428], [83746779, 0.7486898837028508], [83978962, 0.7470542995764746], [85129755, 0.7761643898094827], [85179496, 0.7605592719040668], [85179497, 0.728380032756171], [86460314, 0.7535439523167607], [86559093, 0.7582317510875501], [87550768, 0.7729457689579592], [87604651, 0.7724811689027702], [87950048, 0.7874420948263211], [87951759, 0.7655788211551472], [87959774, 0.7496795059623221], [88081543, 0.7496442375264079], [88100264, 0.7399061135119783], [88241319, 0.744925581658829], [88535908, 0.7481184429991937], [89513655, 0.7688535425467198], [90236126, 0.7877675923277123], [90781451, 0.7930746530190576], [91085912, 0.7816540328007001], [91088787, 0.7481493744886029], [92192254, 0.7794139345272528], [92215623, 0.7729546231259564], [92215624, 0.758007065368465], [92217657, 0.7488265089125643], [92401546, 0.7378424890810328], [92458615, 0.7353346914046781], [92837334, 0.7642099578088016], [93296067, 0.7824254752350738], [93373196, 0.7757028401129414], [93373425, 0.771249926014247], [93401832, 0.7614433327053023], [93613051, 0.7620578673479498], [94765434, 0.7784742593007192], [94766991, 0.7628466023301963], [94890006, 0.7416744052979788], [94919221, 0.7362765571605259], [95150130, 0.7545108219969884], [95230049, 0.7614748491301523], [95262356, 0.7263497815566649], [95665891, 0.7593671148121844], [95835814, 0.7597397474897096], [95901407, 0.7673906970685385], [95950086, 0.7745558608073464], [96191355, 0.7708838414198171], [96191888, 0.7679862349797223], [96234355, 0.7490885371379826], [96456142, 0.7667113444918976], [96592105, 0.7842195206099023], [96623138, 0.7628318643017485], [96625125, 0.7622172723088341], [96655796, 0.7551855415396268], [96807409, 0.7909796091523245], [96842052, 0.7379363819788679], [96949289, 0.762457786792406], [97038220, 0.7779261993241608], [97072675, 0.7457462699024937], [97184264, 0.7716425330583373], [97189701, 0.7595261662814721], [97353258, 0.7304185156156612], [97366553, 0.7180363940173665], [97446630, 0.7130995654641538], [97733461, 0.7487148930047921], [97846516, 0.7735374235536276], [97848549, 0.7631068578779104], [97848568, 0.7350414227759108], [97899443, 0.7422865745933552], [97900488, 0.7335433144112944], [97977465, 0.7541825448146526], [98055146, 0.7422235113223352], [98156577, 0.7509956361086317], [98156610, 0.7368059574154248], [98315073, 0.7576331578981768], [98321568, 0.7457409120827723], [98396443, 0.7599266500754264], [98501230, 0.7519799159220688], [98556887, 0.746233084567595], [98586030, 0.7422111910376559], [98623425, 0.7593939306987675], [98681054, 0.77582297344946], [98811247, 0.8076751038253134], [98910674, 0.7336054987183402], [98949373, 0.7336854826854101], [98949374, 0.7132371398264304], [98970791, 0.727079550528094], [99099062, 0.7612819425181339], [99146939, 0.7905358168101672], [99146940, 0.7695428822980759], [99180805, 0.7710453901021502], [99180982, 0.7508233301016314], [99234751, 0.7999929711381307], [99275732, 0.6984051388338068], [99329129, 0.7469802520125933], [99378800, 0.7895950080189054], [99418813, 0.8002800232852053], [99418840, 0.8002529220569922], [99418887, 0.7134109527548794], [99444090, 0.7174018354197732], [99508667, 0.7353206150602926], [99588986, 0.7578810791314015], [99589663, 0.7581928421238938], [99589664, 0.7542197768098952], [99593787, 0.7359609729316351], [99598218, 0.7208682303580624], [99602101, 0.7257933891261619], [99616866, 0.7378239833950133], [99669611, 0.7610256512255372], [99669796, 0.7594340613774728], [99672439, 0.7365397048688417], [99690808, 0.7636549643987565], [99728443, 0.7827338219295316], [99731734, 0.7361927550811209], [99783675, 0.8611049217520764], [99783676, 0.8382506766012638], [99789963, 0.8255544296063734], [99821894, 0.7810028593849586], [99824527, 0.743512076748952], [99827430, 0.7201118330402938], [99827445, 0.710458452050128], [99835646, 0.7236486893432287], [99848885, 0.7750623208292912], [99849214, 0.7256312186841393], [99869143, 0.8356792896746935], [99871536, 0.8152819515945284], [99915721, 0.8673531742098878], [99920174, 0.8372111914612554], [99920625, 0.7535339351530309], [99925057, 0.7188449992444261], [99941500, 0.6890342201854412], [99943033, 0.6878686750756217], [99951912, 0.7111502524872609], [99961583, 0.7856268212938422], [99962542, 0.7970597871547784], [99971583, 0.8558779935509385], [99972178, 0.7765461522375643], [99975017, 0.7713514697973982], [99983032, 0.696623940584542], [99983523, 0.7061448577712409], [99988520, 0.8825085323582066], [99988787, 0.8875292326674097], [99989326, 0.7768151773894368], [99991825, 0.8453324283438115], [99992130, 0.8153780732352681], [99992205, 0.7308356448564], [99992224, 0.7020554558685373], [99994787, 0.929237233697169], [99995348, 0.8670612209909643], [99995771, 0.7740386704865496], [99995860, 0.6086570392263215], [99996739, 0.7704775198477273], [99996880, 0.7937891245760854], [99997089, 0.7752579047679435], [99997278, 0.8245758612347618], [99997281, 0.6197014013419367], [99998054, 0.689210624509056], [99998081, 0.6448250235605827], [99998332, 0.7311806072429091], [99998841, 0.8348875386267468], [99999038, 0.9233526528007601], [99999123, 0.9347495312269366], [99999166, 0.7474681371955469], [99999199, 0.7189704444903756], [99999332, 0.8015911182288044], [99999333, 