{"seed": 803, "N": 10000000, "alive_speed": 0.9536188635352312, "non_threatened_speed": 0.9536208661388498, "survivors": [[20, 0.9536208661388498], [803, 0.8542147568655046], [2282828, 0.758419409264121], [2356665, 0.754936614563274], [5619740, 0.7443497784921125], [9963177, 0.7374054332528263], [9965198, 0.7294402121183946], [9999999, 0.4018334440029512]], "still_alive": [[88052, 0.7575991231760671], [765547, 0.7531704028896761], [1179562, 0.7720075878982052], [1392879, 0.7275617263505174], [1720952, 0.75018260489002], [1897039, 0.7520635475501173], [2158394, 0.7699118005901144], [2208109, 0.7584378055616114], [2359724, 0.7439925898176099], [2391311, 0.7195865774812557], [2397962, 0.7166104449763658], [3288845, 0.7307271524537167], [3298722, 0.7278728612965789], [3500961, 0.732684364636622], [3753638, 0.7358655700227709], [4195889, 0.7718892373362853], [4455148, 0.7833001824268138], [4456927, 0.7614321186346363], [4546182, 0.7502937488354626], [4854673, 0.7763685373427158], [4857458, 0.7720786930330958], [4865067, 0.7561857059465253], [5038928, 0.7549298289115697], [5178933, 0.769806190897605], [5294480, 0.772933573961479], [5546403, 0.772676149460017], [5558220, 0.7643573219353893], [5571773, 0.748109416650238], [5768591, 0.7353960533937854], [5885240, 0.7303521900590579], [5935513, 0.7247130658091362], [5935864, 0.7136221098283522], [6177485, 0.7377592864222748], [6185822, 0.7358950668931024], [6256323, 0.7333282642853342], [6272116, 0.7255523805870558], [6514733, 0.749652110324425], [6647520, 0.7763075045582295], [6658923, 0.7588262323553332], [6659216, 0.7430832833091564], [6741683, 0.7561663343790257], [6767240, 0.7393490123742514], [6767253, 0.7353924610818565], [7003936, 0.7724894709853978], [7339447, 0.8031493898015062], [7344222, 0.7996748708132693], [7445187, 0.7903635906792873], [7482338, 0.7949897861947628], [7663909, 0.7918800190725949], [7676620, 0.7730662169046306], [7734861, 0.7923167838123019], [7734962, 0.7583862044955061], [7825599, 0.6936315810413138], [7929272, 0.7239606827581312], [8188615, 0.7105932915128904], [8359744, 0.7532923574681539], [8359953, 0.7474043830382633], [8479836, 0.7688514022835266], [8517707, 0.7638674763637521], [8537488, 0.7337945039902702], [8545829, 0.7337711144614776], [8608750, 0.7512251432196703], [8728969, 0.774197361877491], [8750566, 0.7272582069831286], [8750573, 0.7266953869678232], [8847730, 0.7712077217777193], [8965049, 0.7836391834098074], [8968152, 0.756644823168815], [8974205, 0.6899592612208721], [9106012, 0.7878696089007285], [9109589, 0.7862958632561868], [9110004, 0.7589196445492615], [9115009, 0.7174107786418039], [9135434, 0.7313672964715745], [9290705, 0.8163369217928437], [9327582, 0.7846032575048968], [9327583, 0.7791722021007401], [9329172, 0.7535103573688958], [9345239, 0.7502310971309976], [9489690, 0.8112111505156262], [9492471, 0.7931752613243432], [9507936, 0.7715695189716576], [9507937, 0.745150715116255], [9507938, 0.7430096488457758], [9544391, 0.7782727834900834], [9553726, 0.7437135919285696], [9595441, 0.8073958671104386], [9602856, 0.821552282770389], [9602857, 0.8037229370462122], [9616536, 0.743097152169957], [9616539, 0.718547685350217], [9616544, 0.7059413274683276], [9638221, 0.7231057184519553], [9671206, 0.7634720892245138], [9674045, 0.769868021793756], [9682394, 0.7154505504900589], [9713539, 0.734780904062187], [9713724, 0.7277469789015597], [9741361, 0.7605575366126459], [9741364, 0.7493646924794863], [9742539, 0.7278290824503307], [9747834, 0.6963444272745478], [9756011, 0.7089042290045154], [9803310, 0.7465510139400209], [9813617, 0.756368265702373], [9815242, 0.736469847420766], [9827735, 0.7876215672579058], [9828790, 0.75885831990805], [9854535, 0.8168820912522391], [9882566, 0.757518235282574], [9897759, 0.8082336354331174], [9907558, 0.7328168402733968], [9920455, 0.7868424231110308], [9921550, 0.7379296327788879], [9929911, 0.7806283879782899], [9935110, 0.759668928901862], [9935311, 0.7307714126249609], [9941716, 0.7891768357127295], [9947597, 0.8411841044824616], [9951490, 0.7662821434922681], [9953437, 0.7907452714055789], [9953466, 0.7883956045435453], [9961175, 0.793141544654081], [9961444, 0.7951153545109662], [9963101, 0.7570479232352909], [9963172, 0.7464011830694879], [9965217, 0.6960124729730195], [9968172, 0.7426655821397821], [9969863, 0.6785845957729719], [9970058, 0.6398270400895855], [9979369, 0.7602282273464664], [9986830, 0.8768213726330402], [9988757, 0.7224497698185927], [9991960, 0.733660339442942], [9993991, 0.7443482601990447], [9995938, 0.7139263018422328], [9998247, 0.7864689854932194], [9998512, 0.892250380168462], [9999389, 0.9762634306732161], [9999398, 0.8958703268082971], [9999455, 0.8682738337231634], [9999458, 0.8168252060087964], [9999605, 0.9508015382756038], [9999608, 0.8550880190295016], [9999645, 0.7878479994773161], [9999722, 0.9285734920910905], [9999723, 0.7891960139075659], [9999762, 0.9040208538769515], [9999791, 0.8822200289756735], [9999794, 0.798603163548963], [9999837, 0.5518046620949363], [9999886, 0.43227068939320623], [9999945, 0.8191149801155687], [9999948, 0.7470211679260644], [9999971, 0.5093145223231879], [9999972, 0.46399521137935673], [9999981, 0.5438955573663078], [9999982, 0.5431259622041136], [9999987, 0.6519564608492697], [9999992, 0.6534045558445958], [9999995, 0.5579487275564029], [9999998, 0.8620478894402785]]}