{"seed": 483722386, "N": 10000000, "alive_speed": 0.8306342685594373, "non_threatened_speed": 0.8306342685594373, "survivors": [[892436, 0.7719585420283318], [9726303, 0.7381826848696244], [9999966, 0.6840434620456667], [9999971, 0.5939903451737667]], "still_alive": [[26660, 0.7874354320004744], [248375, 0.791623309100209], [902977, 0.7398595967151184], [902992, 0.7341491012707296], [1137579, 0.7441327403885845], [2055506, 0.7688354394198251], [2878759, 0.7937431497141462], [2971268, 0.7621287367333697], [3082199, 0.7443779976503413], [3336678, 0.7444205665491528], [3416099, 0.7309095289808005], [3453770, 0.7317327764368264], [3526723, 0.7176125559297409], [3526736, 0.7098885632214975], [3859129, 0.7345718991169466], [4418586, 0.7513263886709085], [4422839, 0.7397160621695968], [4514678, 0.7436862240044959], [5022831, 0.7409642259174016], [5405428, 0.7495318700289335], [5459347, 0.7005432857796151], [5782962, 0.7509316332581248], [5834917, 0.7386208740015555], [6099380, 0.776545557008395], [6099381, 0.7667077674576345], [6179092, 0.7381648060501906], [6464173, 0.7811665362566721], [6556642, 0.7966799465386089], [6585471, 0.7813645380918692], [6710182, 0.7694413085367034], [6790149, 0.7648777363554192], [6791132, 0.7422015804760883], [6793749, 0.7134360422602267], [7150012, 0.7420093915792687], [7150037, 0.7223703756175303], [7785728, 0.8041432584538567], [7959885, 0.7419655916142562], [8170004, 0.7253379517719604], [8201867, 0.736832645035508], [8395186, 0.8033748995491733], [8395429, 0.7970518727985798], [8427216, 0.8053520263633763], [8427239, 0.8003363242154213], [8749774, 0.8036776335683166], [8762017, 0.7825245101710107], [8819404, 0.8182574106634063], [8822235, 0.813344253517248], [8822694, 0.7495540382044587], [8873875, 0.7671568559639719], [8873876, 0.7528087286394421], [8902019, 0.7603701065268116], [8909906, 0.7622402254304279], [8930509, 0.766450144552259], [9008506, 0.8010397246341132], [9043815, 0.7858516295018151], [9048938, 0.7822933327151955], [9064927, 0.7930722421863421], [9092184, 0.810835472031302], [9095871, 0.7822385286829654], [9096070, 0.7411112519250826], [9124493, 0.7575059121133738], [9125032, 0.7455815889598465], [9138635, 0.7529501443392235], [9138812, 0.7071169135282512], [9206973, 0.7658780361064413], [9207578, 0.7199531583718185], [9236567, 0.7357153137748974], [9236702, 0.728715186101071], [9236707, 0.7277159528776093], [9308958, 0.7587233303924025], [9309089, 0.751097266458602], [9369840, 0.7421672662254946], [9386259, 0.7399264672698548], [9423410, 0.7749886782788136], [9452579, 0.7629804593458607], [9483930, 0.7728468095380552], [9486787, 0.7108405130905047], [9494082, 0.6929027961319727], [9580635, 0.8178774940537997], [9581198, 0.8109043948808126], [9581207, 0.7984825273759901], [9581350, 0.7909091046095094], [9582087, 0.7896689974910365], [9582394, 0.7830677340854488], [9585857, 0.7846340142897865], [9601308, 0.7475835799315623], [9635129, 0.7966933327350634], [9635626, 0.7711685053812958], [9635823, 0.7590547792739701], [9635848, 0.7588468223517608], [9635849, 0.748787295239566], [9641136, 0.7533423837105091], [9656117, 0.7418250899318394], [9686144, 0.7946998246412543], [9719503, 0.8182672198627303], [9725672, 0.7844913608785071], [9729308, 0.7206163943770645], [9729729, 0.6826404068124883], [9776594, 0.6892835108944048], [9786147, 0.719914428829667], [9786904, 0.6765273584395523], [9786921, 0.6603048464587226], [9803246, 0.6803550362491834], [9822303, 0.7240931179578132], [9823328, 0.722559482545604], [9848891, 0.8258245961412272], [9855410, 0.8005766167711811], [9855431, 0.7821086087421508], [9872916, 0.8452347417972093], [9873005, 0.7801350979101419], [9873116, 0.7622761768613431], [9873167, 0.751728474156339], [9873178, 0.7137630549221768], [9873183, 0.6969352724065278], [9876938, 0.7128934619787245], [9904701, 0.8771420782441052], [9909770, 0.8527607737699842], [9910391, 0.7829580663050872], [9912406, 0.7431050292401853], [9915549, 0.723395109568959], [9921282, 0.775610489152523], [9922599, 0.7289172817715642], [9929248, 0.7774057331474156], [9930471, 0.7892512094458832], [9932614, 0.783088753451367], [9936167, 0.799067081288077], [9937458, 0.8114495667556155], [9942765, 0.7198273179450715], [9944130, 0.7007684798359939], [9946355, 0.7278636450364663], [9953858, 0.7766781727784384], [9954425, 0.7347645230743429], [9965382, 0.8148823620581575], [9968241, 0.8244727965793763], [9968242, 0.7407632823562369], [9969265, 0.7050097883032765], [9970232, 0.7260375684071935], [9975481, 0.686893874622331], [9977948, 0.6631327116377779], [9982981, 0.7276970049563578], [9985334, 0.8171255412657071], [9985337, 0.7589877934545999], [9986396, 0.7666210730417552], [9987877, 0.7932926204063735], [9987920, 0.7694042173880103], [9989091, 0.772269659324944], [9990554, 0.8303066003405384], [9990587, 0.7802037547837959], [9992994, 0.7876428645167614], [9993329, 0.8063878480987235], [9993340, 0.7040184310489814], [9993843, 0.6891023183338653], [9994848, 0.7413767025195583], [9995981, 0.6825402591597505], [9995988, 0.6749327514746766], [9995991, 0.5305925207696935], [9997506, 0.7973238195107019], [9997591, 0.8007707442428187], [9997632, 0.6272029078661796], [9997639, 0.5895767330238083], [9997970, 0.6714541442807193], [9998565, 0.8499039372812864], [9998566, 0.7671840428242158], [9998701, 0.7950404828713317], [9998830, 0.7676482052262961], [9998839, 0.6473982345381861], [9999126, 0.83206951090564], [9999135, 0.8127037891872407], [9999144, 0.7696397139014169], [9999173, 0.6313379084028213], [9999286, 0.7229675412050366], [9999317, 0.6721406191286525], [9999388, 0.6832688912727057], [9999497, 0.8030070826147864], [9999620, 0.8485110857008332], [9999771, 0.9249011560213096], [9999846, 0.8765940151593933], [9999853, 0.6585639490778313], [9999874, 0.6021449267090022], [9999917, 0.8672094908360738], [9999924, 0.9240055857120029], [9999927, 0.7046448561178217], [9999952, 0.8728911191252141], [9999957, 0.7849792994887612], [9999972, 0.38936237654730754], [9999995, 0.659883687736912], [9999996, 0.5795721681806081], [9999999, 0.6311721736155473]]}