{"seed": 177791860, "N": 10000000, "alive_speed": 0.80341604690642, "non_threatened_speed": 0.8040988071352825, "survivors": [[8490, 0.8040988071352825], [1913855, 0.7886872356228916], [1931618, 0.7721634010511457], [1937541, 0.7655573044727485], [9988176, 0.7309906232355543], [9999989, 0.6669819152111405]], "still_alive": [[179891, 0.76599753705713], [219358, 0.7690863803879572], [369897, 0.7485472419978313], [1014140, 0.7834245581049569], [1020227, 0.7782649592920116], [1020258, 0.7558543115441329], [1020259, 0.7396755728876752], [1888038, 0.8094977702131473], [1888083, 0.8085908920451537], [1913448, 0.8055372422701039], [1940684, 0.7457361578388624], [2106897, 0.7565974306448542], [2245726, 0.7689062147225961], [2406143, 0.7230260474176736], [3263366, 0.7517848842137109], [3263381, 0.7445913724672785], [3311346, 0.7448756782318973], [3649611, 0.7583457564372765], [3697274, 0.7519703574199244], [3729781, 0.7360790769474818], [3981758, 0.7469835847238354], [4142267, 0.7622925258571774], [5602250, 0.737140626391589], [5739387, 0.7475834512827169], [6461022, 0.7989619948475517], [6504223, 0.7643824950046021], [6535076, 0.7410256982383815], [6535091, 0.7410157333169197], [6861834, 0.7674292575472688], [6967107, 0.7775961057592918], [7030752, 0.745677719279048], [7040113, 0.7443936694385788], [7043646, 0.742040572160874], [7044525, 0.7365391930918], [7210258, 0.7595754580264961], [7224965, 0.7628590739123428], [7471804, 0.8115362131542836], [7471817, 0.7975254008109794], [7474100, 0.7936308669563282], [7476071, 0.777159429585142], [7478056, 0.7620255041504209], [7551767, 0.7597915739411655], [7551798, 0.7481871308986224], [7700375, 0.7858954196633939], [7700382, 0.7822915458246946], [7701497, 0.7568535647476555], [7704164, 0.7372622300752406], [7704371, 0.73547426013087], [7819586, 0.7660133644284065], [7821067, 0.751700284138452], [7845538, 0.7478880151485925], [8032019, 0.7690298662515406], [8034126, 0.7617232803044816], [8326471, 0.7777457723717223], [8349648, 0.7823037279625228], [8435609, 0.8098783911231446], [8451376, 0.8007452456793013], [8513861, 0.7176754491295433], [8513866, 0.6999374153085747], [8616043, 0.7444068563179123], [8668962, 0.7442319256125667], [8669007, 0.7147530410661705], [8831638, 0.7766299346015916], [8833259, 0.7680960039108341], [8857834, 0.7746482231203605], [8965949, 0.7626569361544747], [8965950, 0.7405207769364199], [8965989, 0.7140699501611726], [8966110, 0.7087019655691166], [8986079, 0.7226527071413809], [9039858, 0.7242344301862736], [9041835, 0.7077285819721406], [9044692, 0.7052965266120861], [9113953, 0.7553041334015997], [9189796, 0.7810846037736041], [9215173, 0.767066877691671], [9220286, 0.7631589367392274], [9235697, 0.7369885011730265], [9269710, 0.7575564106894201], [9314671, 0.7356882718810647], [9334068, 0.7476151285710608], [9340763, 0.7434055862686919], [9371410, 0.757636931108063], [9372873, 0.7417587392569785], [9381384, 0.7479174632542303], [9451199, 0.7951104966076029], [9451272, 0.7849503591407591], [9452743, 0.7838790648544788], [9472652, 0.8042695129346092], [9494817, 0.7850219359658782], [9516932, 0.7510612508595554], [9518439, 0.7188896725856572], [9584110, 0.8093827177042582], [9584439, 0.7892332214714132], [9635566, 0.8100857942708561], [9650009, 0.7433195793076117], [9661206, 0.7219137443484082], [9664095, 0.7268353598985291], [9669772, 0.7229950032043232], [9679297, 0.7321717637206777], [9735810, 0.7325558694488578], [9770005, 0.7719036062049824], [9788122, 0.7751429440299504], [9788129, 0.7389602039362855], [9801066, 0.7482847386676837], [9801171, 0.7360211088573935], [9802684, 0.7414558550515101], [9809919, 0.7674590098955504], [9828126, 0.7450112075439722], [9837411, 0.7480256231013451], [9840976, 0.725728313758648], [9854079, 0.7041159052005658], [9863342, 0.7364046185125902], [9869563, 0.6867594604736214], [9894330, 0.7985850192580781], [9894369, 0.7650767580097674], [9894370, 0.7478229788068106], [9894427, 0.7445668724346315], [9906008, 0.7599791615738032], [9907125, 0.7619573813280415], [9907146, 0.7444675836778322], [9912671, 0.7547564565620285], [9917718, 0.6725194062209755], [9918345, 0.6646771293718878], [9926530, 0.7061915194696243], [9929469, 0.6701791542373159], [9940144, 0.7655619688851754], [9951701, 0.7403888496072856], [9952268, 0.7292112163517495], [9955547, 0.7243371486889316], [9960880, 0.7607887003507536], [9961439, 0.7212971615023064], [9962972, 0.7291155677807841], [9963895, 0.66856716111763], [9967552, 0.6693088723419964], [9968749, 0.6389315032474231], [9972874, 0.7225475081025811], [9978447, 0.731505852207821], [9980838, 0.7074177766997349], [9984547, 0.8581612030518012], [9984694, 0.848547517576103], [9984695, 0.8045542441476321], [9985194, 0.8047625571661625], [9988133, 0.8061330266991941], [9988183, 0.6763622560474156], [9993076, 0.7828785870574806], [9993079, 0.7603294954891833], [9993826, 0.8044761195627462], [9993899, 0.8077944442772045], [9994726, 0.8168503566212468], [9995061, 0.6176854539505122], [9996458, 0.7592901240622756], [9997155, 0.6413617842359546], [9997232, 0.641401014040908], [9997761, 0.6261854073574398], [9998524, 0.6256657190792628], [9998659, 0.6125507208989506], [9999150, 0.9122140280841101], [9999165, 0.796616795166859], [9999260, 0.7125072299702595], [9999349, 0.7698460639184754], [9999554, 0.7596670281369111], [9999557, 0.725295187810404], [9999606, 0.7522298962040953], [9999611, 0.7318688471510136], [9999612, 0.723620675710994], [9999649, 0.6863781144935807], [9999762, 0.7041187958295743], [9999767, 0.3639151730519219], [9999936, 0.5373449024714337], [9999969, 0.7477183377509806], [9999970, 0.7170014035709661], [9999998, 0.5527350102564541], [9999999, 0.9874883034120061]]}