{"seed": 880, "N": 10000000, "alive_speed": 0.883567175269349, "non_threatened_speed": 0.8841982274811971, "survivors": [[7136, 0.8841982274811971], [8903, 0.8629386024158645], [20058, 0.7973092405796729], [20171, 0.7653199101083755], [9769534, 0.7119821388391293], [9997921, 0.6834813079669324], [9999982, 0.6516407919067031], [9999985, 0.63397073897911], [9999992, 0.28869977657211854], [9999999, 0.12522388955592]], "still_alive": [[20172, 0.7527103096226682], [41641, 0.7386165592736468], [44936, 0.7254860643476617], [61453, 0.7245909525659592], [960544, 0.7583321944926252], [960755, 0.7311490064270922], [1454596, 0.756852437182595], [1455429, 0.7483469534423738], [1455818, 0.7436425818309852], [1586063, 0.7504588669397649], [1959218, 0.7593798259036095], [1959223, 0.7573468471634319], [2636814, 0.7671416301403277], [2748345, 0.7505252687647309], [2764012, 0.7292441537960259], [3074023, 0.7518562421209478], [3501564, 0.7645428192473052], [3688747, 0.7673050956864196], [3728576, 0.7712179079657423], [3907251, 0.7521600379226488], [4186746, 0.7560013020284487], [4188975, 0.728954226590917], [4189110, 0.7254823720754605], [4466043, 0.7335622191533159], [4511750, 0.7229338666723905], [4899689, 0.7766881401815497], [4900630, 0.7605493028558036], [4929241, 0.7556186900578923], [5016166, 0.7676162236801415], [5016167, 0.7234338054263997], [5160730, 0.7409065593175787], [5257695, 0.7399384460867511], [5270088, 0.7333282747284102], [5323125, 0.7193861485775491], [5607008, 0.7516129298813286], [5861115, 0.782323964639285], [5861384, 0.773629906129045], [5889123, 0.7706271225290692], [5904624, 0.7646283859688134], [5935587, 0.7354418689970195], [6222574, 0.742250027732955], [6226269, 0.728102431728395], [6563764, 0.7706722422843255], [6567751, 0.7335274873498925], [6656868, 0.7507431702652443], [6929325, 0.8053679583507017], [6929400, 0.7777200758323105], [6942755, 0.7630538778132624], [6987834, 0.7303779683683528], [7009321, 0.7150231555546386], [7009396, 0.711079181355616], [7161399, 0.7372796590061291], [7318504, 0.7709662201910297], [7322669, 0.7565357360272567], [7371452, 0.7646756839305996], [7538545, 0.7999372711561562], [7559866, 0.8053523688317811], [7560005, 0.8019789884123328], [7576950, 0.8016915198995205], [7668923, 0.8044533329301706], [7677426, 0.7455138244927667], [7793985, 0.7428518788907376], [7805816, 0.7112275645045248], [8058481, 0.7815594554070399], [8136760, 0.7571975547512616], [8136763, 0.7372748874775915], [8155100, 0.7430132792755818], [8188337, 0.7381877073622533], [8353990, 0.7766791624584141], [8354509, 0.7620505490554804], [8368376, 0.7348530624622801], [8507111, 0.800864413420219], [8508082, 0.7985755590851604], [8583641, 0.801725552207789], [8660288, 0.7614850971169213], [8665605, 0.7606305016595584], [8716938, 0.7891225735655475], [8717095, 0.7311754396507474], [8722282, 0.7263377896929065], [8870161, 0.77094595616355], [8901882, 0.7677350690801892], [8903155, 0.7159204127326738], [8975820, 0.7545786010867155], [9025351, 0.7440695981523844], [9076854, 0.7502611743599273], [9124737, 0.7840263714632383], [9136456, 0.7416821299855182], [9193785, 0.7937819946250744], [9196286, 0.7932547484423942], [9221421, 0.7965499253294791], [9372418, 0.7293680362016415], [9372661, 0.7144761381962811], [9381968, 0.7203032802154192], [9403217, 0.7403785010203693], [9455822, 0.7526226124419376], [9458221, 0.7391630117799274], [9459018, 0.735057353193415], [9459071, 0.72110197490563], [9544602, 0.7543916374006865], [9560227, 0.7213555132023493], [9588622, 0.7315694569612308], [9604675, 0.7528058516430397], [9637250, 0.7561379158829165], [9637861, 0.7248387886567099], [9651944, 0.7399223844350009], [9699043, 0.8187581134788701], [9703816, 0.8210062329924674], [9705365, 0.7809007480962332], [9705370, 0.7735526602825468], [9708411, 0.6690680868147237], [9708530, 0.665619215947432], [9751625, 0.7739698014946387], [9759972, 0.7796368480387261], [9769217, 0.7561930531119677], [9772371, 0.6686735419975706], [9809316, 0.6740250974758171], [9840853, 0.7929795485971022], [9850784, 0.7651470003710231], [9854987, 0.7478945814434774], [9864500, 0.7812681954364317], [9865679, 0.7864828774582084], [9877382, 0.8309096296511163], [9889141, 0.7736366291478397], [9907238, 0.7828097048048923], [9910797, 0.8104570523538874], [9924770, 0.8121376095344396], [9936047, 0.7526729420506059], [9936260, 0.7537717675208131], [9936289, 0.7178806668499568], [9936558, 0.7074022970162107], [9946957, 0.8084399833253466], [9946990, 0.6460255086887131], [9957865, 0.7731171109819364], [9964910, 0.7984513882810503], [9965547, 0.7293165435843701], [9967812, 0.7717470468238279], [9967987, 0.6547661522245161], [9974826, 0.7256830369593293], [9975955, 0.6663427863164086], [9979046, 0.7526142964314141], [9982271, 0.7367204675254074], [9983828, 0.6213022644933166], [9985243, 0.6547217850335331], [9987614, 0.61979359910904], [9989753, 0.691211422149881], [9992042, 0.7528057897602721], [9992565, 0.7200018351830024], [9995680, 0.7977442956252607], [9995957, 0.5567492534239621], [9996826, 0.6729467939115334], [9997297, 0.6273652560100592], [9997916, 0.692703140123668], [9998370, 0.6634889376718789], [9998371, 0.6268628932021586], [9998602, 0.6430985942221709], [9998603, 0.6272305284058762], [9998914, 0.7794361837689974], [9999043, 0.6694437152938688], [9999084, 0.658786705835783], [9999273, 0.7703481867130764], [9999410, 0.848493822096334], [9999425, 0.6172480813675796], [9999592, 0.5952886476011913], [9999615, 0.6036122754252987], [9999730, 0.7746100289230414], [9999739, 0.7779454845926471], [9999748, 0.7908640950331175], [9999803, 0.8766979752929246], [9999806, 0.7308964982965878], [9999979, 0.9295948616914821], [9999980, 0.9151578884678305], [9999981, 0.7341484118183006]]}