{"seed": 177791794, "N": 10000000, "alive_speed": 0.928732134597435, "non_threatened_speed": 0.928747273176474, "survivors": [[162, 0.928747273176474], [165, 0.9034583071016408], [6100, 0.7975263680631027], [376711, 0.783808032621495], [3794370, 0.7602260582344755], [3810749, 0.7578322303863237], [7258962, 0.75526129488701], [7675741, 0.7536396777873475], [9999744, 0.6116505461887595], [9999993, 0.2273779322907521]], "still_alive": [[676704, 0.7714545218561568], [915859, 0.7893344012535012], [1131142, 0.745311864670624], [1191675, 0.737940084767164], [2091808, 0.7624981614746487], [2091853, 0.7611249921911535], [2625960, 0.7720510020204118], [3105193, 0.7648087441368052], [3169222, 0.7662281445225783], [3790991, 0.8126148955789806], [3791166, 0.7817517661648871], [3791167, 0.7660264022595725], [3810752, 0.757715544837973], [3823389, 0.7456779266666811], [4118164, 0.7529357217256827], [4119147, 0.7425928875765169], [4560964, 0.8012217693683767], [4578141, 0.7863390361310322], [4578824, 0.7847762724102956], [5276909, 0.8085787037008787], [5282978, 0.7568041756309642], [5283515, 0.752678127252817], [5551664, 0.7671705446511722], [5749231, 0.7629725259247336], [5756006, 0.7272118318671514], [5981899, 0.7536501736497019], [5989748, 0.7458999359972619], [6113137, 0.7515102237487582], [6266250, 0.7724187029704662], [6575873, 0.7850778302547416], [6647224, 0.7947088568546168], [6651979, 0.7806539352275039], [6798626, 0.7652363660008149], [6802121, 0.763931575871153], [6916924, 0.7717372090242852], [6956003, 0.747740802956127], [7094292, 0.7655775449856205], [7094773, 0.7601207568526973], [7152992, 0.7724078636726531], [7192901, 0.7709306326062925], [7785870, 0.7520291224995919], [7785893, 0.7160051819302634], [7810556, 0.6951706638691357], [8098089, 0.7344018482620612], [8345512, 0.7659421543458823], [8384759, 0.7260553429483543], [8456454, 0.7556031358967477], [8708299, 0.7572984190824591], [8709682, 0.7437451952142999], [8709697, 0.7372296652497928], [8777748, 0.7473312141771621], [8786389, 0.7117530695439466], [8793784, 0.7090075013753204], [8838449, 0.7232354965680993], [8841472, 0.7221317709645662], [8940747, 0.7781785264034801], [8973986, 0.7839225113742921], [8985549, 0.770180877647566], [9058590, 0.7518177861296172], [9093571, 0.7145521591670619], [9124858, 0.7286088221422413], [9185787, 0.7532905684648461], [9238400, 0.7275620707631208], [9279837, 0.7520839552675268], [9379188, 0.7275860114352312], [9445353, 0.7849611080827542], [9455044, 0.7716910871726037], [9459385, 0.7577196300572172], [9459386, 0.7538570159619926], [9462633, 0.7565359850888488], [9497228, 0.774332852000899], [9506623, 0.7674032505611994], [9506842, 0.7491803374265412], [9530701, 0.7679034727537435], [9530712, 0.7523711692275793], [9569875, 0.7555889453815775], [9573486, 0.7585021150651919], [9588513, 0.7512734501344137], [9592086, 0.7122406919324976], [9592109, 0.7083625710734396], [9647406, 0.7776697452502842], [9660061, 0.8003849633127665], [9697648, 0.78802176619858], [9697649, 0.7700498390858734], [9713094, 0.8062476584773486], [9717803, 0.7834816493973891], [9750052, 0.756036995216262], [9783923, 0.8476453555346842], [9786694, 0.8233919173233896], [9786695, 0.7747210352542465], [9787364, 0.7641600798942502], [9799745, 0.7302675045692042], [9801106, 0.7066550404336727], [9809423, 0.7119332449151113], [9809424, 0.6924975851559572], [9833233, 0.7070558319151767], [9850430, 0.7570664665470906], [9853491, 0.6810118542937642], [9867710, 0.6940159503559632], [9868557, 0.682337433595001], [9901824, 0.8021373116483811], [9902483, 0.7950764574474828], [9902910, 0.7959436756271944], [9904675, 0.7764807163696011], [9912390, 0.7795941333605563], [9912433, 0.7688003931118265], [9912974, 0.7465675794290844], [9925787, 0.7685317509818814], [9926018, 0.7544869146797335], [9926829, 0.7122665198564325], [9943124, 0.7686398349041039], [9952139, 0.863551722234695], [9954490, 0.8089949094427268], [9966939, 0.8234104561207292], [9969184, 0.8748178949712287], [9972401, 0.8392030129337669], [9979392, 0.8035347503393585], [9980603, 0.7791490213155337], [9980836, 0.7835582319296586], [9981139, 0.7741670909851547], [9981148, 0.7347807591748271], [9981205, 0.6776915885915116], [9986262, 0.876120081580272], [9986593, 0.8083253696164094], [9988698, 0.8654430805603309], [9989297, 0.8524339759400081], [9989298, 0.7966563770149186], [9989589, 0.7578457738799282], [9989664, 0.6902957288884731], [9991633, 0.7217991528742475], [9992024, 0.6119580506782115], [9995299, 0.7133848944258789], [9995950, 0.783983895501996], [9995951, 0.7727880410153716], [9996058, 0.6768387260190227], [9996357, 0.693313367892644], [9996358, 0.6321470552837839], [9996907, 0.7367517253919772], [9997298, 0.7043816936445441], [9998321, 0.7268755822203801], [9998546, 0.7133455933737476], [9998823, 0.8349574810462642], [9998824, 0.7895850922377544], [9998847, 0.7284587208954935], [9998848, 0.7227610691970078], [9999191, 0.8000747766222637], [9999196, 0.7378566082099225], [9999299, 0.7757840177725416], [9999412, 0.9093332704791884], [9999423, 0.782044804021896], [9999540, 0.9599523785508844], [9999657, 0.9039006529033433], [9999702, 0.9163927532856543], [9999705, 0.8693315175732087], [9999747, 0.5626954197705363], [9999848, 0.6193122118463019], [9999849, 0.4578929011721864], [9999934, 0.7661557333677704], [9999935, 0.7121701776313913], [9999956, 0.9236740424746112], [9999963, 0.5045578371956729], [9999992, 0.6135232979939639], [9999994, 0.04765637127533784], [9999999, 0.2831568290694806]]}