{"seed": 964, "N": 10000000, "alive_speed": 0.9239987178212147, "non_threatened_speed": 0.9240008430229412, "survivors": [[22, 0.9240008430229412], [3173, 0.9215196360303078], [4496, 0.852181422526817], [5245, 0.8418045023283787], [5858, 0.802062461326247], [11545, 0.8010613597041424], [1634288, 0.762802015889763], [2559355, 0.7616477703252209], [3789906, 0.7592431850123228], [9343005, 0.7489546775563343], [9344104, 0.7482585180414248], [9345007, 0.7421052316740984], [9346118, 0.72635044170141], [9996751, 0.7065740794943336], [9997936, 0.6599878011018406], [9999935, 0.6479524034936051]], "still_alive": [[51386, 0.7029958813405616], [63759, 0.7016742294779429], [63774, 0.6869923878011546], [715151, 0.7348219620433982], [1587978, 0.7694558544630857], [1590083, 0.7682304576776814], [1653043, 0.7526211041965488], [1673820, 0.7283012424800805], [1968747, 0.7532964743405329], [2301618, 0.7695591312930261], [2559626, 0.747776075074295], [3043039, 0.7762444845202608], [3088536, 0.7676373358276982], [3088947, 0.7614236864488513], [3208932, 0.7715920487283865], [3210147, 0.7671296131814499], [3210558, 0.7350980970252797], [3560229, 0.7730807166158672], [3789696, 0.7937247715545304], [3789905, 0.7916973923867211], [3789935, 0.7548235249603533], [3796218, 0.7370457147273477], [3820999, 0.7357010576236297], [3902658, 0.7395920995885137], [4133859, 0.7252589962968142], [4258184, 0.7352368941904797], [4258211, 0.7306814188429351], [4487652, 0.7460445729105352], [4655229, 0.7573261503870932], [5157622, 0.7435071467402241], [5334573, 0.7104813578818034], [5674014, 0.7586284038274423], [5767053, 0.7256402342095986], [6127158, 0.7815130390874756], [6127233, 0.7712627206779329], [6127254, 0.7695770646330605], [6148035, 0.7594598478259251], [6148036, 0.7536097794937062], [6450543, 0.7725636584717119], [6451628, 0.7611977104621586], [6451721, 0.7537594141365747], [6573978, 0.7679485835011355], [6609519, 0.774848677038076], [6609536, 0.7687605755450572], [6610399, 0.7608790167080048], [6654320, 0.7500835795456752], [6809317, 0.7718265330215585], [6810306, 0.7629401142694621], [6828719, 0.7352747139946249], [6883318, 0.7436213162673819], [6917097, 0.7214197011428387], [6917132, 0.7195935485566805], [7155975, 0.7575225287053711], [7395810, 0.7452991305459443], [7405455, 0.7326411924451012], [7723946, 0.7352739617797475], [7751693, 0.7232493788961881], [7949264, 0.7532544211652509], [7952375, 0.7321378533241396], [8077916, 0.7566004605453698], [8077923, 0.7493611046603329], [8115090, 0.7608171583335557], [8232847, 0.7635345962584862], [8275958, 0.7627153588187319], [8431931, 0.7267786008205833], [8435178, 0.7258868857595913], [8435211, 0.7066677341937666], [8532338, 0.7285917674218356], [8584033, 0.7086041382221521], [8614068, 0.7069020494533378], [8639727, 0.7135449755302946], [8683388, 0.7303342573615762], [8683389, 0.6959862762042216], [8784422, 0.7473696046870739], [8802895, 0.744364063704671], [8847212, 0.7611246940245446], [8884803, 0.7712561266498699], [8927752, 0.7470366089095836], [9024437, 0.7217879315834812], [9101562, 0.7613547957810383], [9138257, 0.7765116056083693], [9170618, 0.7029305741326332], [9197717, 0.7229384375530623], [9243098, 0.7581061546584418], [9307297, 0.7621967021166858], [9312996, 0.7570265869169296], [9346619, 0.7163001122404232], [9346644, 0.7042794199191433], [9449993, 0.7718347699039318], [9452346, 0.7300294234066405], [9453049, 0.707443543476462], [9484352, 0.7073253267407298], [9547709, 0.8008172060398224], [9548286, 0.7847681087727439], [9548287, 0.7188340309179001], [9548348, 0.7096065669480829], [9580111, 0.7541079330825178], [9594774, 0.7064754217293938], [9607883, 0.7047447883206831], [9629312, 0.7392543953925957], [9646075, 0.7723397122052641], [9646088, 0.727548443837831], [9646131, 0.6932740446905765], [9687938, 0.7344106763592699], [9688077, 0.7198480706913093], [9720324, 0.7942060802837686], [9730101, 0.7049095915153312], [9731172, 0.6874724040721063], [9749791, 0.7302778135077849], [9776976, 0.7423904628957384], [9785425, 0.7269872314446031], [9798676, 0.7643392548059805], [9808851, 0.7372586614998005], [9827886, 0.7193108879367722], [9829881, 0.7119484287795556], [9843992, 0.6881882709021794], [9856297, 0.7328467840173463], [9859210, 0.7083716227389905], [9885695, 0.8021938739724681], [9890152, 0.7472534815307155], [9905599, 0.7704400759140771], [9909696, 0.805192408128489], [9912433, 0.7861588021486687], [9921320, 0.7720884489888888], [9931947, 0.8461419651459239], [9933882, 0.8579290760260215], [9935479, 0.8697632516267368], [9935482, 0.7879573441619188], [9940521, 0.7555918091574892], [9944290, 0.7687988620486997], [9949887, 0.7785596042446427], [9954746, 0.6989502947205319], [9957469, 0.7163358243453976], [9966246, 0.7798426961547629], [9968489, 0.7367824411781372], [9968844, 0.6528874995227648], [9977337, 0.8621732308657322], [9977492, 0.7883042904792108], [9979675, 0.8024904100648311], [9979832, 0.7343458244084046], [9979875, 0.6658055065718558], [9980048, 0.6225818888152216], [9985143, 0.8251743692791307], [9988694, 0.9456299163304465], [9989281, 0.9451803502063616], [9989430, 0.7764458609907717], [9989577, 0.6915743597653748], [9991864, 0.836094448099702], [9991867, 0.6308301316815933], [9994230, 0.8098032201007657], [9995143, 0.8173086706397349], [9995158, 0.7807583694045442], [9995723, 0.7203873221840933], [9996264, 0.761716622914523], [9996299, 0.7520154350769327], [9996680, 0.7210695741345463], [9997740, 0.6929402440497204], [9997925, 0.7400715668026714], [9998551, 0.7173655582200974], [9998660, 0.742147468199474], [9999089, 0.663472691586862], [9999330, 0.7728764573980584], [9999343, 0.7297826599332926], [9999546, 0.7984458115396643], [9999667, 0.6136833209436359], [9999934, 0.6550721297770616], [9999950, 0.6532067481800853], [9999973, 0.9615472006837099], [9999978, 0.5680937705993429], [9999983, 0.30780833611260516], [9999990, 0.46051769916307195], [9999995, 0.5359413098303437], [9999998, 0.8378689655289876], [9999999, 0.957126580409353]]}