{"seed": 928126074, "N": 10000000, "alive_speed": 0.7728019959195978, "non_threatened_speed": 0.7761349379017203, "survivors": [[69056, 0.7761349379017203], [69255, 0.7671078053973437], [94982, 0.7540718085438237], [9941849, 0.7472042818456175], [9999700, 0.7250859056913047], [9999999, 0.38952404648672423]], "still_alive": [[116587, 0.7539471722511027], [116600, 0.7486137706982404], [116621, 0.7483161687022394], [353250, 0.7462279387351517], [595653, 0.7555617359885876], [1030456, 0.7730056932903413], [1184095, 0.7834591692917868], [1695698, 0.7674650989085446], [1712391, 0.7638188973540176], [2185112, 0.7920938593844361], [2337543, 0.7580321085014589], [2337618, 0.7532981707364205], [2672453, 0.7613187877510933], [2674050, 0.7248191919496992], [2674335, 0.7176301410048488], [2759706, 0.7230353400332766], [2959867, 0.742992217193051], [3626348, 0.7568064272505677], [4124597, 0.7792614106736023], [4124882, 0.7788138109033989], [4213065, 0.7902768460707575], [4328404, 0.737630500886634], [5010033, 0.7689004648744479], [5136224, 0.7259497262228404], [5303377, 0.7418493662249722], [5305658, 0.7368125862926935], [5543187, 0.7380613391116716], [5943780, 0.7384548311232774], [6527743, 0.7756599505575601], [6528988, 0.7724643596139021], [6532321, 0.7236161197329084], [6561234, 0.7295088863664434], [6759501, 0.7611827380805025], [6816998, 0.7743177616159799], [6822313, 0.7648113885321585], [6822412, 0.7581051110207467], [7105869, 0.7544556829513995], [7105968, 0.7215616151311636], [7404247, 0.7929469171807836], [7447394, 0.7280791028145385], [7508775, 0.7440888880099518], [7509992, 0.7243865302399397], [7718937, 0.7700148944443937], [7721494, 0.7564193175249477], [7721525, 0.7447647721761063], [7760702, 0.7192788049263711], [7846227, 0.7321079947896366], [7958314, 0.7030128756206157], [8189989, 0.7642723791382874], [8227368, 0.7368369201217799], [8347239, 0.7590969412035525], [8377490, 0.7550298936645237], [8378383, 0.7308836351169083], [8448612, 0.762354820560256], [8479335, 0.7334055640635758], [8808102, 0.731914518369082], [8808115, 0.7273873806333875], [8808118, 0.6980193511876234], [8968687, 0.7968304214692028], [8969212, 0.7761376684934495], [9045497, 0.7367360081744943], [9083846, 0.7583847172827856], [9083847, 0.7487330409115982], [9145534, 0.7826887638812394], [9153255, 0.7519102079063256], [9187784, 0.7622763961549694], [9217379, 0.7858061127137174], [9277778, 0.7872027075658534], [9287495, 0.7973615827248103], [9314852, 0.7080401530790099], [9385197, 0.7626634021781025], [9520074, 0.7388431391351142], [9522439, 0.7221329148986065], [9582160, 0.8103747518214518], [9585691, 0.7861927231585263], [9608430, 0.7834173896998937], [9628319, 0.7985677031597573], [9628862, 0.7728779592059386], [9628889, 0.7425385337212932], [9658884, 0.7998423700601737], [9661017, 0.7661763688308306], [9704400, 0.7797099015927813], [9709511, 0.7498086911103791], [9709514, 0.7277544865974545], [9717959, 0.7326937718962354], [9718050, 0.707818542857142], [9722085, 0.689692766924439], [9748728, 0.7266153588306485], [9751747, 0.718165915289792], [9770068, 0.7555859561964323], [9779245, 0.7455895093192161], [9780046, 0.7011302776999373], [9817719, 0.7758474861365731], [9817720, 0.7674303922943736], [9823521, 0.779520000021787], [9825650, 0.7850543446678643], [9852839, 0.8500183395674842], [9853008, 0.8336276477870337], [9854707, 0.7246606187594036], [9883618, 0.8219185950577357], [9883695, 0.7940490881673965], [9885366, 0.7521207688732982], [9895159, 0.7978215263116822], [9895998, 0.7899691480334092], [9901535, 0.7679853615999754], [9904884, 0.7823272791679616], [9906101, 0.7423064450394786], [9920688, 0.8449080784711007], [9927839, 0.8209043058745047], [9928050, 0.7610792284483738], [9935051, 0.7143040982075841], [9938488, 0.7370318716042741], [9941850, 0.7152150309117747], [9948303, 0.6893204732587903], [9960886, 0.7958811783699764], [9969541, 0.9190154479184905], [9969620, 0.9166803468375242], [9969733, 0.6734945302226006], [9969858, 0.6332498635201885], [9971289, 0.6572929938910873], [9974244, 0.7254297523464662], [9974251, 0.712487143878419], [9977480, 0.7387233454973663], [9978613, 0.7195324670209783], [9978654, 0.720676656703963], [9982255, 0.7466709393212125], [9982566, 0.5895003023821982], [9986709, 0.7354849454741448], [9987706, 0.7476191839829958], [9989479, 0.6829776779973585], [9992340, 0.8077860082535289], [9992891, 0.8320414795916982], [9992944, 0.8382735358149466], [9993465, 0.6965873187319881], [9993962, 0.6921488770896799], [9995305, 0.8065308170246903], [9996108, 0.8951588065184378], [9996361, 0.8756454039390218], [9996486, 0.7391909032653514], [9996615, 0.5861797185534395], [9997774, 0.7610120594741473], [9997913, 0.7830359675876352], [9997988, 0.7703015176492019], [9998475, 0.7289991039259378], [9998476, 0.6619538482528459], [9998595, 0.6986142985409748], [9998596, 0.6544398882085847], [9998811, 0.7084356883345259], [9999132, 0.6447600107925572], [9999287, 0.748276479679943], [9999292, 0.7431278052610827], [9999325, 0.7635573828394204], [9999530, 0.9197560510267376], [9999581, 0.8896760500109586], [9999694, 0.8965407776782733], [9999697, 0.7613090031646157], [9999701, 0.6401795086448778], [9999702, 0.6242954705012024], [9999799, 0.799045483628253], [9999834, 0.6794513285155418], [9999865, 0.49252525522234436], [9999868, 0.4700585257750519], [9999935, 0.8007908206756782], [9999948, 0.7611714601549944], [9999951, 0.5675738964644284], [9999988, 0.7276972742506659], [9999995, 0.6243486389059704], [9999998, 0.6682804867469044]]}