{"seed": 483722258, "N": 10000000, "alive_speed": 0.9578144040281085, "non_threatened_speed": 0.957839978352973, "survivors": [[266, 0.957839978352973], [1917, 0.9097962955595019], [2824, 0.8102873156052918], [2839, 0.7718217858842179], [154780, 0.7704234515619737], [7210817, 0.7618159903715626], [9858084, 0.7550650155175068], [9965441, 0.7425660760096642], [9981232, 0.7192924062409974], [9981985, 0.7124820467206022], [9999804, 0.6849885584613241], [9999995, 0.3389972544397706]], "still_alive": [[549067, 0.7460252844916163], [840674, 0.747255875820627], [840677, 0.7413581545810137], [1004614, 0.7335399830523287], [1450383, 0.7591535766284089], [1713520, 0.7499601783865439], [1873833, 0.7595068166982677], [1873964, 0.7398511196775479], [1989113, 0.745057372352942], [1992946, 0.7372506516129289], [2349427, 0.7697109200706039], [2683432, 0.7525337547626118], [3085789, 0.7637310147102836], [3255548, 0.722216782388913], [3709119, 0.7453880859736977], [3716722, 0.7461767867039522], [3716769, 0.7160072899283735], [4196448, 0.7441775860596909], [4197621, 0.7308770878956666], [4579426, 0.7480045849977602], [4579893, 0.7433783154529944], [4687576, 0.7533281002663007], [4981819, 0.7736620400977395], [5155640, 0.778176714139138], [5464299, 0.7958579558330242], [5672892, 0.7450650041520835], [5676487, 0.7336154596964604], [5852606, 0.7535342518953083], [5920651, 0.7604044963529482], [6053832, 0.7847770252506515], [6147261, 0.7787560305544717], [6148460, 0.7726412328285516], [6301213, 0.7545826762964318], [6680650, 0.7688864145720616], [6813235, 0.7987897811153205], [6813390, 0.7928550279214629], [6850119, 0.7867545953491886], [7022412, 0.7617380141957825], [7241406, 0.7501753631588225], [7263813, 0.7132754882405434], [7290604, 0.717416438922446], [7290605, 0.7075926800544475], [7653380, 0.7652370752230319], [7797519, 0.7318397464756772], [7810988, 0.6775280252009537], [8070007, 0.7507523835487476], [8085080, 0.7516348543822216], [8085285, 0.7511318841487495], [8211454, 0.7315543615766723], [8382051, 0.7767739083048195], [8516202, 0.759925315278473], [8531865, 0.7291198937069514], [8740820, 0.7590894610319422], [8740943, 0.723298170978058], [8782732, 0.7471987204775944], [8900089, 0.747879923106695], [8940278, 0.7578908598152345], [8940323, 0.7262299925254356], [8970244, 0.7195487042434965], [9049539, 0.7385309393698432], [9120672, 0.7713572420534492], [9148517, 0.7766294377669809], [9148518, 0.7588881423336903], [9148521, 0.7409247441168366], [9168026, 0.7449445320528636], [9234783, 0.7898805044905631], [9341672, 0.8356539719768529], [9341757, 0.8172964179897557], [9404536, 0.7764369839469549], [9404571, 0.7406047853990618], [9439506, 0.7701134481973924], [9496843, 0.693680975604433], [9579682, 0.7820390567195863], [9584655, 0.7907572382022294], [9624240, 0.7549519417782273], [9654811, 0.7471817716300657], [9655748, 0.7100771066016675], [9698753, 0.7789770318768428], [9721086, 0.787685948390964], [9721597, 0.7175153985179358], [9742240, 0.7679785547188542], [9742303, 0.7670156499795107], [9747770, 0.7637274152247487], [9798409, 0.7400527107655737], [9831666, 0.7911240473228627], [9858059, 0.7859187804041089], [9858085, 0.7102757701944199], [9877864, 0.7636194133051072], [9882373, 0.7453071414635911], [9898422, 0.8478189202597405], [9902397, 0.8574925596855808], [9902418, 0.807477224199071], [9913051, 0.7173767627341683], [9921464, 0.7040105036896429], [9930653, 0.738648791189692], [9946066, 0.6792585314141008], [9952761, 0.7616742904546107], [9954658, 0.7470678099030075], [9960241, 0.8171065678018138], [9965380, 0.7522261865830763], [9971888, 0.770724852614631], [9974927, 0.8246698552691526], [9977650, 0.77968055732181], [9977653, 0.7718910584913445], [9979330, 0.820304413846803], [9981229, 0.7965725489249162], [9982066, 0.6980421496827843], [9982619, 0.6638903886643273], [9985530, 0.7911588750537261], [9985815, 0.7827264672835607], [9985854, 0.6886218750603658], [9988233, 0.8071964232724411], [9989214, 0.6934542215574232], [9993743, 0.7420344691443569], [9994442, 0.7918467724579711], [9995447, 0.8219169805717457], [9996326, 0.6606880853794501], [9996767, 0.6209672880240662], [9997754, 0.7512706312387191], [9998073, 0.8143528858798705], [9998182, 0.8578030000536403], [9998317, 0.8564172236169477], [9998364, 0.7428905135142643], [9998773, 0.795366823905166], [9998832, 0.7842268805516354], [9998939, 0.7741557986139604], [9999020, 0.5599986576648286], [9999105, 0.5489113218131298], [9999108, 0.543170959576842], [9999601, 0.9202664158542821], [9999658, 0.7073228899981713], [9999685, 0.6845643129512601], [9999756, 0.7579752299900346], [9999757, 0.7288406207812692], [9999758, 0.6985750084096257], [9999803, 0.7069996376282018], [9999811, 0.5983706910139217], [9999848, 0.42498699410520613], [9999915, 0.7091749852301817], [9999932, 0.6582560102164386], [9999973, 0.6750821698797783], [9999978, 0.6331068641661768], [9999987, 0.87329642841923], [9999988, 0.7624881561940512], [9999989, 0.7797591879896127], [9999994, 0.6884369428955397]]}