{"seed": 470582564, "N": 100000000, "alive_speed": 0.9447821679507646, "non_threatened_speed": 0.9447826119985878, "survivors": [[46, 0.9447826119985878], [55, 0.9415689225112643], [7152, 0.9097597250031598], [7191, 0.9024193669981995], [56862, 0.838689706459588], [57493, 0.7979877188196355], [71110, 0.779306001442566], [687341, 0.7777601671218718], [80058640, 0.7639150154666721], [80065805, 0.7624428607263873], [93150208, 0.7491609443040738], [93210929, 0.7445186286090248], [93996268, 0.7437193036077756], [99659545, 0.7349631586696348], [99663126, 0.734562197148633], [99999955, 0.43374136702826294], [99999998, 0.22186519385620496], [99999999, 0.14924431235451507]], "still_alive": [[720750, 0.7622352162277013], [720851, 0.7614401920787514], [1601530, 0.7420647417762819], [5561193, 0.7575429750380354], [5632576, 0.7459024215195003], [11019507, 0.7798197459500371], [11019636, 0.7778473584203759], [11019711, 0.7736993610975806], [11300084, 0.7567023741426102], [11969083, 0.7552856367744952], [12186036, 0.7539218691576349], [12856069, 0.7569239354989957], [17270538, 0.7612631983128327], [18190757, 0.7498780975072292], [18752928, 0.75215537909286], [21054029, 0.754348627075387], [24142604, 0.7650583068645809], [24517261, 0.7654046409632279], [24517360, 0.7616515973034145], [24524151, 0.753264008340033], [24740928, 0.7535362356957381], [24812063, 0.7528697593367163], [26575304, 0.7636644313264254], [29919481, 0.7774190377598629], [30323356, 0.7615400989414153], [31601509, 0.7742703871071168], [32464968, 0.7712578204086666], [32809895, 0.7633982618082242], [34206534, 0.7620664320905557], [34208127, 0.7603761567678755], [34429614, 0.7622009092663596], [34444769, 0.7620528576137392], [34447190, 0.7457503738991849], [35614777, 0.7564993611007752], [36701750, 0.7588147880486977], [37933807, 0.7699529652920579], [37979114, 0.7671905608324583], [38753061, 0.773019345342694], [38939156, 0.7648221247533429], [39259279, 0.7518725818101255], [39988840, 0.7427563800388419], [42938919, 0.7795297455420876], [43401544, 0.7827766574091701], [43731119, 0.778743280255758], [44941108, 0.7709427058805077], [44976953, 0.7685088287058777], [45265414, 0.7691670262616711], [46597399, 0.7544593738239668], [47386072, 0.7590212385937695], [49451591, 0.7826991880038667], [49461574, 0.7586038815027476], [49492931, 0.7579283068341209], [51448964, 0.7785920379453074], [51449441, 0.7689814700022514], [51548498, 0.7675893907695824], [51692331, 0.7329691583056934], [52698438, 0.7393959117585781], [56217099, 0.7643291341614229], [58374124, 0.7644766217582858], [58883409, 0.7394987877530582], [59679294, 0.7514675026597115], [60773337, 0.7655394842478251], [60774222, 0.7515521410299578], [61907303, 0.7559389861481817], [62131308, 0.7522073634320253], [63079957, 0.74981337895444], [65740904, 0.7937283011289357], [65752953, 0.7847555684173632], [67417302, 0.7684588099477889], [67813001, 0.7750511872145519], [68173120, 0.7751830945786711], [68179587, 0.7526816351286024], [68179994, 0.7319580648471945], [68972479, 0.738548055694797], [70956816, 0.7714681077735267], [70963287, 0.7473327945781879], [72165690, 0.7687215551181945], [72200771, 0.7658697348437447], [74778358, 0.7702590120066484], [76401917, 0.7486764928149475], [77377112, 0.7590858553342695], [78907817, 0.7689659144941023], [80111744, 0.7465900707187657], [80111759, 0.7457357760170938], [80717424, 0.7599733944826587], [80995263, 0.7256932312690484], [81758824, 0.754425974406617], [81792383, 0.7396918860379118], [82808054, 0.7752774108004802], [82809407, 0.7485124526238731], [83133262, 0.7457508482892717], [83426405, 0.7421640106466288], [83526338, 0.736219628919577], [83548019, 0.7217218902857323], [84773794, 0.7469422291818074], [84774707, 0.7449193543910814], [85142020, 0.7549986816600875], [85286221, 0.7277103411721337], [86095384, 0.7389030234187003], [86130237, 0.7282231856121687], [86191676, 0.7299045333173638], [87084747, 0.754410384490017], [87456696, 0.7568212731134948], [87658653, 0.7405368044083109], [87673292, 0.7384640037765737], [88644757, 0.7542856230954419], [88645482, 0.7539721186892265], [88700247, 0.7329795008909252], [89337560, 0.7569763364254246], [90002313, 0.7856067484726214], [90315036, 0.7821319148106946], [91105527, 0.7803203848831115], [91106576, 0.7785691087515507], [91124657, 0.7779565262540885], [91127240, 0.7674753912462952], [91520803, 0.7886659886762317], [91564842, 0.7591760231999793], [91862795, 0.7832441831344861], [92047690, 0.7727603761796124], [92050685, 0.7495137607699401], [92454086, 0.7596986999404838], [92761207, 0.7649435212759721], [93212856, 0.7305810153157277], [93645983, 0.760940259229009], [93853802, 0.784556900523039], [93936873, 0.7818867981613365], [94296369, 0.7382681961027291], [94296388, 0.7181202002611022], [94658521, 0.7637013187841025], [94890296, 0.7556072981052429], [95007115, 0.7594319500391454], [95189620, 0.7532389465211078], [95351989, 0.7622404228832493], [95576436, 0.7960522900309438], [95576829, 0.7484794581984295], [95646806, 0.7370800161620582], [95932545, 0.7497681986734116], [95955066, 0.7209322026793662], [96168149, 0.7604560512984495], [96213778, 0.753965665660697], [96290955, 0.7622817179149263], [96291866, 0.7560694411986734], [96292199, 0.7271694104462759], [96316578, 0.7296693899508602], [96839271, 0.8055832526895857], [97014256, 0.7754368455714379], [97014599, 0.7720850104349462], [97027404, 0.7672668789669849], [97029397, 0.7644068891230104], [97073424, 0.7706872802723069], [97076791, 0.7687641890516127], [97255064, 0.7467712771582812], [97276689, 0.7492954467901031], [97277294, 0.7464219237739879], [97490547, 0.7457770462131189], [97513796, 0.7436051604722023], [97540653, 0.746573248181808], [97544506, 0.7193840892598707], [97609479, 0.7351433078789971], [97613808, 0.7229597094656963], [97972277, 0.7858768857261886], [97977548, 0.7841352625299775], [98087477, 0.7648885224789123], [98270806, 0.7464916201774663], [98359657, 0.7686941195182804], [98468972, 0.7380674951176193], [98488219, 0.7101695199781475], [98508286, 0.7108750335534724], [98644165, 0.757347557871543], [98660010, 0.7442134904864162], [98672241, 0.7466461300942552], [98680198, 0.7380684363217701], [98813909, 0.7805136215709159], [98814062, 0.7509418470649164], [98878627, 0.7585961680044774], [98898516, 0.766054197245737], [98914691, 0.7296140957120577], [99029076, 0.7728738060664752], [99040993, 0.7372827271695338], [99186550, 0.8145532619144816], [99212695, 0.7849467917816628], [99270502, 0.8346266955597541], [99295685, 0.7789129510533435], [99312048, 0.7580701172556912], [99364249, 0.7958501104068126], [99403578, 0.7027461654329766], [99415725, 0.6973364946472107], [99523046, 0.8267626222035411], [99524103, 0.7491114511570827], [99524694, 0.731247423711369], [99579291, 0.8128564865146295], [99579346, 0.7991752861347448], [99637337, 0.7705654081448129], [99639056, 0.7640187990920516], [99663925, 0.7295797407759077], [99663944, 0.7108455270575721], [99666665, 0.7109368024868806], [99689564, 0.7547870064728656], [99689589, 0.7467331608432652], [99689592, 0.6986819671953052], [99689623, 0.6738034560158017], [99736758, 0.7474461036884046], [99742029, 0.6967529352819316], [99742030, 0.6866905739034522], [99743755, 0.6835741090053801], [99798426, 0.7329831244600619], [99819163, 0.7466831622196485], [99819560, 0.733408870238656], [99832139, 0.783164362800266], [99860710, 0.8520431335548881], [99861041, 0.8348057449323163], [99865814, 0.8091278000456145], [99875347, 0.7781881232091966], [99875996, 0.7578678844847189], [99876417, 0.7163188819839517], [99879778, 0.7129444757525554], [99882395, 0.6753097166407651], [99898428, 0.7705295881843375], [99898977, 0.771903248655793], [99901688, 0.7788068012502273], [99905243, 0.7817313165327612], [99911244, 0.7818848498757864], [99911299, 0.7360120424992865], [99940490, 0.7948637508168311], [99941849, 0.770373162747532], [99945050, 0.772004489065873], [99950939, 0.7798254458682339], [99957188, 0.7489654542576805], [99959719, 0.6977882294762536], [99967650, 