{"seed": 483722269, "N": 10000000, "alive_speed": 0.7600101103619609, "non_threatened_speed": 0.7757536841994401, "survivors": [[300360, 0.7757536841994401], [311459, 0.7734282097676023], [9670386, 0.738307126644454], [9691021, 0.7335289061513312], [9691064, 0.7306126422730337], [9992567, 0.6660374251913037], [9992586, 0.6396450168206389], [9999993, 0.42118546065697604]], "still_alive": [[363770, 0.7622477433179932], [446515, 0.7459249570379082], [447338, 0.7442169847673206], [449847, 0.7404457990567542], [989304, 0.7508649617136405], [989419, 0.7327359872658099], [989520, 0.7281851418086664], [1808391, 0.7853692478471241], [1866720, 0.759790044430051], [2523993, 0.7842502258954088], [2578310, 0.7825082508907889], [2578343, 0.7573304151564332], [2762144, 0.7591564390188436], [3190135, 0.7842157289792857], [3206354, 0.7630570395146875], [3208245, 0.7605096453056656], [3208248, 0.7416015589129761], [3211327, 0.7315357273058061], [3455454, 0.7570709438634874], [3459853, 0.7572072129496833], [3549226, 0.7545062263015356], [3694201, 0.7606416121258875], [3997766, 0.7566250736967217], [4101115, 0.7177967243140094], [4858056, 0.7425600448379778], [4972587, 0.7556990773929446], [5109998, 0.7344528178584391], [5168217, 0.740080952991055], [5458836, 0.7617305624179319], [5462043, 0.7560021399829688], [5516094, 0.7563806755961057], [5584815, 0.7256276378792691], [6009610, 0.7584366494237579], [6353459, 0.8052737882915142], [6353460, 0.8042425988509522], [6431315, 0.7976735464213703], [6520844, 0.7721187721852195], [6552547, 0.7320768560398214], [6808080, 0.7358441240038822], [7150281, 0.815231235240571], [7419382, 0.77482960174371], [7419601, 0.749253656959392], [7420422, 0.7486367329023541], [7515569, 0.7619775651527685], [7740032, 0.7775572832087109], [7913199, 0.7843249834995573], [8015074, 0.8227879174637467], [8114065, 0.7548908978318796], [8114068, 0.7509298698591558], [8369061, 0.7689479693516936], [8537038, 0.7805861553172411], [8537043, 0.7563910118357096], [8537164, 0.7484889665056541], [8673503, 0.8104441158845294], [8698932, 0.8216015748809198], [8759647, 0.7842031003185298], [8760238, 0.7724043363707207], [8817609, 0.7044985096215325], [8982602, 0.765947296520577], [9022057, 0.7096897840977586], [9114660, 0.7792547063262012], [9115125, 0.757299641429492], [9115820, 0.7383689809743085], [9176207, 0.787048824191149], [9313558, 0.7951541104137924], [9321101, 0.7918196779503383], [9342884, 0.739122321489073], [9358823, 0.7438302472722222], [9397464, 0.7608092843313136], [9477535, 0.7520051786921976], [9484258, 0.7574547858223236], [9506613, 0.7696292193822557], [9572620, 0.7473279748185476], [9642087, 0.8599730211816989], [9651740, 0.8407197243251324], [9659701, 0.8029363971604997], [9667720, 0.7835548754003738], [9668273, 0.7813928228919296], [9685649, 0.7360804045533178], [9690876, 0.7480555681953045], [9715343, 0.7088686137381016], [9733348, 0.7336175585920675], [9733441, 0.7206252287818341], [9734166, 0.7024615314436075], [9737165, 0.6897750651652779], [9779538, 0.8038907688721034], [9793491, 0.79889982741366], [9793500, 0.7651866702653815], [9819517, 0.8648645412463248], [9820118, 0.74678865071353], [9838871, 0.698068611268685], [9839008, 0.6661232975288951], [9866439, 0.7631645860088633], [9884254, 0.84286943660368], [9884261, 0.8139955955332092], [9884266, 0.8137349673625814], [9911811, 0.7306079267373427], [9921424, 0.7604437971880009], [9922529, 0.7354873094624289], [9935476, 0.7932832438804719], [9936027, 0.7836420020779002], [9946912, 0.7897214220949127], [9948391, 0.7717449353018214], [9952372, 0.8090543247727875], [9952391, 0.7485399645612956], [9957254, 0.7851142308080816], [9957999, 0.7520871471958186], [9958006, 0.7287105465630364], [9958011, 0.6325290587334504], [9964038, 0.7253291464417513], [9970057, 0.8339707585539136], [9970140, 0.7344508241404346], [9973105, 0.8131605361056563], [9973186, 0.7614502501986443], [9973207, 0.7176638051494], [9973214, 0.7136120905614817], [9975125, 0.7559954505380565], [9977792, 0.7846195899793639], [9978023, 0.7024121235900965], [9978786, 0.6222184835943374], [9984993, 0.8183116721541142], [9986334, 0.7471989465199008], [9987165, 0.7750237504388512], [9987638, 0.7770121913873949], [9989793, 0.8309072419440884], [9989944, 0.7872399336514718], [9991047, 0.8384366596533593], [9991420, 0.8614390833266262], [9992137, 0.6616306784694431], [9992520, 0.669692465054499], [9992677, 0.5771200056399333], [9994552, 0.6560336646577772], [9994689, 0.6371603615549493], [9994882, 0.6594960252089298], [9995977, 0.7876422255814587], [9996096, 0.6517324836675411], [9996507, 0.6295622672883198], [9997406, 0.7605685931545777], [9997615, 0.8101206136550061], [9998082, 0.8374022587479673], [9998151, 0.7744014583661656], [9998476, 0.8260454253335643], [9998627, 0.7688742986922801], [9998678, 0.7943423679002055], [9998679, 0.7509799225704694], [9998680, 0.7286075003241679], [9998689, 0.6997647106712948], [9999024, 0.8519468950813445], [9999049, 0.6692845487299531], [9999132, 0.6805783898184928], [9999321, 0.742591182726619], [9999324, 0.7028034357086544], [9999337, 0.6560479510400536], [9999482, 0.813758903769967], [9999555, 0.5344396725182626], [9999854, 0.8420122344643681], [9999855, 0.6856988836475632], [9999908, 0.9188989104816674], [9999919, 0.5977414195051113], [9999934, 0.6888310172630353], [9999963, 0.6876542051059131], [9999972, 0.8591098052581334], [9999973, 0.7183921290106513], [9999974, 0.7274815121956013], [9999977, 0.6914989705945142], [9999986, 0.7080022017003075], [9999987, 0.6529632945962544], [9999990, 0.7398399156541465], [9999994, 0.40083151445917176], [9999999, 0.6512233218002997]]}