{"seed": 483722348, "N": 10000000, "alive_speed": 0.8677352629808847, "non_threatened_speed": 0.8677912355099778, "survivors": [[644, 0.8677912355099778], [1195, 0.8597249400314734], [4928, 0.8480062104827968], [13823, 0.8226707363911057], [17160, 0.8098018556108707], [9648297, 0.735475036214044], [9999992, 0.4827463816645676], [9999999, 0.10014197175483452]], "still_alive": [[104997, 0.7518675121086823], [182056, 0.7476655061127822], [226773, 0.7465261316232498], [228824, 0.7433935388464148], [776737, 0.7716692436360504], [917720, 0.7821649365247798], [1004377, 0.7475806719365974], [1430780, 0.7814601913357572], [1518855, 0.7611765269400778], [1518988, 0.7384850608682958], [1778473, 0.7481421674634763], [2187112, 0.7716941204300973], [2187123, 0.7627708318794827], [2603956, 0.7760348322016732], [2827639, 0.766886723427118], [3171388, 0.7772354855665446], [3540753, 0.7617927960791891], [3734512, 0.7845550364621157], [4031791, 0.7746004478375454], [4039868, 0.7721893953961932], [4174617, 0.7534748461018499], [4475264, 0.7763420894875951], [4627521, 0.7828398599308238], [4853064, 0.7977366817871814], [4883513, 0.7688205187045519], [5151400, 0.7931888934563989], [5153247, 0.7551857046097639], [5160438, 0.753231056929293], [5160489, 0.7457390150603638], [5214476, 0.7386218693734224], [5350563, 0.7487198708509502], [5533734, 0.7583170525068166], [5669699, 0.7261415556377456], [6226120, 0.8119633194030114], [6229821, 0.7605506076812897], [6255280, 0.7575772548896176], [6320683, 0.7369848594434064], [6482310, 0.7531959877495896], [6620401, 0.760026742956963], [6717014, 0.7664395697535149], [6717021, 0.7408745987579559], [6775394, 0.7423668857093778], [7117533, 0.7453403093190263], [7251640, 0.7597920656399259], [7283245, 0.741741501371522], [7405130, 0.7641587932220906], [7742801, 0.819469807539212], [7780346, 0.8011564822148142], [7864213, 0.8319453501341431], [8081096, 0.7443499182178183], [8185611, 0.7631024848638414], [8200278, 0.7601441965677865], [8250283, 0.7730692339870975], [8254526, 0.7640717269842051], [8267875, 0.7330723972558495], [8349898, 0.756817621061196], [8635011, 0.843368756841491], [8635014, 0.7851026685328608], [8648107, 0.7263753649414217], [8658116, 0.7049843919662493], [8754603, 0.7441722911429826], [8755002, 0.7417468396596949], [8808833, 0.7568914729979312], [8833888, 0.7061533496813682], [8976881, 0.7202719563824189], [8977104, 0.7057975807784972], [9002487, 0.7233290367847302], [9115804, 0.795231915374881], [9115835, 0.7663982936947022], [9165090, 0.7548099977661775], [9165541, 0.6989305507355431], [9165728, 0.6866653237560446], [9250895, 0.7326073522033105], [9253286, 0.7304862290847219], [9290575, 0.7491812629817903], [9439722, 0.7655894706548992], [9479007, 0.7788263359447215], [9540764, 0.8023952510814537], [9540849, 0.7638230162492009], [9561784, 0.7895111406743582], [9561789, 0.7868547177937166], [9575836, 0.7893964832698281], [9596765, 0.6981483137887736], [9605924, 0.7104360737642076], [9606533, 0.6818326711823881], [9634530, 0.7330589177016958], [9692756, 0.7221246571252621], [9711295, 0.7592226756130028], [9711656, 0.7298335691473772], [9714953, 0.7151836665895778], [9743414, 0.7925969516186616], [9751897, 0.795224551945437], [9756814, 0.8022543271474707], [9763831, 0.8129782318446739], [9764192, 0.7501049343810221], [9781629, 0.7980160127667648], [9781648, 0.7062340710535023], [9781649, 0.6764178481095077], [9823670, 0.8175871165019835], [9824139, 0.8136586618151566], [9831170, 0.7338386621117802], [9832327, 0.6935835077647929], [9853752, 0.7782078912103662], [9853753, 0.7647121339946251], [9853756, 0.7268357010908351], [9860575, 0.7213760208070186], [9873254, 0.759085463385317], [9873813, 0.7581785643298049], [9873814, 0.7179773679659549], [9874333, 0.7134789986965339], [9903670, 0.7331083238890186], [9903753, 0.6943827110779403], [9903778, 0.6789466610964366], [9911545, 0.7325245063856614], [9914702, 0.7539519593548558], [9934931, 0.7875245233003769], [9934970, 0.7812322537650759], [9936685, 0.7175719209788437], [9938568, 0.6632712537203437], [9949779, 0.6893720496724783], [9959752, 0.7157259931460831], [9970541, 0.7850113052717856], [9970978, 0.7285289165005083], [9972561, 0.7165407791313262], [9976520, 0.7832983729897143], [9978739, 0.7609901367546165], [9979196, 0.7392481134855702], [9981077, 0.7944189229273602], [9981808, 0.8085594264628074], [9983679, 0.7214201820231629], [9983788, 0.6717207029636068], [9983795, 0.6631452062508186], [9987962, 0.7432477742677657], [9990143, 0.7908868736271156], [9990558, 0.8041965765774458], [9990801, 0.6957745641802574], [9992126, 0.7453434254090923], [9992129, 0.6370312977409645], [9993750, 0.6645377623748071], [9994301, 0.7095535808707525], [9995412, 0.7829738709571228], [9995415, 0.6826210361316949], [9995498, 0.5762522973008102], [9996361, 0.700818105956847], [9997312, 0.8993397661314813], [9997985, 0.882160138513285], [9997986, 0.8775383411787916], [9997997, 0.873800329431599], [9998378, 0.7851912802594686], [9998379, 0.6622515570394251], [9998818, 0.811472409426444], [9999081, 0.6729021311644565], [9999388, 0.633434330637425], [9999443, 0.6291474420215164], [9999608, 0.8331879008780727], [9999693, 0.8284178419429252], [9999700, 0.7800791229916743], [9999847, 0.8105545572185531], [9999862, 0.7937095706694894], [9999867, 0.7433902419717637], [9999884, 0.496555310696546], [9999949, 0.7347591890182311], [9999962, 0.8035240755758128], [9999987, 0.9420085879285082]]}