{"seed": 483722192, "N": 10000000, "alive_speed": 0.8630309610319636, "non_threatened_speed": 0.8630358803359897, "survivors": [[56, 0.8630358803359897], [187, 0.8333569700274289], [9575898, 0.7448927237660662], [9928475, 0.7087032852023032], [9932882, 0.6906072069831447], [9999173, 0.6707473203302803], [9999966, 0.3779479233489663], [9999979, 0.3611647387126071]], "still_alive": [[726, 0.7668453223792473], [369109, 0.7435028954972556], [467736, 0.7461496342090956], [493751, 0.7353756377496989], [500194, 0.7189381741557962], [1464469, 0.7800779910153186], [1535572, 0.7841809058611371], [1614617, 0.7697687092083854], [1758818, 0.7736193841824877], [1915551, 0.7522248459497111], [2373456, 0.7798391164102944], [2399753, 0.7597474704375972], [3107914, 0.8250427205438012], [3203491, 0.7676713223793173], [3427402, 0.7770278507228796], [3465487, 0.7689419505018077], [3577582, 0.7806249245175818], [3870705, 0.7572984444965183], [4171348, 0.7736673781322972], [4335669, 0.7727505332385901], [4532258, 0.790153521010127], [4598153, 0.7973720115976909], [4609640, 0.7579425527113262], [4693897, 0.7413785195733932], [4841186, 0.7082402329188136], [5220489, 0.7580592260611133], [5304178, 0.7644562021829681], [5322701, 0.724524183627009], [5597352, 0.7553214410023091], [5713313, 0.7612234958200218], [5929098, 0.7771831179193962], [5932729, 0.7758911365281058], [6054610, 0.7464522689566812], [6335875, 0.7805508220397832], [6335982, 0.7506308830151862], [6504265, 0.7437309080488776], [6709198, 0.7398219230475157], [6762847, 0.7512061113551238], [6947628, 0.7262405410125682], [7195585, 0.7894137367125346], [7318072, 0.7921735717585238], [7324197, 0.7766721625791575], [7339380, 0.7801753861284813], [7458963, 0.7466928212601134], [7459044, 0.7288474546545127], [7718337, 0.7345126952137134], [7733168, 0.7276492436106495], [7772091, 0.7339638141582668], [8012016, 0.766994967270157], [8033285, 0.7575463865047721], [8079916, 0.7547989961165791], [8121155, 0.7481009716596344], [8493610, 0.7975149061876534], [8493651, 0.7897230734864059], [8506050, 0.764526046587603], [8667901, 0.7828940613866106], [8667902, 0.7755280366491505], [8674685, 0.7688299003451244], [8767316, 0.7657314084265193], [8873101, 0.7743021788625338], [8876482, 0.7698093685795652], [8876975, 0.7403557797000572], [9017374, 0.7853044113636816], [9035479, 0.7643080305076081], [9102844, 0.7694658433244652], [9104443, 0.753249154637286], [9133702, 0.777876866493191], [9182693, 0.7976360375661014], [9182878, 0.7750948273112402], [9183605, 0.7386368045689261], [9183612, 0.7372058393253731], [9234387, 0.7457623409229974], [9267822, 0.7321924955325306], [9279587, 0.740998956920075], [9279588, 0.7224360072832441], [9342579, 0.7759724401466308], [9343444, 0.7015623520153572], [9392149, 0.746145936782905], [9436298, 0.7860189533369725], [9442529, 0.7907566886015174], [9454110, 0.79670294325407], [9456583, 0.7269481764055986], [9519476, 0.7798999531699304], [9557689, 0.8028002010143047], [9558000, 0.8017780028198173], [9575645, 0.7827017912641743], [9586431, 0.7372262466934539], [9636490, 0.7224547215812335], [9660323, 0.7396127028848168], [9678662, 0.743488368544156], [9710769, 0.7403788096374879], [9713108, 0.743874965755027], [9730427, 0.6976896878839248], [9759664, 0.7817970844576883], [9760633, 0.7617545075674705], [9789702, 0.775934770283073], [9821975, 0.7944036091579244], [9830352, 0.7820899282583487], [9830353, 0.7789311143120676], [9833270, 0.7480550993492714], [9855105, 0.7918986498047657], [9856534, 0.7898911925615856], [9876953, 0.8329832978992391], [9876954, 0.7643266797235722], [9878957, 0.7424943967647475], [9883512, 0.7605194676567487], [9884121, 0.7360010710900803], [9884122, 0.7160657194340564], [9894805, 0.7528886889349237], [9895030, 0.7055090325825875], [9906337, 0.7669427007758772], [9910816, 0.773956520077566], [9911933, 0.7766896604319465], [9917672, 0.7796866894567099], [9917849, 0.7302268172140632], [9926386, 0.7474285342924218], [9932979, 0.6527060049603027], [9933050, 0.6325382076067655], [9954597, 0.8102729611671878], [9965534, 0.6990583978870607], [9965555, 0.6550895687154027], [9968206, 0.7033359587865865], [9971299, 0.7528599229804097], [9974980, 0.8045279889489949], [9975215, 0.7075289924755175], [9977812, 0.7666467868873189], [9978477, 0.7894647789489242], [9980648, 0.7436763548175186], [9982779, 0.8077388924829128], [9986150, 0.8986824482488678], [9986443, 0.8878356184025797], [9986564, 0.8174353915467475], [9986637, 0.7699473881848427], [9990134, 0.7669263078007797], [9991487, 0.8168455164898436], [9991610, 0.7533303856856443], [9992829, 0.6922891946449484], [9992832, 0.6738688666265903], [9994595, 0.8452174207276373], [9994854, 0.8488061126178628], [9995505, 0.6720238335111908], [9996842, 0.9219496849714331], [9996859, 0.8818839780128725], [9997132, 0.7496248866018335], [9997403, 0.8017805624354136], [9997488, 0.5681408566159202], [9998079, 0.7157725607552906], [9998656, 0.8079284043448405], [9998657, 0.6721132554229998], [9998684, 0.6205312516806136], [9998883, 0.6793090798042215], [9999074, 0.6834601634729135], [9999178, 0.5874821122260779], [9999599, 0.8688215730070635], [9999636, 0.6909081847589472], [9999755, 0.8933547992123468], [9999760, 0.7919726272096179], [9999763, 0.79633451843598], [9999798, 0.5190914415318931], [9999839, 0.4629639490859594], [9999848, 0.45885068237207116], [9999893, 0.6292003659802691], [9999894, 0.5523278800042914], [9999951, 0.9008616119821047], [9999952, 0.9096948695397127], [9999953, 0.8298022462219041], [9999958, 0.9161212261984865], [9999963, 0.964811774355486], [9999964, 0.9723643313610325], [9999965, 0.651795307542798], [9999980, 0.20213335821461698], [9999995, 0.3681580872234209], [9999998, 0.839726304162393], [9999999, 0.32540034812410534]]}