{"seed": 470582568, "N": 100000000, "alive_speed": 0.7580530061672012, "non_threatened_speed": 0.7609383979571266, "survivors": [[2933300, 0.7609383979571266], [79281023, 0.7548702148942684], [91317360, 0.7519751024195358], [99801689, 0.7449657269328168], [99812048, 0.7383996377754475], [99823793, 0.7149655704821848], [99824634, 0.695652416004205], [99887231, 0.693832368383971], [99999984, 0.6250131954113232], [99999999, 0.19092928481088312]], "still_alive": [[5327425, 0.7507298090427441], [7137542, 0.7628858748444017], [13483865, 0.7538205657104284], [13670162, 0.7538870252673903], [13730275, 0.7515153354913711], [15548310, 0.7617467002819598], [17109967, 0.758286522092814], [19031592, 0.7545022694267146], [22249549, 0.7769698362416889], [22303880, 0.7571582562025603], [27882297, 0.7608803355343813], [28450744, 0.76258810970117], [28458681, 0.7616682128044462], [28673568, 0.7521045473545646], [31049219, 0.7542455494789049], [33517312, 0.7496526688324446], [33600853, 0.7413478298385215], [36350384, 0.7462200648421441], [36490063, 0.7394064457829795], [38390222, 0.7511996676296127], [42202347, 0.7537678865680715], [43683366, 0.7548809214089485], [46282241, 0.7854457947005493], [47622150, 0.7568938088385687], [49369669, 0.7669928796435711], [49446920, 0.7651993684857955], [49634147, 0.7639213991348229], [49695192, 0.7641376608911036], [49695223, 0.749261569653562], [54578610, 0.7874007769037882], [54967721, 0.7570088945821626], [56445900, 0.7573333505789461], [58125159, 0.7808496909784809], [59651644, 0.776518381478997], [60751271, 0.7842009623389052], [60888296, 0.7542033441565016], [62973849, 0.7778335125855286], [63027196, 0.7706595776262921], [65001475, 0.7652818293410395], [65834370, 0.7355872495483496], [67032011, 0.7464860110437854], [67203274, 0.7487091004977559], [68347217, 0.7647908399644986], [69287932, 0.763598080401615], [70386855, 0.7487380977077764], [71386072, 0.7618800603224929], [71386147, 0.7549110315157901], [71386978, 0.7504556065606567], [72731149, 0.7522563308016597], [72745312, 0.7485696046807543], [72839797, 0.7509301921058155], [73029092, 0.7312442376893559], [73544481, 0.7381207288571747], [76172970, 0.7848587145407014], [76339431, 0.7693877559063167], [76370648, 0.7643770114098429], [77274683, 0.7601479340842529], [79146782, 0.7613269604753408], [79207819, 0.7620021299061622], [79276544, 0.7620272140120702], [79419844, 0.7084755377753147], [85259299, 0.7737702913192087], [85531856, 0.7515193003400362], [85533209, 0.74004474047466], [86545946, 0.766906864282392], [86549055, 0.719932277905019], [86945810, 0.7357191056502427], [87780515, 0.7522227106068743], [87932906, 0.7169046393371259], [87935267, 0.7170279840165082], [88087924, 0.7198502660676408], [88091533, 0.7153764189052229], [88980092, 0.7472310843851476], [88981641, 0.7407614698379783], [89157148, 0.7401630242679926], [89194831, 0.7392731032847081], [89950822, 0.7867970536792651], [89952185, 0.7793512625844607], [91651185, 0.7400647364920002], [91775644, 0.7346554455097067], [91784701, 0.7199953217352376], [92306282, 0.7423098453010336], [92900033, 0.7564057585268416], [92920222, 0.7540621628926163], [93079921, 0.7393533711342207], [93377178, 0.7717159571528158], [93592827, 0.767081393196949], [93599714, 0.737157507875755], [93739081, 0.7518041552942689], [93933764, 0.7549576467868284], [94207527, 0.7617786782138157], [94217050, 0.7577664602050969], [94395123, 0.7768428589776328], [94434946, 0.7589104151641746], [94461649, 0.752558727669804], [94461658, 0.7511566249192538], [94475157, 0.7375381007807318], [94488858, 0.7390484298443545], [95091795, 0.8073512986817424], [95101120, 0.7675728179905915], [95252791, 0.7537878622724973], [95378302, 0.7651623038916882], [95402429, 0.7491465057800805], [95418052, 0.7200850145807087], [95744611, 0.7632037184865988], [95780742, 0.766537395458007], [95839713, 0.7197370772713093], [96151006, 0.7444665219309429], [96151009, 0.7276809989358259], [96334320, 0.7322336018955098], [96357141, 0.7265659045853957], [96372474, 0.7278241002584089], [96395727, 0.7177605549590316], [96726096, 0.770890202891471], [96729123, 0.7489393977437635], [96972444, 0.7818638413118706], [97104655, 0.7840482513742387], [97149258, 0.7453984070709178], [97343131, 0.78138131423399], [97545468, 0.7476529030675495], [97791629, 0.7867215376307376], [97836698, 0.7941844060181249], [97837537, 0.7654857390926073], [98010586, 0.778017656715929], [98048679, 0.7308582551746563], [98128480, 0.7508122680762737], [98128589, 0.7455393550291612], [98227872, 0.7269694349983356], [98272655, 0.719030981480355], [98440920, 0.7775248242278769], [98470315, 0.7570523498298926], [98553712, 0.7885080459762692], [98559191, 0.7884480916869139], [98578810, 0.7984756443897503], [98704981, 0.7809801938216944], [98714994, 0.7399701184418281], [98766233, 0.7404193191589417], [98976974, 0.7614786022561093], [99078451, 0.729104597982672], [99189352, 0.8259966079065123], [99207931, 0.7572098366763912], [99283538, 0.7750271592843975], [99321181, 0.7961571657808254], [99321186, 0.7799810977243739], [99321557, 0.7710827721339775], [99338282, 0.7387550754555335], [99356143, 0.7340540438473548], [99356616, 0.7247424368166259], [99516671, 0.8559107053463979], [99517430, 0.7549512329477478], [99536899, 0.7512870022726323], [99548740, 0.7637681660955813], [99549495, 0.7376948540545609], [99588054, 0.7892063650144331], [99588055, 0.7793165784518176], [99643786, 0.8236088755715825], [99672375, 0.8356914825045039], [99672420, 0.8273663803675705], [99672421, 0.7867911357267204], [99701636, 0.8106906001765306], [99721273, 0.7667027030083816], [99730330, 0.7615521826100946], [99730387, 0.7037221188167271], [99752450, 0.7203917999409021], [99773361, 0.7304691147567073], [99773364, 0.7202729224033549], [99795245, 0.7875744683464139], [99801320, 0.7660861856901025], [99837651, 0.7066894194200588], [99839950, 0.6828590003386815], [99841083, 0.6487278343321977], [99865924, 0.7624218851505076], [99875247, 0.792868540572634], [99878068, 0.7976268637538911], [99902292, 0.6872487641486545], [99909353, 0.7068731098883078], [99909414, 0.6887535894956156], [99946517, 0.7624478754487582], [99950828, 0.7492760480427926], [99950873, 0.6921965437331195], [99958902, 0.754444177594476], [99959735, 0.6777610018859466], [99967736, 0.775080663400786], [99969443, 0.7409939486085275], [99969450, 0.7302776728577041], [99974377, 0.8060247608685751], [99974718, 0.7782664321917034], [99975403, 0.7929797044485773], [99976114, 0.700069008810496], [99978763, 0.7531440586130235], [99978842, 0.7424638453374046], [99981109, 0.7694621810286251], [99981534, 0.7607301826043917], [99984227, 0.8442682147062759], [99984304, 0.8096093991281121], [99985537, 0.7854782853329909], [99989790, 0.7290194449678329], [99989793, 0.695707595089765], [99989864, 0.6747273118601259], [99991889, 0.7364639075561478], [99993220, 0.6456998073039054], [99993517, 0.6356992432125965], [99995968, 0.8964425912365328], [99996099, 0.849566024245825], [99996128, 0.8198427130092504], [99996135, 0.7752379373393512], [99996322, 0.600321396181501], [99997547, 0.8878734761283261], [99997548, 0.8262514048955821], [99997573, 0.7990125686210882], [99997918, 0.8071722384288158], [99997939, 0.7860734000940944], [99998490, 0.9089765218148188], [99998491, 0.7848003523961491], [99998558, 0.772917722662462], [99998695, 0.692121672034173], [99998790, 0.743707224066171], [99998885, 0.66136047761361], [99999086, 0.5827759035563167], [99999607, 0.9572908740161555], [99999630, 0.9117310683092014], [99999639, 0.9008068242613487], [99999680, 0.8708299279394616], [99999725, 0.9795119879632382], [99999820, 0.545853211995687], [99999899, 0.5997819424634172], [99999944, 0.9867610258953179], [99999971, 0.8532846666256837], [99999976, 0.8006119891086751], [99999983, 0.7423545861956318], [99999995, 0.4223348372338852], [99999998, 0.9531790589633111]]}