{"seed": 928126281, "N": 10000000, "alive_speed": 0.7890670467867338, "non_threatened_speed": 0.7890680725751256, "survivors": [[12, 0.7890680725751256], [1459, 0.7765301569757861], [30704, 0.7722217605127851], [1341137, 0.7711427930940291], [1499982, 0.7565195629170804], [9496117, 0.7433613395893535], [9960908, 0.7163614622517873], [9960971, 0.7041443831557279], [9960972, 0.701606902465904], [9999881, 0.6366313974777006]], "still_alive": [[35611, 0.692702565925651], [1086674, 0.7728137936896742], [1622191, 0.7493255783799164], [2003252, 0.7526380974525253], [2045251, 0.7490817541227623], [2340804, 0.747794016029551], [2919203, 0.7669849789460315], [2972728, 0.7697305803652406], [3116025, 0.7680897478175863], [3118622, 0.7647818530027565], [3135787, 0.7489030523697768], [3281240, 0.7340968136073615], [3440081, 0.7480346247024822], [3873866, 0.7715103169369426], [3874095, 0.7384180005652214], [3875140, 0.7276412238477669], [3882659, 0.726633122637461], [4120806, 0.746027331057701], [4448355, 0.7398649364898601], [4553538, 0.7393219926594575], [4816153, 0.7613430505681776], [4825090, 0.7502414647591498], [5292755, 0.7579407594103251], [5418724, 0.774000086921891], [5418731, 0.771624410931536], [5431036, 0.7655776424596787], [5445219, 0.7513637647625964], [5451126, 0.7506591594984476], [5581113, 0.7459578339290464], [5842168, 0.7325599767766439], [5845909, 0.7305876617725593], [5845910, 0.7303599666253147], [5846933, 0.721273150340793], [5871726, 0.7184513615848181], [5959717, 0.7208169711609484], [6100200, 0.7463272896051414], [6267895, 0.7474343856659891], [6507290, 0.77827139716882], [6739853, 0.7793312124579267], [7103290, 0.7910237478148324], [7297037, 0.7859512172815778], [7334882, 0.7731918452453026], [7598759, 0.8048971125838916], [7603544, 0.7488668333864426], [7710687, 0.7680464230289351], [7759172, 0.7284129392779268], [7927359, 0.7721808864913774], [8010396, 0.7940014950992476], [8010397, 0.7772974772754405], [8074548, 0.7838332079312746], [8074743, 0.7620656790735396], [8174522, 0.7392673388758675], [8176137, 0.7375983065710071], [8306938, 0.7656508336916852], [8444471, 0.8088189528394424], [8451928, 0.7684037696578541], [8482219, 0.7686309532919735], [8533562, 0.7900749194810703], [8545555, 0.7185381145123539], [8547494, 0.6905612889571422], [8762877, 0.779127087452308], [8776190, 0.7194163093876205], [8781905, 0.702625661089344], [8864506, 0.751259189442103], [8894937, 0.7541175411498656], [8896302, 0.721733346317839], [8896303, 0.7191650064052871], [8901090, 0.717218445816292], [9097341, 0.8473890018309203], [9137110, 0.818891346326634], [9138393, 0.7812512487771243], [9167230, 0.7233291210990922], [9216599, 0.7523198201883576], [9242232, 0.7351517327959953], [9270175, 0.7497890703974165], [9354880, 0.7355211613989231], [9400975, 0.7895783136505774], [9410174, 0.7686998294013954], [9448989, 0.7562482005988134], [9452058, 0.7559430579833433], [9453111, 0.7489068648828942], [9490170, 0.7625152674169104], [9559316, 0.7434301763705381], [9560077, 0.7445758529333854], [9569618, 0.7373713783213597], [9571961, 0.7090722092990291], [9576490, 0.7096379992385556], [9611765, 0.7604342741595778], [9621164, 0.7021966425253444], [9621381, 0.6984265588800304], [9663116, 0.7279336439391395], [9723129, 0.8020680850403208], [9752792, 0.8135420819114321], [9752793, 0.741562068228959], [9776752, 0.7924122154915163], [9776799, 0.7674995348774069], [9811048, 0.8278951354861422], [9811783, 0.8209097190067955], [9811982, 0.8145067651661256], [9815105, 0.7332868014310293], [9821774, 0.7496123007507932], [9821807, 0.6909583918826832], [9857816, 0.7071645844330184], [9884551, 0.8142169335202565], [9884626, 0.8085308001154136], [9891447, 0.7748264092538174], [9891480, 0.7525638682216556], [9901801, 0.7777540323940721], [9908766, 0.787995595945432], [9909083, 0.7571874344405921], [9925638, 0.7613309130542025], [9930145, 0.7967548067245092], [9931682, 0.7649473272521884], [9931921, 0.7529932576178363], [9945426, 0.8437832535324059], [9945703, 0.8207303707757807], [9945708, 0.778728722807428], [9948599, 0.8155522535093792], [9954290, 0.8199776349881828], [9955155, 0.8047836546398365], [9955192, 0.7830220265126407], [9955393, 0.7622390315238387], [9960718, 0.7997823130967525], [9960807, 0.800244732751809], [9961247, 0.6441679820579321], [9969776, 0.6908825129394371], [9969985, 0.6661256273253022], [9969986, 0.6341766003051499], [9971001, 0.6166588376843672], [9971222, 0.6126203558864044], [9982621, 0.7389591801291979], [9982876, 0.7051913276297511], [9983183, 0.6673644482541335], [9984018, 0.6814056557512337], [9984673, 0.6447604640814197], [9986360, 0.7229690023601337], [9986837, 0.7034617228028197], [9986996, 0.7053152002815389], [9988575, 0.7160017943574744], [9991594, 0.7702170497821256], [9992865, 0.758147951760178], [9993756, 0.6923522160515773], [9994489, 0.7748519777397418], [9995064, 0.7322427732289408], [9995555, 0.6635337147936428], [9995600, 0.6257596448834155], [9997339, 0.9453461090027339], [9997382, 0.6273526680055825], [9997647, 0.6564511355762348], [9998168, 0.8047168615828617], [9998571, 0.783784137671214], [9998574, 0.7092768422779536], [9998603, 0.7230070470858267], [9998646, 0.6802653366755517], [9998891, 0.8218209353175348], [9999112, 0.8239934834467577], [9999117, 0.8088359799775454], [9999244, 0.9232258563795444], [9999245, 0.660428075904798], [9999256, 0.645673513391016], [9999427, 0.7229031762155587], [9999624, 0.7947897360479226], [9999631, 0.66158088711468], [9999686, 0.7264211606297868], [9999703, 0.6579227282429855], [9999744, 0.6590780984661041], [9999815, 0.590258155454753], [9999836, 0.664249881648627], [9999847, 0.6035542540723153], [9999876, 0.7329603709542127], [9999928, 0.6773191320348442], [9999937, 0.7207260223723776], [9999938, 0.5319344008162598], [9999963, 0.6231315094508719], [9999964, 0.6179996645250005], [9999971, 0.4391307363713538], [9999978, 0.3356529306538897], [9999995, 0.8476297197432997], [9999998, 0.9330227574732554], [9999999, 0.751230416150448]]}