{"seed": 928126046, "N": 10000000, "alive_speed": 0.8529864899913668, "non_threatened_speed": 0.8529864899913668, "survivors": [[18448, 0.8149703415802171], [42433, 0.7753559863482606], [9909478, 0.7517466689368554], [9960545, 0.7248843519557336], [9992802, 0.6038409175588905], [9999997, 0.41941196687218807], [9999998, 0.38314943444717586], [9999999, 0.2967837725495881]], "still_alive": [[51192, 0.7643608042850929], [51275, 0.7641900317793715], [225376, 0.7586120328843545], [529833, 0.7564372700169842], [779470, 0.7654876979669442], [866625, 0.7625887229006664], [1417454, 0.7852997516437662], [1436193, 0.7765860567320173], [1446320, 0.7732777930387194], [1591409, 0.7768992003294812], [1616820, 0.7652305499978349], [1702811, 0.7455389072822927], [1702812, 0.7437095932783625], [2297313, 0.7608315139957279], [2301772, 0.759221565723736], [2407443, 0.7366839720326972], [2673544, 0.739275701578092], [3591847, 0.7870219409701178], [3876742, 0.7728493430086961], [3939795, 0.7019257199034996], [4527354, 0.7315101682759707], [4898645, 0.7587092357979163], [5218042, 0.7521853673789392], [5326977, 0.7386731140431826], [5358498, 0.7417720636008505], [5531367, 0.7343295511080555], [5863658, 0.7755981528774292], [5871955, 0.7667297793679478], [6035714, 0.6988858671550727], [6377839, 0.7404492922109164], [6378454, 0.7343162790876582], [6655901, 0.79025552268876], [6669466, 0.7921736319454332], [6673357, 0.7614107527879579], [6747970, 0.7487835135830756], [6814793, 0.7608284408327524], [6841980, 0.7167715931723421], [6963319, 0.7248188465965578], [7115518, 0.7535478823359385], [7408267, 0.7598904621980143], [7408270, 0.7434201389193181], [7408271, 0.7201565404782401], [7512602, 0.7459031537308596], [7520715, 0.7337566705954376], [7539504, 0.7263271561593132], [7816999, 0.7991364727604524], [7827738, 0.7833753017309174], [7827765, 0.7806656052108493], [7848560, 0.7591817871267523], [7903447, 0.7749906701460658], [7903626, 0.7644595156578085], [7968481, 0.7806688688550678], [7973854, 0.7284304047974683], [7989691, 0.7223533138378408], [8000306, 0.7222618626789243], [8009431, 0.7158001114245619], [8016764, 0.7075631714620984], [8016805, 0.7003554282773845], [8103138, 0.7252356647774968], [8297017, 0.7829325763880571], [8317050, 0.7534491231644509], [8317947, 0.745749490680182], [8495350, 0.765472718683874], [8569059, 0.7088284560547884], [8650200, 0.7479058665653611], [8813921, 0.7811993635391297], [8845598, 0.7935078957706845], [8896729, 0.7803585862625275], [8898846, 0.7157360121964645], [8935563, 0.6817887626897458], [8935732, 0.6795695692588887], [9064225, 0.7715235128230015], [9068866, 0.7492126151868219], [9136197, 0.7806712512167846], [9258828, 0.7661396939971447], [9259059, 0.7225493809249829], [9314572, 0.7757522202488668], [9315557, 0.7229208417841422], [9315978, 0.7132322527170102], [9380493, 0.7701321961527737], [9380536, 0.744082525783494], [9384353, 0.6982962006734567], [9453586, 0.7712413307336048], [9454479, 0.7305607419200807], [9459924, 0.7344919516795138], [9460041, 0.7175441438849244], [9499156, 0.7239722380146706], [9507399, 0.7270427174154447], [9507618, 0.708147708454523], [9542301, 0.759287916043095], [9561880, 0.6752562981036337], [9611929, 0.7385194799567966], [9623232, 0.7557636370901588], [9644081, 0.7470211663627583], [9645074, 0.6968502762770117], [9698837, 0.7758789709173161], [9718002, 0.7785009538805335], [9768915, 0.7334963752566124], [9776670, 0.7515858672664302], [9792281, 0.7404232107227803], [9822488, 0.8020677035330143], [9822743, 0.768661223320317], [9852976, 0.7884150177218553], [9885693, 0.7787560836836809], [9892496, 0.7994565557579341], [9892581, 0.7851429211563891], [9900308, 0.8067959601214956], [9908523, 0.8316259038771937], [9909513, 0.7269279973966256], [9922588, 0.8296843274478433], [9922593, 0.7617219987649555], [9926832, 0.7560427166418003], [9936633, 0.8382453980975113], [9938656, 0.7574681966090332], [9942737, 0.7801998900231809], [9947840, 0.8055761531819965], [9960756, 0.6798801840195051], [9963249, 0.7214597972288306], [9963610, 0.7097238854973734], [9965661, 0.7107316106755749], [9965716, 0.6928772339541597], [9971659, 0.6604438744974124], [9974422, 0.7282053886928372], [9979709, 0.7481474726429469], [9979882, 0.7503850849759696], [9979945, 0.707361752185193], [9983672, 0.7692337312111468], [9983899, 0.7656356385764654], [9983900, 0.6536009057712708], [9989221, 0.7288663621148965], [9989992, 0.7030135114414843], [9991303, 0.7790309565702962], [9992222, 0.8431100165848663], [9992797, 0.7853360533180007], [9993473, 0.6060002681697849], [9994256, 0.674441061002738], [9994397, 0.6281488787757286], [9995902, 0.7262675154021626], [9996479, 0.6831302006902757], [9996564, 0.6760782649788358], [9997257, 0.8281890190542793], [9997258, 0.7756532118792442], [9997665, 0.6561450887804839], [9998974, 0.7456843053526144], [9999045, 0.7713297527559744], [9999172, 0.7895594134072235], [9999173, 0.6745546764888146], [9999186, 0.516568174211885], [9999317, 0.5340914279560794], [9999528, 0.6686151010644374], [9999531, 0.6373475728197895], [9999536, 0.4989033441082944], [9999667, 0.5945512821114393], [9999748, 0.6963751850857809], [9999853, 0.6101636100912111], [9999866, 0.5855326831796601], [9999889, 0.7031717681588902], [9999928, 0.910489502969874], [9999935, 0.8143949175150555], [9999936, 0.6173144530995256], [9999993, 0.9151529963980581], [9999994, 0.8206480716289025]]}