{"seed": 177791920, "N": 10000000, "alive_speed": 0.787241378848405, "non_threatened_speed": 0.7883213000894053, "survivors": [[13698, 0.7883213000894053], [63151, 0.7861635921696074], [238128, 0.7543590224939447], [8017681, 0.7504496088473432], [8058056, 0.748323519959222], [9999997, 0.38424578576901314]], "still_alive": [[238129, 0.7509123848312156], [945226, 0.7665293961502775], [1211469, 0.7749434477020354], [1381314, 0.7809427284872313], [1394227, 0.7420641675946683], [1395994, 0.7248093946598783], [1794719, 0.737115296161586], [2125310, 0.7669081440333959], [2125313, 0.7659142050589127], [2527826, 0.7302273638566317], [2697393, 0.7439748474023504], [3011468, 0.769291085441544], [3011471, 0.7509868707107187], [3011596, 0.7468604913279506], [3022831, 0.7364441113037352], [3369120, 0.752259941466707], [3570501, 0.7511329498542002], [3874442, 0.7370121800080286], [4272533, 0.765775924446122], [4272850, 0.7650869620030933], [4537311, 0.747172673557605], [4943590, 0.7982688252510901], [5171121, 0.79610072675709], [5203746, 0.7360055118723066], [5467217, 0.7607942466033015], [5477316, 0.753336272888963], [5520475, 0.7502208827954341], [5530322, 0.7504321671085136], [5531789, 0.7506547094514121], [5621000, 0.7571964943300376], [5634465, 0.749135788233448], [6017120, 0.777143132545542], [6277195, 0.7338564456916938], [6369934, 0.7086587287721163], [6791017, 0.7999449990295681], [6791018, 0.7973222945707437], [6817935, 0.7589700394351071], [6934158, 0.776607662673584], [6934159, 0.7743564987004271], [7165772, 0.798041535479342], [7165773, 0.7706582632691027], [7216274, 0.7618013438708465], [7433345, 0.7531434922773748], [7469516, 0.7485739730973467], [7594627, 0.7863211366891013], [7597602, 0.7673437983114111], [7600087, 0.729895587977756], [7605496, 0.7302837168046012], [7738133, 0.7706248176435508], [7742242, 0.7286619116575765], [7921903, 0.7824759130286325], [7922108, 0.7672013477208085], [8060271, 0.7458270603149304], [8060314, 0.7436041290750522], [8105787, 0.7181557737757852], [8231180, 0.7211623459334597], [8525209, 0.7759491220643727], [8588156, 0.7427236789034931], [8670683, 0.7186289282106514], [8812680, 0.8007703067266313], [8862531, 0.7913482549449146], [8862688, 0.7777147371154337], [8944955, 0.8074642327630878], [9020024, 0.7980205825583757], [9049617, 0.790851076078685], [9136806, 0.8120599158756757], [9146755, 0.7938851727703401], [9156166, 0.7834072705989399], [9256153, 0.8614053970122161], [9303480, 0.7512032489978319], [9315875, 0.7523626963800205], [9346730, 0.7799251458719014], [9351677, 0.7530110786218421], [9373788, 0.7541292135047379], [9421261, 0.7487657025812112], [9471508, 0.7935875301986901], [9471509, 0.7379939379910474], [9516924, 0.7813839797811591], [9523759, 0.7427023958298424], [9529094, 0.7395819102562201], [9536477, 0.7109119787569315], [9553474, 0.7237574749099269], [9564741, 0.7376302003462604], [9589692, 0.7385491793886807], [9596559, 0.7457224453947602], [9606788, 0.7553273732286413], [9618115, 0.7482087885426667], [9675536, 0.8019779684944205], [9686583, 0.7725364789681662], [9699850, 0.7697259938387414], [9716387, 0.7861304935229756], [9725580, 0.773926438758983], [9725887, 0.7227399139374897], [9749336, 0.772298569180581], [9755365, 0.7446955018785004], [9770112, 0.7525496023712825], [9770133, 0.7259298916406325], [9776950, 0.6999670662206443], [9776953, 0.6950273449407698], [9816584, 0.8177728501965206], [9818449, 0.7893035485930613], [9820298, 0.7717559360953505], [9841395, 0.8421423296357372], [9854142, 0.8698299879289632], [9870107, 0.8426015687486172], [9870556, 0.7892852191423719], [9870637, 0.7765908052805336], [9890796, 0.7537029437260443], [9897137, 0.784629414049106], [9897204, 0.7530185551386964], [9897211, 0.7088463134767757], [9897362, 0.705420154187117], [9897365, 0.6914253650537249], [9901870, 0.7024376926141804], [9901911, 0.6950950830495345], [9902328, 0.6972211169527406], [9903373, 0.6653736835393237], [9910638, 0.7162228446113313], [9936343, 0.8191314357786028], [9937988, 0.6886574685035094], [9938633, 0.6746899684591824], [9946452, 0.745004264648089], [9954191, 0.7803563800982767], [9955676, 0.7875026828964036], [9955685, 0.6692848912878465], [9960760, 0.6763290216476521], [9967497, 0.7912008836403354], [9967774, 0.7935396449863111], [9969787, 0.7943358343264244], [9970464, 0.8106003412381408], [9971597, 0.7984731683449673], [9971604, 0.7850705211218941], [9977293, 0.7934808900639034], [9977564, 0.7133899534518138], [9977565, 0.7027071803809914], [9980242, 0.7064828118052466], [9985623, 0.7563894205040201], [9986904, 0.718592256213675], [9987441, 0.6565493786387677], [9988938, 0.644059863842004], [9989457, 0.6724282520406663], [9992608, 0.7141981902022977], [9992863, 0.6259472586257712], [9992892, 0.5655119373269595], [9994167, 0.6814811136861372], [9994420, 0.6990979683748602], [9995473, 0.8269124260663485], [9996726, 0.6844064794632998], [9997339, 0.7530362488611768], [9997918, 0.873687478780395], [9998021, 0.7531465127510703], [9998328, 0.8426779130756503], [9998497, 0.8655292547619814], [9999340, 0.8190391708124422], [9999539, 0.6924916910186786], [9999550, 0.7005494177107745], [9999707, 0.8720684077628756], [9999708, 0.7596228421998107], [9999791, 0.8951803081444033], [9999800, 0.6053251328042051], [9999893, 0.9287192245655669], [9999894, 0.8487815890693856], [9999895, 0.8184272744095622], [9999908, 0.814181921000689], [9999909, 0.8096160735041454], [9999912, 0.7868238230659738], [9999913, 0.7748793910599403], [9999946, 0.9499980247913253], [9999951, 0.4437478658415097], [9999980, 0.3696375660213731], [9999987, 0.4733724388129674], [9999994, 0.9501536747122238], [9999995, 0.9686283266857104], [9999996, 0.5173181874099028]]}