{"seed": 177791861, "N": 10000000, "alive_speed": 0.8751542954459692, "non_threatened_speed": 0.875199718306807, "survivors": [[518, 0.875199718306807], [1007201, 0.7549200467982058], [9889770, 0.7363682350485101], [9889785, 0.7325874548464534], [9999966, 0.5545945476703648], [9999967, 0.4713152292833488], [9999984, 0.21057845484416904], [9999999, 0.00019295602631608233]], "still_alive": [[587, 0.7340819634278308], [122628, 0.7415536546942442], [133627, 0.7406659806281156], [543548, 0.7475377860622114], [596925, 0.7399415221802084], [1005440, 0.7574107709931547], [1033248, 0.7467578697300157], [1143437, 0.7463845926695494], [1247174, 0.736443448601873], [2275435, 0.7929844084714871], [2275492, 0.7587933235912319], [2590405, 0.7714199724314548], [2756544, 0.7702729996037341], [2778275, 0.7525355216039888], [3134068, 0.7810668922779206], [3206877, 0.7510309376117038], [3234470, 0.7328863842055998], [3443247, 0.724419551857061], [3853308, 0.7618105068837536], [4068949, 0.7571736236617487], [4124236, 0.7471950738122908], [4137859, 0.7445780231237439], [4507454, 0.7714991173361586], [4507943, 0.7572073917904427], [4754534, 0.7727027503022618], [5160119, 0.7999391111936369], [5394156, 0.760506905113028], [5394985, 0.741951312604279], [5529290, 0.7503302818130066], [5536031, 0.7354432838575404], [5917374, 0.7609947720172481], [5999169, 0.7725251819184592], [6006788, 0.7660469003638343], [6007913, 0.7642537224918133], [6196374, 0.7254279345672686], [6297511, 0.7335093270308755], [6551940, 0.7416228201360786], [6709579, 0.7716665462012519], [6783950, 0.7517542361061251], [6907577, 0.7701118092213836], [7013352, 0.717835800607494], [7215357, 0.7526697722817477], [7303958, 0.776211880726177], [7310285, 0.7711909417238714], [7376968, 0.7749206649892563], [7407927, 0.7744732918094647], [7410770, 0.7717587582093461], [7411187, 0.7554389032304676], [7422646, 0.7583931858110124], [7458455, 0.7636867795375364], [7551064, 0.7612083220872583], [7741423, 0.7838350258246939], [7741744, 0.7527990586449078], [7789523, 0.7505687399096607], [7999052, 0.7702178878286364], [8006873, 0.7492048981514773], [8024348, 0.7441743350665974], [8024373, 0.7374578536989689], [8084986, 0.75734776640793], [8180675, 0.7790833991217133], [8190690, 0.7566337316294272], [8201407, 0.7608038325577583], [8234736, 0.7521264453251008], [8305109, 0.7720959928660617], [8385490, 0.7670269874405559], [8387959, 0.7676587580312565], [8443070, 0.7779716543257394], [8604649, 0.7881980331705045], [8604676, 0.783407024220003], [8656847, 0.7950718013240361], [8667550, 0.7796809644616525], [8702541, 0.7687523262880627], [8822686, 0.7538791462431153], [8851605, 0.7324719459305259], [8903470, 0.7388063747283987], [8907425, 0.7006834452697557], [9008848, 0.7524833778891095], [9020789, 0.7609746564971391], [9022182, 0.7436901421467204], [9133131, 0.7041588033921213], [9161120, 0.7112458520821383], [9286693, 0.7554502397922476], [9330980, 0.7814562045647562], [9351277, 0.8002174050767591], [9358416, 0.8053428552010043], [9358457, 0.7585084261916734], [9370214, 0.7285296271149833], [9370355, 0.6534111139679589], [9401664, 0.6824938516116822], [9458913, 0.7446609560906422], [9459050, 0.7292662928839225], [9496295, 0.7789313802531388], [9496302, 0.7640073198462581], [9503505, 0.7668837258117831], [9503646, 0.7564145913013468], [9516943, 0.76137230815071], [9702816, 0.7996410859631222], [9724985, 0.8089127399494186], [9725032, 0.8018435960915736], [9734315, 0.7867994496497481], [9745770, 0.7663682884406544], [9789341, 0.7683817466581252], [9792884, 0.7386656786297318], [9823879, 0.8576750519294309], [9824520, 0.831968865086045], [9829347, 0.7720770143427924], [9829358, 0.7120632337134079], [9854055, 0.7035743701465677], [9877406, 0.7519960338290921], [9879477, 0.7360175692135398], [9889858, 0.7274627914068995], [9900457, 0.7518929244846225], [9909352, 0.8002563516074439], [9917863, 0.7731640213924806], [9924668, 0.7006867905823694], [9929731, 0.6505832442464975], [9942934, 0.7719367028688737], [9944689, 0.7708900153379944], [9951854, 0.8479352126405326], [9951855, 0.7200347613353213], [9953644, 0.7221751837118109], [9964879, 0.847417213407804], [9967812, 0.7598513079080826], [9967877, 0.7439533179466026], [9967882, 0.7111342289949993], [9971897, 0.756418095171359], [9971926, 0.6266217515270427], [9977557, 0.7181368749491721], [9977678, 0.7219811740098054], [9978545, 0.7039357546411965], [9979368, 0.7022462756007674], [9979387, 0.701251388562426], [9980382, 0.700949911111368], [9982087, 0.732785967656944], [9984530, 0.7459755470237734], [9985659, 0.7973123255380443], [9986898, 0.8476959345048858], [9990301, 0.9339827496552584], [9991148, 0.9632431269129731], [9991149, 0.7851455521638657], [9991390, 0.7752413187985736], [9991597, 0.7230651075225476], [9993884, 0.7542440207054449], [9994855, 0.7421391369446417], [9995936, 0.9126754118227183], [9995943, 0.8297803385057007], [9996220, 0.8747520928986766], [9996223, 0.7371753576447811], [9996340, 0.6628962785607758], [9996347, 0.6531611646591108], [9997038, 0.7230389283137347], [9997461, 0.7048118430172388], [9997792, 0.7407504541363222], [9997803, 0.7436798568943398], [9997830, 0.6460983737947928], [9997831, 0.5336380168904478], [9998228, 0.6133951562461801], [9998777, 0.6211221066501272], [9999148, 0.7756510541604986], [9999335, 0.760637040513359], [9999340, 0.7275289177001214], [9999497, 0.7441699289949432], [9999498, 0.6087954950640535], [9999653, 0.6196250211975571], [9999732, 0.7951708799637265], [9999737, 0.7855429634087734], [9999738, 0.7562914066168848], [9999785, 0.5239309216677611], [9999882, 0.749021296923135], [9999925, 0.8042861656903293], [9999930, 0.3626487032090753], [9999959, 0.5572932953686056], [9999985, 0.1523427018069603], [9999996, 0.49527584707434225]]}