{"seed": 483722439, "N": 10000000, "alive_speed": 0.8440579041943294, "non_threatened_speed": 0.8440682862332118, "survivors": [[122, 0.8440682862332118], [173, 0.8417034475398006], [242, 0.8413773356870077], [245, 0.8245638833082061], [15114, 0.8224057326898933], [15251, 0.8175200997564332], [849170, 0.7853864701755923], [7180683, 0.7546259923230461], [8783340, 0.7408632249874698], [9999991, 0.5705394532422865]], "still_alive": [[871513, 0.7662465477181596], [872492, 0.7619335423371312], [946413, 0.7644950152694405], [1045904, 0.723354657192498], [1634093, 0.7562646224770724], [1659074, 0.7501076914467935], [1806107, 0.7228086392949928], [2373750, 0.7509555021228462], [2457717, 0.7584026720361223], [2711728, 0.7646386978182773], [3538615, 0.8049751722749405], [3545718, 0.7929482472236612], [3639823, 0.7619280137920308], [4010278, 0.7741284958736429], [4099151, 0.7652484769563834], [4099160, 0.7466473585967177], [4671155, 0.7722462214449907], [4741668, 0.7633150456717825], [5002295, 0.7930653345404625], [5201734, 0.7929488188897079], [5257879, 0.7972718758785661], [5258456, 0.7673281333006555], [5315129, 0.747848911434514], [5562926, 0.7511885287139142], [5584243, 0.7386113323919017], [5727580, 0.7603209176133329], [6028721, 0.7761246375746369], [6293886, 0.7848668410544795], [6584041, 0.7971340369374845], [6661436, 0.7774061478712396], [6675461, 0.7544977402998158], [6693788, 0.7189279954852341], [6902191, 0.7503671111323399], [7076912, 0.7566899358301599], [7103015, 0.7612648862375796], [7128254, 0.7659352847044317], [7180722, 0.7395649307343293], [7215085, 0.72745350906712], [7279894, 0.7132038583686672], [7290923, 0.7147291885980671], [7456148, 0.733858866644454], [7553303, 0.7613338344681121], [7738238, 0.79140630917095], [7743467, 0.7833648979497696], [7810750, 0.7703337998610087], [7883731, 0.714831325943512], [8274046, 0.7900310792136882], [8297443, 0.7663268817199956], [8382916, 0.7942574242848787], [8382927, 0.7778738717895548], [8467284, 0.784625769329159], [8559427, 0.7984224404972531], [8780940, 0.8035844069281021], [8781009, 0.7765781351838831], [8783523, 0.7205130653426924], [8839864, 0.7236542093808797], [8900929, 0.7421690312858388], [8953170, 0.750617879107591], [9014461, 0.7942385935136475], [9026134, 0.740631564916179], [9026545, 0.729708330423602], [9026902, 0.7295185789314155], [9074195, 0.7600234703442935], [9092462, 0.7364113506933208], [9093545, 0.7305018020170145], [9126538, 0.7572935088803965], [9130277, 0.750177359230675], [9214080, 0.8175952483473974], [9228993, 0.7334396012004452], [9328144, 0.7609905584192974], [9354477, 0.7492228524359243], [9386734, 0.7588412464504598], [9393329, 0.7182087552367595], [9393330, 0.6984003280733311], [9458925, 0.7291223220496174], [9574726, 0.8049591553659615], [9574757, 0.780749579361447], [9574898, 0.7807125606690742], [9582081, 0.7915905624681172], [9585922, 0.7959193058710764], [9592201, 0.717536931534251], [9608244, 0.7024404694121578], [9670381, 0.79267146309901], [9715838, 0.7315860722951576], [9715873, 0.725886934342718], [9730326, 0.735711240387655], [9752791, 0.710693829833568], [9780858, 0.7845881480616123], [9784945, 0.7271378486262828], [9799090, 0.7570562076205012], [9801173, 0.6753991772224799], [9842686, 0.7567775537697494], [9842941, 0.7512286304037746], [9848324, 0.7750206038297004], [9855073, 0.7536277705335742], [9875892, 0.8210900958951423], [9877801, 0.7527097021263262], [9879698, 0.7477367897277593], [9898261, 0.8063801536971161], [9899106, 0.8039384055119891], [9903411, 0.8222207196145406], [9907330, 0.7591511743926426], [9913911, 0.8125556558138146], [9914398, 0.7622280175612153], [9914405, 0.7582607342166671], [9915696, 0.7508688790842624], [9915873, 0.6892782208493543], [9925734, 0.688633026491621], [9934109, 0.7296943716883603], [9935072, 0.7166476822702904], [9936057, 0.6725658302837813], [9945078, 0.7468404249565115], [9945467, 0.6770338327049091], [9962918, 0.7845113062181885], [9968369, 0.7758931140538191], [9968374, 0.7284136824777048], [9973551, 0.7007216870771366], [9977552, 0.7293983324541334], [9977941, 0.7235533288437346], [9978394, 0.6985807029638382], [9981109, 0.7283830306292518], [9982608, 0.7384092844704329], [9984579, 0.809708637481256], [9985622, 0.7785632864831943], [9988227, 0.7423934868369589], [9989324, 0.6470374359721797], [9992563, 0.8236704904597444], [9992570, 0.7986769380128825], [9995379, 0.7530585877887308], [9995906, 0.7866432696593031], [9996751, 0.8195345227277552], [9996770, 0.8091944982632068], [9996859, 0.7538821978170976], [9997290, 0.7099600942823329], [9997895, 0.674578197713403], [9998302, 0.7644410759650292], [9998355, 0.7731429407550592], [9998356, 0.7536110007477015], [9998399, 0.7234689990957157], [9998458, 0.6652769289365869], [9998779, 0.7950873254282056], [9998858, 0.8120860578016383], [9998859, 0.7766925460752254], [9999252, 0.7239672443742676], [9999253, 0.6676871182249355], [9999516, 0.8488532270182058], [9999663, 0.7718630961179836], [9999710, 0.7932499819209101], [9999833, 0.8872305678066239], [9999850, 0.9065985172771851], [9999851, 0.8388764576599483], [9999862, 0.7966151162344222], [9999875, 0.7768940008341434], [9999904, 0.7590578835396555], [9999919, 0.7555634699104876], [9999970, 0.48552209581287276], [9999985, 0.8948443498185974], [9999990, 0.8853742316884957], [9999998, 0.6726707085956066], [9999999, 0.7125942764977188]]}