{"seed": 177791796, "N": 10000000, "alive_speed": 0.8199325003418714, "non_threatened_speed": 0.8199325003418714, "survivors": [[262034, 0.7851726537873887], [350541, 0.7815770317219555], [371332, 0.7811974826286832], [376381, 0.7678151246481268], [2189880, 0.7463874189027045], [2298483, 0.7364833548685841], [9643998, 0.7354581662880264], [9644015, 0.7284228970958552], [9913184, 0.7131474411080645], [9925567, 0.6973246009788021], [9925756, 0.6883154217747687], [9928867, 0.682079282551327], [9999668, 0.6287237331262937], [9999999, 0.11545485804712119]], "still_alive": [[399872, 0.7379759758661644], [1169703, 0.7447962662885619], [1348694, 0.7507724046261117], [1876027, 0.7694182851342415], [1876326, 0.7693059112701015], [1994243, 0.7616282811993653], [1995446, 0.7431271359713755], [2168863, 0.7507167767334556], [2764098, 0.7364814403834516], [2846835, 0.7272142715862177], [2989338, 0.7270994137409725], [2989521, 0.7096717618564541], [3601446, 0.7746749600407663], [3650819, 0.7472748076752146], [3960596, 0.766066977820322], [3984975, 0.7502487063243996], [4014004, 0.7116387294268971], [4014043, 0.7075087096211855], [4439884, 0.7496819662960905], [4751797, 0.7886520447346427], [4751802, 0.7648991705364472], [4780967, 0.7642976148004597], [4782262, 0.7521354128884218], [4806199, 0.7311597220079868], [4825204, 0.7228150958854141], [5110265, 0.7157545111048748], [5686606, 0.7855492792096032], [5714581, 0.7562015883341463], [6020506, 0.766489986695513], [6020611, 0.7649856868273686], [6244840, 0.7727510433256245], [6400713, 0.7846419812527035], [6524660, 0.7864861351417887], [7163093, 0.725475265558472], [7209658, 0.7358792706490541], [7427821, 0.715215991164009], [7428646, 0.6984900584961765], [7613007, 0.7099288179467671], [7613040, 0.7053823597503821], [7864847, 0.7593561281222807], [7864950, 0.7548619034607527], [8029817, 0.7884399376866565], [8154164, 0.7842741184307422], [8157247, 0.776078166158843], [8373296, 0.7754621861406051], [8423531, 0.7588345603932666], [8463532, 0.7701439606476393], [8569795, 0.7406584997340787], [8572230, 0.7386388423978623], [8623503, 0.7400178065592474], [8717234, 0.7925387966724242], [8717391, 0.7454226212704526], [8742190, 0.7600362908369608], [8846351, 0.8248858087565012], [8846416, 0.7767021891970929], [8869643, 0.7567484925884851], [8869744, 0.7467555509894629], [8871937, 0.7368720858810425], [8895076, 0.752079511994192], [8908657, 0.7479388884196765], [8914942, 0.7424222413933244], [8916637, 0.7399397658339659], [8916642, 0.7305442374945569], [9066725, 0.8185641820232921], [9069526, 0.788699163023145], [9114617, 0.7862837146107748], [9143036, 0.7297769587550424], [9208235, 0.7036045945721593], [9240438, 0.7258816731674874], [9255771, 0.7237221295547432], [9262192, 0.7219220567508574], [9265439, 0.7175777005191842], [9335972, 0.7933653585582457], [9336687, 0.7923621935750809], [9340328, 0.7768952818231994], [9341863, 0.7662192195372185], [9342084, 0.7603187650574078], [9349423, 0.7547006241411922], [9371220, 0.7616054650929027], [9455015, 0.7207135501005104], [9500482, 0.7832093330751417], [9500593, 0.7662386619844329], [9500730, 0.7201798834565438], [9559579, 0.7412724273679077], [9636402, 0.7666190580191512], [9639675, 0.7437315747422565], [9705788, 0.7434205871698558], [9724009, 0.7500203407894162], [9725816, 0.6960522982224144], [9758245, 0.7671537337755985], [9764050, 0.7423767479971588], [9779145, 0.7820812568916202], [9779362, 0.7578871070393519], [9794165, 0.7700054547058266], [9797666, 0.7771264713351781], [9804899, 0.8040930728566227], [9804900, 0.7939275544999327], [9810195, 0.8030491986444479], [9812774, 0.7397516284343085], [9813411, 0.7156804472807365], [9826800, 0.6717790389093865], [9865235, 0.7341139269667384], [9870998, 0.7588518021888335], [9871137, 0.7071804784114532], [9886894, 0.7926136226309076], [9889579, 0.784601178884529], [9903156, 0.7885639765964592], [9906451, 0.8075813094822236], [9907704, 0.7741340709616182], [9912347, 0.762265053285257], [9930528, 0.6764981193698546], [9938391, 0.7534721526285914], [9938466, 0.7302097622216865], [9939601, 0.7377481560919124], [9946658, 0.6919378097557934], [9946741, 0.6153513511164884], [9961092, 0.7443764432882465], [9961873, 0.7051038377672295], [9961890, 0.6876395200029741], [9962467, 0.6957715149447798], [9967454, 0.7796941627619546], [9967471, 0.6986651360260084], [9973274, 0.8286399682666699], [9973777, 0.7240675152080807], [9973792, 0.7180040225768201], [9975385, 0.7551116950397208], [9977990, 0.7684933387705891], [9980569, 0.6244877305264876], [9985408, 0.7775295342576627], [9985961, 0.619689200863206], [9989616, 0.8188920980016113], [9990071, 0.694645471423329], [9991008, 0.7397427508144407], [9991011, 0.7128635889948143], [9991564, 0.7025653767783543], [9992415, 0.6872981146091179], [9995312, 0.730420191023382], [9996033, 0.6572174522979489], [9996428, 0.7014795294083299], [9996431, 0.6471899096393201], [9996560, 0.5828448443333678], [9998079, 0.8412789060258683], [9998658, 0.6182895107209724], [9999145, 0.8432053584375279], [9999146, 0.8286805476072662], [9999327, 0.6835027298266203], [9999522, 0.8191590756348902], [9999535, 0.7950422364844257], [9999795, 0.5928860737498409], [9999896, 0.864666707486316], [9999897, 0.7411865612208801], [9999938, 0.9737232601513038], [9999939, 0.7236331860812653], [9999954, 0.7356264071654736], [9999965, 0.2851146612955876], [9999988, 0.760092286656578], [9999989, 0.6642316653507427], [9999992, 0.7742094523571244]]}