{"seed": 177791936, "N": 10000000, "alive_speed": 0.7997929249922037, "non_threatened_speed": 0.7997929249922037, "survivors": [[751826, 0.7871796443950573], [1351137, 0.7706840929243681], [6814954, 0.7636988045094754], [8370791, 0.7443829079152138], [8371610, 0.7391901201262537], [8833967, 0.7263160420766118], [9973608, 0.7229944352131371], [9999773, 0.7209816450618509]], "still_alive": [[752467, 0.7722518679953763], [752556, 0.7696278700720962], [1021983, 0.7821554047498754], [1021996, 0.7771369850353309], [1022055, 0.7761806865937849], [1023102, 0.7703199133956634], [1309157, 0.7869237024195934], [1309992, 0.7789161731284543], [1530514, 0.7723179242595335], [1908731, 0.747743052122492], [2156116, 0.7625907943469008], [2301057, 0.7574113374212251], [2538278, 0.7740839640435138], [2624033, 0.7408938346589433], [3267306, 0.8096501815408373], [3301743, 0.789029778338194], [3424948, 0.7469875859837222], [3494917, 0.7348343571801061], [3679546, 0.7298546884303962], [4016227, 0.7622399547800643], [4382222, 0.7217187787374361], [4791721, 0.7642439095567771], [4823956, 0.7670137652061606], [5107659, 0.7300170038109091], [5333740, 0.7207260201330363], [5335493, 0.7201364825471502], [5978770, 0.763451213240413], [5980303, 0.7540800205042659], [6006008, 0.7517309807148662], [6080619, 0.7598557485977002], [6122030, 0.7615383349708026], [6319061, 0.7720067961758895], [6322312, 0.7607778197167941], [6425673, 0.7360603228804026], [6767474, 0.8014135064939953], [6788875, 0.7695239081584475], [6955817, 0.7524846752138266], [7057662, 0.7532499833692661], [7574515, 0.7262221245963107], [7729580, 0.7350164104369279], [7898631, 0.7648138900276003], [8083502, 0.766874007769046], [8144099, 0.7226799953002533], [8319052, 0.7490390785110292], [8322553, 0.7347084979155999], [8344426, 0.7427128030078641], [8409799, 0.7104747041523903], [8456924, 0.7010223118059528], [8596763, 0.7163022774244613], [8628510, 0.7141624566760971], [8665723, 0.7229405177241958], [8775352, 0.7660553460907716], [8779975, 0.7515015908417592], [8813682, 0.7712706284548252], [8821217, 0.7355897003295793], [8833738, 0.7305399859579829], [8971080, 0.7526931082093788], [8993583, 0.7649157909148256], [8994884, 0.7103513063459679], [9038697, 0.7277699627037334], [9081924, 0.7499482110096976], [9176129, 0.7506083436154449], [9192288, 0.6967564619862602], [9199071, 0.6796315843158675], [9387460, 0.7665474108626923], [9426979, 0.7529290674286355], [9525346, 0.7536867527598713], [9574635, 0.7568428732182408], [9575562, 0.7452028147747793], [9576711, 0.7255167844661816], [9577206, 0.7224002692079201], [9596181, 0.7393285533794752], [9675938, 0.7715587027230837], [9675939, 0.6988006930429937], [9746602, 0.7686511577971897], [9754901, 0.7220482264605061], [9777686, 0.7822099401712834], [9778319, 0.7061777040509414], [9799226, 0.7763690062243599], [9799267, 0.7546417928626616], [9814462, 0.7265598616661024], [9833279, 0.8059090742323481], [9835480, 0.7561417043282228], [9836513, 0.7338122787009489], [9849444, 0.7885637810337689], [9864795, 0.784199290373621], [9871430, 0.8065163071200521], [9873525, 0.7187580263823855], [9884806, 0.7408782587443892], [9884935, 0.7212996544096457], [9895190, 0.753110092418983], [9897303, 0.735534902126734], [9899838, 0.7200038743019032], [9909847, 0.7869756864812043], [9914146, 0.7967622675917625], [9914575, 0.7657993522449293], [9914636, 0.7527929639772144], [9923201, 0.7869720187569813], [9925698, 0.7860719839486284], [9931985, 0.7938771491416978], [9936878, 0.8048700539926212], [9941281, 0.8197614651160005], [9942092, 0.7298194337314803], [9952139, 0.68873908274342], [9959294, 0.7637831850853342], [9965239, 0.7154474315189804], [9970516, 0.8113353654458797], [9970527, 0.7760180913947988], [9970772, 0.7674168813509217], [9971197, 0.7602466345624217], [9971288, 0.6812981039347038], [9973603, 0.723584422448712], [9974079, 0.7114072471300921], [9976930, 0.7529441075185548], [9982009, 0.8591831953081789], [9982258, 0.7440931596817835], [9984303, 0.8204632332978052], [9985614, 0.7821981221814122], [9986863, 0.833963665479397], [9987138, 0.7484672219934354], [9988555, 0.6957706024879577], [9990308, 0.7956843805853434], [9990997, 0.8400518526733183], [9991676, 0.6072969543149597], [9993423, 0.757428262878559], [9993634, 0.7016738151579969], [9993715, 0.6821924445089509], [9993926, 0.7010716355036775], [9994499, 0.7444013463242342], [9994916, 0.642269172188775], [9995417, 0.6635128578740169], [9995460, 0.6629992603221252], [9995465, 0.598554652536962], [9995770, 0.5886479290159714], [9996853, 0.7566385380610604], [9997124, 0.7421432728832604], [9997187, 0.6694810418145177], [9997448, 0.7138666992897617], [9997929, 0.7400010660318774], [9998520, 0.8048549571835041], [9998527, 0.699379020258799], [9998984, 0.9325931611125331], [9999043, 0.6659194939256717], [9999270, 0.8644435889071894], [9999275, 0.7944335870905147], [9999276, 0.7455306034739855], [9999289, 0.7584252571776574], [9999318, 0.7445600949856661], [9999563, 0.7860626669051012], [9999770, 0.7918275821502608], [9999788, 0.6467477297445764], [9999803, 0.6104344288527763], [9999892, 0.8521906021494219], [9999949, 0.6422474212107604], [9999972, 0.5356460237358113], [9999991, 0.5843137003489496], [9999996, 0.8394940273708843], [9999997, 0.8579347297101908], [9999998, 0.8662791627304403], [9999999, 0.6882278173182373]]}