{"seed": 483722417, "N": 10000000, "alive_speed": 0.8616430146446574, "non_threatened_speed": 0.8619402978236486, "survivors": [[3448, 0.8619402978236486], [4605, 0.8464929670903443], [5108, 0.8403068330440179], [5149, 0.8101292974154817], [70704, 0.7880069905936393], [71139, 0.7877268988324974], [71258, 0.7852466497558411], [381045, 0.7847808715396711], [3964424, 0.7659761510769616], [7506527, 0.7641733559311442], [7733854, 0.756130141748844], [7795601, 0.7549417529085142], [8018864, 0.7252383036781387], [9999949, 0.6504356687954888], [9999952, 0.6163057021801868], [9999977, 0.38422382425670465]], "still_alive": [[381046, 0.77274866067564], [485159, 0.7739786927509018], [485366, 0.7600803357968785], [497287, 0.7538218948663167], [497858, 0.7398838456938157], [956249, 0.7733438461629558], [973328, 0.7653604674079143], [1659985, 0.765938419954436], [1800938, 0.7777064273268119], [1818943, 0.7661466237937204], [1826598, 0.725997060721982], [2018263, 0.7127810007393351], [2773450, 0.7720377978562598], [2802833, 0.7727833219433751], [2868260, 0.7408083350720043], [3113209, 0.7604665540459254], [3365542, 0.7828408198717157], [3402943, 0.7651779106691511], [3964461, 0.7352844102706346], [4349878, 0.7222070697529802], [4856023, 0.7642496081821928], [4972986, 0.7472197680336102], [5101745, 0.7410838457026524], [5105040, 0.7260106641535453], [5366959, 0.7377515431278273], [5424168, 0.7437090980513317], [5936511, 0.806638593207836], [5972662, 0.784098202875496], [6092307, 0.7660204404712176], [6488464, 0.7902145792185288], [6488489, 0.7799670121565693], [6488530, 0.7654537297926715], [6489345, 0.7584116884308165], [6744032, 0.7322101342884672], [7037625, 0.7988485010791567], [7370252, 0.7702671644872513], [7371467, 0.7705209818575491], [7413894, 0.7732220307707144], [7507988, 0.7531000419691538], [7729913, 0.7564349140781076], [7868400, 0.727236514872606], [7930835, 0.7487938074550502], [7952900, 0.7502394630409452], [8015385, 0.7728590796994569], [8038675, 0.7226031288833671], [8106274, 0.7131934271225434], [8605439, 0.7459975992664031], [8650702, 0.7523135766058049], [8692149, 0.7562148232387952], [8697774, 0.7248873383667843], [8745557, 0.7179941888532918], [8825336, 0.7418968549620125], [8897531, 0.761038304556923], [8897532, 0.7173468308526656], [8959201, 0.739056043859062], [8960588, 0.7398812117996826], [9019859, 0.7425399182543917], [9026112, 0.7314977112914818], [9026161, 0.7190699229984062], [9033142, 0.6919340476243754], [9035569, 0.6578303609188768], [9182026, 0.7588375390017225], [9263127, 0.795130096556819], [9263892, 0.7801465526627968], [9267755, 0.7525112390193021], [9269352, 0.7356783277396732], [9420137, 0.7283438934743737], [9428458, 0.7388613235637596], [9498773, 0.8103296846087601], [9503634, 0.7607916189709834], [9504277, 0.7376684998962169], [9526460, 0.7391442067840771], [9526465, 0.7366119715226472], [9569104, 0.7522700312769711], [9646837, 0.8699611119439965], [9653100, 0.7978498675036848], [9658795, 0.8071011560397197], [9678388, 0.8422214792298764], [9678389, 0.8296585238222127], [9682834, 0.7691205679315495], [9683773, 0.7536553822305514], [9698070, 0.780348082701342], [9718317, 0.7797386964752153], [9753112, 0.8002915820392535], [9756165, 0.7676247572150375], [9766566, 0.7321183635387309], [9766597, 0.689484850509499], [9796040, 0.7407323227061438], [9810585, 0.7691654755101847], [9812706, 0.7363128883749839], [9840337, 0.767401656216988], [9841826, 0.7350816209867497], [9849229, 0.7705463857345191], [9849546, 0.7429955888033967], [9860857, 0.7255055985807538], [9887388, 0.7334343801812174], [9887429, 0.7026084355402504], [9887774, 0.6939552611254334], [9901471, 0.7572015768770404], [9901630, 0.7243054109497352], [9919991, 0.7667328017572522], [9923706, 0.7564459442834763], [9932443, 0.791392550567584], [9934924, 0.8161501494351135], [9934953, 0.7886839585437853], [9936028, 0.7949701742365212], [9937391, 0.7708691522362211], [9938248, 0.7025578709907365], [9948763, 0.8047702435909896], [9948962, 0.7921813195909213], [9956233, 0.7380992263749746], [9961500, 0.8293218584423497], [9967055, 0.8797398764398778], [9967152, 0.7562642544171067], [9968593, 0.6846479299669086], [9971650, 0.6805442846340664], [9971675, 0.6443502938394086], [9977112, 0.7169785643980945], [9978159, 0.6981969882320457], [9979680, 0.6230671884389902], [9985819, 0.716945088154009], [9985836, 0.7073492087219858], [9985979, 0.7083655268722935], [9985986, 0.6646525491748034], [9987487, 0.6936504472543731], [9988782, 0.6969472867672182], [9989393, 0.7012695699799839], [9989394, 0.6959582818248324], [9989587, 0.5865146643721609], [9993060, 0.795571620992966], [9993063, 0.7333655039621828], [9994628, 0.777254415970724], [9994911, 0.7245883505037999], [9995862, 0.8231621246589188], [9995865, 0.6325025891647663], [9996750, 0.7940408965870744], [9996765, 0.7369108789723215], [9996986, 0.7117118210204353], [9997053, 0.6191156058673458], [9998174, 0.7287437390544533], [9998231, 0.703320058334854], [9998788, 0.783489430113567], [9999077, 0.8530634832300382], [9999358, 0.8812121363023531], [9999415, 0.809755421818475], [9999422, 0.7233451330266542], [9999423, 0.6001441269043486], [9999692, 0.5760510242173382], [9999759, 0.668593799070995], [9999872, 0.8237600015795048], [9999873, 0.8154352850221286], [9999874, 0.7059776348120971], [9999931, 0.8465677509853564], [9999944, 0.7862056133786722], [9999998, 0.3873238912270942], [9999999, 0.581890313516162]]}