{"seed": 483722405, "N": 10000000, "alive_speed": 0.834940315596997, "non_threatened_speed": 0.8349522554130555, "survivors": [[142, 0.8349522554130555], [5241, 0.7803006147222976], [842516, 0.7776699872268429], [2086767, 0.7575434389943677], [9996054, 0.7373407789623093], [9999999, 0.5000964082344656]], "still_alive": [[6456, 0.7794167261253852], [28883, 0.7689621963195196], [826680, 0.7926527791143575], [840997, 0.7830269269415793], [1036995, 0.7516651656798282], [1355252, 0.7693616193758027], [1356047, 0.7508686411865346], [1358422, 0.748481009886974], [1896619, 0.7795208616627062], [1897000, 0.7636319507960958], [2112180, 0.7540819257496043], [2217891, 0.7177906241788672], [2282752, 0.7221040268323481], [2373057, 0.7225633320107286], [2373170, 0.7148733145593195], [2375949, 0.7084912054907784], [2649416, 0.7261888549364326], [3198603, 0.7632154731472096], [3198606, 0.7472115210296705], [3632575, 0.7657184342657241], [3804226, 0.7860639386486838], [3804529, 0.7811528391895389], [3845766, 0.7738897352292092], [4211433, 0.804126776678812], [4212326, 0.7566272221267238], [4618313, 0.7687469104236986], [4625166, 0.7485790819695658], [4937439, 0.7491268965135222], [4967966, 0.7534003107041004], [5181919, 0.7676711022657348], [5204578, 0.7372382027382984], [5351871, 0.7502967287233091], [5351888, 0.7494677787371494], [5818087, 0.7266440067573261], [5896092, 0.7390096758678688], [6203567, 0.7625064629973516], [6518092, 0.7686645216299784], [7008073, 0.7970962338586237], [7055976, 0.7667801891292128], [7118077, 0.7620901691040468], [7118100, 0.7533744823196945], [7119297, 0.7508377517672654], [7311084, 0.7824366730153404], [7311211, 0.724471104862622], [7421898, 0.738139778475772], [7627557, 0.7758772534339529], [7628890, 0.7402271383940581], [7803155, 0.7836250455459935], [7934686, 0.7333871334343296], [8191179, 0.780171854089146], [8339472, 0.7655242940634539], [8454323, 0.7639486581951797], [8512110, 0.7930593575637205], [8543193, 0.8041612724753178], [8555452, 0.747099183325572], [8564809, 0.7417157691882124], [8792862, 0.8178429613130035], [8794457, 0.8131166469211838], [8805712, 0.7075516975934671], [8877813, 0.7191125735729357], [8940210, 0.7415902518486046], [8981503, 0.7083746377916026], [9049382, 0.758558510206518], [9051417, 0.7291004974329199], [9082688, 0.7235727231970892], [9106939, 0.720402392463366], [9107230, 0.7189563537316038], [9125103, 0.721181079288143], [9126286, 0.6974496423551325], [9211893, 0.7340757047538933], [9307278, 0.7648651293964528], [9310571, 0.754252272041103], [9311688, 0.7485873304069743], [9313363, 0.7233321984840305], [9352670, 0.7481985398255853], [9388609, 0.7504408894070291], [9402722, 0.7600589344374015], [9407197, 0.7543853754705289], [9421392, 0.7712042167593849], [9435699, 0.7552233755338672], [9507170, 0.7662950639094614], [9509425, 0.7546287487078951], [9534774, 0.7641841460186841], [9556057, 0.7652175885239422], [9558364, 0.7606926986963946], [9563047, 0.743870546893094], [9597436, 0.7788814596122645], [9618847, 0.7645975488849818], [9631062, 0.7695994121943839], [9632331, 0.7643011677048901], [9633000, 0.7033106217810866], [9695793, 0.7561457091437972], [9695816, 0.7446789941250477], [9744067, 0.7794340032125425], [9784854, 0.7770418812691453], [9786941, 0.7767465301526598], [9786942, 0.7401027940563036], [9817947, 0.8535441699096928], [9833540, 0.8048069310742404], [9838031, 0.7708362014116938], [9838780, 0.7561321161861476], [9856255, 0.7821400505954181], [9856258, 0.7496031456666042], [9858551, 0.7555610126773427], [9884654, 0.8153753886683561], [9885711, 0.7006072731160093], [9893226, 0.740256579439317], [9898141, 0.7548296707758961], [9898672, 0.7527301494452108], [9917845, 0.8194624449270576], [9918014, 0.7527383805050241], [9922667, 0.7920291344752999], [9924696, 0.7400076109177299], [9925433, 0.6305474144435275], [9940410, 0.7844477859241437], [9941499, 0.7332705766174409], [9941832, 0.7324198956259143], [9949969, 0.8217537213090671], [9952646, 0.8429329545401029], [9953565, 0.7998880103831305], [9956954, 0.7075901332605158], [9957249, 0.6894437348318189], [9961374, 0.6837278335313821], [9966771, 0.713332987268431], [9971280, 0.8250529821478307], [9971283, 0.7352165234595137], [9974190, 0.7340546012675466], [9974491, 0.705649782153648], [9976252, 0.7426654927728114], [9976457, 0.7029098176318519], [9979782, 0.7899298239920179], [9979849, 0.6817085636667897], [9979852, 0.6810659746648811], [9982591, 0.7587261706598372], [9983018, 0.7595788733882591], [9984177, 0.7912412133252512], [9984204, 0.7737547752596285], [9988883, 0.757972598449878], [9989818, 0.7341456004896826], [9990147, 0.743359504636106], [9991392, 0.6901190373516505], [9992095, 0.7073997530330979], [9992104, 0.6861786699241278], [9992121, 0.662905618998056], [9993130, 0.6318261355947604], [9994139, 0.7361956416620201], [9994710, 0.8015180548874878], [9995351, 0.7433921194629957], [9996061, 0.7253337892934448], [9996070, 0.6657751248934403], [9997049, 0.8557942680021339], [9997196, 0.8022598775834254], [9997583, 0.733348536016308], [9998132, 0.7410305600513605], [9998135, 0.7343044581933477], [9998140, 0.7188956122085732], [9998143, 0.7033829791161443], [9998488, 0.8242537214840542], [9998529, 0.7261400763783188], [9999020, 0.851166290571217], [9999103, 0.7209463238882078], [9999324, 0.863518674700508], [9999343, 0.8473422233822583], [9999350, 0.807854781996328], [9999373, 0.6083163826780225], [9999580, 0.5261689400219699], [9999741, 0.8384769002951098], [9999820, 0.8120488542978126], [9999831, 0.6891853108905532], [9999916, 0.8845442859769725], [9999927, 0.9032020408977592], [9999932, 0.8839327747347592], [9999975, 0.47858015902435036], [9999988, 0.5556181897508866], [9999989, 0.21213575140377894], [9999998, 0.9184085956261229]]}