{"seed": 483722380, "N": 10000000, "alive_speed": 0.9058286079071721, "non_threatened_speed": 0.9058564176964145, "survivors": [[306, 0.9058564176964145], [313, 0.8364782629483576], [149086, 0.7657052912518331], [4306923, 0.7345985445467186], [9999662, 0.7148538275366921], [9999981, 0.4218349834782358]], "still_alive": [[159883, 0.7620052416694901], [407442, 0.7804349392305959], [447125, 0.743111370181023], [576920, 0.7483858434846573], [602475, 0.7381388097854923], [1005714, 0.73945576377087], [1133677, 0.7454363738978994], [1291744, 0.7533046366503661], [1362527, 0.7346384045723732], [1373256, 0.723094081221574], [1967871, 0.7680632387881764], [2578774, 0.7904252247996061], [2578933, 0.783741277194548], [2579598, 0.7492328110208744], [2822089, 0.7611804679640813], [2825546, 0.7533651333733021], [2984383, 0.7398619911929565], [3354346, 0.7688648979660536], [3365217, 0.7664725850011357], [3365812, 0.7393002301651475], [4177611, 0.7928101670426109], [4180878, 0.787342032615638], [4744962, 0.7141253906487598], [4987079, 0.71486737600625], [5330956, 0.748898086881088], [5332897, 0.7430046518783674], [5786674, 0.7557523022276393], [5894361, 0.7698690245234595], [6253756, 0.7679476115325725], [6470309, 0.7447937594373841], [6580796, 0.7551853760174723], [6747681, 0.7373729528099412], [6805332, 0.7445596242440031], [6860625, 0.738983912814998], [7205690, 0.8102622550857723], [7403533, 0.7932458946859909], [7403614, 0.7731851293225136], [7410103, 0.774574781447586], [7415594, 0.7098210933708063], [7503271, 0.7162638350246673], [7677000, 0.7365392016315836], [7710609, 0.6914535273334881], [8045112, 0.7449929853237349], [8045115, 0.7329030075170891], [8045140, 0.7167353067040019], [8162815, 0.7377967488854369], [8257614, 0.7567329251483077], [8459675, 0.785157608511309], [8460656, 0.7597132476726411], [8465163, 0.7614052315582439], [8474838, 0.7447752843723299], [8539771, 0.7487409664798766], [8650416, 0.7514139283512368], [8741745, 0.7306763591913771], [8867752, 0.786154602058239], [8930267, 0.72795107325283], [9004564, 0.7615722132616219], [9059543, 0.8045187308128482], [9139766, 0.7617364897643931], [9141317, 0.7040359610337313], [9157328, 0.6997277875945215], [9263869, 0.7570356933705431], [9273076, 0.7280523854848638], [9277305, 0.7278512730291528], [9302958, 0.7377151204116982], [9404689, 0.7472749076254336], [9405530, 0.7082799596899485], [9615163, 0.8033184056168948], [9619190, 0.7844657097520946], [9621311, 0.7563750566636592], [9658788, 0.7559592011478405], [9658855, 0.7499820123585659], [9699100, 0.7921089241303718], [9740461, 0.7262921914158882], [9742810, 0.7320413941432048], [9743259, 0.7206744692100199], [9783322, 0.8127974180782618], [9783343, 0.7572801167618903], [9796230, 0.7361646538880892], [9815421, 0.7949428976696997], [9817890, 0.7584057201352883], [9833903, 0.8254686159650021], [9836358, 0.7808556658436276], [9842755, 0.7573252709281016], [9856730, 0.6947927931782397], [9875407, 0.7922874327878257], [9882986, 0.8095984692043146], [9891355, 0.8074561167249181], [9891356, 0.7841857426795364], [9893567, 0.7871902778181499], [9897710, 0.7563875619829211], [9914723, 0.7964934344985924], [9915924, 0.6789865424870672], [9936627, 0.702045748602758], [9938584, 0.72098022553146], [9939987, 0.7099760012286739], [9940712, 0.682260166525936], [9962717, 0.6953062507239146], [9964840, 0.7171492943956321], [9964883, 0.7022467569685035], [9981136, 0.8056760179185474], [9981221, 0.7954886291387527], [9981784, 0.7441819963745224], [9984873, 0.8203590133298251], [9984874, 0.7819179574234877], [9985099, 0.7684499484300873], [9986402, 0.8223253484212637], [9986403, 0.7526876432494547], [9992274, 0.7503562532824437], [9993977, 0.9106356351351662], [9994194, 0.7132549443821089], [9995793, 0.8699523638293989], [9996524, 0.8034085329850627], [9997501, 0.8416133036945252], [9998014, 0.8840309630720135], [9998051, 0.8747840853473676], [9998692, 0.8008613427556751], [9999085, 0.9596918370036083], [9999208, 0.6698373182990831], [9999211, 0.4497330032233957], [9999652, 0.8824893060388493], [9999661, 0.7956034801076404], [9999663, 0.6908178199638791], [9999672, 0.588109606458422], [9999677, 0.527968983749757], [9999734, 0.6200832065231628], [9999839, 0.7982355167563598], [9999840, 0.7548426732341778], [9999849, 0.6216103021961521], [9999944, 0.8369434621540155], [9999963, 0.8088084197647804], [9999972, 0.7142435315270816], [9999973, 0.49548303343202693], [9999980, 0.553663638899089], [9999988, 0.3942863079224389], [9999993, 0.6274592070464804], [9999996, 0.24587085446285217], [9999999, 0.8237440730154646]]}