{"seed": 483722167, "N": 10000000, "alive_speed": 0.9297190048020215, "non_threatened_speed": 0.9297192837177788, "survivors": [[2, 0.9297192837177788], [31041, 0.8360721570365628], [452300, 0.7645795225536806], [2035681, 0.764291084971735], [8608892, 0.7632157965987362], [9228273, 0.7615757499981596], [9939986, 0.676958096766522], [9999987, 0.4416621005277256]], "still_alive": [[40812, 0.7702521820633159], [452295, 0.7905922053708732], [549211, 0.7509156952061191], [1032598, 0.7464526944437502], [1699701, 0.7778589943734094], [2035606, 0.7705370823205812], [2289440, 0.7533750654510345], [2341591, 0.7423284365180017], [2341676, 0.741649533579828], [2342637, 0.7194287135734981], [2711762, 0.7547943792931143], [2856487, 0.7635172065573922], [3114088, 0.7598461470951139], [3277605, 0.7764725005044247], [3338868, 0.7684356753112507], [3544841, 0.7842660648975404], [3585268, 0.7460178357437727], [4265285, 0.7677123907491404], [4802594, 0.7672179940172132], [5347151, 0.7657336992435904], [5576020, 0.7620762786503439], [5641983, 0.7404826149654935], [5763284, 0.748963197070862], [5958965, 0.7726190384288714], [5970874, 0.758691746689142], [5980895, 0.7427109722025932], [6103064, 0.7558092290119902], [6105531, 0.7513404826297431], [6107402, 0.7462329397945962], [6207749, 0.7331027096977922], [6403658, 0.7693495816560602], [6456803, 0.7291421926618608], [6819216, 0.7938629416250553], [6943949, 0.7929393083312642], [7066126, 0.7681139028353032], [7093563, 0.7490262379531936], [7741792, 0.7744589012919125], [7825389, 0.7954361107814925], [7825662, 0.7909272440270684], [7827929, 0.7716717463637294], [7900682, 0.7536473296647807], [7905559, 0.7484573331256863], [7909058, 0.7399540717605827], [8033099, 0.7842484696573598], [8033106, 0.7766748587904971], [8041847, 0.7425410248840975], [8168686, 0.7876664122385484], [8395863, 0.8054497622567653], [8403874, 0.7634326009027036], [8594217, 0.7656856985344207], [8678625, 0.7616914178344827], [8678820, 0.7212282718733725], [8681203, 0.7182315263119428], [8723070, 0.7329493415667935], [8843583, 0.7904641534922274], [8869760, 0.8059184684075225], [8985451, 0.8090279955036436], [9038014, 0.7890275509686253], [9038149, 0.7643405739848882], [9064792, 0.7725911317086461], [9064823, 0.738825411285122], [9064824, 0.7347671424813818], [9067465, 0.6980782250643403], [9149722, 0.7599354044433015], [9227909, 0.7720956192512398], [9227912, 0.7655536567089725], [9294522, 0.7554511993695368], [9396989, 0.7909539889541203], [9397234, 0.7423224715531013], [9397419, 0.7211331301134656], [9461116, 0.7308081498448191], [9512659, 0.7576721831904125], [9521640, 0.7239401482032218], [9565697, 0.7920981784131534], [9569370, 0.7645706087319181], [9587679, 0.7963310764825163], [9587712, 0.7946315358944144], [9592703, 0.7813839467570313], [9595072, 0.7525827669092146], [9619705, 0.7894955821053931], [9620306, 0.775860935952813], [9620873, 0.7507469905062314], [9642160, 0.7713947910215087], [9716221, 0.7809761139752861], [9720418, 0.7493569980824857], [9722189, 0.6970658295054264], [9768722, 0.7616390451188358], [9790367, 0.8315886565454692], [9790378, 0.8302905549623842], [9801937, 0.805864583883104], [9801950, 0.788254909407334], [9805713, 0.785037667259935], [9805926, 0.7416807277808005], [9825853, 0.8090123798538681], [9830400, 0.7854952643808429], [9834431, 0.7365446889354048], [9844156, 0.7736742965403596], [9847283, 0.77536479884252], [9850564, 0.7878713709067586], [9852787, 0.7894913220498647], [9855334, 0.7744742344303431], [9855335, 0.769429807535693], [9855342, 0.7511919276618937], [9867123, 0.7643443602511661], [9867136, 0.7639806025380114], [9868415, 0.7615872363818955], [9877480, 0.816217938002919], [9877771, 0.7791479396058758], [9883778, 0.769818312408126], [9889843, 0.7797207985512521], [9893900, 0.7710081669177542], [9913883, 0.8601363093136015], [9914620, 0.7610294321927762], [9919563, 0.770483836774271], [9926328, 0.7233553038669654], [9932707, 0.7891007738591883], [9934956, 0.7947684033245975], [9939247, 0.7940911269312902], [9940115, 0.6451160921665937], [9954180, 0.6955825360064241], [9957981, 0.7236535625025314], [9958446, 0.7289334834233503], [9963635, 0.7632519512005175], [9965784, 0.6369344250091765], [9970675, 0.7039240207954042], [9972108, 0.6492301582101729], [9976985, 0.770900903253159], [9977856, 0.7224609595586395], [9978223, 0.7221873043366681], [9979792, 0.7011907126147988], [9981191, 0.7143152306568324], [9984386, 0.7953136183013629], [9987767, 0.7392260736948356], [9987902, 0.7269745686411213], [9988577, 0.7670906178004098], [9989284, 0.7553873836442118], [9989841, 0.7577696861409668], [9989844, 0.7456419483981825], [9990917, 0.8052726782045787], [9992280, 0.6635380036680768], [9995543, 0.7805880499355453], [9996010, 0.8647806484747306], [9996589, 0.6558426867786686], [9998020, 0.8706004504136152], [9998879, 0.8166654273841661], [9998918, 0.7807238926772427], [9998923, 0.6737841566907307], [9999228, 0.7914627558820435], [9999339, 0.7065051308936745], [9999536, 0.8251907435245697], [9999539, 0.8196292695037903], [9999544, 0.805419148161063], [9999559, 0.7952953650353816], [9999564, 0.5349485570544195], [9999611, 0.5496993577112215], [9999874, 0.6611371654126621], [9999939, 0.9437488525091428], [9999966, 0.6592468836425338], [9999985, 0.736053065878382], [9999986, 0.6893792906524971], [9999988, 0.33725689520621704], [9999995, 0.7167879828913115], [9999996, 0.8686426698213026], [9999997, 0.502620804589328], [9999998, 0.5009835549448453], [9999999, 0.9610794872936074]]}