{"seed": 177791789, "N": 10000000, "alive_speed": 0.8007222990057834, "non_threatened_speed": 0.8007225392225211, "survivors": [[2, 0.8007225392225211], [398583, 0.7594452132685761], [402604, 0.7590413866181979], [9990101, 0.6706322741574801], [9999950, 0.5754121609488121], [9999973, 0.5000338284230423], [9999984, 0.41332846582109783], [9999993, 0.22823392970489675]], "still_alive": [[436031, 0.7568113130070878], [723674, 0.7779564094369218], [1343817, 0.7560319863393966], [1406372, 0.7563006989937329], [1755969, 0.73417294673096], [3267268, 0.7374210868534549], [3525731, 0.7585425319862674], [3756588, 0.7656522859677751], [3821163, 0.772390501968106], [3850236, 0.7617408723697452], [3850237, 0.7501168920432253], [4251030, 0.7865537776148821], [4280015, 0.7828527459445338], [4349526, 0.771426587771332], [4646833, 0.7544192050176436], [4724532, 0.7414922421028497], [5085317, 0.7672966543431186], [5196504, 0.7591291701475852], [5460651, 0.7794781012380834], [5613092, 0.7953500743457607], [5644847, 0.706898441008024], [6110630, 0.7337316452645896], [6285895, 0.7668683906138883], [6455308, 0.7903174158114707], [6528711, 0.7996169950546641], [6529466, 0.7726511885354249], [6529613, 0.7398670939640447], [6529698, 0.7183745469026414], [7040919, 0.7549008910238473], [7156244, 0.738516356721168], [7299075, 0.7511425093358196], [7299224, 0.7481821582882547], [7374297, 0.7684103496094317], [7471594, 0.7905028936479217], [7518289, 0.7988098758202542], [7518308, 0.7572095955677485], [7572075, 0.7684227824578461], [7580750, 0.7474462100308819], [7582041, 0.732936273847507], [7585320, 0.7295809655785043], [7734265, 0.7636539824117683], [7743618, 0.7575584759493877], [7743619, 0.756288116908542], [8038478, 0.7726088786614586], [8093623, 0.7936146418745696], [8103778, 0.7940957641264592], [8139425, 0.7732008422292306], [8209112, 0.8028120168279432], [8209349, 0.7669410383921653], [8313260, 0.7874616134706383], [8334499, 0.7960460224953502], [8401468, 0.7356845903629682], [8414853, 0.7341076625076761], [8686640, 0.7925904863550516], [8707519, 0.7918559614594625], [8712984, 0.7573266044950203], [8721537, 0.7359860173283852], [8721808, 0.7253969473430751], [8796325, 0.7575772301263652], [8876144, 0.7794163342359489], [8880909, 0.7757902282652497], [8880926, 0.7657371461712675], [8880935, 0.7440778461518117], [9007990, 0.7505540134116597], [9113591, 0.7635160722701383], [9166130, 0.7640700913883202], [9166993, 0.7605983848950557], [9195534, 0.7617936446886341], [9196359, 0.746696702206984], [9284136, 0.837314976436046], [9351225, 0.8284158644570836], [9351312, 0.7725623944906954], [9353343, 0.7607142447380267], [9404864, 0.6873272904960315], [9452565, 0.7134286304010173], [9524878, 0.81511478492445], [9525433, 0.7856142879454638], [9553224, 0.788857481074759], [9553245, 0.7602704898057637], [9564192, 0.7584819071474013], [9573183, 0.769292076332186], [9597346, 0.7973071054740627], [9598825, 0.7862201998763922], [9598900, 0.7594430281814833], [9632377, 0.7458276432261831], [9635984, 0.7301165582576126], [9661471, 0.7751224389073315], [9664746, 0.7785085398051034], [9673201, 0.747194878162157], [9673262, 0.7030145756397064], [9678339, 0.686680796890165], [9735444, 0.820834296857379], [9762741, 0.7812971824674805], [9767756, 0.7687290632288907], [9788441, 0.8073017918329495], [9788444, 0.7775756949491632], [9797529, 0.7580189483199071], [9797530, 0.7256540370665023], [9813617, 0.7686298681148015], [9813842, 0.7464113511788772], [9829455, 0.8136978970059286], [9829890, 0.7870490012058139], [9829909, 0.6982767700568283], [9837264, 0.7080190646466696], [9837275, 0.6829826720930479], [9837534, 0.6825984685988673], [9837931, 0.6674516302458595], [9859830, 0.7391754894885629], [9860055, 0.7306099777964754], [9860276, 0.6930287454503847], [9862695, 0.690375619334609], [9874778, 0.6751816039844352], [9894195, 0.7713786257387303], [9913712, 0.8293390142257369], [9913831, 0.7672010908690882], [9922520, 0.7907107994950646], [9927599, 0.7958990684165441], [9933116, 0.7079207532314817], [9947263, 0.7213442647047066], [9952078, 0.784159926153176], [9953043, 0.7182692048733105], [9963022, 0.757036201620415], [9963029, 0.6970702651919827], [9964782, 0.688483329600399], [9967171, 0.7366022318019102], [9972224, 0.80674056196826], [9972695, 0.72121049949672], [9976686, 0.805254091763852], [9976791, 0.7971521832652436], [9977958, 0.7544735880960383], [9981769, 0.8026867956231026], [9982188, 0.7620043427944633], [9982385, 0.7128076187531007], [9982546, 0.7058154094353194], [9983877, 0.7516912282362986], [9983896, 0.6244777130447612], [9989649, 0.7956943034144706], [9989798, 0.7925788055078418], [9989837, 0.772534982330111], [9989842, 0.7565927647047765], [9990134, 0.6441158487248012], [9991109, 0.609045715246991], [9993666, 0.8420031765267978], [9993691, 0.7178816865049554], [9994466, 0.751088639400202], [9995117, 0.7389192743684992], [9995402, 0.7840874019363031], [9995473, 0.5652042737020865], [9998030, 0.8882201282698102], [9998031, 0.8427700122827185], [9998112, 0.8705752002204095], [9998143, 0.6894667164255581], [9998482, 0.8292623607175662], [9998491, 0.6502722916362668], [9998510, 0.6235714170381526], [9999473, 0.825982014120067], [9999474, 0.8238904871303563], [9999697, 0.641212235689443], [9999698, 0.6009375458883613], [9999699, 0.5443444287576836], [9999822, 0.8959676869096626], [9999847, 0.8989110498345559], [9999850, 0.729747888454085], [9999851, 0.6951437601031107], [9999852, 0.6918322984972392], [9999855, 0.6315809837614399], [9999898, 0.7573250433695283], [9999917, 0.9274513196977956], [9999918, 0.9211254437253705], [9999925, 0.9795243030377657], [9999930, 0.9533567657746509], [9999933, 0.7178703691501421], [9999936, 0.6682955587372775], [9999945, 0.6786938952941775], [9999959, 0.4767426975339597], [9999970, 0.5068753114398051]]}