{"seed": 928126087, "N": 10000000, "alive_speed": 0.9804314177309742, "non_threatened_speed": 0.9804326922933467, "survivors": [[12, 0.9804326922933467], [135, 0.8288051662505403], [174424, 0.7643170675571973], [2760853, 0.7636520698845748], [7579336, 0.7491136330689381], [9819533, 0.745873503390957], [9824100, 0.7422429970729865], [9824333, 0.7343122793489397], [9933534, 0.7299428904430864], [9999449, 0.6956268854090283], [9999452, 0.6940692293611347], [9999805, 0.6162467429915682], [9999870, 0.5949414572926591], [9999989, 0.4495727697811339]], "still_alive": [[197509, 0.7604168876544062], [209402, 0.7479104022215752], [486855, 0.7599603380130412], [492276, 0.7494689802581952], [536137, 0.7506073727370144], [810130, 0.745570575820056], [811905, 0.7419417333002469], [1116320, 0.7623387386201884], [1710187, 0.7908477825000834], [1710932, 0.7764417159494541], [1896379, 0.7615703734005125], [2760816, 0.810062864215112], [3112412, 0.7667366252470152], [3129883, 0.7671262299357651], [3230872, 0.7564479847908978], [3249007, 0.7414319416847144], [3861812, 0.7730535040907002], [3915741, 0.7610207567673702], [3932266, 0.7581332556625292], [3932271, 0.7400688119619447], [3932738, 0.724506892297484], [3937021, 0.7245368405798674], [4225876, 0.7587333821756721], [4261179, 0.7630503711459993], [4397422, 0.7630459899242236], [4439223, 0.7683802219165994], [4463208, 0.771237280163017], [4529091, 0.7509064250228599], [4820116, 0.7846192051447904], [4828283, 0.7763447898162553], [4988678, 0.7472702339544085], [4988869, 0.7429957081622502], [4988870, 0.739681139644471], [5178051, 0.7682464319694896], [5381738, 0.777880909382724], [5381773, 0.7686396405964061], [5577512, 0.7782595193819927], [5607609, 0.746252422790856], [5738176, 0.7674214565054357], [5801627, 0.7703933410389054], [5976866, 0.7780672977359024], [6210751, 0.7797252712550349], [6301336, 0.7865260346146797], [6395367, 0.7821706010068722], [6426456, 0.7683450651624317], [6467899, 0.7734790604945974], [6649892, 0.7965455223497665], [6651975, 0.7523639380676425], [6653260, 0.7518522919202424], [6670311, 0.7297249966360564], [6929246, 0.7633461880407308], [6938061, 0.7631785042859938], [7279704, 0.7659436382986713], [7310411, 0.7578488759562624], [7315404, 0.7588854550511699], [7366451, 0.7507050175204992], [7459532, 0.7742550257831793], [7459533, 0.7670767624228375], [7691471, 0.7276239372116328], [7691472, 0.7265944866994165], [7753535, 0.7173492744333048], [7757728, 0.7035472360564551], [7903253, 0.7287820628511006], [7904602, 0.717753781398959], [8092725, 0.7653670562960233], [8092864, 0.7569183361044491], [8093009, 0.7511000719026414], [8409004, 0.8271866947997067], [8413061, 0.8210156629020968], [8413560, 0.8210884926959022], [8430705, 0.7642570789771018], [8432296, 0.759225353034154], [8432383, 0.7222817066272406], [8511402, 0.7492894259606482], [8545371, 0.738928238576157], [8682834, 0.7568032445961727], [8691607, 0.7584239101682901], [8692252, 0.7404903563750068], [8718491, 0.7473634058336706], [8819034, 0.7781592226421673], [8833357, 0.7494347936096216], [8963728, 0.753471238312455], [9153069, 0.7475940683498639], [9199110, 0.7879606497770361], [9229725, 0.8104485237275274], [9265570, 0.7939974384439127], [9274535, 0.7562546714181574], [9293390, 0.7437673203418455], [9350335, 0.7388571773671697], [9399092, 0.7720944006561432], [9418871, 0.7746790512097942], [9495502, 0.7453567622982061], [9495617, 0.7408670232078558], [9496118, 0.7350084628834106], [9539403, 0.7451507251273144], [9552800, 0.7513760304790114], [9553689, 0.7400948573974367], [9594882, 0.7731044293590961], [9599127, 0.7658179092616656], [9600044, 0.7449151874778412], [9608381, 0.7237348184881062], [9648866, 0.784200514828566], [9650687, 0.7431644099973969], [9699594, 0.8200709895782248], [9699841, 0.8082394760540984], [9703632, 0.7732046232242892], [9718983, 0.7830967014460855], [9743268, 0.7979971529987044], [9775741, 0.7693364105328893], [9814532, 0.8286650233643138], [9814537, 0.7737620530750544], [9819302, 0.752897408220274], [9850580, 0.7393482729442078], [9850581, 0.7097245898838654], [9855124, 0.7095686009549668], [9873289, 0.7961924511617428], [9875980, 0.7698120393638422], [9888729, 0.8398114557067651], [9893720, 0.7974887361792825], [9893891, 0.7611398743572841], [9901348, 0.7291797113402548], [9901367, 0.7258509727203268], [9916722, 0.7408259856448218], [9932097, 0.7863260333790176], [9933518, 0.7569858134118314], [9933521, 0.7567432290459989], [9940241, 0.7276011729362725], [9940478, 0.7270366108293569], [9945629, 0.6717417105602401], [9963746, 0.7903824730218576], [9964011, 0.7647586701835059], [9964020, 0.7224808945624769], [9974971, 0.8215130418235932], [9975002, 0.8004482382060101], [9975003, 0.7669629519691491], [9975056, 0.7458830463762014], [9975159, 0.7442618148668636], [9977512, 0.7346882062498867], [9985485, 0.7188015407095477], [9985598, 0.7238260981052482], [9988935, 0.7563459546405171], [9990396, 0.7499588863979949], [9990477, 0.7254400511502308], [9990520, 0.6768024866502871], [9993413, 0.860287890398221], [9994400, 0.8689678966871979], [9994479, 0.7808213315618528], [9995964, 0.7205405285909854], [9997347, 0.7963486869364399], [9997622, 0.7430297250056184], [9997709, 0.7616426823127908], [9998006, 0.6943809127577529], [9998425, 0.7245035648503962], [9998854, 0.789776331153869], [9999083, 0.9417377439142443], [9999114, 0.9188288764440463], [9999133, 0.9014682602413686], [9999136, 0.8391192327018223], [9999137, 0.7773817832803331], [9999138, 0.7549837944296399], [9999495, 0.5983927402743154], [9999508, 0.6080042864912808], [9999681, 0.9020587772741068], [9999752, 0.6604641296812357], [9999755, 0.6374148322058157], [9999764, 0.6447338937435735], [9999935, 0.512394688947501], [9999936, 0.4638395898311013], [9999939, 0.3084504515141949], [9999946, 0.3399736719577091], [9999973, 0.5590887989728995], [9999984, 0.5839321053648107], [9999992, 0.17008062681944014], [9999997, 0.3627797951105102], [9999998, 0.5167344224459792], [9999999, 0.9271375406350635]]}