{"seed": 917, "N": 10000000, "alive_speed": 0.9953032908715536, "non_threatened_speed": 0.9953069735069874, "survivors": [[36, 0.9953069735069874], [37, 0.8994700790920251], [266, 0.8597307509014822], [200791, 0.7789707735970451], [1372296, 0.7775193119937855], [1380407, 0.7677338978011518], [1380412, 0.7619610146827133], [1395703, 0.7556274288429886], [1437664, 0.7486763877734465], [5690215, 0.7483732037540148], [9912720, 0.7424413174214509], [9981301, 0.6667419360489124], [9999532, 0.6254308435918835], [9999791, 0.6086020783267243], [9999976, 0.5926628913247121], [9999995, 0.3811609825674641]], "still_alive": [[504110, 0.7626457488336074], [1291083, 0.7761313067331053], [1479363, 0.728612204118131], [1486050, 0.718966605338092], [1937687, 0.7583441453617915], [1937758, 0.7423217731819115], [2192367, 0.7476307708864246], [2238260, 0.7314134308844018], [3481541, 0.7671430141421741], [3483058, 0.7594589098604202], [3626611, 0.7603785449604662], [3877700, 0.7698397141300307], [3880233, 0.7563603827212054], [4008894, 0.764608298589182], [4009881, 0.7546792580318407], [4214796, 0.7777917628365707], [4355411, 0.7882937366280365], [4362822, 0.7747843669288692], [4363655, 0.7352347513208218], [4687130, 0.7632753111550127], [4991095, 0.805652863280389], [5022974, 0.759192998943833], [5024969, 0.7425332175565421], [5509952, 0.7567203318709079], [5573647, 0.7510205519982547], [5690198, 0.7525824559272093], [5690236, 0.7394508032538591], [5861459, 0.7472888049628148], [6182306, 0.7567247661605769], [6246651, 0.7602010753388295], [6279674, 0.7163566479104884], [6324277, 0.696960548012284], [6985582, 0.8012900471009714], [7221535, 0.7791471351091526], [7376024, 0.7829793919347056], [7440263, 0.7846784107555188], [7441840, 0.7333808491375906], [7442023, 0.7333866099045764], [7502886, 0.7501079820947328], [7621679, 0.7503389765112221], [7682274, 0.7170867051342673], [7764555, 0.7422864733945639], [8043286, 0.7950202416264436], [8043393, 0.7372560825808554], [8053900, 0.7136722082115502], [8060001, 0.7084381545326306], [8060012, 0.7062034130975645], [8066655, 0.7028663213893258], [8296676, 0.7595767699288885], [8471473, 0.8049082467231576], [8507558, 0.758351064537621], [8542855, 0.7570701519446604], [8628328, 0.7490837229867912], [8629675, 0.74378259792168], [8728602, 0.7337704729123633], [8825841, 0.7768050238073271], [8920788, 0.7946611791174967], [9006139, 0.8323533089043128], [9008350, 0.8160551410271514], [9036797, 0.7428878067775405], [9089506, 0.7574179900413474], [9090811, 0.7533789232566372], [9091258, 0.7439090085741551], [9091339, 0.7415012444267791], [9187458, 0.7657141744422841], [9244107, 0.7539320910765885], [9292886, 0.7452882280437721], [9292923, 0.7328003735402264], [9410266, 0.8241538156508978], [9413473, 0.8268650775361084], [9413488, 0.7579445263561614], [9417843, 0.7597457093921187], [9483444, 0.7950146011491853], [9483451, 0.7504149523857937], [9496820, 0.7688696377296245], [9496939, 0.7305517822724613], [9502786, 0.7307184413444852], [9567975, 0.7930280416169845], [9578800, 0.7912604847608883], [9578951, 0.7648996811586656], [9609794, 0.7661453641905585], [9610859, 0.7507641823755283], [9653288, 0.8254023849663238], [9653365, 0.8082855844270264], [9653570, 0.77069481729695], [9655105, 0.7715817640895579], [9655440, 0.7377361286072083], [9665043, 0.7442162358440007], [9672176, 0.746052591967409], [9716201, 0.8286484626368213], [9735296, 0.7968538783259069], [9738079, 0.7861898441759928], [9738746, 0.756091061774009], [9777409, 0.7925420420897404], [9783318, 0.7737904269159435], [9783319, 0.7522653341390876], [9784036, 0.7147894927096492], [9790323, 0.7067829826088851], [9810792, 0.7583240893330553], [9821513, 0.7623040681222246], [9829520, 0.7392662961062406], [9850473, 0.8302622344672311], [9850530, 0.7895496650936525], [9874913, 0.8241685128526122], [9874914, 0.7503967125625006], [9890771, 0.8243819858709479], [9890900, 0.778698713731757], [9890909, 0.7573120153725958], [9910998, 0.815468041540584], [9912471, 0.7605031734855517], [9917021, 0.729487246261986], [9928218, 0.719916008521253], [9934783, 0.7477944124464937], [9935324, 0.7352338149569426], [9940709, 0.7404096093193757], [9947308, 0.7575689619422052], [9951697, 0.781964766178732], [9953926, 0.8029390325025535], [9954083, 0.7993066390653387], [9954398, 0.7803317444355269], [9957959, 0.7708614580677224], [9959732, 0.6770227571486158], [9963755, 0.7471132540184049], [9964162, 0.753857719050092], [9964315, 0.7176012281225118], [9967360, 0.7747032788963383], [9969573, 0.7253160385706388], [9975572, 0.7455879818311725], [9978541, 0.835618944863011], [9978604, 0.7739636865049587], [9978841, 0.7799973136743771], [9979176, 0.7355718357696968], [9983876, 0.5651725605974421], [9987427, 0.7003296154328361], [9988166, 0.7414295266480041], [9989729, 0.7106875093319039], [9990298, 0.6842660504232219], [9990625, 0.6622771201817006], [9991868, 0.6749359658782255], [9992923, 0.7589128051129678], [9993226, 0.7462732489534565], [9994451, 0.6330503775033597], [9995698, 0.7829293326549163], [9996309, 0.8292698962296005], [9996310, 0.7553105340888063], [9997157, 0.7801084605007911], [9997172, 0.6542636179360909], [9997487, 0.6699143158879105], [9997888, 0.7528729150671838], [9998063, 0.6885199345107024], [9998098, 0.6624191158396072], [9998553, 0.7020627406765536], [9998738, 0.7678599696583103], [9998781, 0.6434184921021919], [9998794, 0.6341714167943344], [9998973, 0.7067773425990637], [9999020, 0.6979326502066848], [9999125, 0.7255453645213823], [9999302, 0.7434436577325659], [9999525, 0.8322525645749819], [9999526, 0.7669348222636061], [9999527, 0.7336742150467955], [9999551, 0.5794239602074095], [9999790, 0.7465667215543723], [9999800, 0.6176182788126777], [9999837, 0.6976896949497396], [9999844, 0.5431951834239452], [9999853, 0.49953151889022074], [9999858, 0.39720217527031976], [9999945, 0.8049256468778304], [9999962, 0.6758742342282693], [9999971, 0.663400280139332], [9999979, 0.542991339208027], [9999994, 0.9596012063067694]]}