{"seed": 177791907, "N": 10000000, "alive_speed": 0.9387795135301302, "non_threatened_speed": 0.9387799829200747, "survivors": [[4, 0.9387799829200747], [11, 0.9333131598067238], [9634562, 0.7609350626486514], [9778167, 0.758107663901578], [9782930, 0.7387068208296504], [9999803, 0.6653504892348377]], "still_alive": [[74544, 0.7443721371151862], [564155, 0.762192848067239], [814324, 0.7808850006418199], [1036913, 0.763188963144804], [1036920, 0.7589153850763475], [1096497, 0.7627478668449685], [1105518, 0.747158628447929], [1449655, 0.7749866758739719], [1977414, 0.753516076883431], [2210183, 0.7545327141715961], [2742098, 0.7756114420183153], [3649195, 0.7542932849011101], [3649442, 0.7414173986537079], [3865543, 0.7672435499782773], [4194860, 0.7835996552159239], [4567607, 0.7805349461032363], [4719584, 0.7374927110267491], [5073205, 0.726512820219275], [5339610, 0.7409951336726351], [5339915, 0.7393315110877944], [5745698, 0.7511516363692587], [6209215, 0.7671458336512089], [6221512, 0.7632718351970376], [6387741, 0.7454522118609365], [6439158, 0.7492254130993181], [6502393, 0.753707305748104], [6540102, 0.7229453297483334], [6648833, 0.735438016294833], [6648872, 0.7289738674723428], [6915249, 0.7310025473745059], [6915734, 0.7219614146700367], [7074677, 0.737591428473114], [7083608, 0.7101420500696248], [7566061, 0.7645871085077887], [7750232, 0.7327491948658211], [7889433, 0.7770465647781101], [7932536, 0.7719097500341173], [8056467, 0.7569732395815649], [8081744, 0.7357954344414185], [8237055, 0.7616180526783592], [8239106, 0.7513997632943408], [8308317, 0.7691544041399788], [8308382, 0.7625897338937249], [8532307, 0.8245470540053155], [8553244, 0.827907562627604], [8553495, 0.7683185433875266], [8626256, 0.7654207026558827], [8737521, 0.8161003321402582], [8758166, 0.764033711275083], [8758491, 0.7160384509608086], [8882762, 0.7928739492664131], [8884565, 0.7711299742666236], [8890014, 0.7670486472973932], [9001265, 0.738836326970583], [9053902, 0.7663715104572683], [9054823, 0.7566707112471287], [9068848, 0.7633457550762925], [9068849, 0.7413717946038821], [9068984, 0.7398276516556199], [9163875, 0.8062603289260298], [9163880, 0.7975087396291156], [9185395, 0.7603334310377047], [9187002, 0.7613084325445626], [9187097, 0.7451476113884704], [9297660, 0.8026919089556106], [9297687, 0.7991282446353994], [9298060, 0.756116203206932], [9384421, 0.7800441719373226], [9387918, 0.7530883598833388], [9427041, 0.7445977393868306], [9454776, 0.7741891536950296], [9454937, 0.7167761798172477], [9468356, 0.7233108465978233], [9468359, 0.7225993818769747], [9469992, 0.7134772905576615], [9558353, 0.7805494515660578], [9580748, 0.7652540784631668], [9583969, 0.7640220563398613], [9585788, 0.7596032003591283], [9587395, 0.7266250244044108], [9619184, 0.7744966093459649], [9627513, 0.7633578711741563], [9660121, 0.746218283470885], [9684380, 0.7641185333969243], [9691923, 0.7795676691521121], [9730312, 0.7670774960300141], [9769947, 0.7784076653933936], [9775990, 0.784637415342939], [9798377, 0.7486385078228428], [9827356, 0.8245863025459588], [9829063, 0.7227641524839241], [9830388, 0.7070959571251024], [9842043, 0.7345417146448605], [9844008, 0.6991245945393665], [9850213, 0.7259246469889322], [9851596, 0.7300802966179544], [9874797, 0.7467808797927179], [9875578, 0.7448762273565532], [9884343, 0.7704740735367864], [9888990, 0.7355682650476872], [9901311, 0.7805945301941474], [9902106, 0.7148221331573411], [9902113, 0.684572607674614], [9902376, 0.6736615392224277], [9909253, 0.6895527062445463], [9911098, 0.6947635831539726], [9918195, 0.7341914758580228], [9928908, 0.7825742926454489], [9938283, 0.8564656752899715], [9938328, 0.8539597328274405], [9941197, 0.7567196139368533], [9943078, 0.7212802032079717], [9952399, 0.7395489854479289], [9952400, 0.7319060232951916], [9958253, 0.7026457624515098], [9960766, 0.7255530261718122], [9968483, 0.6910426477333359], [9971758, 0.7491723663460985], [9972029, 0.7026476747839672], [9973042, 0.7002875299396267], [9976039, 0.6909531339580716], [9980748, 0.7279425414615558], [9980749, 0.7202734958043028], [9982790, 0.764086073159473], [9984315, 0.8320080081274953], [9986642, 0.7205018801172655], [9988457, 0.8309541593406383], [9988474, 0.7216742789284306], [9988527, 0.7103889975503364], [9988530, 0.6427376248660055], [9990437, 0.7519111478884966], [9991006, 0.7686394121838988], [9991613, 0.5979306892050394], [9993642, 0.6333423472110674], [9995211, 0.8075971041269161], [9995562, 0.8116673024151382], [9995763, 0.8270426870214526], [9995764, 0.7425162618263887], [9996923, 0.7529797721925766], [9997000, 0.7622463876348335], [9997053, 0.7287501135313239], [9997088, 0.7281843341749052], [9997089, 0.6929802907375987], [9997550, 0.6751576758535729], [9998083, 0.7944116098905734], [9998986, 0.6861343255816588], [9999377, 0.8991504593404708], [9999766, 0.8534613618883742], [9999806, 0.6580166132412111], [9999911, 0.7152627636294209], [9999950, 0.618332983477203], [9999953, 0.5316782950892757], [9999970, 0.7252884822461361], [9999983, 0.7769488603905571], [9999986, 0.8955542217482186], [9999995, 0.6575372335576091], [9999996, 0.6732445395319572], [9999999, 0.6232550305184623]]}