{"seed": 901, "N": 10000000, "alive_speed": 0.8355272811238629, "non_threatened_speed": 0.8356515424958059, "survivors": [[1486, 0.8356515424958059], [845891, 0.7955167167337565], [1316746, 0.7740549990283401], [9311213, 0.7434566082086331], [9999996, 0.3477569121384684], [9999999, 0.09014954245641016]], "still_alive": [[1495, 0.7552283052289326], [717836, 0.793936622996681], [1100558, 0.787097671152616], [1118447, 0.7875494856406439], [1754865, 0.749581543986812], [1855044, 0.7481766905583968], [2062511, 0.7488138165821869], [2848642, 0.7611435970505894], [3943353, 0.7712984873160009], [4038124, 0.7437458770810331], [4054271, 0.7401132043575902], [4333562, 0.7729130469370113], [4333805, 0.7454050724450704], [4683900, 0.7654736988590859], [4956727, 0.7736726291714052], [5058332, 0.7693658486908055], [5226461, 0.7067600067007932], [5786272, 0.7827641090717163], [5800493, 0.7706877479773598], [5921094, 0.790365017797805], [5921151, 0.788435323355493], [5925434, 0.7836011797589364], [6085251, 0.7709870859087747], [6149002, 0.7710167337576288], [6198337, 0.7514843857677096], [6530906, 0.7759656076588979], [6629559, 0.7401692462261997], [6650924, 0.7439035420353678], [6651019, 0.7383311815491902], [6757128, 0.7570974621379848], [6757917, 0.7373098171369648], [6951058, 0.745387143839501], [6971825, 0.7466734501953355], [7180540, 0.7735496652544183], [7477973, 0.7848815546583571], [7477996, 0.7688235828185045], [7481139, 0.746209613326505], [7514334, 0.7444052500394744], [7552861, 0.7453506825353774], [7564072, 0.7449412272485245], [7613035, 0.7534650744099866], [7665880, 0.6989172468900869], [7665979, 0.6839662667887053], [7905156, 0.7392841784977836], [7905175, 0.7362389231183919], [8092124, 0.7729477885801236], [8095321, 0.7699099882054036], [8095848, 0.754257056863243], [8212127, 0.7941235824500328], [8224436, 0.784766235675723], [8232941, 0.7431432170224913], [8314028, 0.7565404835057492], [8444801, 0.6962005717829124], [8593128, 0.7594120768620509], [8747701, 0.7990367656894397], [8750520, 0.7380819481278685], [8821425, 0.722143937221049], [8905458, 0.7684736193660097], [8905605, 0.7435153220236317], [8953608, 0.7718483694049304], [8959851, 0.7584617303911735], [8961158, 0.7482375542773573], [9084953, 0.7076803296518566], [9110114, 0.7192981188374811], [9192211, 0.7883432229286059], [9238718, 0.7542334106796968], [9243075, 0.7519460055154047], [9262338, 0.7552764313496677], [9301383, 0.7560746082616057], [9310096, 0.7468774005316487], [9356842, 0.7404218315636246], [9360171, 0.7349476788941278], [9381102, 0.7339866707439556], [9396021, 0.6836346548225731], [9396484, 0.6743765670090747], [9402493, 0.669704875744494], [9469842, 0.751378078005471], [9537205, 0.793670123577381], [9561082, 0.8196803820356924], [9561679, 0.8036473113094595], [9577012, 0.8136644447400544], [9579157, 0.7758588670385934], [9667638, 0.7811663665933505], [9695247, 0.7449289711597978], [9695248, 0.7410209435462105], [9702185, 0.7349794655315778], [9707782, 0.7280051448084673], [9718439, 0.7275777755489087], [9774938, 0.8115624118634615], [9774983, 0.7408491382495301], [9787120, 0.704142294892136], [9815235, 0.7986002200061804], [9840770, 0.77258149034193], [9843771, 0.7238595689619839], [9862306, 0.8071469004384509], [9863047, 0.7758972182362325], [9877414, 0.755599067651609], [9882333, 0.7803496105238639], [9898876, 0.8732644406736606], [9898877, 0.7295789683563203], [9914798, 0.8237815114970135], [9914835, 0.8075819530953509], [9914844, 0.8055073757907407], [9915653, 0.7382564538034909], [9915654, 0.7272863263292663], [9922823, 0.7671212889913316], [9929044, 0.7342749163074662], [9938557, 0.7893960121608438], [9940170, 0.6876974718910269], [9954719, 0.7836898798871609], [9960622, 0.7927906663833136], [9960625, 0.7250588103569643], [9976596, 0.7663172899399258], [9978093, 0.7210795092193246], [9979970, 0.6959471599075417], [9984819, 0.9073811833698713], [9984836, 0.7979907122867284], [9985149, 0.8136901915796462], [9987276, 0.8379378790316184], [9987379, 0.7773692657882595], [9989998, 0.6457472891887749], [9992489, 0.700185259261401], [9994798, 0.7738430405954771], [9994903, 0.7536177323851148], [9994912, 0.7096272877657617], [9994923, 0.6971672854548085], [9995300, 0.6634392387282114], [9995309, 0.6626123214281021], [9995970, 0.7555207362485642], [9996817, 0.8238239471701511], [9996900, 0.769464470288137], [9997387, 0.7696743727908361], [9997390, 0.7147316707404857], [9997391, 0.6061987985465292], [9997972, 0.723824759978762], [9998349, 0.7491446237543992], [9998486, 0.7892391423046685], [9998675, 0.8311543226458504], [9998676, 0.7843878126559931], [9998931, 0.9170792828630053], [9998964, 0.8399199108740728], [9999099, 0.8946879386694057], [9999118, 0.8533010904847109], [9999191, 0.7046254155175224], [9999270, 0.779590200217879], [9999433, 0.7745086343884909], [9999624, 0.8281567120008407], [9999643, 0.7170887856780946], [9999644, 0.661092257666076], [9999703, 0.6637542012972405], [9999784, 0.8058795294754751], [9999785, 0.8031781995186679], [9999832, 0.5835696356684578], [9999879, 0.7497790722144648], [9999930, 0.5857600005290436], [9999939, 0.5139698791043326], [9999974, 0.829928745874016], [9999981, 0.7220184099582045], [9999984, 0.8099599352304215], [9999985, 0.7527522803410758], [9999992, 0.9737676127480666], [9999993, 0.638762855233027]]}