{"seed": 177791814, "N": 10000000, "alive_speed": 0.8389446361279598, "non_threatened_speed": 0.8389680433340281, "survivors": [[278, 0.8389680433340281], [531, 0.8250611717324942], [778838, 0.7793166104206758], [1525665, 0.7777714998390264], [1790044, 0.7551514219871616], [9997401, 0.7183966387619531], [9997594, 0.7005405154483009], [9997849, 0.6929932732749938], [9998002, 0.6585884764078886], [9999959, 0.5999591627532892]], "still_alive": [[37700, 0.7402214161845684], [778487, 0.7922175852052259], [816289, 0.7450682006387128], [1273208, 0.7709359008569557], [1712172, 0.7797082603197478], [1788305, 0.7816744934421326], [1823983, 0.7539928719999265], [1823986, 0.7446150872225403], [2466121, 0.778115232831233], [2480978, 0.7773193777304943], [2703445, 0.7482880397842657], [3515804, 0.7531143425136474], [4231849, 0.7440044658716631], [4251476, 0.7083408863346403], [4441789, 0.722577234674473], [5085476, 0.7495742528469406], [5285183, 0.7525442736899309], [5329564, 0.7387871800540385], [5527911, 0.7649038003540867], [5575114, 0.7594843736853073], [5941285, 0.7461625341324435], [5992620, 0.739827223450782], [6145295, 0.7289695601734792], [6546946, 0.7930809187195356], [6633179, 0.7739968364297342], [6673284, 0.7823560419090497], [6753853, 0.7720942610593733], [6774986, 0.7617285376170485], [6868811, 0.7571237773629316], [7218944, 0.797021762606346], [7614939, 0.7919196781163316], [7614960, 0.7575759463543644], [7626597, 0.7460789479497322], [7803024, 0.7879558596284755], [7905879, 0.7675813288233954], [7975558, 0.7757873085441106], [7988215, 0.7671455976267367], [8011290, 0.7741075915912377], [8187637, 0.8320301583691732], [8422354, 0.7560585656150568], [8483847, 0.7189454283232259], [8689284, 0.7827646568572779], [8714355, 0.7648501993143831], [8714362, 0.750923361949665], [8807011, 0.7827073267941459], [8821002, 0.7560703749672497], [8824227, 0.7382514740777726], [8830362, 0.7333148838107465], [8839413, 0.7334730270060321], [8962802, 0.7635591151886074], [8999569, 0.7472937603780773], [9113130, 0.7502020455902045], [9206571, 0.7812358804732658], [9220746, 0.697411025530897], [9220895, 0.6968637466091115], [9339366, 0.7577517017959827], [9345619, 0.7319534764715309], [9356584, 0.7138380326728396], [9356649, 0.7079249358064844], [9438542, 0.7783726978616499], [9451475, 0.7305067360574998], [9487812, 0.7282918256839256], [9524203, 0.7836286514388373], [9525898, 0.7288452895295021], [9572073, 0.7355721729133031], [9608444, 0.7669575923050814], [9620109, 0.762463529729163], [9636566, 0.7898344496458067], [9689627, 0.7805965294321933], [9701170, 0.7921206908361139], [9717621, 0.7792524779520299], [9717926, 0.7690769031685176], [9719181, 0.7554754567157255], [9727762, 0.7683027392050328], [9727763, 0.7607638764372815], [9734446, 0.7446821972059087], [9755759, 0.7915386697490597], [9757732, 0.7924774274102744], [9757763, 0.7210185096613084], [9771318, 0.7339755790184087], [9780179, 0.757460932934556], [9780278, 0.7419198302668729], [9787933, 0.7190182431096777], [9787934, 0.7026634512073552], [9827045, 0.7864223679047606], [9858152, 0.7027123440943503], [9871489, 0.7747860386948852], [9871764, 0.723579809578023], [9871783, 0.7133780705999625], [9871790, 0.6937161174853073], [9891051, 0.7975460896610064], [9893738, 0.8114765448531164], [9907607, 0.7956925343173775], [9907614, 0.7541818190805829], [9910269, 0.7494476146064938], [9910482, 0.6910725374393358], [9929765, 0.7562004405715617], [9937124, 0.7329190593580045], [9940605, 0.7335008078095064], [9949942, 0.8309487440513221], [9951595, 0.759384310489152], [9951598, 0.697189527933873], [9962767, 0.8120229080984471], [9967014, 0.789201268952379], [9967759, 0.80479486718233], [9971120, 0.7897856912219219], [9971327, 0.7744862361728769], [9972650, 0.7555434607019672], [9974785, 0.7847644558603457], [9974822, 0.6577813046919068], [9978397, 0.759310147595906], [9981042, 0.8539726391683626], [9981085, 0.8357358601520722], [9985590, 0.889849995411052], [9986099, 0.8932695497335005], [9986108, 0.849029991761122], [9986263, 0.8501943918441174], [9986936, 0.7127401181822789], [9988179, 0.7087619523771755], [9988484, 0.7056536543171468], [9989855, 0.7859325799462736], [9989920, 0.7620592979106082], [9990419, 0.7695187541975703], [9992536, 0.6383593181489344], [9993843, 0.731337521152403], [9993888, 0.7033350275020666], [9994849, 0.7217357697116268], [9995952, 0.7874156759090559], [9996121, 0.7786546550931095], [9996132, 0.7760286919203206], [9996133, 0.6832362326086217], [9996144, 0.6224672919640555], [9996911, 0.6987073644852759], [9997320, 0.7443121418185756], [9998375, 0.5315183854395453], [9998984, 0.6668503337084016], [9999085, 0.6535902437491075], [9999398, 0.7985921057599941], [9999399, 0.7280329045553628], [9999536, 0.7848038036152077], [9999565, 0.7140915584062382], [9999588, 0.51713827523202], [9999719, 0.7236872555496257], [9999782, 0.8140724757848209], [9999833, 0.5686832467278023], [9999910, 0.6661109395574111], [9999941, 0.7519529926540042], [9999942, 0.5959072921716874], [9999972, 0.5724700262968803], [9999977, 0.6548780727985785], [9999994, 0.8893821331541739], [9999995, 0.9060321529200407]]}