{"seed": 800, "N": 10000000, "alive_speed": 0.9303721535676538, "non_threatened_speed": 0.9303739212779274, "survivors": [[18, 0.9303739212779274], [40433, 0.8021903330684209], [564198, 0.7643749817887233], [6928867, 0.7558099819890411], [9542868, 0.7400544348511031], [9622833, 0.7329829268169977]], "still_alive": [[75652, 0.762693613684647], [515625, 0.7803092221777133], [626003, 0.74192498933964], [626004, 0.7340166599093282], [1037437, 0.7612912954960449], [1194254, 0.7532339011331003], [1194273, 0.7135510296878489], [2488440, 0.7383604649531311], [2492529, 0.7379736182099309], [2542608, 0.7385259303221259], [2842627, 0.7651123583625917], [2934578, 0.7664975579417844], [3036655, 0.7461165172450337], [3284720, 0.7654542008367176], [3289383, 0.7535749481033852], [3289388, 0.7282132667490683], [3733443, 0.7758697545315236], [4214608, 0.7538242596044326], [4502467, 0.784461549035613], [4653452, 0.7621948675958444], [5111051, 0.789522835610492], [5298668, 0.7468035717163026], [5298685, 0.7300651074881549], [5875104, 0.7981633230596503], [6083873, 0.7768737431902174], [6127348, 0.772485915228712], [6147257, 0.7591210539558593], [6244010, 0.7777699350705066], [6280669, 0.7794222041789723], [6285166, 0.7649968205481755], [6291705, 0.7656531586889792], [6302802, 0.729212121640526], [6343333, 0.7105477872028297], [6557774, 0.7422808785608026], [6721751, 0.7679857873581105], [6927504, 0.7647563191275996], [6986418, 0.7207515207669477], [7424643, 0.739514647495388], [7445020, 0.7445574150770574], [7589651, 0.728779422744255], [7703362, 0.7324056058450991], [7781189, 0.7269073418577015], [7874152, 0.7574955322668943], [7874173, 0.7308953418334089], [7925432, 0.7109042325729747], [8180801, 0.8008632010227053], [8183130, 0.759083241059041], [8242281, 0.7676286498531395], [8287082, 0.784990372024521], [8308601, 0.785382020008995], [8461782, 0.7987003850789451], [8465699, 0.7815717763382938], [8465724, 0.758990053653891], [8477625, 0.7577745857329393], [8563456, 0.7386518656430198], [8703853, 0.7791821313252797], [8703866, 0.7738647085166931], [8720941, 0.7521739950215908], [8765362, 0.7199486061758793], [8879729, 0.7694511234435403], [8879734, 0.7600423899646008], [8935045, 0.7990956127341129], [8937482, 0.7586124470494392], [8948911, 0.7408128244848209], [8973682, 0.7577218638047697], [9051907, 0.7437149886906639], [9130488, 0.7536060051149818], [9130643, 0.7421699987738806], [9182864, 0.7561072919259871], [9211773, 0.7799766934238409], [9225908, 0.7479400058454733], [9303315, 0.7433544726829981], [9303336, 0.7194274076437873], [9325987, 0.7031115709748835], [9393230, 0.7786501556260337], [9393347, 0.7426247774516715], [9480728, 0.7856512492026498], [9533247, 0.8482510978713967], [9561403, 0.7064493024084638], [9622808, 0.7852156369403153], [9627800, 0.7039383733980075], [9641995, 0.7217874730280995], [9645242, 0.7122537073538383], [9724445, 0.739571969014895], [9736518, 0.7315372680565063], [9748549, 0.722944928790789], [9770498, 0.7580016842325753], [9787109, 0.7847181354996696], [9787114, 0.7475534964172058], [9789839, 0.6957872060554248], [9830014, 0.8243550061978833], [9846781, 0.7722054391322366], [9861300, 0.790922682832687], [9866011, 0.7828484269310572], [9877562, 0.7049323853108465], [9908829, 0.8369048671423432], [9909812, 0.7915110418282957], [9918777, 0.8341351997442397], [9918946, 0.7985130363049249], [9925737, 0.8008833099549306], [9925888, 0.6932609976089364], [9929705, 0.6476954463584944], [9943776, 0.7291108504245102], [9943795, 0.6993489343144536], [9944016, 0.6705737772101522], [9944021, 0.662489745095819], [9945214, 0.6683374142303157], [9959923, 0.801360955815805], [9961182, 0.7800668258135613], [9961899, 0.7233151770312726], [9969322, 0.8157586015916677], [9969881, 0.7438742827000047], [9970008, 0.6980345089102499], [9976609, 0.7240195413820422], [9977394, 0.6997499300719642], [9978013, 0.6857114451398679], [9982888, 0.771417337910363], [9983443, 0.7893841861026724], [9983458, 0.7798997163723688], [9983477, 0.7484616560641061], [9988196, 0.7788504378370781], [9988209, 0.7669857085614783], [9990822, 0.8424324166906115], [9990977, 0.6436324944225935], [9991826, 0.687946534622307], [9993751, 0.759271242038889], [9993760, 0.7151339050560548], [9993973, 0.6444225552360029], [9995052, 0.7648818736688705], [9995053, 0.7111793861427951], [9995702, 0.7735479858018185], [9996663, 0.8834278173639785], [9997940, 0.8340734360789628], [9998089, 0.8750668745771282], [9998136, 0.8420195006183389], [9998527, 0.817821935875261], [9998528, 0.7340679235086509], [9998591, 0.6381465522119265], [9999202, 0.7291498221307198], [9999215, 0.7206265518026586], [9999264, 0.714694434216534], [9999389, 0.6269666827219252], [9999446, 0.6769772451849213], [9999605, 0.9345343895594945], [9999608, 0.8708069960056775], [9999623, 0.8079546699959701], [9999624, 0.7734850637386282], [9999649, 0.683363534559309], [9999670, 0.7017430763298761], [9999681, 0.725842989535756], [9999758, 0.8742788611460118], [9999763, 0.7346834220439435], [9999852, 0.6680023499093386], [9999859, 0.6882834608339489], [9999894, 0.5905144250040631], [9999909, 0.6353920878653927], [9999936, 0.7794503194691782], [9999965, 0.5526498355894623], [9999976, 0.6944317536099064], [9999985, 0.3980864929164437], [9999998, 0.8065947551551742], [9999999, 0.7885293411394259]]}