{"seed": 810, "N": 10000000, "alive_speed": 0.9615932467418425, "non_threatened_speed": 0.9615935352198742, "survivors": [[2, 0.9615935352198742], [215, 0.9568889564216768], [1728, 0.9546223537874854], [4950719, 0.7406198095812419], [5684920, 0.733525786387269], [9991407, 0.6985826425004023]], "still_alive": [[13521, 0.7755111697894432], [75090, 0.7551224594893926], [712217, 0.7865611747417831], [751484, 0.7812490914332256], [817269, 0.766741411121045], [826960, 0.744290518553109], [838919, 0.7301635510272617], [1770604, 0.7629380070674814], [2151945, 0.7817010472966336], [2152024, 0.7721571340079022], [2155695, 0.7588690479870338], [2177540, 0.7441157951192229], [2188379, 0.7282719622112539], [2257924, 0.7337796078216208], [2571075, 0.7553279336897198], [3073200, 0.7701369258683712], [3098619, 0.7646670455634599], [3473622, 0.7701665728670947], [3592877, 0.7495049202317569], [3933310, 0.7850719492434303], [4070475, 0.76880593861717], [4070476, 0.7654623927422013], [4078805, 0.7294362991157621], [4475788, 0.780788123383137], [4813919, 0.8060383940628428], [4937638, 0.7930842676433058], [4960024, 0.7398396752245616], [5338163, 0.793649750775267], [5447526, 0.7289904175132494], [5683497, 0.7357518082911386], [5992285, 0.7498192695211859], [6076716, 0.7630367768858536], [6080071, 0.7572549834147622], [6286840, 0.7845379523456085], [6300343, 0.7357029587389229], [6300362, 0.7354727847101724], [6721731, 0.7306296941983144], [6722252, 0.7283353794590881], [6897749, 0.7416525003370346], [6901856, 0.7411576509619036], [6913563, 0.7437727760777113], [7011962, 0.7472131058523906], [7088965, 0.741680237658755], [7093476, 0.7063881982180177], [7352479, 0.7483760973860982], [7352550, 0.7418872056445399], [7405933, 0.7556075632695359], [7445716, 0.7476654686890315], [7451231, 0.7407767701163244], [7452796, 0.7336880792852073], [7537199, 0.7089988135315379], [7792246, 0.7231505020126424], [7865087, 0.7377431984147185], [7873424, 0.7365835723934011], [7873613, 0.7308924642873221], [7876132, 0.7161754928079693], [8085007, 0.7534336775339404], [8108054, 0.7478831462645614], [8227931, 0.6992828919017082], [8294486, 0.7235716389411296], [8416277, 0.7651520649679512], [8445760, 0.7575097517494395], [8473991, 0.7339292280425811], [8482462, 0.7105937266713349], [8574723, 0.7004044318410931], [8920718, 0.8261854539897036], [8964919, 0.7323196746992586], [9036852, 0.7483572490072452], [9077559, 0.7808430471800535], [9087456, 0.762346493676039], [9139343, 0.7490619360626671], [9205606, 0.7551597714063039], [9237439, 0.7083539305420838], [9351706, 0.7563842344057264], [9397677, 0.7618394822090713], [9418418, 0.7423693873629946], [9446899, 0.7521766044340329], [9480334, 0.7991920109537374], [9480461, 0.7871943493286713], [9489306, 0.7647961076313052], [9523167, 0.7691605433685554], [9559876, 0.7953969959154503], [9559887, 0.7194764792551265], [9564360, 0.667942735700947], [9663707, 0.8173684262781828], [9710338, 0.7655093493573112], [9722297, 0.7907752978610239], [9726048, 0.7624923054550332], [9728519, 0.7644470287725313], [9731950, 0.7624413585654799], [9742185, 0.733854138042488], [9744214, 0.729564419591732], [9756005, 0.7218619502647244], [9798926, 0.7766482793530951], [9799883, 0.7302848379656856], [9821718, 0.7831659885209151], [9822029, 0.7583324657980299], [9831364, 0.7567679028895754], [9836077, 0.715999186029729], [9866486, 0.7906657251965399], [9866489, 0.7304271829410859], [9875740, 0.7574074903475326], [9875785, 0.7451846675574609], [9883776, 0.7187857495167467], [9883839, 0.7059426364944751], [9936772, 0.7875907868841758], [9942647, 0.8554232729548279], [9943236, 0.8218706237460969], [9943515, 0.7963459130616056], [9943516, 0.7690798970638748], [9944125, 0.732910029837273], [9944126, 0.6755758697013258], [9954167, 0.7704305306071761], [9954214, 0.7711760866637264], [9954223, 0.7621685965558023], [9955592, 0.7735579716757057], [9965167, 0.7535156892184918], [9965190, 0.7532157744807382], [9965621, 0.746369419425458], [9965670, 0.6302320446337971], [9965697, 0.6286232056193355], [9965698, 0.6238663660251805], [9965715, 0.62217779053958], [9976810, 0.7746277054286916], [9980517, 0.810108259824479], [9981798, 0.8515297737375477], [9981881, 0.7896002710905032], [9985088, 0.7607773788306639], [9985879, 0.775767935409396], [9989718, 0.8424484362609984], [9989849, 0.8359236418244631], [9989862, 0.7867457595117545], [9990183, 0.6565136830248395], [9991396, 0.7071304320358095], [9991408, 0.6932155003969628], [9991661, 0.6661154372432349], [9991774, 0.6556548857878819], [9992983, 0.6981163595003397], [9993520, 0.7060601503661352], [9995457, 0.7445452258507022], [9995768, 0.7084011994413664], [9995769, 0.6935341330339467], [9996320, 0.7905659213574469], [9997081, 0.7689904974158799], [9997840, 0.8238390286304799], [9998207, 0.8705754922155559], [9998378, 0.8148844469666146], [9998379, 0.7799444238788583], [9998792, 0.8208347883199948], [9998869, 0.801790665870134], [9998870, 0.6150712977455622], [9999005, 0.6644775748344989], [9999092, 0.6948931347494305], [9999473, 0.9052958097789893], [9999532, 0.8842930236144864], [9999535, 0.7853792544582859], [9999536, 0.6849579135808206], [9999679, 0.9809723767453008], [9999680, 0.7899011187557897], [9999809, 0.9638907097320194], [9999932, 0.804456492116395], [9999937, 0.8580969078939691], [9999938, 0.8558042106575208], [9999943, 0.8333173700444144], [9999966, 0.5863813407867914], [9999987, 0.9330529438413121], [9999988, 0.14227551165019992], [9999997, 0.2100665701073623]]}