{"seed": 952, "N": 10000000, "alive_speed": 0.8111971117348602, "non_threatened_speed": 0.8226738217373358, "survivors": [[139504, 0.8226738217373358], [429729, 0.7579182105317182], [6575020, 0.7441071076961677], [9997415, 0.7311768088925665], [9998936, 0.5709203592378179], [9998937, 0.5697081708967828]], "still_alive": [[1197076, 0.7547108499028382], [1695685, 0.7707278018950832], [1851688, 0.7327229570634854], [2018349, 0.7342091983765947], [2226076, 0.7474548833478449], [2512907, 0.7718021263145853], [2555050, 0.7735286192582644], [2896727, 0.7760923939800416], [2936796, 0.7488568218391971], [3138389, 0.7278681642076898], [3876282, 0.8055915249666468], [3883351, 0.7752452246646553], [3973608, 0.7825287782278055], [4039485, 0.7689992946085057], [4087158, 0.7685027360642241], [4092095, 0.7473113633886559], [4225638, 0.7562277418947245], [4544667, 0.7151262927461826], [4562324, 0.7012227718655982], [5232805, 0.783736657614735], [5274424, 0.7773396876705911], [5278331, 0.7564334898502106], [5928836, 0.7958962417213349], [5993455, 0.8046794676813649], [6009340, 0.7845207589480699], [6011587, 0.7733369653755515], [6293032, 0.8039052458043376], [6435575, 0.7969123838045576], [6718053, 0.7325468899224832], [6723230, 0.7291055130675831], [7169959, 0.7308757369438952], [7169986, 0.72168283077912], [7347963, 0.7670915965708017], [7470918, 0.7301358076648282], [7471131, 0.7267543360560853], [7502624, 0.7214837012466655], [7513649, 0.7212884753770155], [7565388, 0.721513786348463], [7649293, 0.7356925592131771], [7652824, 0.710184254641314], [7783577, 0.7438221981945703], [8053250, 0.7599560068733114], [8060113, 0.738843822107476], [8158980, 0.7567032490578484], [8231603, 0.7768894186317687], [8231880, 0.7676515262562955], [8307537, 0.7735459670731442], [8382718, 0.7508713585697679], [8385023, 0.7471127589774438], [8385232, 0.7341477671789834], [8391569, 0.7307310977423503], [8395034, 0.6977111970377677], [8528503, 0.7608262386263784], [8528800, 0.7077909324143665], [8528805, 0.7060074511966767], [8732580, 0.7486948836745406], [8752041, 0.7338467657211042], [8842274, 0.7521915835647277], [8990813, 0.7900473899519579], [8990832, 0.7895573117476796], [8991797, 0.7845924022506141], [9007708, 0.7806194036576407], [9013529, 0.7735478820159858], [9014698, 0.7343096389420624], [9056187, 0.7483839377797294], [9167426, 0.7488980723282246], [9187975, 0.7321795961488428], [9244168, 0.728277540787983], [9328875, 0.7641935227186586], [9354406, 0.7818268392632428], [9372337, 0.7973480273735662], [9389380, 0.735516098976609], [9389455, 0.7258199104606432], [9469656, 0.8084177164551742], [9469665, 0.8041271766497327], [9478596, 0.7898004985129448], [9536847, 0.7708098129713782], [9576530, 0.7989266567835964], [9577851, 0.7986250938626358], [9578928, 0.7920941704066682], [9584557, 0.7762285160726438], [9584804, 0.7686419739421964], [9584807, 0.765171248895699], [9606346, 0.6943123409629445], [9690451, 0.7480194104966819], [9715626, 0.7414138981722254], [9742477, 0.7881074576082995], [9744834, 0.7394823830225702], [9744881, 0.7121249516589128], [9744938, 0.6823210631668604], [9760427, 0.7009642738465959], [9804458, 0.7751622135275378], [9808293, 0.7697613012471733], [9827554, 0.8164029190214013], [9827933, 0.7768976488635966], [9861256, 0.8075807477603109], [9867389, 0.6935083780258566], [9879704, 0.7281876840544659], [9879705, 0.7054635867288735], [9894202, 0.7697352749525266], [9898489, 0.6922921257904541], [9901560, 0.7126642854952402], [9911989, 0.777749661894305], [9923270, 0.8111022201060004], [9923271, 0.7896916590742448], [9939336, 0.7531773480367828], [9940259, 0.7363154173801024], [9944772, 0.6707802001597447], [9947345, 0.69121050621009], [9954802, 0.7366204706118846], [9966503, 0.7352938998966938], [9969760, 0.768849732796148], [9973039, 0.7678140664513319], [9979652, 0.8621335037937866], [9979715, 0.8079761925781208], [9979720, 0.7904771185099561], [9979777, 0.7532000694331668], [9983048, 0.6554072468989609], [9985617, 0.7628696679778264], [9986588, 0.8091897841971756], [9987573, 0.7255100215090072], [9987844, 0.640939578933245], [9990939, 0.7367124284805494], [9992028, 0.7629736137824062], [9992031, 0.7577049413995051], [9993334, 0.8207068699670838], [9993365, 0.7919101681950056], [9993368, 0.7521630423772676], [9993381, 0.6696011744858078], [9995092, 0.8600364313592852], [9996485, 0.5971071172774839], [9997324, 0.7742177039588151], [9997420, 0.717427273192364], [9997901, 0.741026637476244], [9998382, 0.5814411637558521], [9998665, 0.6056451071183218], [9999256, 0.612820877112767], [9999459, 0.7048425035341529], [9999474, 0.6264066119055506], [9999791, 0.6990787577363291], [9999980, 0.7705579559087776], [9999983, 0.6468709950921753], [9999988, 0.8218530763503545], [9999989, 0.8289823087059939], [9999990, 0.8058910725042978], [9999991, 0.28878351726155016], [9999998, 0.8597178809816945], [9999999, 0.885292176256526]]}