{"seed": 483722215, "N": 10000000, "alive_speed": 0.7758300984597676, "non_threatened_speed": 0.7758300984597676, "survivors": [[5117760, 0.757929127432323], [9937549, 0.7533156501717095], [9977340, 0.7129993642396637], [9977357, 0.6981670396377891], [9979840, 0.6706183163595928], [9994371, 0.6093503912776863], [9994818, 0.5893737277444944], [9999743, 0.5709340201473014]], "still_alive": [[239690, 0.7578550365562392], [550435, 0.7516048230910183], [2129726, 0.7789025205109958], [2156969, 0.7645941190018065], [2158556, 0.7439186206019798], [2500367, 0.7349482611236294], [2591980, 0.7401558494399426], [2646575, 0.7084473437938704], [3258842, 0.7635487313522378], [3571253, 0.7801288946627927], [3571896, 0.7571457584814566], [3753543, 0.7574018207396177], [4162342, 0.7856433956401175], [4187315, 0.7203040534543259], [4527944, 0.760914867366024], [4696623, 0.783401723339446], [5017074, 0.7847629003631904], [5091855, 0.783288471556947], [5154319, 0.7587686335970386], [5206694, 0.7656336846728689], [5239645, 0.7489505817376203], [5239650, 0.7385077931710842], [5252391, 0.7342110370582725], [5264332, 0.7223424948453792], [5633553, 0.7526459451004672], [5650282, 0.7494772451524352], [5661451, 0.7485189849661014], [5701902, 0.7199299721902395], [5855347, 0.7453519175989404], [5958762, 0.7457451493124361], [5966933, 0.7446972762356737], [6008878, 0.7450481253300882], [6022447, 0.741289320705698], [6143604, 0.7641506407594021], [6331239, 0.7792331062047819], [6332788, 0.7655613820146814], [6339779, 0.7531882896456964], [6505362, 0.7249648623188863], [6542837, 0.7287425534326005], [6738430, 0.7295592410354929], [6975411, 0.741822233631795], [6975464, 0.7206684051168424], [7176261, 0.7351027834911821], [7552790, 0.8167507357383299], [7578679, 0.7621677293108933], [7654912, 0.7757857208253016], [7659639, 0.7717379364424285], [7743752, 0.7806616970538144], [7763457, 0.7640630207841641], [7775234, 0.755661188415565], [7781667, 0.7485550045568473], [7846274, 0.7585538735657633], [7861959, 0.7338169375223056], [8080496, 0.7915443861168291], [8097101, 0.7531781962945572], [8097180, 0.7110278188098037], [8378527, 0.7928269519154608], [8442062, 0.7873515062364441], [8473907, 0.7765487085753807], [8487980, 0.7602054523629667], [8521537, 0.7455052916284242], [8521582, 0.7319080376931243], [8705943, 0.7504069090646008], [8726932, 0.740847444547021], [8727193, 0.7366170301115937], [8778862, 0.7210449725125393], [8842907, 0.7133169524828249], [8843320, 0.7093675996081319], [8908379, 0.733047537863497], [8995662, 0.7947053009024518], [9006429, 0.7979106934918055], [9078168, 0.8056277513835596], [9102379, 0.8149668912832243], [9104370, 0.8076885258704434], [9104425, 0.7920607193258675], [9114252, 0.7558014181449526], [9117203, 0.7417533773077585], [9125190, 0.7156604393747692], [9246107, 0.7673621716112566], [9266030, 0.7351541549969679], [9329629, 0.799713228299714], [9330350, 0.7844769712980015], [9361985, 0.7628872368916205], [9370260, 0.7703635612117898], [9444767, 0.7100930988354796], [9597506, 0.665796436493988], [9637767, 0.7098222026116701], [9637772, 0.7000009129262393], [9692911, 0.7795624439210386], [9748428, 0.7576800923803033], [9775021, 0.8085137770675045], [9775584, 0.7802717022469896], [9775595, 0.762682686835465], [9777026, 0.7665402577572813], [9777045, 0.7649631058440192], [9794808, 0.7393111811293864], [9803667, 0.7587891409527041], [9842182, 0.8218399899370729], [9850421, 0.7755179157911077], [9860330, 0.6839741690213254], [9877271, 0.7550748678749626], [9882390, 0.7438371541238517], [9891343, 0.8015684622691464], [9901494, 0.8176335135511281], [9901629, 0.7039251825755084], [9907726, 0.7416023502645576], [9912431, 0.7725690175529057], [9914468, 0.7719997521405363], [9914597, 0.7725514518780903], [9927032, 0.8986887522189019], [9927485, 0.8238453565167417], [9927596, 0.8066246163632631], [9937227, 0.825572557909147], [9937236, 0.8020886964231904], [9946206, 0.7217462681455081], [9946309, 0.7123295933311883], [9946342, 0.6996119098209398], [9946349, 0.6795607451113496], [9948676, 0.6683333185422771], [9958597, 0.7659135793212029], [9968174, 0.7254181821964107], [9972089, 0.8042599471923338], [9972342, 0.8035372899793819], [9976067, 0.779700586895706], [9976076, 0.752641207928772], [9976951, 0.7272484390434375], [9985619, 0.614480191421984], [9988794, 0.7160251893339382], [9989485, 0.7465324707769238], [9989504, 0.6517411527121207], [9989785, 0.6618388709871539], [9991260, 0.6369156089822823], [9991441, 0.6424354086711974], [9992210, 0.6896794697685135], [9992287, 0.595947162628623], [9994356, 0.6564319849143829], [9995015, 0.5928746282432821], [9996890, 0.6900098928255126], [9997315, 0.7668629149071661], [9997692, 0.760659233870183], [9997953, 0.7890291327986488], [9997980, 0.7520799777479691], [9998385, 0.7118935190504824], [9998682, 0.7780984066840141], [9998951, 0.9148138962055874], [9999054, 0.9234980561313632], [9999059, 0.814954200762788], [9999150, 0.8760038371276008], [9999201, 0.5528928950682732], [9999318, 0.5633840979664432], [9999331, 0.5720108556331678], [9999494, 0.7163397488085911], [9999772, 0.5315428538166429], [9999841, 0.5859896383796066], [9999852, 0.6010921627878045], [9999939, 0.76162933394691], [9999966, 0.996811613257012], [9999973, 0.7009866608472397], [9999990, 0.6135487343509635], [9999995, 0.42438830044058684], [9999998, 0.6581413710836245], [9999999, 0.642542184065575]]}