{"seed": 483722262, "N": 10000000, "alive_speed": 0.8909986830979437, "non_threatened_speed": 0.891649676461629, "survivors": [[7300, 0.891649676461629], [8227, 0.8635308024627397], [9653858, 0.7518062238397787], [9668927, 0.7402071784526225], [9675642, 0.7359491045361474], [9677025, 0.731802685867376], [9999994, 0.5284723669996935], [9999995, 0.19242168576563212]], "still_alive": [[15528, 0.763825031753128], [562443, 0.7638610665824825], [827426, 0.7501369645654008], [1180419, 0.7328092968030339], [1723408, 0.7373802122127798], [1786329, 0.7357800016189819], [1875438, 0.7397500328840794], [2135549, 0.7295528468148101], [2497346, 0.7482885952562194], [2497407, 0.7431620820228908], [2735782, 0.7620552610776852], [3102469, 0.7599858281815111], [3103340, 0.7354467755289558], [3453061, 0.7571877758765423], [3529204, 0.7515008156840199], [3984329, 0.73303198414531], [3985634, 0.7251268382289376], [4646125, 0.7769437601096829], [4673726, 0.775142033224302], [4674569, 0.7617769847979942], [4846182, 0.7728788393399476], [5501321, 0.7642053942652348], [5501970, 0.7615054565103996], [5556865, 0.7455993206934639], [5752998, 0.7453556424670067], [5829881, 0.7574113793132234], [6122166, 0.7491504222241692], [6251459, 0.7493937648389689], [6412506, 0.7700014470780012], [6435147, 0.7358053276172998], [6731520, 0.7945236345220137], [6770127, 0.7927917689626821], [6809220, 0.7800758349625609], [6830799, 0.7777724989362006], [6835708, 0.7748450154524965], [6839493, 0.7592164805826432], [6843164, 0.7432097051279638], [7013293, 0.7642659397412613], [7014070, 0.7603155455252897], [7032183, 0.7641112103460359], [7033728, 0.7340447865715566], [7039583, 0.7166848976440902], [7171808, 0.7335785997519405], [7295029, 0.7371899701986772], [7706046, 0.7655758441197076], [7706091, 0.7618791397023162], [7884636, 0.793553091071484], [7907639, 0.7851259674383405], [7911354, 0.7639526300479508], [7911355, 0.7361886077549444], [8000860, 0.7590240277098376], [8105711, 0.7845359726668112], [8120420, 0.7769598283915008], [8215067, 0.781437522487269], [8306082, 0.7820251377095794], [8328967, 0.759338143786678], [8341472, 0.7440711636405802], [8353221, 0.7381186340907037], [8681236, 0.7820780430418554], [8683989, 0.7683849658135136], [8684128, 0.7187109187170613], [8692181, 0.7210065300708063], [8831568, 0.7592224412610266], [8831793, 0.757697598896056], [8831978, 0.7358997383251669], [8899997, 0.7448743406465628], [8997624, 0.7288457355409094], [9036311, 0.7414937406991944], [9108274, 0.7785928084632412], [9135577, 0.7918659860274001], [9146724, 0.7834097483545845], [9285729, 0.8031526463651719], [9304558, 0.7098012556646489], [9385251, 0.7908710270518609], [9406096, 0.7836282733268405], [9407829, 0.783748654091765], [9428758, 0.7526012599775797], [9477283, 0.7863307030579008], [9477302, 0.7602040449437533], [9503411, 0.7577976206562878], [9568792, 0.8643827081919254], [9569431, 0.8577361548539753], [9574354, 0.8112862163700784], [9574369, 0.7423021762244241], [9576078, 0.7438176974865179], [9639033, 0.7902104901253415], [9677056, 0.7286371195512565], [9691675, 0.7336298529077248], [9733712, 0.7492354847958838], [9734347, 0.6850161991015092], [9734674, 0.6551139573887789], [9779667, 0.7864372068183021], [9781772, 0.7621095476927321], [9813359, 0.7623094804954433], [9815944, 0.6995143159498455], [9835487, 0.7771030636203122], [9842758, 0.7417585032205694], [9842759, 0.7259613919133393], [9843410, 0.716361657318704], [9866445, 0.7767865012362771], [9893388, 0.6938389776628756], [9894789, 0.6921393934307609], [9917108, 0.764063834730551], [9924811, 0.6967188699527265], [9941466, 0.7712347713622141], [9942811, 0.7123897730400631], [9946204, 0.6814322031477751], [9960253, 0.7637639502048265], [9960606, 0.7589753562839835], [9963629, 0.746948261627165], [9970244, 0.8564909935312848], [9970339, 0.8529218278016826], [9972582, 0.9164606972451116], [9975951, 0.7952133694090712], [9981328, 0.7762739343525467], [9982117, 0.7895112927794382], [9982134, 0.7716224834093145], [9985381, 0.7920958475688067], [9985454, 0.7826041515525548], [9985759, 0.7280490809099827], [9985882, 0.6911639544191573], [9986597, 0.653078140481108], [9988116, 0.6977357613964341], [9989905, 0.803015688035595], [9989908, 0.7729979171295095], [9990191, 0.742857355995358], [9990562, 0.7342955488137466], [9991141, 0.7776624707147435], [9991150, 0.6886896508162325], [9991151, 0.6738829710941017], [9995406, 0.8061960449519451], [9995453, 0.7198054740275441], [9996210, 0.787355185999975], [9996221, 0.7365182369290717], [9997090, 0.9479810175057406], [9997141, 0.9472128757711515], [9997220, 0.8368035872804868], [9997727, 0.7981447726063776], [9997780, 0.5901172033377599], [9998541, 0.8613872408574349], [9998558, 0.7981607947986277], [9998569, 0.7677194866603961], [9998648, 0.6457427509496668], [9998799, 0.6247506834498388], [9999000, 0.7350169389571258], [9999003, 0.5471100093700535], [9999162, 0.634927063341431], [9999621, 0.7673034036717775], [9999680, 0.689302663212889], [9999841, 0.9973444292094198], [9999850, 0.5393321875116641], [9999903, 0.5766019076072482], [9999948, 0.5740067367644992], [9999989, 0.8485561026365502], [9999992, 0.8864230685403779], [9999993, 0.9205456113541913]]}