{"seed": 483722286, "N": 10000000, "alive_speed": 0.8967818068509745, "non_threatened_speed": 0.8975352876496083, "survivors": [[8394, 0.8975352876496083], [8405, 0.8304288056016151], [11304, 0.8224878925763249], [30733, 0.7853678957986465], [263948, 0.7547561149175325], [7778059, 0.7467977617333151], [9999844, 0.657253256824994], [9999999, 0.3260971503609199]], "still_alive": [[332161, 0.7440902537908798], [333172, 0.7393341607555255], [337683, 0.7391997723728415], [878272, 0.7700419790113306], [1150087, 0.7828856398852927], [1193782, 0.7546581165457829], [1204575, 0.7541600324585019], [1393930, 0.7600136157898887], [1482473, 0.7552286902428178], [1849060, 0.7488441871395438], [1852969, 0.7392703732789438], [1892752, 0.7419439195818256], [2289297, 0.7622062774600209], [2299136, 0.750818463606678], [2414673, 0.7565478698059946], [2415270, 0.7488967788728073], [2739129, 0.7725007468496802], [2764692, 0.7487604642945989], [3017059, 0.7639773818270044], [3023148, 0.7472529181908282], [3379375, 0.7555321879951147], [3573894, 0.7450276429223747], [3842507, 0.7578236367324012], [3986566, 0.7466825973260154], [4007383, 0.7309889990514358], [4294688, 0.7647892148088548], [4325881, 0.753327788826629], [4875732, 0.7582849057673993], [4944523, 0.754968924364495], [5031728, 0.7619444436784685], [5032109, 0.7608092650895752], [5052532, 0.7617789441318505], [5071527, 0.7577119158898763], [5113240, 0.7589952273748811], [5467945, 0.7906821580175938], [5595672, 0.811940046107401], [5640819, 0.7935406518580262], [5781884, 0.7550874118924459], [6073329, 0.80496097623224], [6262362, 0.7187225585652396], [6373113, 0.736757552584051], [6464996, 0.7311883271665944], [6871545, 0.742268156277265], [6871998, 0.7291064045308805], [6940491, 0.7377298968369156], [6943714, 0.7367114571333035], [7140915, 0.7643592249854495], [7145542, 0.7520346317161447], [7182763, 0.7599085672859043], [7224166, 0.7503121317271672], [7230527, 0.7486766807863905], [7242464, 0.7487992862089009], [7471381, 0.7963877294690638], [7477116, 0.7938163474423762], [7492919, 0.7867455850744063], [7756374, 0.7986091962087263], [7771403, 0.784590003227123], [7773750, 0.7809358210319751], [7922712, 0.7554491272311886], [7992027, 0.760313712704046], [8058574, 0.7262296581559073], [8060719, 0.6654245137210021], [8423496, 0.7460429453020532], [8423497, 0.7173006748236352], [8431738, 0.7104025451998993], [8561163, 0.7495340810088305], [8616578, 0.7332442771629827], [8652149, 0.7343505786458422], [8737236, 0.7720334220537204], [8776321, 0.7294830553138364], [8862662, 0.755303300085765], [8910561, 0.7695505513666578], [8910564, 0.7189532730818671], [9061655, 0.7530582521520953], [9153114, 0.7657391966300932], [9153115, 0.7617151017853756], [9161558, 0.7523254801948069], [9288169, 0.7848629148272435], [9288182, 0.7681449353645077], [9294429, 0.7283370756710826], [9331612, 0.724558100920857], [9396673, 0.7313494598042536], [9412142, 0.7434806285339968], [9417677, 0.7392935696669908], [9493216, 0.7026951794286022], [9513503, 0.6967080190718232], [9513512, 0.6961415151617301], [9540705, 0.7371800930655984], [9540736, 0.7297877787063576], [9572665, 0.7440858698409724], [9597476, 0.788984021682087], [9608187, 0.7271053984471455], [9610134, 0.7255308579573208], [9636893, 0.7635646851262795], [9719586, 0.7644056464967961], [9721227, 0.7305552167170674], [9724356, 0.7201602145875383], [9760985, 0.7910637774474114], [9761688, 0.7757365019877136], [9772199, 0.762154171760236], [9772248, 0.7303948053819912], [9796923, 0.8176480750992852], [9811990, 0.7388093517182456], [9820741, 0.7656036653241518], [9829892, 0.760748666658937], [9858077, 0.795939763984043], [9870926, 0.7716063069393072], [9878171, 0.7543430896250757], [9878278, 0.716344471207213], [9878303, 0.6895513587976284], [9882958, 0.7117106190746484], [9883897, 0.7095711410606241], [9900264, 0.6825803765344546], [9922139, 0.7003333273409621], [9931542, 0.7831350376711688], [9935141, 0.7412182203222668], [9936428, 0.7135018225497408], [9938469, 0.7299603758932923], [9949838, 0.7662662732239539], [9955419, 0.7348229600852855], [9966472, 0.7551505062574424], [9968817, 0.8118487567224535], [9971332, 0.8169339277957778], [9971337, 0.7179061720847179], [9974852, 0.776329353666765], [9978841, 0.7251616383909145], [9982230, 0.7787282119181121], [9982243, 0.7702158893329593], [9982276, 0.7406512622334203], [9983881, 0.7725776688274859], [9986464, 0.8498284394088923], [9986559, 0.8428996661974867], [9986828, 0.7710436660199763], [9988475, 0.7886992660183662], [9990822, 0.7638185422622731], [9990829, 0.6908455644896238], [9991122, 0.6949162989274349], [9993519, 0.8459619638048965], [9994724, 0.6641755928041382], [9996445, 0.8454058761267632], [9996592, 0.8374593282357867], [9997407, 0.8287162283232792], [9997768, 0.7799482998874973], [9998229, 0.8677085530327704], [9998418, 0.955826399466275], [9998631, 0.7113451410354498], [9998914, 0.7623482345944395], [9998959, 0.6762978126369269], [9998992, 0.6853493113154085], [9999023, 0.6830050226341823], [9999210, 0.6583833844727902], [9999529, 0.9459576997714595], [9999714, 0.9107123358801926], [9999765, 0.9058997818375979], [9999788, 0.6986584319160839], [9999829, 0.7672383330770304], [9999861, 0.6616577702419749], [9999878, 0.6929817840784314], [9999917, 0.9661238643852771], [9999920, 0.9881411803661564], [9999925, 0.4961163287722725], [9999926, 0.4865219195039744], [9999965, 0.6890776066145851], [9999968, 0.6960306356092224], [9999971, 0.44328710465879173], [9999996, 0.8918022136251036]]}