{"seed": 942755603, "N": 100000000, "alive_speed": 0.924812747313723, "non_threatened_speed": 0.9248136998718244, "survivors": [[102, 0.9248136998718244], [665, 0.8759469066305509], [5710, 0.8003209355287861], [5741, 0.7936697495203054], [10942, 0.7788203065821803], [187921, 0.7634482591215345], [54371936, 0.7555648837169125], [97608799, 0.7459710933459658], [99378636, 0.7418177325810207], [99533879, 0.7148628673843814]], "still_alive": [[438686, 0.74747023939599], [1137343, 0.744733309282462], [1221552, 0.7400952492582716], [1497719, 0.7350414253043847], [7133872, 0.7766438352313169], [7256997, 0.7774238596736318], [7270084, 0.7773498421095038], [7402775, 0.7484545407423733], [14680456, 0.7619401899489805], [14932223, 0.749596811935859], [18869962, 0.7763745118263886], [21352787, 0.7730557333537537], [21573472, 0.767798251296398], [22664719, 0.7715981534099451], [22760186, 0.7470385905034395], [22821651, 0.7471825140076183], [22864132, 0.74419507680218], [25008061, 0.7494972486603846], [26276046, 0.7609734579273547], [27147509, 0.7655165781791001], [27148512, 0.7498161731750399], [27770895, 0.749442063041567], [27779496, 0.7482206185731646], [28279415, 0.7502161552868455], [28324516, 0.7503660325906687], [28324601, 0.750198763089274], [29246888, 0.7502018095653759], [29263873, 0.7418329777035558], [31115224, 0.7556624112307122], [31658273, 0.7491655171632873], [33912532, 0.7646572071593294], [33915559, 0.7622607284157502], [34123286, 0.7419250429536873], [34982897, 0.7211961421337553], [36098046, 0.7284232302720779], [38951881, 0.7551340151831574], [38997682, 0.7453645146730496], [39237123, 0.7308185096510962], [40381694, 0.7229818567161019], [43713223, 0.7496801585249682], [44143024, 0.7409119686374509], [44425603, 0.736074744836924], [45457026, 0.7434883093495258], [46701843, 0.750087318640129], [47976498, 0.7658160350771274], [48103397, 0.7617944994294804], [49189264, 0.7644611175137214], [51423561, 0.778667463197319], [52937620, 0.7593190667072893], [52942381, 0.757005475704431], [52947022, 0.7534272644627237], [54229317, 0.7607791449024551], [54424121, 0.7359726906193017], [56439720, 0.7486348415593771], [56439865, 0.7401885436415611], [56440236, 0.7368128112635437], [56440241, 0.729235405946077], [58703400, 0.7454695909306285], [58728573, 0.7398469512565166], [59039642, 0.7386511753231575], [61660927, 0.7700953341238401], [62249292, 0.7580426929249723], [62443893, 0.7461049421369066], [62599778, 0.7369742754949574], [62668065, 0.735753925721245], [65325408, 0.7661177962726166], [65398931, 0.7501887283061942], [66261032, 0.7393192231520959], [67607473, 0.7553344836717684], [67612846, 0.7485764946060184], [69779115, 0.7351298355820464], [70951450, 0.7546378581725312], [71551347, 0.7338265831601734], [71883954, 0.7303839421991174], [74301417, 0.7833713801858382], [74321882, 0.7714410062193326], [75025987, 0.7918238800758788], [75026030, 0.7875183963302044], [75134595, 0.7776707559174306], [76003974, 0.7614919511756459], [76347669, 0.7309475717681612], [76471062, 0.7256387561018679], [77643413, 0.749347449618232], [79390188, 0.768350005161408], [79559709, 0.7672288358447864], [79810098, 0.7342032838311788], [80828433, 0.7695849757995316], [80860018, 0.7652486800456683], [81083009, 0.765601016750173], [81083402, 0.7655601905954965], [81087897, 0.7477988854152696], [81896904, 0.7543520386709961], [81910923, 0.7457541554729017], [82626452, 0.7712762778500815], [82855483, 0.7477047494256348], [82976300, 0.7447052321118018], [83380687, 0.7238891333963514], [83867444, 0.7423591609250172], [85800959, 0.778527710835733], [85846018, 0.7729943184434509], [86077899, 0.775325464513275], [86079720, 0.7635638404493363], [86425313, 0.7663317304767336], [86433420, 0.7664608659847028], [86461129, 0.767178725944997], [86704186, 0.7726933538835691], [86704223, 0.7548396903428932], [87017990, 0.744839883503459], [87714035, 0.7490336831598038], [89211230, 0.7673181555382225], [89213377, 0.7607997334596994], [89496782, 0.7587903049980501], [89505093, 0.7580382693431581], [90164938, 0.7733654207492954], [90207033, 0.7600760943973173], [90486176, 0.7372180136170414], [90763727, 0.7559035880558449], [91543296, 0.7648660983870268], [91685865, 0.7742058361939773], [91704082, 0.7608705257642715], [92502341, 0.7760883103559056], [93220908, 0.7571431489747444], [93557373, 0.7500807055387638], [93557374, 0.7452731288384951], [93620119, 0.7432884718426298], [93954354, 0.7631915313774047], [93957673, 0.7609079185235347], [94016144, 0.7665553216090241], [94135663, 0.7489339203476941], [94958524, 0.7604456547372], [95403873, 0.7904024200383971], [95405186, 0.7794564301242516], [95405241, 0.7710182220529873], [95493908, 0.7352792124121917], [95578435, 0.743510529650572], [95940622, 0.7534570096065549], [96256337, 0.7701167861034065], [96498396, 0.7707720845781911], [96579173, 0.7800986667821277], [97027788, 0.7517955197307904], [97172921, 0.7578417798216617], [97557338, 0.8211045141479831], [97608285, 0.8038454556542198], [97608568, 0.7588065123633188], [97737406, 0.7567433485420981], [97835415, 0.7768379791601119], [97835592, 0.7767966077806934], [97863235, 0.7854106518437042], [97893630, 0.7407945184595557], [97985149, 0.7615570408201798], [98039106, 0.7268490674959424], [98071681, 0.7318500481185993], [98106474, 0.739087340340735], [98211925, 0.7789483211615025], [98307416, 0.7734978263229765], [98449999, 0.7467643897727476], [98516274, 0.7468300701093656], [98516275, 0.7379592365426525], [98558032, 0.737453971100505], [98723541, 0.7840369134829331], [98773686, 0.7535660041084353], [98803965, 0.7551791298568404], [98804052, 0.7465564679105874], [98869509, 0.767921703470514], [98884650, 0.76416008824554], [98954549, 0.7844454094596993], [98966588, 0.7723337115934685], [98973897, 0.7459778285646538], [98993128, 0.7021042799275223], [99061979, 0.7412119834970955], [99118212, 0.724802364502701], [99208203, 0.7630399531440001], [99265286, 0.7688057584678331], [99272847, 0.7629639956151186], [99280080, 0.752201267405427], [99344861, 0.7526413681725034], [99386675, 0.6967184045629389], [99442926, 0.7616990552260501], [99495665, 0.7038667901183664], [99519068, 0.7251930405085437], [99564424, 0.7235535168746328], [99601949, 0.7592479928551195], [99616512, 0.7432750801553447], [99635671, 0.7817032589595986], [99636632, 0.6888432557862663], [99637205, 0.6894153898212605], [99687700, 0.6709958461013242], [99737951, 0.7488175307436044], [99760450, 0.7255193936738935], [99760579, 0.7222212576041971], [99796330, 0.6997224449347158], [99799531, 0.6770821476496197], [99813720, 0.7206307215021952], [99813917, 0.7191821942199377], [99827146, 0.7551368539856318], [99827175, 0.7512631126798558], [99827802, 0.7258116998403216], [99864803, 0.8718846635729564], [99872340, 0.825905198776957], [99878839, 0.8531291053038973], [99879798, 0.8549490647534613], [99886345, 0.7480307236630905], [99886352, 0.703545079685628], [99893275, 0.7012921595992042], [99902468, 0.7602101623871569], [99902485, 0.699324240593188], [99913278, 0.7098008068455437], [99924889, 0.7919661710896335], [99925048, 0.7892567037400582], [99931079, 0.8532136656688033], [99931080, 0.8360271668772193], [99931091, 0.7998975865520085], [99933490, 0.8196511702107127], [99939281, 0.830881778948373], [99941532, 0.8395785719879845], [99941697, 0.8295303816524007], [99944898, 0.841892065329158], [99945313, 0.8353311547884811], [99945570, 0.8004776811360154], [99947539, 0.8226501644873835], [99948086, 0.8010079993788566], [99949037, 0.7340200734417198], [99961130, 0.7480941115565297], [99961675, 0.7563179422387483], [99968470, 0.7383135005693109], [99974015, 0.7893254124685366], [99974550, 0.7318199966442603], [99979953, 0.823597941141196], [99979954, 0.7878052186061116], [99979957, 0.7517188713406994], [99979958, 0.6874211226642807], [99984597, 0.8515116052109559], [99984760, 0.7243261447689924], [99985075, 0.6698803020101239], [99985084, 0.6466088130213583], [99987267, 0.750033477012978], [99988808, 0.766828649096642], [99989153, 