{"seed": 928126118, "N": 10000000, "alive_speed": 0.9201867598133192, "non_threatened_speed": 0.9201868518319951, "survivors": [[0, 0.9201868518319951], [3, 0.8602763637234555], [1340160, 0.7671654208021551], [1350951, 0.7634022876502283], [1503532, 0.7618096978176584], [7746267, 0.7594861480428667], [7758610, 0.7587289295948823], [9999999, 0.2347269072404763]], "still_alive": [[5148, 0.7517459084279543], [508639, 0.7612385752219514], [513322, 0.7351887227148587], [1338875, 0.7828283301914531], [1531659, 0.7491722294131239], [1591108, 0.7338247278228559], [2163463, 0.780013535121958], [2176204, 0.7514235208880349], [2269971, 0.7549316302101009], [2498792, 0.7479674127510905], [2507235, 0.7479081410735517], [2926992, 0.7745912484023703], [2930803, 0.750183722085465], [2933016, 0.7469371818346398], [2959837, 0.7423454549038209], [3262874, 0.7466350169158654], [3872241, 0.7653606492213602], [4053070, 0.7687413721901508], [5057707, 0.7939997783174512], [5057832, 0.7819439218447103], [5057833, 0.7771228732063351], [5057836, 0.7713211854640041], [5084431, 0.7652086737282191], [5242914, 0.7564092942355379], [5287943, 0.7598633524689044], [5469996, 0.7300974433859309], [5774893, 0.7452967442691187], [6145560, 0.7358047025108493], [6212913, 0.7236631934808799], [6484176, 0.7418556913339596], [6540755, 0.6969965985040824], [6664304, 0.705370811477978], [6914735, 0.7600916822357299], [7017638, 0.7761578341240866], [7358813, 0.7834291140198291], [7405572, 0.7825620095966899], [7411927, 0.7385655460457031], [7589834, 0.7744276191027154], [7598919, 0.7539665109720239], [7707152, 0.7718766141794342], [7854241, 0.7328988559554269], [7923518, 0.7446059822984551], [7938989, 0.7249553872188185], [8005318, 0.7432575091986396], [8048515, 0.7263407813124686], [8210678, 0.7574877646947781], [8262337, 0.7744766026507893], [8340388, 0.7270324907633838], [8457223, 0.7211354881098976], [8609280, 0.7683707506077119], [8672621, 0.7358768194369545], [8831492, 0.786814857155733], [8900765, 0.7702925618183492], [8954178, 0.7748409893907628], [8960875, 0.7367500790404113], [9076334, 0.7578646551306603], [9077357, 0.7230087009652671], [9111862, 0.7393288689888562], [9175231, 0.7566687649551284], [9175232, 0.7487037933236845], [9181617, 0.7339859002014747], [9262002, 0.7567369110555296], [9264021, 0.7573815169525886], [9267730, 0.7473113682596142], [9276745, 0.7528857729739991], [9278482, 0.7263709744620664], [9316253, 0.7584457104644647], [9316414, 0.7373982804299515], [9414061, 0.8589434529416992], [9449204, 0.8557148409792872], [9449675, 0.7968631619537795], [9454784, 0.7730146191821801], [9455061, 0.7626864153639481], [9481892, 0.7064196345782313], [9481893, 0.7006384210312132], [9530988, 0.7421899099554531], [9534379, 0.7075537982232764], [9534604, 0.6859190414898563], [9534697, 0.6852065091053844], [9637940, 0.8453026105167111], [9698601, 0.7836446581331118], [9699110, 0.7663423242111119], [9721805, 0.7732431744313906], [9728704, 0.7928175618192911], [9728705, 0.7596273236650446], [9739114, 0.739306883399716], [9743001, 0.706550534066245], [9744304, 0.665745328977135], [9808527, 0.7750868546994091], [9810640, 0.7826084542116595], [9811497, 0.7667077120261774], [9817290, 0.7632155363990814], [9857541, 0.7678793282595043], [9865720, 0.7546781292570702], [9871103, 0.7610622215580479], [9890158, 0.7542512566910851], [9890361, 0.7541912913905082], [9891310, 0.7558582719393755], [9906765, 0.8169937952724561], [9906792, 0.8055178483915069], [9911421, 0.7805734634764426], [9912086, 0.74237456114417], [9912237, 0.7268086762210152], [9929700, 0.7827887601267397], [9929703, 0.7721825774201619], [9929726, 0.7435180119540636], [9934111, 0.7769785985187891], [9935588, 0.7784078108087749], [9939549, 0.7958674517021845], [9942676, 0.8322558086122372], [9946311, 0.8201491908363104], [9946382, 0.819971438522248], [9950013, 0.6995396841063406], [9951788, 0.7121092915305958], [9956867, 0.7820501053030092], [9960864, 0.782230705215731], [9961829, 0.7461403579228615], [9963218, 0.7296557223366327], [9964021, 0.7061435189439548], [9967278, 0.7063811646696305], [9973735, 0.7474423417703201], [9974352, 0.6979486408404305], [9980261, 0.8510763108914251], [9981150, 0.7438853649968145], [9981853, 0.769857819588994], [9981856, 0.7279683072107912], [9981875, 0.725478291518861], [9981886, 0.7009616895153579], [9985759, 0.772955427528698], [9985762, 0.748430903619223], [9987325, 0.7718174489588437], [9989600, 0.7592742380807989], [9990161, 0.7418487548404054], [9990242, 0.6831762844473461], [9991875, 0.7143240021578737], [9992058, 0.6599578544919755], [9992293, 0.6773099108538657], [9993098, 0.7482632689791385], [9993505, 0.6802747727108523], [9994224, 0.7396440963459575], [9995121, 0.6604141679233624], [9995524, 0.6959816946279855], [9996133, 0.8033293683987681], [9996220, 0.7406761726720887], [9996339, 0.7238851106777329], [9996442, 0.6878900090712602], [9997811, 0.9677744208799197], [9997812, 0.9053805664366663], [9997905, 0.9311050422580167], [9997908, 0.7974834398935795], [9997909, 0.7372790191428428], [9998722, 0.6509388587865306], [9999075, 0.8115739487849222], [9999332, 0.7156108700139835], [9999337, 0.5955369490469365], [9999490, 0.6758774361065292], [9999611, 0.8087445943065004], [9999700, 0.5997083473495116], [9999733, 0.5512047817941977], [9999894, 0.6829613995224697], [9999923, 0.7014310333850201], [9999948, 0.7265799221795937], [9999959, 0.6954439156517254], [9999960, 0.6215709547509851], [9999963, 0.6532968461595531], [9999964, 0.6664634827639632], [9999987, 0.22463430615568614], [9999998, 0.9260073031424403]]}