{"seed": 928126180, "N": 10000000, "alive_speed": 0.9141790264108811, "non_threatened_speed": 0.9141926478799725, "survivors": [[148, 0.9141926478799725], [1283, 0.8207569971244079], [128472, 0.7657087743092876], [5724547, 0.7637217460087267], [7767336, 0.7575666943823204], [8140071, 0.733251413358186], [8269764, 0.7269576850272049], [8470197, 0.7082954450872724]], "still_alive": [[128503, 0.7550129764345719], [140836, 0.7466409886651016], [141249, 0.726517287106544], [809136, 0.7666231202429128], [809275, 0.7571301219523039], [971964, 0.7660233165898025], [1082313, 0.7505820124593792], [1416236, 0.7629242029134514], [1572441, 0.7481444702494168], [1790238, 0.7489496190910155], [2098611, 0.7517985991835303], [2142950, 0.7352372130764856], [2476607, 0.7467905172366307], [2487988, 0.7395691939979983], [2514677, 0.7374819105075033], [3368800, 0.8071275375940151], [3660279, 0.7702113018999475], [3699012, 0.7550825680089541], [4150203, 0.8091303864831093], [4151882, 0.7658539091440739], [4153645, 0.7505651553888041], [4639844, 0.7625986481455851], [4829137, 0.7553483028533654], [4979236, 0.7679621892342701], [5194817, 0.7677985388527693], [5723332, 0.7694544361609646], [5724550, 0.757269003642785], [5726009, 0.7379462994203698], [5726010, 0.7327095476581708], [5984059, 0.7629861964496341], [6063676, 0.753544680171933], [6375525, 0.7454879139956444], [6376246, 0.7385281545095871], [6410007, 0.7437552759041007], [6640996, 0.7942079278370624], [6641079, 0.7913936465426377], [6734902, 0.7652566501895487], [6786155, 0.769986437479873], [6977558, 0.7886027016182436], [6981415, 0.7564095540160866], [7128938, 0.7659386924685179], [7300199, 0.8012457362708812], [7327632, 0.805155182330825], [7329647, 0.7992854259736596], [7490594, 0.8110767220797439], [7736449, 0.7585402784830285], [7770181, 0.7499930385107814], [8101386, 0.7830014534256187], [8101687, 0.781284944300383], [8139842, 0.796972843365772], [8269767, 0.7225737331608845], [8314742, 0.7239292116062344], [8366971, 0.7422737051668203], [8470192, 0.7741977657510174], [8470200, 0.7078858050908071], [8538117, 0.7171315013913222], [8538284, 0.6989749059969942], [8648249, 0.7371993856935406], [8671232, 0.7498777599775825], [8807955, 0.8149916477186596], [8856332, 0.7689323625137132], [8857897, 0.7526565724175246], [8905314, 0.7532627696222494], [9024327, 0.8009858412069876], [9024882, 0.795923833122683], [9061415, 0.7331745567813879], [9061620, 0.7279462857025705], [9072819, 0.7179686785349024], [9102716, 0.7290672984037323], [9102751, 0.7148940028111401], [9226494, 0.7826595786368925], [9292837, 0.8452855973547247], [9319312, 0.8146879182319527], [9320579, 0.7998381678617249], [9328986, 0.8013421998430671], [9337963, 0.8062832627584952], [9345534, 0.7797626173563554], [9351983, 0.783343338156373], [9366260, 0.7296132749991984], [9403283, 0.7489765126098651], [9432768, 0.751559488803859], [9432769, 0.7444238071078461], [9469180, 0.7448791571690067], [9514859, 0.7487612508924577], [9514862, 0.7409322406092446], [9515609, 0.6945200532881064], [9588362, 0.7590165510041191], [9651183, 0.7843322364067209], [9654972, 0.7740210528528291], [9659097, 0.7319585710682723], [9675968, 0.7691437086082586], [9675999, 0.7470070840735398], [9699712, 0.7905180551567509], [9699717, 0.7358311568233987], [9740142, 0.7546595280817174], [9740411, 0.7521157459150646], [9751946, 0.7710378494222234], [9773085, 0.8381805641779733], [9773154, 0.8298710052710443], [9775123, 0.8266593038657085], [9775998, 0.7856259276322339], [9776001, 0.7161064090379162], [9795320, 0.7613258461951125], [9799825, 0.7613010205275736], [9815316, 0.7731603267992281], [9819509, 0.7651896058761345], [9820102, 0.7381859711545502], [9821167, 0.7254999485970984], [9821168, 0.7230900933310956], [9821459, 0.7201869347982206], [9837898, 0.78272276027422], [9860741, 0.7930594978820386], [9860966, 0.7894914051404879], [9861269, 0.7639747770419579], [9880382, 0.7891302913662801], [9882433, 0.7723715822552565], [9883886, 0.7722456173600132], [9900981, 0.779294299137786], [9919300, 0.8275926885393415], [9930547, 0.8108405101689253], [9930622, 0.7666148647955713], [9931009, 0.6915080811492168], [9940790, 0.7813593463384134], [9941169, 0.7715554525601868], [9941720, 0.772573784986352], [9944639, 0.783018596281457], [9945476, 0.7901682322374026], [9949581, 0.838556473360403], [9949678, 0.8329375553856768], [9949683, 0.7652444685314508], [9951574, 0.7533927908489438], [9952137, 0.7537586467876501], [9969616, 0.6181936882020889], [9981019, 0.7627708714764093], [9982282, 0.7914150579684859], [9983609, 0.8327197770858558], [9983610, 0.7952350505611893], [9983979, 0.7816118446545959], [9984490, 0.7274361790878021], [9985625, 0.7710440551713923], [9985660, 0.7455346559023048], [9986075, 0.7091974886538946], [9988008, 0.7501469329514816], [9988433, 0.6798563275761955], [9988892, 0.6862506165439175], [9991839, 0.8648762799875569], [9991840, 0.8022691166250333], [9992089, 0.74632745009749], [9993074, 0.7647243218460928], [9993481, 0.8092238096402359], [9994442, 0.6781910918145437], [9994949, 0.6840045871127979], [9995052, 0.6757921368210391], [9995439, 0.6995217400739095], [9996426, 0.812576393459792], [9996433, 0.7505050874201477], [9996864, 0.7698607459082141], [9997439, 0.8084547217716317], [9997454, 0.7339822400003788], [9998657, 0.8244275670944207], [9998684, 0.7669991005732487], [9998685, 0.6703720238855583], [9998704, 0.5998739994183063], [9999105, 0.7268223421542287], [9999106, 0.7050539297806914], [9999143, 0.7239701784212461], [9999514, 0.7503414042177167], [9999521, 0.6790236042545119], [9999596, 0.7498517453516471], [9999691, 0.8632171724776939], [9999726, 0.8315301334869639], [9999727, 0.7768339784810532], [9999752, 0.6015232607580462], [9999781, 0.35827185491648017], [9999882, 0.5346780899685369], [9999929, 0.7666849222534394], [9999930, 0.7064377117841386], [9999977, 0.8269228853360728], [9999994, 0.46601639556353947], [9999999, 0.74138244101158]]}