{"seed": 928126156, "N": 10000000, "alive_speed": 0.8516202477364787, "non_threatened_speed": 0.8516202477364787, "survivors": [[284504, 0.7802637304143795], [284517, 0.7758775925471237], [1110668, 0.7727424906842204], [6276465, 0.7622284200553674], [6472986, 0.760743679278905], [8131765, 0.7576394021608089], [9999810, 0.5915414069051781], [9999993, 0.4469926177198966], [9999998, 0.2574760516644051], [9999999, 0.1412187628953836]], "still_alive": [[331012, 0.7544859198274501], [790933, 0.768971499076669], [1149569, 0.744657741826529], [1152004, 0.7438969527960461], [1152007, 0.7428903505056332], [1155294, 0.7336501104536094], [1356213, 0.7470596228808667], [1894696, 0.7628021029071457], [1897093, 0.7347938800151892], [2231294, 0.7434917827775905], [2391741, 0.7531794445627181], [2424920, 0.7552433871341122], [2693915, 0.7455177810382341], [2938898, 0.7702780300042887], [3174657, 0.7409445863771035], [3651652, 0.781718784204748], [3726421, 0.7432237572837657], [4070952, 0.7545811566022731], [4354225, 0.7625717298209156], [5532978, 0.7344117187290038], [5859057, 0.7631128362033143], [6265460, 0.7727342328716503], [6475675, 0.7600724062132685], [6641078, 0.7637074562235611], [6641213, 0.7504724397033102], [6762124, 0.7182881979018116], [6837041, 0.7303634608153645], [6860632, 0.7265826769580135], [6871283, 0.7240361109880444], [7021108, 0.7482598684959686], [7403585, 0.8024759657836746], [7404276, 0.7921136984774433], [7404349, 0.7497405860379142], [7419470, 0.731713387405251], [7600339, 0.7501417267095202], [7600404, 0.7391020953223464], [7636075, 0.7345889097065817], [7640362, 0.7347312434812732], [7946567, 0.7889996536393107], [7946876, 0.7700877144850613], [8025239, 0.7787933151417488], [8089164, 0.7763682767718667], [8162780, 0.7106345277248487], [8292671, 0.7173613289561542], [8479982, 0.78933075504638], [8528145, 0.7694824792732838], [8568796, 0.7503743545675807], [8570547, 0.7490613797926974], [8575402, 0.7380890061033654], [8578155, 0.6818311748793728], [8715030, 0.7469803068453309], [8802913, 0.7657233830065056], [8803054, 0.7650807550154571], [8849355, 0.7502646573410631], [8901760, 0.7780816103749991], [8919993, 0.7592955292736857], [8944310, 0.7328718043369453], [8955617, 0.7356451963944756], [8987308, 0.7444491974015158], [9029975, 0.71626004991137], [9057914, 0.716565751263696], [9110687, 0.7132868369268337], [9188840, 0.7677916886223446], [9229427, 0.730609419702592], [9253784, 0.7335187086764193], [9266595, 0.722024434653762], [9344562, 0.7406933283066457], [9451039, 0.7443665066426148], [9512722, 0.7843988397180344], [9542815, 0.8136729967684676], [9543160, 0.7675889322883784], [9638601, 0.7887916142989911], [9662954, 0.7872967091801507], [9672881, 0.7946506305899799], [9690132, 0.7672903946943175], [9690747, 0.726636427960359], [9725370, 0.72162150759685], [9777601, 0.7258328225190277], [9795636, 0.7733696129056921], [9825387, 0.7991831476047674], [9826312, 0.7824620273908961], [9833119, 0.7836217899464178], [9833140, 0.681638029121916], [9861123, 0.7981421520110525], [9861626, 0.7536695085970634], [9877417, 0.7406009450987088], [9877438, 0.7209710266151663], [9897377, 0.749714218759322], [9897528, 0.7329384524387239], [9900027, 0.72080460496214], [9912340, 0.7349709599047876], [9926725, 0.8086881499204168], [9935148, 0.7819379322035747], [9936161, 0.7294517581909128], [9939024, 0.736425719250838], [9939173, 0.7108848753138794], [9949270, 0.7699133748622987], [9949667, 0.7700381524958754], [9955776, 0.8276082825223551], [9956805, 0.7719852704890997], [9956806, 0.7315416515073215], [9957017, 0.7261537466670122], [9957018, 0.6925126288771641], [9970533, 0.7473013746420892], [9970630, 0.6919163445813695], [9974765, 0.7743887574499243], [9975512, 0.6707625870369393], [9977237, 0.6678810979330622], [9981982, 0.7658213732080541], [9983391, 0.7875014262684844], [9984742, 0.805027674141389], [9985517, 0.6800721795194404], [9988738, 0.815976371498541], [9988741, 0.7112606875612263], [9989602, 0.7378757451163471], [9991705, 0.7647476715813969], [9992208, 0.703387024543838], [9993631, 0.7408500474291949], [9993652, 0.6551695621054243], [9994993, 0.7602905425213322], [9995566, 0.7348355083789232], [9995567, 0.6927875340042338], [9996386, 0.8243163283954716], [9997037, 0.8745114545449372], [9997320, 0.7831575562435181], [9997321, 0.6609613792527885], [9997394, 0.6733676427776324], [9997915, 0.7438397514487448], [9998256, 0.779096508107464], [9998679, 0.9301245782131629], [9998754, 0.6975124329167818], [9999181, 0.7634976288536809], [9999342, 0.6220801757713195], [9999343, 0.4738094263936421], [9999594, 0.7251711298982045], [9999595, 0.7267288335982712], [9999602, 0.7180349350345274], [9999643, 0.7878433980738017], [9999752, 0.9913816410777985], [9999785, 0.770478039161665], [9999813, 0.5044394263313686], [9999886, 0.6649303307454488], [9999889, 0.4087390962091396], [9999916, 0.5067305769079327], [9999973, 0.5301565747954516], [9999992, 0.5487185600004746]]}