{"seed": 177791899, "N": 10000000, "alive_speed": 0.8593894827784501, "non_threatened_speed": 0.8593895687173982, "survivors": [[0, 0.8593895687173982], [71685, 0.7812988971598956], [195416, 0.7764597623468351], [195567, 0.7687283175389436], [5176338, 0.7426246921985588], [5239697, 0.7403558961524881], [9588420, 0.7367626074629482], [9825117, 0.7346938103843459], [9953568, 0.7210969206943592], [9999953, 0.618254838926064], [9999996, 0.335092112616987], [9999999, 0.25915517937265076]], "still_alive": [[325854, 0.74883949736932], [593917, 0.7531026680602413], [608188, 0.7328886815714046], [1015317, 0.7465526805578124], [1032492, 0.7410072140528524], [1263563, 0.7552528714437513], [1288036, 0.733287360477966], [2132305, 0.7802403956212102], [2132364, 0.7556952685879957], [2167545, 0.7431808802248515], [3180136, 0.7672408401515931], [3270759, 0.7390183261459219], [3273426, 0.7357026551608123], [3549017, 0.7606940666625835], [3920484, 0.7885851051218078], [3945589, 0.7411566991731228], [4232578, 0.763474791718147], [4243873, 0.7408341084685325], [4454108, 0.7340333677554766], [4504493, 0.7291514868721605], [4630810, 0.7430793472448397], [4771893, 0.7582576534122912], [4846504, 0.767107871591316], [5065873, 0.7802556547335652], [5090030, 0.7801396525288772], [5124897, 0.7721199160643245], [5321964, 0.7503542501052514], [5577225, 0.7897107405045314], [5634662, 0.7429907239423623], [5647071, 0.72874152244713], [5961006, 0.7582655841219712], [6166087, 0.7930667189566324], [6168560, 0.7845277335209588], [6168575, 0.7562140858835085], [6339052, 0.7829141486053912], [6492859, 0.7885795807748949], [6852300, 0.7443740513832602], [6950663, 0.7244333771968194], [7017522, 0.7039590701022594], [7017857, 0.6902485977846523], [7286656, 0.7585134404552171], [7400235, 0.7826166635114753], [7471650, 0.7943336287673395], [7635257, 0.7337393847015754], [7635298, 0.7157010592212334], [7824141, 0.7750799087163386], [7942968, 0.8043294581851766], [8237539, 0.7358185041279196], [8315074, 0.7679598085412174], [8315379, 0.7175476602603695], [8315720, 0.7176348508274545], [8474359, 0.7732450887805115], [8617146, 0.7607561138130275], [8677185, 0.7243133917718322], [8689724, 0.7250384410467922], [8692707, 0.7236199977066707], [8796488, 0.7529861829348523], [8958919, 0.7586890205466327], [8961010, 0.7527189262402806], [9005593, 0.7503201913189239], [9056422, 0.7503881705944488], [9141765, 0.7677345994115343], [9147188, 0.7501714368754108], [9191663, 0.7347653476321896], [9196526, 0.7258106866670205], [9216267, 0.7398897230876359], [9238752, 0.7395824954963072], [9250539, 0.7442977266832352], [9259866, 0.7374952729773246], [9324139, 0.7555413180421904], [9377816, 0.7901463815069772], [9396129, 0.7750307494878279], [9506678, 0.7763356006201951], [9506837, 0.7685601883019925], [9516376, 0.764998098333899], [9542297, 0.768675146643967], [9563436, 0.7621333171647764], [9588377, 0.7578498620050111], [9590259, 0.7276253184682147], [9605898, 0.7452390418685628], [9609225, 0.7172519845855103], [9609408, 0.7068678723489321], [9706977, 0.7651120649860755], [9715836, 0.7440555408103234], [9715873, 0.7043627483859382], [9745206, 0.7180894909130426], [9772807, 0.7929016157242631], [9782506, 0.811401971171626], [9785137, 0.8021997525674487], [9791232, 0.7872748639977514], [9817257, 0.7516366325082968], [9823820, 0.7566714050340066], [9841112, 0.7206590583993113], [9856919, 0.7236736532007039], [9857372, 0.7226010532698737], [9877889, 0.7250964463863925], [9896592, 0.7765612902131365], [9906523, 0.8103587165479897], [9907326, 0.8109412001289135], [9916701, 0.7712018607226119], [9930468, 0.8375883746194317], [9935211, 0.7607114095450586], [9938966, 0.7131200069197678], [9946291, 0.7712642105903174], [9952278, 0.7970219219915092], [9952325, 0.7824346425995907], [9952772, 0.7687366296548452], [9953437, 0.7523145765901814], [9953577, 0.7006036215856534], [9964920, 0.762345548230536], [9966871, 0.7273482172071215], [9971494, 0.7562552885225594], [9974037, 0.7122062098614567], [9977134, 0.7318600444527453], [9980539, 0.7863266061995471], [9983954, 0.7008886912335456], [9984055, 0.701683565626513], [9985142, 0.7479596165868004], [9985711, 0.6702516871219892], [9986708, 0.6877521307681572], [9986751, 0.6562729246551495], [9987386, 0.6496385228810223], [9989447, 0.7582890670491925], [9991318, 0.7973763779870677], [9991673, 0.7868562307458211], [9992624, 0.7797530374001838], [9993671, 0.6840548771270102], [9994304, 0.6969039208848287], [9994369, 0.6615657688910899], [9995790, 0.7007030671272723], [9995859, 0.6873426319510557], [9995882, 0.6470455430583759], [9997867, 0.7824257337875996], [9997876, 0.7392426024461038], [9997935, 0.7409040439298884], [9998044, 0.7101039668280451], [9998079, 0.7198262306946343], [9998162, 0.7445034930545708], [9998467, 0.8301382074448791], [9998506, 0.6927642591409927], [9998763, 0.5244254299537457], [9999342, 0.950951112957621], [9999505, 0.7440855703090359], [9999746, 0.7728148241583447], [9999785, 0.6468100054734989], [9999812, 0.6647272816863599], [9999821, 0.6981257596762392], [9999856, 0.8232026359691984], [9999863, 0.7170585364004209], [9999866, 0.6381290459193357], [9999909, 0.8673893206857708], [9999912, 0.7036430806039428], [9999933, 0.8571258452772511], [9999952, 0.7461803530929055], [9999954, 0.5657324801570933], [9999967, 0.6431374997856149], [9999968, 0.535119064018408], [9999991, 0.9462551071059552], [9999992, 0.9921336858775214], [9999995, 0.8103421213239774]]}