{"seed": 928126061, "N": 10000000, "alive_speed": 0.9962545288069106, "non_threatened_speed": 0.9962649895882553, "survivors": [[104, 0.9962649895882553], [115, 0.8116659371575671], [201018, 0.7666070744002612], [269777, 0.7629018831337785], [3350240, 0.7584560701736404], [9406401, 0.75745362969509], [9407846, 0.7466417070381882], [9816959, 0.7249648040707283], [9858474, 0.6944898376705555], [9999999, 0.02297032674874644]], "still_alive": [[270906, 0.7239138346150988], [1134691, 0.7630639207490557], [1246996, 0.7393701796071247], [1440971, 0.7448371181527085], [1483324, 0.7374101275751298], [1785713, 0.7566505753925864], [1877736, 0.7452404688542611], [1958061, 0.7500107086198695], [2505732, 0.7888496748680431], [2523841, 0.7674383384755237], [2653620, 0.7750411156600738], [2741083, 0.7706450344812916], [2821498, 0.7257502236369203], [3333381, 0.767025191939824], [3352933, 0.74090751050759], [3553400, 0.7456754675369573], [3773975, 0.7475675090537643], [3817942, 0.7383347544127533], [3817943, 0.7331190980901148], [3827430, 0.7296676766775193], [4056835, 0.7543732390414601], [4263658, 0.7602154775382847], [4642333, 0.7782963444074134], [5055956, 0.732348892745834], [5263623, 0.7642876794283465], [5290056, 0.7531163773074409], [5396759, 0.7474865091574209], [5401026, 0.7300713200973532], [5471299, 0.739156009410775], [5541778, 0.7481157758533532], [5622229, 0.7599082774434742], [5744358, 0.7814397720092928], [5748605, 0.7543514782556227], [5859540, 0.759434946147159], [6301793, 0.7744084446781645], [6622636, 0.7660594785594856], [6659331, 0.7700930981975054], [6804228, 0.7942744271753871], [6894899, 0.7451889830001874], [6897158, 0.7438422857390573], [7105923, 0.7772874986581872], [7146050, 0.7815131850202458], [7147707, 0.7785111985923047], [7150720, 0.7693372892778908], [7160051, 0.7657878989926907], [7177466, 0.7629103429601102], [7250971, 0.7560651555407795], [7343260, 0.7479056594894007], [7533291, 0.7951062751187423], [7562174, 0.7661546660553219], [7567347, 0.747413836562516], [7567354, 0.7357380933418219], [7721101, 0.7777509533888677], [7727926, 0.7658180364654441], [7730803, 0.7543351687408586], [7745484, 0.7504503211499972], [7752403, 0.752654933156102], [7959776, 0.7868733328464422], [7999729, 0.7578899100759244], [7999862, 0.7482272552300393], [8027307, 0.7358679682825673], [8048982, 0.7133254320791197], [8214611, 0.7676556859808819], [8230298, 0.748821004944955], [8241051, 0.7101356038083596], [8359866, 0.7514324529749927], [8437283, 0.7799116540469334], [8453028, 0.7790697864805433], [8453109, 0.7672813465554778], [8610600, 0.771776233403227], [8629459, 0.7503420372611963], [8806586, 0.7641495988592326], [8877163, 0.7952205616457381], [8877190, 0.7950105541226509], [8897223, 0.7788637191962964], [8985094, 0.7788355758069065], [9001777, 0.7669992469668814], [9087186, 0.8263103514538991], [9094785, 0.7612765720190853], [9096280, 0.7082272017833112], [9227873, 0.7818633120705214], [9255738, 0.7974419056248813], [9262573, 0.7541159223474947], [9301478, 0.7686632433622478], [9301795, 0.7622293619630905], [9333978, 0.7467440200278784], [9384335, 0.7786082243769972], [9406224, 0.7712487731838514], [9429515, 0.7453018670917766], [9443674, 0.710471896081647], [9461473, 0.7280504304992632], [9479624, 0.7456823858114153], [9520473, 0.7641010950360593], [9524128, 0.7371490283508837], [9524423, 0.7261521089256602], [9555760, 0.7739117769357183], [9580425, 0.7406598546565021], [9613100, 0.7233408118258842], [9716601, 0.8904625099669037], [9716690, 0.7029975241047521], [9753641, 0.7612800970272114], [9769668, 0.7578769313834146], [9787583, 0.775687917337252], [9799784, 0.7295249719917607], [9816073, 0.7613337406450228], [9816138, 0.7552052778199263], [9830922, 0.7357924216026178], [9840893, 0.7449507826423998], [9859667, 0.6901476281310979], [9890802, 0.6851583377187331], [9920671, 0.7214519921712722], [9932858, 0.7376504364859927], [9942851, 0.7748579138745618], [9942982, 0.7490414258553113], [9952779, 0.7800651969942572], [9965256, 0.7026459953658509], [9969625, 0.7131239150631664], [9975252, 0.7081929995059915], [9978145, 0.7232430240183443], [9982562, 0.8914211838511439], [9982569, 0.6778329382101923], [9982644, 0.6779888913629306], [9982785, 0.652123403937793], [9986204, 0.7247090352088199], [9986269, 0.7181798487340775], [9988556, 0.8186177328894672], [9988593, 0.8192271650330519], [9990020, 0.876683285998962], [9990803, 0.7426577349614001], [9990808, 0.7019820549182813], [9992207, 0.7684607728460975], [9993298, 0.8902748620183302], [9993829, 0.7927818906763079], [9995430, 0.7505327683242976], [9995813, 0.6984565902335389], [9996558, 0.7554327221648502], [9996931, 0.6576954083368965], [9997444, 0.7708967669768269], [9997787, 0.6681808859643227], [9998536, 0.8237146586519132], [9998537, 0.8047810650047782], [9998538, 0.6809834619890776], [9998791, 0.6589493828674234], [9998818, 0.61820261298138], [9998871, 0.6037654486785065], [9998874, 0.5745714886808325], [9999233, 0.640972406339812], [9999254, 0.651836120804293], [9999441, 0.5276821074664767], [9999664, 0.8749500062719285], [9999821, 0.8912502748811296], [9999822, 0.8757666524988276], [9999823, 0.46521322026918444], [9999944, 0.8925544499141614], [9999953, 0.4806214129544578], [9999966, 0.6443920198730694], [9999977, 0.8788852631730241], [9999994, 0.770491530409194], [9999995, 0.8412282895958068], [9999998, 0.7159944193905313]]}