{"seed": 483722292, "N": 10000000, "alive_speed": 0.8698491428767663, "non_threatened_speed": 0.8698491428767663, "survivors": [[1016, 0.8036045972512657], [62701, 0.7606247588125903], [9952692, 0.7452152037199236], [9998907, 0.6907308300829337], [9999398, 0.5927119409271143], [9999999, 0.17654990720007757]], "still_alive": [[148340, 0.7307601517282132], [626337, 0.7582974293281185], [650160, 0.7492086862422858], [650169, 0.7391474735759863], [654628, 0.7352233998932096], [876827, 0.7239374382328301], [1657724, 0.743812853994514], [1946367, 0.7598672765735284], [1955032, 0.7572120053800818], [1966935, 0.7399489210383627], [2526794, 0.7693062156921356], [2526819, 0.7692133967878766], [2892308, 0.7667877884263967], [3203363, 0.7811389601892523], [3264862, 0.7808568724168137], [3501353, 0.751444666798486], [3501360, 0.7465045121052952], [3504025, 0.7401652259982014], [3725716, 0.7246920355459073], [3737915, 0.7249568092897335], [3928844, 0.7461924419336206], [4047889, 0.7461905087808693], [4289836, 0.774502291875415], [4290309, 0.7482865668400559], [4646010, 0.7499515538220489], [5337459, 0.7631080283813301], [5355102, 0.7401504047686199], [5606977, 0.7518981695209656], [5655792, 0.7584827519660932], [5658103, 0.7392915582728364], [5823692, 0.744200414405888], [6042651, 0.7518231815460467], [6196144, 0.7704278732916591], [6196145, 0.7348374728923889], [6226222, 0.7304297375982367], [6454419, 0.7583687237601593], [6816218, 0.7931668228948409], [6819681, 0.7589295017165684], [6867688, 0.736324768960219], [6986665, 0.7597916073563121], [6987964, 0.7592647463265638], [7374335, 0.7874572268886519], [7391282, 0.7808924630464774], [7391287, 0.7721268393802431], [7475174, 0.7849036147639042], [7477889, 0.7841154740194137], [7478442, 0.753655820920141], [7478443, 0.7483455168411757], [7566858, 0.7507441085459863], [7604355, 0.7551324252533483], [7604434, 0.7328448906572373], [7647901, 0.7048016104942764], [7787718, 0.7384006363899681], [7840101, 0.735107647875345], [7841132, 0.7261487409361572], [7966875, 0.7509822701290815], [7974072, 0.7393046033300522], [8138725, 0.7915979607077688], [8138892, 0.7667100252002526], [8141423, 0.7630367645568495], [8210814, 0.7691364183630374], [8310259, 0.7816795087121243], [8338862, 0.7569780904681591], [8339295, 0.7445366369936023], [8376102, 0.7224894936945322], [8399777, 0.7072551748209331], [8495972, 0.7256098596245748], [8495973, 0.7222991434807035], [8561046, 0.7173217595815837], [8672533, 0.7607177815955578], [8681162, 0.7228662854789537], [8702597, 0.7178355600887429], [8770006, 0.744355290945878], [8784377, 0.7449163612603072], [8807704, 0.7248402871983912], [8937413, 0.7874169739223271], [8954208, 0.758282092298048], [9083087, 0.7840845793492744], [9093954, 0.7721145878500996], [9113989, 0.7628504400708542], [9135068, 0.6992403436268985], [9202661, 0.7491737908002866], [9203912, 0.7352293670961159], [9238001, 0.7517291605980957], [9256868, 0.7126733323002096], [9256873, 0.7059558375111327], [9363026, 0.7812089802413313], [9384819, 0.6776785662120424], [9505440, 0.7978559221600442], [9506657, 0.7875485875356137], [9511248, 0.7663998936572862], [9540025, 0.7991759845670938], [9582422, 0.7534406361265075], [9582531, 0.7184014173176695], [9596984, 0.7170103599297011], [9609801, 0.7247244352414064], [9684126, 0.8386689049862665], [9684653, 0.7945585119184091], [9723506, 0.8246772986615837], [9724673, 0.8208371202598097], [9724796, 0.7681867781463597], [9729059, 0.7458831079513859], [9733312, 0.748433502018277], [9743371, 0.7418575795293055], [9743532, 0.7253082823180459], [9744411, 0.7065320168719844], [9764006, 0.7456725562877777], [9764229, 0.7425809011077467], [9768284, 0.6948107394432758], [9771509, 0.6805355949164549], [9798054, 0.7407065284168655], [9835975, 0.807837810845924], [9839994, 0.7903173992881628], [9851641, 0.7403510415166807], [9878912, 0.7678184197487486], [9893283, 0.8589303001333344], [9893500, 0.75390607029396], [9893501, 0.731483152831291], [9910302, 0.7216238072612132], [9917343, 0.6988163278888452], [9936476, 0.7865259911607534], [9936483, 0.7566979730645311], [9939098, 0.7862905144617299], [9940539, 0.7853869797135086], [9949626, 0.7497446509985605], [9950335, 0.7601845995074955], [9952456, 0.7784423327014705], [9952685, 0.7484974263603197], [9958879, 0.7442876904858323], [9963762, 0.8312201181669092], [9964087, 0.746134499032265], [9968332, 0.7616201125953485], [9976721, 0.8833253796266874], [9979794, 0.7563056923041598], [9980903, 0.7041359772191945], [9981548, 0.7020678128696862], [9984155, 0.7935465112384361], [9984234, 0.7846215359077666], [9984981, 0.7609070382701401], [9986026, 0.7538950144862933], [9987993, 0.8751690731398288], [9988210, 0.8667746262201785], [9988589, 0.6665596018200186], [9989026, 0.6864185994939941], [9991473, 0.7044177743890829], [9992520, 0.7455045279055603], [9992521, 0.7313374877046589], [9994306, 0.7431858662088089], [9995381, 0.9088395281666151], [9995542, 0.8778918819236258], [9995595, 0.6681818953364441], [9997702, 0.9369769648091255], [9997703, 0.6539898470750825], [9997990, 0.700207945626208], [9998681, 0.8643367112534842], [9998756, 0.8056193743584229], [9999499, 0.5938209450089605], [9999768, 0.8248172188956056], [9999777, 0.6925803743547045], [9999928, 0.6173110618534542], [9999955, 0.8057648750628092], [9999978, 0.8173630876145815], [9999979, 0.7461722989394872], [9999980, 0.7384123091158459], [9999985, 0.8989886629285588], [9999988, 0.6602279735189702], [9999997, 0.810258716883641], [9999998, 0.7834829957006901]]}