{"seed": 483722189, "N": 10000000, "alive_speed": 0.8676935917523647, "non_threatened_speed": 0.8676935917523647, "survivors": [[32, 0.8620526383504804], [5126255, 0.7972578849775155], [5126510, 0.778595057874178], [7693229, 0.769043925157179], [8898264, 0.7515798550023447], [9210601, 0.7442845056992493], [9954564, 0.7361226965591592], [9957943, 0.7171512853123808]], "still_alive": [[43, 0.7380449189850082], [1120446, 0.7791820632890485], [1473747, 0.764501226346182], [1473768, 0.7538263942541475], [1511501, 0.7483257735173037], [1894024, 0.7691445778768816], [1894053, 0.7659430424652063], [2450902, 0.7615839011354689], [2803687, 0.7825619776110901], [2861272, 0.7826399404619525], [3027415, 0.7857532162940178], [3465270, 0.745794410816384], [3715827, 0.7734495823054472], [3926474, 0.7806356760358745], [4006635, 0.7695852098429733], [4299086, 0.801114511373122], [4513611, 0.8120954996355852], [4562482, 0.7711308909019658], [4810659, 0.7906533169465588], [5029190, 0.7987426679842503], [5130551, 0.7584830302928917], [5409010, 0.7658225736443979], [5409955, 0.7609648173882998], [5607972, 0.757149672079518], [5691813, 0.7607563133738365], [5759316, 0.7667941884918175], [5759835, 0.7518827809348088], [5902480, 0.7639016417317221], [5991781, 0.7594041872034137], [5996974, 0.7374546275189865], [5997057, 0.7360662712567364], [6503306, 0.7756748053533824], [6518077, 0.7735323548731144], [6518778, 0.7499931625441355], [6772871, 0.772661653308571], [6850858, 0.784584466062967], [6901991, 0.7784545068649564], [6970066, 0.7937264666487762], [7066449, 0.7814937936855497], [7249674, 0.7429800027147364], [7557981, 0.7852308936737102], [7672082, 0.7691484368209598], [7701930, 0.7661639320154866], [7743307, 0.7717133016027968], [7924936, 0.7638775462521579], [7938999, 0.7639239058577364], [7978568, 0.7742278240334738], [7979057, 0.7627167424387411], [7986894, 0.7395433598605446], [8121535, 0.7386940602790429], [8183704, 0.7524604526594082], [8184433, 0.7050047384064105], [8316528, 0.7478507200099859], [8497985, 0.7881888752072422], [8526908, 0.7790018731357999], [8602339, 0.7987577786736241], [8602414, 0.7818619599415245], [8602725, 0.7470772864141447], [8602730, 0.7421075115583333], [8680145, 0.7727704399992792], [8760508, 0.7912876889384879], [8766325, 0.7715399335397561], [8784808, 0.7311634429265216], [8874919, 0.7886284809529905], [8996611, 0.7500216876947132], [9050342, 0.743586601520692], [9141497, 0.7416384693181912], [9189294, 0.7835638179443014], [9191503, 0.7848210904053333], [9207710, 0.7830541944132396], [9207713, 0.7817440186846077], [9210600, 0.7844074661417512], [9212058, 0.7160054411187973], [9225063, 0.7074363042644217], [9225076, 0.6956554834360187], [9357985, 0.7149431803814984], [9466610, 0.7746350793296887], [9493357, 0.8109658250074752], [9500290, 0.8217031545824859], [9504163, 0.7821592959101719], [9528428, 0.7930039915087113], [9530261, 0.7500464601071316], [9546642, 0.766711563118168], [9585267, 0.758290458411402], [9631818, 0.8200586221118457], [9660867, 0.8148459103191997], [9661122, 0.7867107583335103], [9661419, 0.7388166906106792], [9661532, 0.6958902806642422], [9719125, 0.7423465888872469], [9726816, 0.7535070709292301], [9746825, 0.7018643792360351], [9760516, 0.6830595415869392], [9773327, 0.7123608989352411], [9784978, 0.7373530490082715], [9801595, 0.7726740907158194], [9801610, 0.7705707832286667], [9801697, 0.76527483255768], [9829974, 0.7977931864526385], [9836921, 0.773793790121256], [9847334, 0.7416353411527569], [9850043, 0.7539690090496718], [9850062, 0.7539362471932033], [9850725, 0.7205577084046684], [9856002, 0.7316662505850885], [9856453, 0.7201168542205098], [9873974, 0.7544161507449476], [9879771, 0.7881960282800226], [9890102, 0.722410198066323], [9902387, 0.7949018284776003], [9902924, 0.7616118857455969], [9921801, 0.8807651137476514], [9921898, 0.8429856762062454], [9922617, 0.8380701784458536], [9923858, 0.6964925054879016], [9927277, 0.7211387114207082], [9933734, 0.7876529518079756], [9950547, 0.8105959018234478], [9954028, 0.7809660216398999], [9954039, 0.7406233860221503], [9958002, 0.6662638705282202], [9962645, 0.7429177551798498], [9969786, 0.6939831909485463], [9969859, 0.6942697674373896], [9970732, 0.6606057312690627], [9976047, 0.6870492960742864], [9976416, 0.6952981396962356], [9977525, 0.7085957979258498], [9977640, 0.6642780003423108], [9984217, 0.8027838167814365], [9984252, 0.7856915602207664], [9985297, 0.7469598573196606], [9986224, 0.6704059307350483], [9988179, 0.7421033246515691], [9988252, 0.7426870749684473], [9989041, 0.7005629672186189], [9991256, 0.8711724510807762], [9992013, 0.8210092210576854], [9992996, 0.9270675280573205], [9995517, 0.7033571908175175], [9995972, 0.778765064047633], [9996613, 0.8050573033590878], [9998096, 0.7431574191297606], [9998099, 0.7116768885429798], [9998120, 0.6807781091195934], [9998623, 0.9115802682452054], [9998998, 0.9180910944239671], [9999117, 0.7651983500745894], [9999180, 0.7814780026787534], [9999343, 0.7781678901049711], [9999370, 0.7816979820701428], [9999607, 0.8809420149674068], [9999784, 0.4124385554790192], [9999827, 0.48992271866637094], [9999894, 0.7222824861648536], [9999925, 0.5439444874555823], [9999942, 0.6054794705498218], [9999953, 0.4267181546327484], [9999978, 0.33346135182256587], [9999995, 0.936966231288535], [9999996, 0.959086488473508], [9999997, 0.8812227675308302]]}