{"seed": 177791953, "N": 10000000, "alive_speed": 0.8970514209012374, "non_threatened_speed": 0.8970558164742984, "survivors": [[48, 0.8970558164742984], [7263, 0.8091437516112635], [7264, 0.802376574634676], [574831, 0.8004064604258989], [7544116, 0.7660185358772291], [8407953, 0.756974967544405], [8836748, 0.7479001476700119], [9185181, 0.7407876374450467], [9955768, 0.7206508309314709], [9955803, 0.7041913873492752], [9998974, 0.675986415158932], [9998981, 0.6626086248260796], [9999998, 0.3464648361515462], [9999999, 0.3233711390954124]], "still_alive": [[576346, 0.7607208472877193], [653065, 0.7614901989494413], [925702, 0.7789194938815662], [1219869, 0.7696409440467447], [1354712, 0.7393004875004519], [1355911, 0.7362973722824054], [1749716, 0.7330663229497594], [1788457, 0.7326353003211789], [2427782, 0.7687285944504194], [2455905, 0.7587761858216007], [2683790, 0.7801735014121194], [2754819, 0.7643447225020525], [3188160, 0.8058728091134129], [3197409, 0.7868041116696891], [3205500, 0.7642202725320365], [3221877, 0.7396428622746856], [3238070, 0.7168603897032976], [3289429, 0.7149431436367393], [4183150, 0.783326120371414], [4189083, 0.7547879841452159], [4307468, 0.737361403298534], [4548761, 0.757308531788896], [4548774, 0.7565055095471452], [4564849, 0.7240550795288024], [4889544, 0.7679256231614826], [5144699, 0.776306277715424], [5208502, 0.7689422133302624], [5245863, 0.7640672734617212], [5248178, 0.7389349266579012], [6107127, 0.7544647797674957], [6116204, 0.7535549048011045], [6262919, 0.7454782888236384], [6412332, 0.7571637585480154], [6427677, 0.7514970692903368], [6578922, 0.7553354180615168], [6596377, 0.7106722872556923], [6868472, 0.7688812926834431], [7065279, 0.784612205861207], [7138066, 0.8034624751661525], [7184773, 0.8080517420321209], [7268946, 0.7801605221039024], [7283299, 0.7831814173258693], [7514896, 0.8244639584814618], [7541745, 0.769321633109452], [7546353, 0.708151792084918], [7683646, 0.7102355188847935], [7775255, 0.727030379802455], [7928108, 0.7717610302194775], [7931989, 0.7365667736517415], [8108354, 0.7479153559091978], [8324309, 0.7657711341174023], [8324332, 0.7567546541430985], [8424240, 0.7233361219766513], [8539401, 0.7385371159173989], [8588598, 0.6825869286621572], [8638151, 0.7014525804335237], [8836877, 0.7347129771916532], [8838544, 0.7145983117882084], [8838721, 0.7146728425600329], [8851514, 0.7108974923587402], [8875115, 0.7168774127533655], [9047330, 0.7923009547872425], [9067891, 0.788637848153495], [9068352, 0.7812696992393484], [9072585, 0.7797488267318184], [9076186, 0.7822569856591768], [9089817, 0.7209718783621444], [9184336, 0.7408443465358961], [9193892, 0.7348994829248547], [9258615, 0.7538101961025552], [9283532, 0.7781696118832833], [9283571, 0.7666084798600293], [9284236, 0.7295284312470116], [9289015, 0.721075967241138], [9294584, 0.679898592762586], [9294827, 0.6770903130325817], [9442956, 0.7633675466381974], [9478901, 0.8033670057952702], [9480972, 0.7862180898625111], [9493935, 0.80268019363536], [9493936, 0.7566950351811643], [9521617, 0.7790003977867895], [9552414, 0.7212998731193894], [9595675, 0.7353358231819911], [9597806, 0.7106573742781532], [9601317, 0.7146358908940434], [9616560, 0.7160552243086928], [9620547, 0.6898711868669908], [9630374, 0.7022320190918969], [9715327, 0.8064715397617616], [9725788, 0.7703228746449665], [9725877, 0.7533962378717194], [9753212, 0.8069892876495574], [9766079, 0.7110735021979404], [9797176, 0.778229712392368], [9804021, 0.720974517777722], [9807852, 0.72677999933879], [9829733, 0.7600894307540964], [9841154, 0.6951353983325745], [9841423, 0.6960552403219702], [9854318, 0.6777763392497255], [9854383, 0.6693355769174839], [9864446, 0.703691963729583], [9868963, 0.6904663009356281], [9886896, 0.7990570231772056], [9888859, 0.7615210520160168], [9891604, 0.7523937723666362], [9891609, 0.7468681839138104], [9891618, 0.7355661897301967], [9891619, 0.7142016059639538], [9891984, 0.7080220728264062], [9891995, 0.7072747563695798], [9910624, 0.7534766036714544], [9918671, 0.7852765081862194], [9919718, 0.7572611684585924], [9919719, 0.7568367972464521], [9919720, 0.7428993669428665], [9922881, 0.7142429578120632], [9922884, 0.6895987478956498], [9929903, 0.7571563876690587], [9935962, 0.8218187073705193], [9938063, 0.7523856954192294], [9939444, 0.7633011375970218], [9952205, 0.7546795699729136], [9952206, 0.7163589180481239], [9955765, 0.7544619967479518], [9955832, 0.7018038874139344], [9959685, 0.7357037672265665], [9960536, 0.7445062263269188], [9961471, 0.7072262785405301], [9963972, 0.6916725622565535], [9976845, 0.8079902791904296], [9977490, 0.8278020418786131], [9977737, 0.7647166093244643], [9978758, 0.7818753094302474], [9978759, 0.7753397174323698], [9980506, 0.8064065658751434], [9980769, 0.7855759090936631], [9981398, 0.761635139601853], [9981399, 0.7363447743468242], [9981740, 0.6925518864105307], [9982609, 0.6249375386113833], [9985936, 0.7704629574173362], [9989315, 0.808763057295025], [9990286, 0.6930889175299196], [9990853, 0.6954516976160605], [9990932, 0.6985272134145204], [9993031, 0.8821460259864027], [9993096, 0.8058193514885722], [9993365, 0.6867403113650371], [9995060, 0.8375415830278132], [9995065, 0.6526172548328897], [9995710, 0.609360700820611], [9996591, 0.7090177942754213], [9996592, 0.6971915575604642], [9996621, 0.6919865540346065], [9996664, 0.6446468664476189], [9998299, 0.7838693945759567], [9998322, 0.7532077030651853], [9998735, 0.7502182296159835], [9999408, 0.6105561246118223], [9999701, 0.6219559450234811], [9999756, 0.6089704463574994], [9999827, 0.7647172414557186], [9999838, 0.6733222040938369], [9999919, 0.8769052286719614], [9999940, 0.6184641677997391], [9999951, 0.6769806872320893], [9999952, 0.6553796717808322], [9999961, 0.631172699905093], [9999962, 0.4667806529167581], [9999981, 0.6252894401108241], [9999988, 0.8069773049338836], [9999991, 0.8286291252718121]]}