{"seed": 997, "N": 10000000, "alive_speed": 0.807628103769615, "non_threatened_speed": 0.8077606572802193, "survivors": [[1640, 0.8077606572802193], [2005, 0.8017331312229249], [386830, 0.7726306293297583], [7781659, 0.7717316627222933], [9895002, 0.7696260877933385], [9895203, 0.727050360385654], [9999094, 0.7057950695325336], [9999825, 0.5632379737040096]], "still_alive": [[4100, 0.7854012224382457], [4195, 0.7800579698169723], [281172, 0.8006376262405515], [321023, 0.7893061824728513], [541221, 0.7522522947992852], [542190, 0.7464328800071806], [636963, 0.7471177525315432], [1243404, 0.7632658599972016], [1480441, 0.7675978537380657], [1494330, 0.7650619094864093], [1495659, 0.7635784380697144], [1656526, 0.7454959966300818], [1663187, 0.7189513974689862], [1947786, 0.7439102124682213], [2402473, 0.7841122371184404], [2444288, 0.7405554798552351], [2478287, 0.7297627891857598], [3009176, 0.7752874516163045], [3009199, 0.762422495997677], [3404088, 0.7613833049586526], [3839457, 0.7918972247188989], [3839458, 0.7815184116845161], [4071191, 0.8072051773817243], [4228830, 0.7776048220236506], [4245929, 0.7762141307387854], [4269774, 0.7774799081121333], [4271053, 0.757309295786449], [4291728, 0.7406930936028255], [4371611, 0.7463581157654673], [4520704, 0.7381546822824686], [4520705, 0.7277859568282083], [5139346, 0.7704608633391692], [5326373, 0.7695558120581892], [5356372, 0.7543193854774075], [5520807, 0.7790764134609512], [5662354, 0.7690189028922815], [5872631, 0.7916790242517966], [6013766, 0.7700192194957479], [6016475, 0.732325543658032], [6016810, 0.7288137074711096], [6264865, 0.7504804611045016], [6354596, 0.7559337447302217], [6408627, 0.7666817497595064], [6591742, 0.791236216491769], [6591901, 0.789958070002565], [6604554, 0.7546173754562641], [6746513, 0.7714725953878334], [6748840, 0.7540531062306016], [6873777, 0.7409539584757493], [7135922, 0.7547966025316284], [7172163, 0.7494977107249149], [7186950, 0.7234855924170426], [7515853, 0.7918879191348029], [7521544, 0.7644887878614945], [7632039, 0.7469429960054572], [7742528, 0.7663638753258154], [7783540, 0.7647700187480081], [7783545, 0.7448432903456996], [7933654, 0.787806721548686], [8268969, 0.7966713817047248], [8293798, 0.8063443756603125], [8395735, 0.7886528701292108], [8411582, 0.7921664837549718], [8440883, 0.7333621378523894], [8519392, 0.7320513585214732], [8594367, 0.7659105337212933], [8594578, 0.7434178316037221], [8668209, 0.7544450077634492], [8708382, 0.7338470787238922], [8733805, 0.7098208143083782], [8915996, 0.7704871070911521], [8936249, 0.7499248683121224], [8958792, 0.7455539354213081], [9022225, 0.7145613188411062], [9156508, 0.8213728468692421], [9163955, 0.8113439071314544], [9163986, 0.7847281193050141], [9182113, 0.7740227166808931], [9186574, 0.7028382900704806], [9186589, 0.70039134869583], [9186868, 0.6901760306513938], [9250657, 0.7254305639069147], [9251156, 0.7144137393180886], [9251829, 0.7116672372386285], [9338286, 0.7803628284163792], [9362103, 0.8071768254366954], [9362120, 0.7452648299774383], [9376035, 0.7111530805388634], [9453074, 0.7734468237307203], [9466793, 0.790329480175106], [9488232, 0.7682900271913267], [9488285, 0.7603868064606722], [9574586, 0.7408204600182019], [9603937, 0.7545762109297564], [9626492, 0.7532581214824496], [9655113, 0.7905845477510094], [9656638, 0.7804815326020829], [9681721, 0.7768949857811455], [9681726, 0.770097943093596], [9723969, 0.8038131147997241], [9727766, 0.8080647824818232], [9729825, 0.788219670909239], [9742326, 0.7513726381132226], [9805783, 0.9311079396049082], [9805820, 0.8517019831885481], [9805881, 0.7851437421304216], [9807924, 0.7675304852263599], [9837065, 0.812086366263946], [9837146, 0.7692725031568719], [9869693, 0.8351174927253702], [9895296, 0.6708662920741268], [9895297, 0.6642042716587637], [9895318, 0.6398062388123125], [9931461, 0.7825589052071021], [9941354, 0.7487686828411267], [9943317, 0.7442047732257373], [9944058, 0.6781429588423775], [9949939, 0.7285311518601336], [9956710, 0.8424617483790572], [9956737, 0.816042856385262], [9961462, 0.8592696196016134], [9961471, 0.8318196154652576], [9964350, 0.766496932903298], [9964389, 0.7538705724515966], [9964392, 0.7055362798569276], [9974981, 0.8616959528566488], [9974986, 0.7281491386267859], [9984823, 0.8813029311056221], [9984938, 0.7449615789323589], [9984977, 0.6596698571790246], [9987384, 0.7393468083675107], [9988071, 0.7758414046206569], [9991720, 0.7807190668234698], [9991927, 0.7596435742995], [9992712, 0.6909720633176929], [9993425, 0.753943156701238], [9993490, 0.6890271138698935], [9995119, 0.7046676993173528], [9996070, 0.6766281917588937], [9996389, 0.6367062080174373], [9997134, 0.754420262750478], [9997331, 0.7668698603210566], [9997332, 0.6975712161477845], [9997749, 0.7376822103270314], [9997750, 0.6988452210995132], [9998163, 0.7484181623846884], [9998208, 0.7560002741631829], [9998617, 0.8525652587308359], [9998774, 0.8222524569906812], [9998911, 0.8830243090998044], [9998912, 0.7639622029901043], [9999093, 0.7864204003943835], [9999187, 0.6420277950993013], [9999192, 0.5814782209904152], [9999311, 0.6544537221456608], [9999390, 0.6454373502637654], [9999409, 0.5534793969336638], [9999554, 0.652373772226812], [9999675, 0.5167386308009072], [9999822, 0.6479809982719207], [9999826, 0.48124202077067313], [9999843, 0.516222357583941], [9999906, 0.49188626228622057], [9999945, 0.6700762678781679], [9999960, 0.7989650712997461], [9999997, 0.7744922950655433], [9999998, 0.9069159849688407], [9999999, 0.7761845779231354]]}