{"seed": 827, "N": 10000000, "alive_speed": 0.9267794592427793, "non_threatened_speed": 0.9267919709331358, "survivors": [[134, 0.9267919709331358], [567, 0.9046952216854272], [684, 0.8701833464982246], [1133, 0.8120500219256765], [1136, 0.798035617722335], [7333553, 0.752207241483679], [9016588, 0.7479772924189689], [9174221, 0.7337040777365575], [9885778, 0.7160877629786807], [9996465, 0.6931918196597558], [9999998, 0.19653913356507713], [9999999, 0.13856424744396667]], "still_alive": [[2283, 0.7573242561801328], [5816, 0.7555419986165764], [88493, 0.7519218585019948], [797752, 0.7610556013759314], [1727817, 0.7602320117821982], [1729354, 0.7602885785665053], [2066777, 0.7332490454873788], [2717580, 0.7795833514876361], [2809815, 0.7863180751258889], [2854348, 0.7352283619155288], [2863999, 0.7355040133753116], [3469922, 0.7734930934415429], [3469933, 0.7524120248523621], [3508588, 0.7311127014790151], [4360823, 0.7517227323157027], [4466782, 0.7651526045997976], [4468523, 0.7369420177943939], [4791372, 0.7670885191970499], [4866353, 0.7435833135025581], [5377630, 0.7595496937402666], [5378481, 0.7552996069385566], [5411210, 0.7381199551134298], [5756485, 0.7721665307899658], [5788418, 0.7713131434832838], [5923831, 0.7644903824445921], [6189894, 0.7487106749703742], [6244575, 0.7552468394458575], [6359908, 0.7577904314871916], [6467659, 0.7465652189100486], [6668348, 0.7126418745230444], [6903213, 0.7570571329032936], [7027386, 0.7795046781800213], [7030829, 0.7226496253097523], [7245138, 0.7455186937124723], [7509326, 0.7438000665166269], [7509381, 0.731729753317798], [7564368, 0.7366159427086312], [7652581, 0.7609845897484488], [7826102, 0.7591498301761823], [7845175, 0.7404579089423758], [7887532, 0.7260286116266095], [7971079, 0.7473314165603099], [8094594, 0.7799818599915758], [8218353, 0.7316618569823743], [8278348, 0.7424941450273346], [8399637, 0.7439900249566338], [8452198, 0.765241216274827], [8513437, 0.7885201784996114], [8519020, 0.7409804773148568], [8582207, 0.7215480070188175], [8729050, 0.7995718055082957], [8729295, 0.7984347957333735], [8729448, 0.7772867954255733], [8912739, 0.7623471202180935], [8928396, 0.7653733496221381], [8932413, 0.7672247782573265], [8940368, 0.7093873500767981], [9011753, 0.7551684351189804], [9030805, 0.7355261094676374], [9047136, 0.7125365627039975], [9153797, 0.7803256987680872], [9153806, 0.7628609663830211], [9198560, 0.7271816842009504], [9198705, 0.7052678585316552], [9199182, 0.7022226687171976], [9262177, 0.7264566784401436], [9282182, 0.7229774027992377], [9306673, 0.744322287725839], [9306696, 0.7429364318036719], [9307999, 0.7290716434698842], [9368526, 0.7281316573859435], [9445837, 0.7979262830224817], [9486112, 0.8241633680979531], [9488461, 0.7186870806003781], [9504986, 0.7200330919668647], [9568743, 0.7384158216896808], [9591246, 0.7422994581994325], [9605021, 0.7225059386625636], [9627684, 0.7500276489523613], [9657533, 0.7672275945141307], [9665118, 0.7600046068610093], [9718243, 0.8117684578491069], [9718244, 0.7855324615006368], [9725973, 0.7587317187532713], [9727694, 0.6967339622093244], [9727717, 0.6501077387203681], [9727720, 0.6406050967716017], [9781155, 0.7745506826964282], [9783310, 0.7781186560723072], [9798015, 0.8095532371842399], [9817906, 0.7902472987765381], [9817933, 0.7829077128827723], [9817942, 0.7828765767406309], [9821657, 0.7058275481995782], [9849714, 0.791737588609485], [9850865, 0.7477171313563589], [9859016, 0.7619611309117421], [9865001, 0.7348829259109076], [9875954, 0.7551560522845676], [9883157, 0.7745132719719917], [9884416, 0.7380688102479186], [9884551, 0.7287248047772886], [9885783, 0.6684544829024639], [9885784, 0.6432802992954212], [9888379, 0.6432946421565262], [9888438, 0.5954952248581671], [9916289, 0.705380223430891], [9916354, 0.6970269465575075], [9939365, 0.7920767468575787], [9939898, 0.797453701870144], [9946789, 0.7497285101301062], [9951554, 0.7047323327779035], [9953573, 0.6940511591519064], [9962582, 0.8308892764587863], [9967871, 0.7858722692632768], [9969186, 0.6994135155425288], [9969433, 0.6875718242682947], [9969434, 0.6842113899648509], [9973661, 0.7048112969159543], [9975562, 0.6709768928258919], [9976975, 0.680267025617714], [9983322, 0.7157293090871072], [9985829, 0.7001597974525497], [9985862, 0.6976343799834739], [9986497, 0.7239412752745711], [9986650, 0.6984327278444585], [9987245, 0.7257551006303695], [9987312, 0.7148875361183396], [9990707, 0.8068425816986607], [9990708, 0.7856380768755841], [9990847, 0.7642172994197958], [9992306, 0.881857155197226], [9992497, 0.7033222174760243], [9993924, 0.7101107162401588], [9994561, 0.7464169865671947], [9994562, 0.7106854703554208], [9994625, 0.716423185323202], [9995740, 0.895878940114798], [9995743, 0.7701632012432462], [9995744, 0.759050869109996], [9995915, 0.6933833425869138], [9996428, 0.7334448633217687], [9996474, 0.6426033513085461], [9996587, 0.6634437215999325], [9996702, 0.6706382405671196], [9997001, 0.7180738480590971], [9997010, 0.6406151287443917], [9997317, 0.6524591603586826], [9997522, 0.6093794967856647], [9998083, 0.7280838478300169], [9998458, 0.6949972836151823], [9998713, 0.5728818036154963], [9998840, 0.5356300520085054], [9999333, 0.7517649853058201], [9999344, 0.6987159624617035], [9999345, 0.6029613034141581], [9999406, 0.6142784812696044], [9999407, 0.607686856604026], [9999408, 0.5562757920382037], [9999409, 0.5345121305999845], [9999772, 0.9361853139154453], [9999857, 0.9449005208973276], [9999858, 0.8691397869787718], [9999879, 0.7189951973804823], [9999886, 0.7223594077018749], [9999917, 0.704711144175145], [9999936, 0.5624099677473714], [9999973, 0.8007750265935382], [9999992, 0.7544010684564527], [9999995, 0.7606739271636366]]}