{"seed": 177791827, "N": 10000000, "alive_speed": 0.9027046195176324, "non_threatened_speed": 0.9027046195176324, "survivors": [[724, 0.8977169994367696], [843, 0.7778922676495776], [7226536, 0.7547605912904909], [9738713, 0.7368786878281601], [9996670, 0.6790858410003999], [9999959, 0.6227113278807915]], "still_alive": [[77150, 0.7364096582287681], [472767, 0.7556625689247572], [473318, 0.7507988850777597], [624687, 0.761771337629284], [714220, 0.7216708858754602], [1231187, 0.7619725081181252], [1288160, 0.7395179461817575], [1675831, 0.7583646629492613], [1803952, 0.7428498178842863], [1824127, 0.7439634830051086], [2693228, 0.7516343196428878], [3359821, 0.7632753197748137], [3423384, 0.7681897587486338], [3426979, 0.7478920624331244], [3746220, 0.7603485766212617], [4008797, 0.7614719374836052], [4022738, 0.7615545680260705], [4064787, 0.7391355002810474], [4527740, 0.7694523034817287], [4667931, 0.7380183214105379], [4677946, 0.7371319220912985], [4789137, 0.7500191331633266], [5007710, 0.7639716388735217], [5016391, 0.7548871083738992], [5036452, 0.7490417751885161], [5228757, 0.7701786449817469], [5228758, 0.7684461068650676], [5547191, 0.7853091747036283], [5598334, 0.7724105331411352], [5598339, 0.7263571982863185], [5684812, 0.7367867565150752], [5878001, 0.7489730225771595], [5932238, 0.7568014990521089], [5983443, 0.7503430902301743], [6174750, 0.7749083665843725], [6181683, 0.7727536149985882], [6377476, 0.7298406008473926], [6577565, 0.7715167486651584], [6708416, 0.7608589919379486], [6772585, 0.7187904730341307], [6772612, 0.7056392227709196], [7220279, 0.7851659063821018], [7220402, 0.7777634624621813], [7223899, 0.7647590656681501], [7229657, 0.7336673889720917], [7522510, 0.7731310796194546], [7522515, 0.753447193039798], [7548208, 0.7423133396663099], [7555565, 0.7352625655047784], [7895076, 0.7522957322383309], [7959569, 0.7484511501080546], [7962864, 0.7312811930512156], [8236485, 0.8240210099241992], [8236776, 0.7962924531996117], [8254631, 0.7651900458105155], [8255806, 0.7412524304956513], [8361779, 0.7612227858400848], [8415506, 0.7730006310852178], [8417721, 0.7656381161049058], [8579410, 0.7760673388444165], [8580413, 0.7483682425763712], [8584212, 0.6989174632384756], [8701435, 0.7398124913237452], [8703318, 0.7378556652275546], [8870063, 0.7465451049418413], [8870284, 0.723552310170598], [8878637, 0.7181240255587616], [8979776, 0.7660853745760942], [8983905, 0.7344951664078266], [9068862, 0.7751217385428545], [9101417, 0.7972333445033231], [9109536, 0.7613916696145591], [9170771, 0.7618089913825441], [9182518, 0.7370357282541087], [9183061, 0.7367007201722147], [9183088, 0.7331689326003352], [9191831, 0.7244796909922625], [9278168, 0.7554009354037028], [9301309, 0.7643339671088265], [9335972, 0.7958967159234466], [9335973, 0.7905124018069764], [9335978, 0.7647820446002218], [9336009, 0.7438878002138151], [9405644, 0.8204696072931597], [9414505, 0.7556466011330785], [9435512, 0.7774597262369158], [9436189, 0.7763394039838262], [9480594, 0.8030428150692324], [9524175, 0.8526246793849557], [9528854, 0.79039774558703], [9528891, 0.7772847454853398], [9532712, 0.7518709325240016], [9583173, 0.7573451094807453], [9590838, 0.7498374988467853], [9593957, 0.74076515420477], [9636320, 0.7412794597219227], [9636339, 0.7266565632530291], [9666034, 0.7463789174136374], [9666393, 0.7428733948243585], [9687094, 0.7487399050855943], [9687099, 0.7309406154811663], [9687108, 0.7228506090447158], [9708529, 0.7695046487778363], [9725934, 0.7558393502569587], [9738906, 0.7031609051600447], [9771701, 0.7473906540689743], [9772854, 0.7221482486406795], [9773075, 0.7213437521648886], [9780872, 0.7466070139848001], [9830579, 0.7612108855895717], [9830820, 0.7001784985030379], [9862761, 0.7819463015828205], [9868042, 0.7575674786854167], [9868809, 0.759451001493282], [9868812, 0.7227795189887443], [9870373, 0.677132655583748], [9870708, 0.6579689807548613], [9875287, 0.6547992444700721], [9885330, 0.6950290431692793], [9907281, 0.8479480278580178], [9907360, 0.8077786513412122], [9910089, 0.8224692564457189], [9911070, 0.8284376677294093], [9911121, 0.8284875028666897], [9918912, 0.8982542153545763], [9919625, 0.8847556018823524], [9925352, 0.7531639633240756], [9925567, 0.7120337196023244], [9929542, 0.7475830595033617], [9929735, 0.7266748475751987], [9938102, 0.8149081552616627], [9938667, 0.7897701610690809], [9941138, 0.8041229429681876], [9949129, 0.800738219594636], [9949886, 0.7808465636826866], [9960621, 0.8039077544444914], [9961138, 0.7598292642117177], [9961141, 0.7442545335570797], [9961148, 0.7390388515508712], [9962881, 0.7452631857013905], [9967640, 0.8158348648835143], [9967653, 0.7209617198943035], [9972668, 0.8006830774847526], [9973381, 0.7778281895885271], [9973432, 0.7318389693226424], [9977715, 0.7760678399584724], [9978732, 0.7620183173189025], [9978733, 0.7123425833997727], [9979332, 0.7209887031947041], [9980205, 0.7336374184908617], [9982530, 0.6925638704829902], [9983977, 0.6975115873996791], [9986992, 0.667818100534751], [9988697, 0.6946803745078981], [9989530, 0.7202750471217959], [9989587, 0.7043432220483474], [9989588, 0.6975806430099031], [9990265, 0.709384262622686], [9990702, 0.6868566650821588], [9991549, 0.7427449560750118], [9994558, 0.8048310610029648], [9996667, 0.7354902779389894], [9996789, 0.6583424523523619], [9996882, 0.6342220066437443], [9997219, 0.7019369142930932], [9997830, 0.8972860385761149], [9997871, 0.6838414385620213], [9997974, 0.6791616335370716], [9997975, 0.6535363227771135], [9998000, 0.6599838334847643], [9998753, 0.820171522746652], [9998780, 0.7879770941295218], [9998819, 0.5934303263555637], [9998822, 0.5886983227901899], [9998987, 0.586648191492515], [9999236, 0.7466762733138789], [9999295, 0.7333607738891598], [9999518, 0.80936907202801], [9999565, 0.7897224244320582], [9999698, 0.694738245279024], [9999717, 0.7004986927563757], [9999798, 0.7391502816904757], [9999829, 0.4565865408783635], [9999870, 0.4822548362216511], [9999945, 0.7245604090944833], [9999956, 0.7740887057777353], [9999960, 0.5034548180146218], [9999975, 0.7456371395047992], [9999980, 0.9143138403662011], [9999983, 0.779047041314566], [9999992, 0.803236365166852], [9999993, 0.8442337997223879], [9999994, 0.7865467107075157], [9999995, 0.5254150345890447], [9999996, 0.632037409953217], [9999999, 0.8906515063774499]]}