{"seed": 928126291, "N": 10000000, "alive_speed": 0.791521055539978, "non_threatened_speed": 0.8030112622412411, "survivors": [[143088, 0.8030112622412411], [143263, 0.7887244285353099], [1846482, 0.7479931843486962], [8638929, 0.7321017015072612], [9841556, 0.7076319656489438], [9999513, 0.6938035956047764], [9999896, 0.661355655437587], [9999995, 0.4070297401626951]], "still_alive": [[143358, 0.779881651184519], [257261, 0.7842223120212372], [330496, 0.748595245926382], [403515, 0.7444903628229352], [832046, 0.7675161025297381], [1551939, 0.7760867129702615], [1846483, 0.7478549357962496], [2243012, 0.7509610183397887], [2687279, 0.7925952949899995], [2740044, 0.7680773505424531], [2863763, 0.7762512805408528], [2866110, 0.7744294703694915], [2870261, 0.7223440262498896], [2873402, 0.7218544438847153], [2873405, 0.7172480846958705], [2873422, 0.7138551721891084], [3287739, 0.7538343881113748], [3297214, 0.7446173102047634], [4024825, 0.7518576087209242], [4042440, 0.7354119411322976], [4234661, 0.7265323819117476], [4239758, 0.7262588124167814], [4269627, 0.7177327578553088], [4269708, 0.7001761185006313], [4820491, 0.7587374847989766], [4826362, 0.7451054721702824], [4826677, 0.7353522201341455], [5412382, 0.7453007823709996], [5498705, 0.7293079074905449], [5508104, 0.7168253390802226], [5990939, 0.7743674108122216], [6060814, 0.7619529181330941], [6088217, 0.7565299954174906], [6139126, 0.7512345056035238], [6139609, 0.7320493993458146], [6170660, 0.7368599317764103], [6183765, 0.7211493613051547], [6534266, 0.7836026631605402], [6558467, 0.7616586696160109], [6563978, 0.7627907882396531], [6598177, 0.7510659013086011], [6718534, 0.7402557800998558], [6891359, 0.7399927849707001], [7069562, 0.7824735798566355], [7079917, 0.7649056392164831], [7090214, 0.7267239672941233], [7090481, 0.7241712564299885], [7092424, 0.7090053781623393], [7096365, 0.7088232374452341], [7306016, 0.7621711309949508], [7625921, 0.7707397752701549], [7640272, 0.7669988579025122], [7640337, 0.7597077878599704], [7677074, 0.7585133503232698], [7681509, 0.7197477155822704], [7712236, 0.7170176264846783], [7809359, 0.7305233058416232], [7810080, 0.7262735414798333], [7854821, 0.7229604608351362], [8087040, 0.7682189026583334], [8180237, 0.804423526193651], [8245676, 0.7912272108979738], [8258433, 0.749623465318575], [8469054, 0.7441692529046307], [8608081, 0.7850496609782521], [8638150, 0.7821067203681468], [8678078, 0.7291979069808676], [8758595, 0.7414545583475518], [8847804, 0.7706849455185849], [8847879, 0.7341338899959255], [9034954, 0.8097240227050332], [9037659, 0.8055405237716419], [9037780, 0.7651646662165927], [9060533, 0.7612038314753786], [9114364, 0.7849544985950899], [9181471, 0.7888034860581349], [9182750, 0.7297188448258145], [9269959, 0.7884024309269609], [9275122, 0.7934719837317686], [9348553, 0.7206210149532498], [9426302, 0.7245055884822786], [9502749, 0.706431342872023], [9503238, 0.6930206749495386], [9583403, 0.7489725477681755], [9616050, 0.8081185277779757], [9642203, 0.8069060377034132], [9643168, 0.7893708874709552], [9646555, 0.7615689480352482], [9678148, 0.760132567827899], [9680505, 0.7358161533029884], [9696878, 0.7233733071571183], [9713337, 0.7153228276054697], [9733578, 0.75236032959917], [9740445, 0.7463957663615526], [9781416, 0.7391771527737219], [9782977, 0.7346863935585569], [9785304, 0.7391769511182564], [9785335, 0.7260768543083476], [9814698, 0.7831315729210414], [9816823, 0.7474526949143526], [9841563, 0.7009197219189117], [9841592, 0.6932302128084651], [9844283, 0.6846927157182578], [9870470, 0.7558935254724042], [9871343, 0.6917680704889018], [9882306, 0.7278613608308973], [9888367, 0.7278258105090667], [9888374, 0.7158883885745565], [9893069, 0.6747446628198708], [9918424, 0.8529560309989167], [9919479, 0.7125605991666997], [9919784, 0.7126466195196388], [9928941, 0.6991803259565612], [9933886, 0.7446537101960722], [9936225, 0.6557139201920102], [9949022, 0.767050181189803], [9954495, 0.7434583245959473], [9957352, 0.7727157608016464], [9958441, 0.7703883614276972], [9963598, 0.8061522209645718], [9963599, 0.7642928912938118], [9963614, 0.7325521285738589], [9964275, 0.6815950575742065], [9971416, 0.7687194492661712], [9977263, 0.7461751980692436], [9979898, 0.8051300403443278], [9980493, 0.6468219068776889], [9980500, 0.6167186735780172], [9984275, 0.740832443391018], [9985912, 0.7699271809386556], [9985945, 0.7540882337529832], [9985972, 0.7552290615468155], [9986021, 0.7365979838202563], [9986408, 0.7371695337674962], [9988255, 0.7578939086913153], [9989278, 0.7904984186688444], [9990789, 0.7701750706247263], [9991152, 0.7413432700989171], [9991903, 0.745169989270153], [9991916, 0.7364284099003837], [9992529, 0.7775301195811473], [9992616, 0.7568390141045749], [9994157, 0.62120180934898], [9994172, 0.610925726720012], [9995663, 0.7930567511609173], [9996832, 0.9956871678663426], [9996965, 0.8753333302975026], [9997418, 0.6452018246970123], [9998325, 0.7858319736901465], [9998486, 0.7847367257367632], [9998495, 0.7043506744619704], [9998914, 0.7687833891867126], [9999005, 0.8195715328531845], [9999290, 0.9750152505382137], [9999299, 0.8079992704819511], [9999382, 0.8865722483006283], [9999383, 0.8843698877561467], [9999388, 0.77078774420053], [9999538, 0.6369848739198272], [9999539, 0.6315393298053652], [9999722, 0.9074657932168945], [9999767, 0.862646970105897], [9999772, 0.5637112780244847], [9999819, 0.5982860356814327], [9999872, 0.7826969368207654], [9999873, 0.7705633457638584], [9999939, 0.6467442391733665], [9999974, 0.7537324628847201], [9999985, 0.9242595599146233], [9999990, 0.7457347256248211], [9999998, 0.43660305592911375], [9999999, 0.8015623976602168]]}