{"seed": 942755584, "N": 100000000, "alive_speed": 0.9924129028843417, "non_threatened_speed": 0.9924129723532491, "survivors": [[6, 0.9924129723532491], [1427, 0.9564929438641622], [1450, 0.9331349936998182], [1987, 0.915029713645578], [2006, 0.8668304768844937], [20145, 0.8160678357992371], [96878, 0.8122722874832814], [2869915, 0.7765529017818762], [99999912, 0.5662409860063713], [99999993, 0.30767119381910146]], "still_alive": [[2876650, 0.7579725021658362], [8174345, 0.7587191142610437], [12576558, 0.7619197128798323], [12638637, 0.7555593679419998], [24283664, 0.7469604206313368], [24428519, 0.7462378211019575], [28306060, 0.7571426445042989], [30516497, 0.7583497715809352], [30516516, 0.7446908500608914], [31388635, 0.7504178690305322], [31423824, 0.7456234938253644], [32621623, 0.7471384177150081], [34727814, 0.7523801223512635], [39278241, 0.7507516940550986], [40225818, 0.7476473600513838], [40653655, 0.7517167794822184], [42019144, 0.7660397683035478], [43572293, 0.749462493831937], [43792258, 0.7436106194464185], [43797111, 0.7368073910816015], [45103304, 0.7493476896950924], [46769487, 0.7662836600724213], [48190080, 0.7713676082410286], [48447227, 0.739952144174172], [48517638, 0.7332394178017045], [51138711, 0.7678028179476106], [51138968, 0.7637316074776709], [54783587, 0.7823126301379449], [55273472, 0.7750241304493779], [55442691, 0.7621136458818649], [55993358, 0.7429296758253988], [56420255, 0.7413501374260872], [56732398, 0.7413681974780554], [57567321, 0.7446630131179047], [60054514, 0.7811102295127651], [60172163, 0.7713325198844213], [60829450, 0.7512908267867368], [60907195, 0.7525576753731726], [61981768, 0.7528889160272263], [63786881, 0.7475453993270349], [63959518, 0.7416130106032311], [65105061, 0.7624884224685125], [65833082, 0.7402578324482341], [65972645, 0.7393309407659089], [67405930, 0.7376030191164036], [68158087, 0.7534159687520383], [68723418, 0.7498158816867602], [70273255, 0.7542077221039172], [70309016, 0.7316905717258496], [70573615, 0.7317631086712664], [70685000, 0.7269384359442393], [73234401, 0.7803795219176827], [73401660, 0.7577645835498431], [73408353, 0.7537119490208593], [74837382, 0.7521275642565758], [76493025, 0.7702829205600905], [76819684, 0.7731410245341807], [76855087, 0.7695489906836037], [76895696, 0.7416577008106696], [78075883, 0.7644644331358164], [78166572, 0.7664867962583459], [78585373, 0.7628243997344817], [79591080, 0.7594306895590931], [79956589, 0.7690656751316235], [80191290, 0.7700495168119621], [80325431, 0.7637418236077093], [80325712, 0.7553652308409952], [80799865, 0.7600895849621343], [81143098, 0.7672727250071059], [81152441, 0.7505719093904326], [81280552, 0.7521949294782475], [81547955, 0.7524452066424535], [81572126, 0.7021837802314066], [82675689, 0.7401247600897178], [83601290, 0.7722242708665623], [83661225, 0.7747964362590555], [84285384, 0.7461876362039489], [85057767, 0.7688083819298537], [85387924, 0.7601003337399188], [85558933, 0.7387857789997349], [85758764, 0.720979947322848], [86831131, 0.7463539924013138], [86958026, 0.742552165411739], [87458145, 0.7702090964318463], [87458244, 0.7454184190444084], [87490935, 0.7378084530785249], [87538564, 0.7269264161376437], [88062179, 0.7443575055348833], [88119228, 0.7345031925539764], [88285041, 0.744720508489199], [88292626, 0.7317894418276205], [88914147, 0.7685775048103719], [89064250, 0.7738139531709446], [89272149, 0.7430504827604512], [90430744, 0.7467773487872537], [90981737, 0.7180323658209065], [92249418, 0.7864487396579185], [92268455, 0.7480888691310902], [92273190, 0.7461863881436605], [92613261, 0.7588218338650551], [92643098, 0.7579027269087347], [93013787, 0.7484670376378278], [93055388, 0.7400382577698346], [93511517, 0.7581038332644362], [93630132, 0.7235107696315227], [93921507, 0.7143160124976333], [94214198, 0.7374959074768328], [94709081, 0.7450879178174167], [94726758, 0.7445654436526318], [95056313, 0.7881871218176071], [95060538, 0.7667776939254157], [95363077, 0.7428505044745458], [95427864, 0.744358313779076], [95448125, 0.7443917490017269], [95642690, 0.7308946183504851], [95981737, 0.7843645213098421], [96046844, 0.7850239410947459], [96134185, 0.7602960222738208], [96186362, 0.7672530602561495], [96234835, 0.7412890886042122], [96531384, 0.7868816694827027], [96536741, 0.7816414494802444], [96581298, 0.7781627817708322], [96744487, 0.7716856953388445], [96772912, 0.7696287817305654], [97067599, 0.7940853605441367], [97084144, 0.7787528370408099], [97086795, 0.7670401577440783], [97087060, 0.7317063424243658], [97253141, 0.7297094561207493], [97301208, 0.7355247208874212], [97462715, 0.7594641844466973], [97464866, 0.7327345742483475], [97554621, 0.7391190337612934], [97604972, 0.7496981520716425], [97726009, 0.7826886397608449], [97776896, 0.7829601378286575], [97815713, 0.775862856594381], [97850728, 0.7522691851709827], [97865807, 0.7026006675171886], [98122056, 0.7739296492603343], [98153417, 0.7640118820595438], [98154370, 0.7442661779730118], [98154767, 0.7207886119839547], [98154768, 0.7169814903588038], [98250175, 0.73098039210294], [98250530, 0.7298820828875036], [98342571, 0.7679981117410803], [98372322, 0.7773527480265257], [98395295, 0.7366229195563258], [98431290, 0.7411515852582514], [98431293, 0.7404440272461312], [98469304, 0.7584635011183584], [98589627, 0.7479521817558872], [98604532, 0.7074182327823411], [98800597, 0.8134849731725985], [98802860, 0.7558268751072739], [98804077, 0.721151140173612], [98849948, 0.7279083945069941], [98849967, 0.7140736116723336], [99037448, 0.816774668201782], [99040225, 0.7930844634303417], [99041404, 0.7751305130759907], [99140039, 0.7701371045447235], [99192522, 0.8034102394061389], [99210905, 0.7397889733300349], [99292212, 0.7880636303267202], [99292941, 0.7672985632997954], [99292966, 0.7101306257195966], [99333115, 0.7358637081109202], [99368836, 0.7602890812167237], [99402651, 0.759417516383217], [99435800, 0.712781690316922], [99479135, 0.7678838327455803], [99524294, 0.6888928109533747], [99603833, 0.7937074680505377], [99605094, 0.7781582606937077], [99616225, 0.7905820408696028], [99623400, 0.7659088973658428], [99623479, 0.7444748158223061], [99683120, 0.8254735205088652], [99683229, 0.7527245287270484], [99695142, 0.7537256696812711], [99697085, 0.7335194658581099], [99725356, 0.7970416778364849], [99810345, 0.7569238184327334], [99814676, 0.7451359218558148], [99817295, 0.7389215630110199], [99838316, 0.6915434118462493], [99859655, 0.7920861362529592], [99859774, 0.7480953356719887], [99871673, 0.7880568327527643], [99871674, 0.7568063630320337], [99871831, 0.7461145693270138], [99871856, 0.7373083071529323], [99871857, 0.7256863477080742], [99871876, 0.6922782975727759], [99886945, 0.7614746478357847], [99892710, 0.7204434042318042], [99905109, 0.7974544909949818], [99907406, 0.7662369675366173], [99907483, 0.7409605279915706], [99907694, 0.7227994480456402], [99926039, 0.712546008651815], [99926044, 0.7008674250499782], [99931789, 0.7574163924458759], [99942900, 0.7501034509451413], [99950167, 0.7276281992385153], [99950250, 0.6993420379094402], [99950261, 0.6644976621084949], [99959960, 0.759123087982194], [99967075, 0.7914209198201632], [99967442, 0.7870713176268496], [99974757, 0.7931032625438619], [99978284, 0.812940216778371], [99980127, 0.7368273343454709], [99983938, 0.7896224658460868], [99983951, 0.7837733165500588], [99984008, 0.7849964998008927], [99984151, 0.7744732778116581], [99984754, 0.6873731301041148], [99985313, 0.6974485491522937], [99985572, 0.6805752866328988], [99986135, 0.6793248198227179], [99990698, 0.7852795065605704], [99990703, 0.7161572833650607], [99991790, 0.6880096808434434], [99992077, 0.7060685109463285], [99992238, 0.6229709372630021], [99993773, 0.7617281967501537], [99994392, 0.8083645812021648], [99994421, 0.7917209948996133], [99995336, 0.9158161907693559], [99995617, 0.884716231018628], [99995620, 0.8389108951579877], [99995797, 0.850168837895631], [99998102, 0.6515661764963799], 