{"seed": 483722369, "N": 10000000, "alive_speed": 0.7916000751492358, "non_threatened_speed": 0.7985935981671124, "survivors": [[87572, 0.7985935981671124], [87575, 0.7937948985484679], [8338506, 0.7720740576021362], [8338525, 0.7716087678510075], [9191994, 0.7601242298653913], [9194171, 0.751262867231059], [9616210, 0.7443066609135609], [9999979, 0.7017311953550617]], "still_alive": [[523466, 0.7462185680336084], [550207, 0.7452331418461068], [753076, 0.7381835692661076], [1163527, 0.7583483039669386], [1221556, 0.7370893913651266], [1449279, 0.745439470368127], [2103324, 0.7809927244425787], [2236259, 0.7818452090735636], [2247388, 0.7806727759463146], [2469935, 0.7612847111157457], [2476410, 0.7521411999682851], [2789571, 0.7555496150321847], [3007294, 0.7572197588049847], [3088433, 0.7657770243988133], [3091458, 0.7459095458055711], [3091461, 0.7453888003226047], [3101104, 0.7262082761922649], [3483937, 0.7546551239733863], [3566516, 0.7589042571351607], [3800571, 0.7688334899256225], [3841308, 0.7401952082132864], [4097529, 0.7720543937432469], [4259604, 0.7734324515379125], [4458083, 0.739168560586999], [4751778, 0.7633626330416237], [4782061, 0.7314565183314921], [4975796, 0.7528276584959085], [5038733, 0.75834631036699], [5748546, 0.7510364541613536], [5942827, 0.7567483914843127], [5951070, 0.751166357258321], [6448029, 0.8219144260454753], [6579926, 0.7930401136280703], [6580553, 0.7657510581248781], [6589680, 0.7632125362937894], [6589721, 0.7575022842455167], [6598454, 0.7537449926850683], [6782631, 0.7612567133855552], [6853888, 0.7724598710200166], [6857485, 0.7703979605890071], [6857496, 0.7548649967452417], [6857497, 0.7267968362984634], [7113920, 0.778876062663666], [7114129, 0.7647846572170263], [7186882, 0.7658240175910725], [7244541, 0.734781902738652], [7244652, 0.7276393956073602], [7429577, 0.7713111053284017], [7646762, 0.7541433975181406], [7651239, 0.733290668672861], [7736132, 0.7356083147908372], [7797425, 0.7274674429287072], [7993178, 0.7648280287978027], [8090303, 0.7797897650436599], [8196568, 0.7737481416334646], [8196569, 0.7532049688707954], [8298688, 0.7761619792548593], [8338237, 0.7785358964826997], [8340266, 0.7482803740058426], [8399841, 0.7224377496818021], [8399842, 0.7219236854018388], [8461389, 0.7383370547973204], [8494248, 0.7390357827133339], [8617761, 0.7220397311981233], [8729912, 0.7365770510276647], [8850297, 0.7840940166201469], [8850298, 0.7777216316127309], [8928201, 0.7897637642940271], [8943310, 0.7672985769381355], [8999309, 0.7689424201238843], [9001208, 0.7298606701998359], [9116975, 0.7970192689270926], [9222544, 0.7211595906802849], [9222547, 0.713152832128224], [9287768, 0.7552417734901373], [9289441, 0.7531809973266124], [9297442, 0.7178010072840906], [9315867, 0.7039694395851223], [9379702, 0.7630967500787806], [9411701, 0.7923765253947485], [9415616, 0.7343545674426156], [9480207, 0.795676812425334], [9566600, 0.7279240502003983], [9576449, 0.7386653956274448], [9615342, 0.8036179448805018], [9616209, 0.7767469647781012], [9616215, 0.7122990127707041], [9619820, 0.706225758678942], [9645869, 0.7456888967122898], [9663154, 0.7205219778684268], [9684285, 0.685279294685268], [9739562, 0.8204483228812737], [9768739, 0.816952631224045], [9768748, 0.7408835751171773], [9768963, 0.7177265829311018], [9772414, 0.7112432413949572], [9805207, 0.7483316540222146], [9805244, 0.743577589289572], [9824873, 0.82568350559007], [9824908, 0.7907435513165487], [9825401, 0.7595605249663878], [9858348, 0.9191096138112337], [9858405, 0.873108640155471], [9877568, 0.8432639914589395], [9878581, 0.7861360566880158], [9885052, 0.8149219247735502], [9886227, 0.7891269174250212], [9901472, 0.7721478844377954], [9907163, 0.8133455149873392], [9907216, 0.7557030031324184], [9911353, 0.7292123584502209], [9917518, 0.7795616640449518], [9917887, 0.7588757911803924], [9932662, 0.8484499621022978], [9935801, 0.8345453775472841], [9938830, 0.8131053781386537], [9942897, 0.7758477318590965], [9951148, 0.864387520955357], [9952841, 0.7343676524045192], [9957118, 0.6792900698143015], [9962591, 0.7179985060418391], [9967246, 0.7659708417240797], [9967251, 0.6829015818836632], [9978914, 0.7605686375353139], [9986713, 0.8078666580861249], [9987108, 0.7888387031721507], [9987111, 0.715454389174535], [9987440, 0.6465924925430004], [9987665, 0.6577785954430729], [9989176, 0.7180422645384303], [9990525, 0.7377687616433038], [9992294, 0.8074856738560603], [9993009, 0.8156478644528872], [9993808, 0.8296209218314117], [9994835, 0.7487000569300329], [9994968, 0.7667666113767232], [9995637, 0.7805211739307948], [9995884, 0.7730427369434748], [9996711, 0.9482384571184495], [9996746, 0.8780022222550888], [9996767, 0.7095959803764366], [9997238, 0.7876905315461851], [9997981, 0.6453574696529664], [9998472, 0.788880734343664], [9998707, 0.8994453336476632], [9999374, 0.982828706225894], [9999501, 0.8223807480651598], [9999504, 0.8270748242320493], [9999513, 0.5284502904229216], [9999770, 0.43689965186746715], [9999915, 0.9076394445421436], [9999916, 0.8686571684013054], [9999941, 0.6699541058659206], [9999942, 0.5831515648369502], [9999965, 0.8778832657272008], [9999966, 0.7912518132885702], [9999973, 0.9751114696816744], [9999974, 0.912046548278225], [9999992, 0.2072972696711095], [9999995, 0.30220404062383366]]}