{"seed": 928126287, "N": 10000000, "alive_speed": 0.7894347561761729, "non_threatened_speed": 0.7927227319225705, "survivors": [[41476, 0.7927227319225705], [8184859, 0.7527715955980768], [9999556, 0.6393892561884842], [9999951, 0.5442220355482189], [9999998, 0.14371740573951164], [9999999, 0.11621980937472409]], "still_alive": [[144515, 0.748807215612181], [146170, 0.7398519534147413], [1035269, 0.7536840847865593], [1090882, 0.7497183068216461], [1091105, 0.7469821803756407], [1459478, 0.7557222005159769], [1599669, 0.7574015683307587], [1599818, 0.7426035630025652], [2000159, 0.7697568445593646], [2066410, 0.768200212304034], [2188363, 0.774227207818905], [2198464, 0.7718039127940055], [2198501, 0.7672207333351669], [2982444, 0.7491691827375563], [3237855, 0.7741397048993716], [3282888, 0.7563787523005134], [3282937, 0.7380886908755763], [3479330, 0.7583376402610685], [3533519, 0.7513116782952092], [3832616, 0.7689602647934562], [3833851, 0.7385881605281571], [3866604, 0.7343351012100752], [3953465, 0.7387148007242275], [3953616, 0.7384168798426001], [4089449, 0.7457561902743088], [4474878, 0.7315520862435902], [4661415, 0.7224516269623132], [4849304, 0.7403216079278325], [4941639, 0.7293343293745368], [5118818, 0.7427607819272877], [5118837, 0.7362772262432729], [5139300, 0.7122785458419839], [5221797, 0.7195459190887409], [5492230, 0.7321083686436036], [5559767, 0.7426549295833251], [5652752, 0.7542638152217394], [5675951, 0.7524191977936217], [5716316, 0.7564885829978027], [5911263, 0.7785938408284082], [6031986, 0.7808052959712751], [6076535, 0.768068899838313], [6157952, 0.744655593127155], [6304547, 0.7383033254397406], [6657548, 0.7572077302239313], [6657557, 0.7164292650669368], [7161320, 0.7881122763342058], [7233845, 0.756508078814872], [7329764, 0.7490779876703453], [7394987, 0.7638026838073193], [7441542, 0.7724818729848982], [7464243, 0.771020046143858], [7510802, 0.7651102642582779], [7525845, 0.761061385675277], [7583864, 0.7527160110990372], [7597619, 0.74343462841596], [7744326, 0.7897847897331569], [7747817, 0.7692956791161116], [7897070, 0.7908183139053911], [7930417, 0.7745969130134913], [8156682, 0.7763254072613147], [8159089, 0.7700307104707107], [8172930, 0.7583433945744479], [8185238, 0.7414054317092912], [8267371, 0.7679537278943008], [8269714, 0.7419207346363147], [8320551, 0.7181714459550842], [8435446, 0.754536309126008], [8463157, 0.6966932653320367], [8664972, 0.7577606867857332], [8665941, 0.7446080999181325], [8824880, 0.7587667080968289], [8938981, 0.7812715735939636], [8946296, 0.7419526499180026], [9042419, 0.798257673682882], [9070734, 0.7821298351562915], [9091589, 0.7591427506384295], [9098302, 0.7605334282432662], [9098327, 0.7499669915488019], [9148116, 0.7718995137177932], [9196605, 0.7925148427412432], [9196616, 0.7799125826347598], [9198421, 0.7695934362488906], [9250020, 0.7845207244985044], [9250021, 0.7804266005058514], [9318422, 0.8020832421684191], [9358735, 0.761852618394072], [9358736, 0.7276417930908016], [9371723, 0.724391148550934], [9380480, 0.6962452023570828], [9500205, 0.7463255791271428], [9504464, 0.7519530763767518], [9610013, 0.7827030651344885], [9645770, 0.7031614747788474], [9649365, 0.7098811528569662], [9649376, 0.6962406352701986], [9706841, 0.7322660435908162], [9727554, 0.7402639913967664], [9727631, 0.7159597571807956], [9741478, 0.7374339723454836], [9741481, 0.7272441366083465], [9772926, 0.7637595912628796], [9778927, 0.7357168197017687], [9806926, 0.786346937749245], [9811797, 0.7363787920406101], [9821144, 0.7381321809886643], [9845417, 0.8033405170460117], [9848832, 0.7477616740923417], [9852907, 0.757296956893113], [9861832, 0.7398082823603376], [9869275, 0.7510730024906204], [9869892, 0.7294465640474616], [9890185, 0.7592207879165267], [9909418, 0.8005321495711606], [9909423, 0.797910422624337], [9922902, 0.7774148116768813], [9930385, 0.7973335548133016], [9933234, 0.823319945875073], [9933715, 0.8215318198916542], [9935796, 0.8107835296048992], [9935799, 0.7950815114351204], [9935816, 0.7935222460492937], [9942043, 0.7315899635374044], [9949894, 0.7761684100787871], [9949905, 0.7573722378667364], [9949914, 0.7222587401139525], [9957791, 0.7818119357957601], [9970864, 0.6926731948277065], [9971177, 0.6752062039275039], [9973142, 0.7112475616098276], [9983623, 0.8660368379210419], [9983840, 0.6893489786133655], [9986083, 0.677683017087405], [9987828, 0.7270154271602706], [9990607, 0.8512565896997254], [9990900, 0.7984159541183902], [9990903, 0.7759730549175631], [9991212, 0.7702341656900338], [9991699, 0.786756472551367], [9992206, 0.7595099529885693], [9993897, 0.7388237549728078], [9994298, 0.709875688580046], [9995315, 0.8027808726257117], [9995678, 0.8194642142868505], [9996839, 0.8387698108136664], [9996876, 0.8248695546208791], [9996877, 0.7840351587809177], [9997404, 0.7925907072260692], [9997405, 0.7831941362641262], [9997732, 0.857259326086174], [9997753, 0.7810943184381004], [9998156, 0.8124384441658851], [9998161, 0.7812320016100773], [9998240, 0.7740247191115373], [9998251, 0.6058942833053068], [9998798, 0.874557138323051], [9998817, 0.8810994530058281], [9998844, 0.7459850657003043], [9999287, 0.6166683265348242], [9999428, 0.7579733095537944], [9999433, 0.7319482687026262], [9999540, 0.7697990476561183], [9999543, 0.7574715968982225], [9999605, 0.6312020430489577], [9999682, 0.7365752885965935], [9999787, 0.6697933616441941], [9999858, 0.8972442894059762], [9999962, 0.49536789598397124], [9999993, 0.6159944750507617]]}