{"seed": 942755594, "N": 100000000, "alive_speed": 0.9839238610121203, "non_threatened_speed": 0.9839239495652748, "survivors": [[8, 0.9839239495652748], [28359, 0.8202407772324197], [43838, 0.8098684086157641], [1646823, 0.7921130575240277], [3644710, 0.7718631733431921], [20093315, 0.7562836822209069], [26901054, 0.7483330937393524], [99999919, 0.5462881326894837], [99999990, 0.5305375504962937], [99999991, 0.4588209132118395]], "still_alive": [[4545911, 0.7605052637323801], [4828954, 0.7603572907624427], [4842629, 0.7601670358786826], [9522404, 0.7876629550880776], [9886927, 0.7696951051781669], [9891066, 0.7652634210633114], [12807115, 0.7480023646790137], [15151486, 0.7593300218580242], [18697691, 0.7593878672440603], [19936708, 0.7702363650708712], [20093408, 0.744746574424717], [25592129, 0.7753673768754709], [26198916, 0.7812407498036342], [26214327, 0.7742443138262015], [26902711, 0.7436057960418339], [28762262, 0.7528665807896451], [28879201, 0.7465483887209454], [31556434, 0.7688505225669806], [32218799, 0.7715011269330557], [32243666, 0.7620811059656987], [32614437, 0.7660192556774833], [32618592, 0.7646134793990634], [34128243, 0.7384904572127428], [34393714, 0.7354761184651614], [37859833, 0.755054598069292], [40157442, 0.7430127940605912], [41166009, 0.7447643082852261], [43895000, 0.7462400269365572], [43895013, 0.7342729065180211], [46874226, 0.7725896268426065], [47407631, 0.780073486029356], [47410252, 0.7673801628351804], [47421285, 0.7546461237610561], [47623736, 0.7471525076851158], [51478525, 0.7590596506517673], [51479772, 0.7494817710752028], [51681763, 0.7440176335533049], [52205502, 0.746536592962956], [52702967, 0.742597159850792], [54366866, 0.7682197002845425], [56122817, 0.7665587847338583], [56180860, 0.7595286136642317], [56479737, 0.7553145186741639], [56580972, 0.7541495829735612], [56632499, 0.7456229837580974], [58346590, 0.7487521078445173], [58493095, 0.732800013789128], [60617066, 0.7461355200514925], [61224563, 0.7505943607627393], [61693342, 0.7525976447976259], [62505351, 0.7599890932385908], [63500668, 0.7757319878625266], [64196529, 0.7574710792286297], [64234576, 0.7582137517283127], [65908845, 0.7905513619194128], [66794708, 0.7934147425623093], [66873471, 0.7819887427178439], [68570824, 0.7856727009489536], [68746481, 0.7704049855391027], [68834034, 0.7665292374775888], [70609231, 0.8058882685568831], [70653796, 0.7870678743443905], [71745243, 0.7995193351187172], [73702674, 0.7833763781731051], [73724589, 0.7723162152368273], [74557758, 0.7779536805894854], [74914535, 0.7463833786783085], [75774440, 0.771845909019434], [75788577, 0.7552793284348668], [77284340, 0.7496138891102134], [78333049, 0.7331669152621214], [79582054, 0.7478204502781735], [79582079, 0.7428906836196355], [79586408, 0.7264397571316864], [80573451, 0.7330012810062945], [82115800, 0.7755666677254351], [82288007, 0.779843391362835], [82862564, 0.7868978060277964], [82880965, 0.7772077193023186], [83790844, 0.752088959738673], [84112353, 0.7441424778523423], [84319456, 0.7492242989820548], [85048451, 0.7546854625171482], [85820964, 0.7700706209862215], [86791833, 0.7934517972262572], [86798826, 0.7776000180856986], [87198947, 0.752075000204395], [88612044, 0.7857666784108417], [88720527, 0.7568695770494094], [89104958, 0.7604239372283003], [89172663, 0.7608519203555035], [89172666, 0.7499888272567763], [89616549, 0.7658291868578666], [89617828, 0.7485314910105596], [89622641, 0.7148494865141289], [90796732, 0.7477488634261549], [90817149, 0.7469861136507078], [90817176, 0.7252640976536359], [91400647, 0.768269342640468], [91406666, 0.7688020788783262], [91406851, 0.7531269336772128], [92181510, 0.7638546301299746], [92181519, 0.7564323337189206], [92819442, 0.7376998331108141], [93189379, 0.7632200521798028], [93189736, 0.7592316948438311], [93417599, 0.768015273252822], [93417734, 0.7585536569778453], [93418987, 0.7334611970963251], [94023030, 0.7470064742875608], [94051247, 0.7365386851756245], [94076230, 0.7178828929385619], [94119059, 0.7178126513857231], [94289840, 0.7323854335197103], [94290307, 0.7268687762453779], [94300028, 0.7267336568670326], [94538907, 0.7491176497946035], [94545940, 0.7475850552380394], [94693659, 0.7617510144563596], [94708404, 0.747549656647044], [94712123, 0.7297701877287348], [94712128, 0.71574752722466], [95219833, 0.7643962798231105], [95263172, 0.7656530954208357], [95275131, 0.7550012799039443], [95275274, 0.7456274291159816], [95795035, 0.799162125111731], [95843626, 0.7761479080845767], [96317005, 0.7423687687758951], [96317480, 0.7363661247574106], [96430699, 0.7584646532543932], [96786634, 0.7491011418882068], [97114855, 0.7084463346848516], [97114956, 0.7056981263048603], [97364785, 0.7337392483852958], [97365528, 0.731823666746688], [97365583, 0.7257113650613444], [97420732, 0.7298613063754507], [97525835, 0.7477331947892303], [97673920, 0.7753627733597905], [97848547, 0.8366230324906756], [97869210, 0.7599476706872685], [97921187, 0.7681566574535718], [98058948, 0.7972447907484522], [98059559, 0.796765813786232], [98064090, 0.7752717901817072], [98122855, 0.795716370879668], [98131764, 0.771726162879278], [98132337, 0.7546255415853917], [98163316, 0.7263619809723731], [98255853, 0.7533903843491664], [98438384, 0.7576000799343311], [98567331, 0.7936840698952099], [98567332, 0.788648676380424], [98568969, 0.7699010224805177], [98661948, 0.8202448119599374], [98674099, 0.7573939897789466], [98674228, 0.7529622941731494], [98822061, 0.7662515468390354], [98822134, 0.7631330390360695], [98870125, 0.7654641074976071], [98897600, 0.7410176699957349], [98983859, 0.7182239481790175], [98985368, 0.689072023930702], [99054191, 0.6966287582695146], [99055604, 0.6712715025594551], [99193165, 0.7620154895253817], [99193298, 0.7140726234264914], [99258963, 0.7438619736158716], [99297838, 0.7815115876074235], [99297845, 0.7474404164708024], [99342352, 0.726494515538377], [99350657, 0.7130773900420201], [99358660, 0.7060384705620681], [99358741, 0.6865260168111812], [99379446, 0.7091859696462368], [99464579, 0.727634803198487], [99474914, 0.7237779769383254], [99525995, 0.7386788650744547], [99587392, 0.8060549743350238], [99605465, 0.8023938811892667], [99605500, 0.7690116147721086], [99614493, 0.7218794057985142], [99639310, 0.7491491358805683], [99643695, 0.7491371353275251], [99667774, 0.7958728233068522], [99669083, 0.7523182556780225], [99679828, 0.7498566817232163], [99699241, 0.7732273640899736], [99759708, 0.7569727880843905], [99780833, 0.7544516140839547], [99827852, 0.7223330158984517], [99843825, 0.7714004697873347], [99844056, 0.7643557057763738], [99857885, 0.7079967714670028], [99871298, 0.77810194278361], [99879043, 0.7866176701376969], [99887274, 0.8264042776839532], [99893003, 0.8462194305151379], [99896210, 0.8649554619970601], [99896331, 0.7968669776576035], [99900432, 0.7649016300232786], [99914689, 0.7590308864204175], [99932652, 0.7598426442613094], [99936753, 0.6845455474879182], [99949374, 0.8406440341999616], [99949997, 0.6802142930044155], [99950014, 0.671343509539757], [99955023, 0.7344718601663948], [99957356, 0.7418978225680035], [99957639, 0.7371684777402973], [99959250, 0.6697190635580672], [99971339, 0.8742954545089673], [99971404, 0.8398520169767282], [99976605, 0.7363092124470297], [99979716, 0.817732574409203], [99980405, 0.813811200022711], [99980420, 0.8037657933482588], [99981747, 0.7877395628963079], [99982656, 0.7736704914516473], [99982665, 0.7338859711344248], [99983144, 0.7479773033875952], [99985851, 0.7258349501516257], [99985852, 0.7080032589045708], [99989081, 0.8261709397607657], [99990114, 0.7396235848588018], [99990551, 0.7421687266640256], [99991392, 0.7969627754529517], [99991505, 0.7234441031309737], [99993464, 0.8032306737146869], [99993917, 0.689683544114096], [99994604, 0.6319800702587098], [99995967, 0.7780147157839574], [99996018, 0.7800411974720606], [99996611, 0.8534541539483649], [99996612, 0.5406747189382555], [99997735, 0.7162069503347754], 