{"seed": 928126184, "N": 10000000, "alive_speed": 0.8260406716521798, "non_threatened_speed": 0.826061736224347, "survivors": [[254, 0.826061736224347], [1189, 0.7698604193558058], [2757058, 0.7662972914430376], [9728927, 0.7532005447821055], [9831018, 0.7173446932654268], [9831215, 0.6975042470487209], [9999950, 0.38602901013837077], [9999993, 0.3073525195421024]], "still_alive": [[845574, 0.7396094424293289], [964465, 0.7175363873976175], [1847120, 0.787704747887007], [1862743, 0.7792781387576775], [1943206, 0.7658854599758318], [2082023, 0.7724359126579938], [2082234, 0.7557760811646087], [2573019, 0.7892574204346343], [2757251, 0.7548797157529873], [2887770, 0.7649832751107422], [2889967, 0.7624841857445994], [3027624, 0.7634532890779714], [3094751, 0.7465876846619609], [3333032, 0.7340413114812575], [3777301, 0.738665634158268], [3843312, 0.7366249964159197], [4227523, 0.7744164567166589], [4609380, 0.7579522318302813], [4877067, 0.7576771503724995], [4972892, 0.7686444704117374], [4985259, 0.7686002397054541], [4990868, 0.7651412331569984], [5243187, 0.800472478076874], [5641390, 0.7659499451871139], [5919337, 0.7807712813732591], [5985444, 0.7344904959596135], [5985901, 0.7244894611478058], [6291228, 0.7457546626192351], [6298873, 0.7415792816112852], [6394626, 0.7344576328177146], [6564649, 0.7557995349742632], [6695026, 0.7767626878807269], [6864401, 0.7708307118688912], [6866078, 0.7689944263075754], [6867991, 0.7680316566622151], [7222744, 0.7503221276550106], [7256165, 0.7347755443640487], [7355052, 0.7520988851742094], [7473185, 0.7419972057696657], [7705686, 0.7664972795296756], [7705713, 0.7646114597513415], [7761926, 0.7665851103155917], [7799227, 0.7777021105127228], [7873634, 0.7275828123838787], [7991571, 0.7432444458854381], [8232122, 0.8070675214883969], [8315805, 0.7924406613237496], [8459852, 0.7421457418899852], [8502231, 0.7627010229087648], [8557924, 0.7734475744606136], [8559977, 0.7670815241668416], [8559978, 0.7572419448942437], [8614287, 0.7826225814506053], [8693192, 0.771877443562571], [8733185, 0.7467363969331314], [8733538, 0.7266153126419613], [8922687, 0.8266372493187167], [8931128, 0.7811292534900512], [8979061, 0.7366412666597794], [8981812, 0.7325991449595936], [9065505, 0.7441425956385195], [9125092, 0.7656053070260653], [9132349, 0.764638700859926], [9138834, 0.7683505408725136], [9192671, 0.7595797073802083], [9315148, 0.7902780172642354], [9369987, 0.7604662411185273], [9422480, 0.7982087366855644], [9467003, 0.8086614566116452], [9473644, 0.7637297801658238], [9480235, 0.7718558144518833], [9513108, 0.7063188305862267], [9581311, 0.7022269794526349], [9640790, 0.8018386242250297], [9646299, 0.7931985649573159], [9714784, 0.8028001002532174], [9731482, 0.7262708018918641], [9780911, 0.751451752434758], [9793340, 0.7296737823460399], [9795137, 0.7353533629927949], [9814986, 0.7424430642061676], [9818067, 0.7517038200492275], [9819346, 0.7356171632533339], [9825013, 0.7549212283150198], [9831542, 0.6968738110693287], [9854489, 0.7441007679925792], [9855386, 0.7262527334634871], [9863169, 0.7573133711351545], [9863760, 0.6579741417995282], [9870331, 0.6846726596558924], [9870430, 0.6523802139131318], [9892013, 0.727109948548991], [9892078, 0.7208010321304432], [9892347, 0.6762310475073237], [9922896, 0.838597624388957], [9923267, 0.8095291569748648], [9926646, 0.7655272474998241], [9931789, 0.7826207271193577], [9935116, 0.733879780778663], [9953073, 0.7764187581397214], [9957330, 0.7111946567290235], [9960159, 0.7473678359132268], [9965200, 0.8065208540925916], [9969741, 0.8433875314574464], [9969806, 0.8334462681148823], [9969957, 0.7899258017929964], [9977282, 0.8882735528912917], [9977329, 0.6801053196668813], [9977458, 0.6367176587014691], [9979291, 0.663391678477831], [9983100, 0.7395181839917888], [9985591, 0.8445361685455636], [9985600, 0.8313017762038082], [9985605, 0.8121155447993057], [9985696, 0.8112830163261425], [9985719, 0.7049237968528308], [9993508, 0.9558182922608597], [9993533, 0.863815127154211], [9994464, 0.8737197369059269], [9994507, 0.8340235792945945], [9995002, 0.7380376607114623], [9995097, 0.7154300124847026], [9996414, 0.8063338977468483], [9996429, 0.7991123363942758], [9996492, 0.7790879517001825], [9996509, 0.7179458131469894], [9996510, 0.6587960443313917], [9997439, 0.7425127834286793], [9997724, 0.7923804049058185], [9998031, 0.895865036312167], [9998060, 0.6290122379191877], [9998545, 0.7440044912197792], [9999150, 0.883714111790113], [9999267, 0.7814697599554916], [9999422, 0.8001244400701643], [9999425, 0.8014268168133041], [9999482, 0.5248748090973868], [9999679, 0.7932429806754867], [9999682, 0.6752065969919088], [9999745, 0.8177891442587527], [9999760, 0.8573116077067379], [9999843, 0.8847783163912258], [9999872, 0.6238961324584332], [9999917, 0.7118987130307529], [9999934, 0.37625766288910445], [9999947, 0.39106752379850473], [9999969, 0.23601690688246646], [9999992, 0.35861772271523173], [9999996, 0.40381732939546244], [9999999, 0.7481634841966297]]}