{"seed": 928126284, "N": 10000000, "alive_speed": 0.9359633514299016, "non_threatened_speed": 0.9359636322189633, "survivors": [[2, 0.9359636322189633], [456053, 0.7700608807607797], [471380, 0.760979229940546], [9938723, 0.7400452650620456], [9999932, 0.6470747881410858], [9999995, 0.47749355931805115], [9999996, 0.35494802990911123], [9999999, 0.2647794262437627]], "still_alive": [[489593, 0.7468507395773577], [490554, 0.732870941020202], [1184309, 0.730553795462304], [1844420, 0.7580132006786937], [1942925, 0.739554998438047], [2497960, 0.7420282637720768], [2976619, 0.7699597217543868], [3027496, 0.755496571434982], [3027497, 0.7490852648013905], [3336278, 0.7727246718815836], [3487663, 0.7307696657597464], [3640558, 0.7210965692040283], [4217377, 0.7620801677955167], [4233418, 0.7420202074442692], [4240437, 0.7245803439974767], [4538060, 0.7346989440141866], [4625507, 0.7361913322779585], [4679604, 0.7318235311066956], [5356515, 0.7744375108200138], [5365490, 0.762721649140969], [5365495, 0.7581170490217871], [5727174, 0.7622610695961772], [5851285, 0.7361242428385578], [6210930, 0.7634675213355077], [6210935, 0.7017000109550724], [6475620, 0.7428845679647891], [6536391, 0.7438880107148893], [6536398, 0.7418320361062588], [6783335, 0.794774795047849], [6821760, 0.7550828177384666], [6822775, 0.7329102091821296], [7032218, 0.7491700920048497], [7258331, 0.777854445475698], [7258494, 0.7426910336494772], [7365893, 0.6978423369851259], [7680846, 0.7686114959274297], [7680859, 0.7559999430425289], [7681736, 0.7374055535280785], [7859397, 0.7448332815353658], [7878822, 0.7462212872036437], [7920311, 0.7555500085017774], [8073524, 0.7918342638222177], [8074435, 0.7778954850920546], [8221236, 0.770885810412095], [8336125, 0.7703347888734111], [8336310, 0.7532491605503683], [8363367, 0.7417238305915598], [8443750, 0.7235857429327319], [8485197, 0.7224294978905837], [8599046, 0.7445772889434739], [8602659, 0.7082735786396288], [8755522, 0.7951517304531333], [8782333, 0.7720544466996433], [8785710, 0.7405426219644597], [8912317, 0.7930843734868971], [8924282, 0.7824860704176444], [8930409, 0.7565704069577974], [8995694, 0.7499896083030225], [8995705, 0.734217981605331], [9057946, 0.7378310146672675], [9058381, 0.7206811035266387], [9066408, 0.709224958293974], [9074557, 0.6999184348893417], [9074742, 0.6996486798131873], [9153097, 0.7593178362888282], [9154672, 0.7400403665765415], [9199335, 0.7804392244334761], [9199416, 0.7529684592094581], [9283015, 0.8238070853677518], [9292906, 0.7642369203183613], [9317923, 0.7847812733498063], [9343386, 0.7879108463180682], [9356377, 0.7874652963138075], [9365064, 0.7349763582776384], [9454971, 0.7659294419791868], [9455026, 0.7255170249966978], [9466925, 0.7385504363769773], [9477574, 0.7092905723179712], [9523073, 0.7438714584272932], [9575984, 0.813981440437525], [9575985, 0.7954646847302747], [9576376, 0.7591209902990244], [9586801, 0.754539532421375], [9586814, 0.7398162925613095], [9587395, 0.7340788330133926], [9587628, 0.7338162422518529], [9601205, 0.7534168773491274], [9633390, 0.7897035050723012], [9679799, 0.7912159237180248], [9723192, 0.8001817239551703], [9734749, 0.7721287697589213], [9773212, 0.825026845488175], [9789527, 0.8191159380065617], [9798042, 0.8330738947340209], [9806723, 0.8059624482288091], [9806728, 0.7988796645062716], [9817699, 0.8056202682070697], [9826728, 0.8105803962893529], [9851971, 0.8124195909095547], [9851984, 0.8066189866730296], [9854405, 0.8174306173595368], [9855132, 0.7622910373660023], [9868479, 0.8155891113034898], [9868560, 0.76521106188017], [9889315, 0.8203223458887793], [9889610, 0.7623836715887743], [9890875, 0.7664065726003527], [9900238, 0.7907255605233596], [9909413, 0.8100649647987928], [9911290, 0.7339658660672608], [9911859, 0.7107927176525368], [9916542, 0.7490694662738463], [9916639, 0.7233863166492186], [9930848, 0.8374232062975969], [9930897, 0.7906034183437668], [9937884, 0.758689265875352], [9942024, 0.7248837085854212], [9947819, 0.7551554975684774], [9947896, 0.7350112959695817], [9948039, 0.6848166464955031], [9948040, 0.6689641793212122], [9948347, 0.663051133222008], [9948372, 0.5664483435528743], [9964649, 0.8209485808264321], [9965782, 0.7111561312434763], [9974623, 0.8261527563269684], [9980916, 0.9555348014930475], [9980917, 0.8757303203623172], [9981086, 0.8499080881872426], [9981161, 0.840173072646808], [9984530, 0.7585615127563261], [9984635, 0.7539134737559222], [9984636, 0.7308729273510158], [9985385, 0.716046239647276], [9985704, 0.7195594439716853], [9987241, 0.6766506051978547], [9990108, 0.8628493656462444], [9990261, 0.8080549257253173], [9990262, 0.783895202342818], [9992409, 0.794343096199522], [9995392, 0.7840228028791761], [9995465, 0.7572916342788726], [9995680, 0.7758689460523737], [9996181, 0.8436794028605036], [9996212, 0.7307337734603757], [9996219, 0.730200817353211], [9997460, 0.6934965764009484], [9997789, 0.6344577382569243], [9998752, 0.8945495981401048], [9998759, 0.8048972902997661], [9998818, 0.7708930643114286], [9998819, 0.6437835081010672], [9998820, 0.6085430401408679], [9998941, 0.6702627507984398], [9999214, 0.7560040618586324], [9999215, 0.7106933470181318], [9999280, 0.6798334657477693], [9999489, 0.721694192001927], [9999498, 0.634630923560055], [9999641, 0.7460072794588772], [9999724, 0.7651529040561403], [9999725, 0.723700679311539], [9999796, 0.8756873055399261], [9999815, 0.7493067562547092], [9999908, 0.9347467456481672], [9999909, 0.9248257514405108], [9999910, 0.7552892064423543], [9999927, 0.8036312080409532], [9999928, 0.7785235890023162], [9999929, 0.7363444174843295], [9999947, 0.7038391434783919], [9999952, 0.7549337546388974], [9999953, 0.4323676254719837], [9999982, 0.7994315186680298], [9999983, 0.5204548972320314], [9999992, 0.7870350893501007]]}