{"seed": 928126065, "N": 10000000, "alive_speed": 0.8879864571009416, "non_threatened_speed": 0.8879877890824921, "survivors": [[14, 0.8879877890824921], [1107, 0.8745636989707372], [1110, 0.8714853663868397], [1161, 0.8540939336158289], [2153548, 0.7578645114838871], [9771265, 0.7552679204360884], [9771280, 0.7308019383884595], [9999715, 0.6639596809630667], [9999988, 0.5433698240651708], [9999999, 0.497422634446788]], "still_alive": [[9420, 0.7559156653153255], [126701, 0.7539352317708857], [130598, 0.7354897616571885], [246925, 0.7441480346707458], [1182882, 0.7605077084498222], [1615455, 0.7710822560241661], [1958382, 0.7728772265708032], [2118969, 0.7699904101026058], [2174821, 0.7532945846248389], [2188050, 0.7234666809776648], [2781721, 0.7638662973044335], [2932690, 0.7583753558320981], [3134021, 0.7572840085433281], [3441044, 0.7587574777803774], [3870697, 0.7900247335276607], [4167550, 0.7773227257047125], [4685567, 0.7622194751699655], [4688806, 0.7457570672599233], [4914329, 0.7540973723623962], [5050786, 0.7651357498723392], [5111027, 0.7531386694734717], [5488278, 0.7673453900604735], [5676113, 0.7412780528550944], [5690242, 0.7189604292162416], [5983963, 0.76943888181591], [6044956, 0.7642288656132711], [6210863, 0.7852828779941038], [6250388, 0.7779117506259446], [6292425, 0.7681696122378858], [6301574, 0.765916529874626], [6307675, 0.7489152025882643], [6894756, 0.7744129912034194], [6895995, 0.7170100371296652], [7154804, 0.759673727850743], [7207721, 0.7561002676995945], [7268712, 0.7234960163363943], [7475991, 0.7539907743379548], [7487386, 0.7478300065875788], [7520317, 0.7559393953705715], [7635846, 0.78267969757299], [7810703, 0.7695577384707536], [7877082, 0.7884823129960326], [7928483, 0.7844023979646678], [7929108, 0.7734224662251701], [7966661, 0.7506029390819101], [8022366, 0.7542727154439602], [8033875, 0.7535979173682149], [8165892, 0.7619056899555646], [8181671, 0.7549442483702574], [8212838, 0.7635403079689409], [8273575, 0.7703401582590124], [8275262, 0.7638276436362588], [8275791, 0.7239269782491299], [8437562, 0.7863256805053318], [8443043, 0.7293764697264842], [8443052, 0.7097887801517995], [8467001, 0.7207649745160735], [8467192, 0.6892829913261309], [8541039, 0.7117651559721264], [8657990, 0.7465629062078061], [8718845, 0.7369386824786825], [8780530, 0.748239957942421], [8783093, 0.725434215876884], [8914918, 0.7826918165087197], [8915739, 0.7166276688992088], [8945920, 0.7010967823401303], [9014187, 0.7333484924804857], [9085026, 0.7529391529646984], [9165149, 0.7977624531103876], [9228268, 0.808102788162215], [9228675, 0.7922649595915741], [9272242, 0.8249202612555402], [9338437, 0.78382828845317], [9364266, 0.7091567136308726], [9423947, 0.7682388562135514], [9474698, 0.8039353143988257], [9474699, 0.7719276936425147], [9488360, 0.7839898321963671], [9492531, 0.7468869900990244], [9523654, 0.7527040474156387], [9575977, 0.7933300252403235], [9580766, 0.7686803115271784], [9627903, 0.7505847634612481], [9634834, 0.730652209785924], [9674227, 0.7420173035464454], [9679662, 0.752332603316761], [9683561, 0.7419108747604632], [9715214, 0.7877864589291428], [9729201, 0.7792890729542363], [9733056, 0.7552833924728977], [9755041, 0.7809060862777746], [9768486, 0.8249578305288671], [9772703, 0.6839677815152609], [9780020, 0.7063455818562905], [9784315, 0.7175529001936651], [9784466, 0.6970479991133463], [9786461, 0.7018393045877551], [9790328, 0.7029770190708947], [9809837, 0.6633502399077342], [9840088, 0.7172476477264373], [9873677, 0.762185380110645], [9879878, 0.7332750118877114], [9880601, 0.7336220963052852], [9891238, 0.7014941575310614], [9908883, 0.7704370726101908], [9909948, 0.7611850314838557], [9911947, 0.7518226005716075], [9912006, 0.7126342135302921], [9925429, 0.7322038090029265], [9940578, 0.8644177410235746], [9944379, 0.863732150143974], [9955926, 0.760242813107321], [9962423, 0.7170601654643532], [9971144, 0.8031604672025885], [9972609, 0.8240581203934906], [9972944, 0.7599108250508126], [9975785, 0.6652318754235369], [9976312, 0.6427118422059666], [9978345, 0.6668698130889503], [9979860, 0.7084261281417511], [9981475, 0.7643242608861589], [9981802, 0.7749569660232786], [9982165, 0.7179669765202737], [9982458, 0.6862949123582287], [9986591, 0.7831468670303797], [9988480, 0.7947269370706636], [9990875, 0.7237954846599288], [9992850, 0.8695587024799156], [9992895, 0.8596228154031285], [9992928, 0.6792334009673378], [9994987, 0.7936474531201582], [9995298, 0.6601058861088382], [9996615, 0.6966582547478207], [9996886, 0.6613855847009368], [9997771, 0.7625920769242774], [9997802, 0.6997255737410822], [9998157, 0.8118435873179196], [9998162, 0.7959928135012684], [9998399, 0.9092352843848959], [9998406, 0.696908430640675], [9998851, 0.717824361843138], [9999074, 0.7381655000783899], [9999129, 0.6391993432572889], [9999442, 0.888185047854349], [9999471, 0.7851452971666977], [9999664, 0.8886500910567452], [9999758, 0.5367758935316523], [9999777, 0.46465674386543565], [9999820, 0.5526337560527319], [9999887, 0.5335952365216428], [9999890, 0.5460455600119083], [9999899, 0.3940072191028029], [9999950, 0.6978800888531032], [9999969, 0.9102944729768366], [9999989, 0.31677692410239877], [9999992, 0.38212282425414223], [9999997, 0.6218119633489845], [9999998, 0.5315521794138636]]}