{"seed": 928126211, "N": 10000000, "alive_speed": 0.968384305347397, "non_threatened_speed": 0.968384305347397, "survivors": [[20008, 0.8002550417682875], [24363, 0.7859714520176617], [34798, 0.7728223577783959], [8628361, 0.757292621880258], [9983948, 0.7420945042806092], [9999329, 0.7071625752262253]], "still_alive": [[565335, 0.7498500811950247], [845232, 0.7497661384989942], [959099, 0.7532555206828826], [1726980, 0.7947634172583279], [1797749, 0.780050254389086], [2186590, 0.7390813628705699], [2195393, 0.7326735504528706], [2263650, 0.7380917351006125], [2344947, 0.729827654793151], [2410618, 0.7349129107099274], [2968835, 0.752659730730007], [3341988, 0.7363015584846125], [3342147, 0.73541666507703], [3448180, 0.7342529635489814], [3642311, 0.7439335020203752], [4209284, 0.7540346669857702], [4353877, 0.7568604730354207], [4359566, 0.7515949632315865], [4717157, 0.769237487220915], [4955100, 0.782846608390301], [5093889, 0.7948281241141653], [5122490, 0.7940015077461356], [5131425, 0.7884781298833077], [5145900, 0.7888212698925913], [5245587, 0.781085195667364], [5275998, 0.7400836533673544], [5443235, 0.7656179363683704], [5612662, 0.7771098350719509], [5787287, 0.7808776259440174], [5897976, 0.7760899751576029], [5955427, 0.7380158359891724], [6112114, 0.7411714393395226], [6122501, 0.7271414255440263], [6435936, 0.7667784764253821], [6494135, 0.7659142050193911], [6595740, 0.7832938435982402], [6595835, 0.7830904426833987], [6603660, 0.7757099635361047], [6736213, 0.7690252343441898], [6863032, 0.7799932103590262], [6863067, 0.7743974544747236], [7038502, 0.7091642820961916], [7515595, 0.7437408485255509], [7600908, 0.7102409626576776], [7803947, 0.7721550633347903], [7819950, 0.7554953832923711], [8136479, 0.7581106400421611], [8244686, 0.7954280121835797], [8244697, 0.7908688868741046], [8244884, 0.7783410939281047], [8257833, 0.7835514813546143], [8392404, 0.778414983602357], [8392495, 0.7510334914369938], [8420840, 0.7536807434738383], [8421173, 0.7492094384794222], [8572420, 0.7571826831201578], [8631782, 0.7381919450157697], [8760617, 0.7318516869238585], [8793962, 0.7426116607094779], [8841921, 0.7645917278606943], [8870930, 0.7829925732459069], [8872035, 0.7513482964963132], [8881438, 0.753127526910038], [8887933, 0.7246701633222524], [8903566, 0.721795430200738], [8986241, 0.7275074741558889], [8992896, 0.7060460589367142], [9095417, 0.7207172421337418], [9177280, 0.689291163687401], [9231905, 0.7309903225158534], [9326850, 0.8146233334981039], [9346685, 0.8336277286177423], [9361532, 0.7804573432509921], [9378303, 0.7764221414182697], [9378716, 0.7726486809427495], [9405977, 0.757913433288876], [9409826, 0.7486128209974111], [9443875, 0.7686048141984327], [9472616, 0.8067232804984626], [9499231, 0.7728387719064869], [9503960, 0.767447931694], [9525569, 0.7852376444493502], [9546976, 0.753612615426347], [9551043, 0.7495614701579], [9553000, 0.7384339946063941], [9577349, 0.7530509120168755], [9643924, 0.8355324079737072], [9643969, 0.782366169188659], [9644068, 0.7816777443901993], [9645837, 0.7437947414802483], [9713920, 0.7854583423835705], [9714031, 0.7410892380320971], [9745684, 0.727355110777341], [9751123, 0.7249218159653605], [9789116, 0.7941679788766945], [9799099, 0.7498377906511671], [9828384, 0.7957592876730781], [9832245, 0.7981012073701607], [9832256, 0.7657679736046045], [9847167, 0.7111394200785519], [9848438, 0.7029329718830484], [9848439, 0.66757918461929], [9849644, 0.6607711309039835], [9877749, 0.7799586367661159], [9888670, 0.8130773358274398], [9926399, 0.756010198607668], [9926400, 0.7401133279913358], [9944867, 0.8348889889766427], [9944954, 0.760130219505872], [9945017, 0.728690473799656], [9955452, 0.8192116486592713], [9955649, 0.8063109331706692], [9957502, 0.8180696696000452], [9958657, 0.8128304613647203], [9958670, 0.7535804309303175], [9962305, 0.7648752374724826], [9966556, 0.8146234961725103], [9966615, 0.8125193547703652], [9966810, 0.8021483984807515], [9966833, 0.775375742480688], [9967634, 0.7917017753074899], [9970629, 0.8470601036681412], [9973174, 0.788219593676886], [9974727, 0.7663576638991514], [9976210, 0.8031635215548047], [9978979, 0.8156750376232897], [9979800, 0.7885743650670708], [9983539, 0.7551877676108119], [9984377, 0.6596955883049408], [9987804, 0.7672488481527256], [9987967, 0.7595287801919673], [9989484, 0.7935321377738055], [9989521, 0.6959995557246486], [9990284, 0.6872616915849208], [9991625, 0.7900747456125261], [9992032, 0.7710911008642265], [9993611, 0.795196821078283], [9993956, 0.8014579115327644], [9994217, 0.7361877044153403], [9996208, 0.7602905050481693], [9996291, 0.7769747209341612], [9996366, 0.7604181045362597], [9997711, 0.9069930072437107], [9998302, 0.6572434493231298], [9998993, 0.8057311075624097], [9999324, 0.7811843466484805], [9999336, 0.6248890918795951], [9999587, 0.7659393379769213], [9999596, 0.5615032599398058], [9999809, 0.6355580736103892], [9999844, 0.672129281177753], [9999869, 0.40518919596195313], [9999940, 0.6575574348210038], [9999941, 0.3238534521045353], [9999978, 0.5959759422928056], [9999989, 0.8630877352754001], [9999990, 0.781047300098639], [9999993, 0.657965896338449], [9999996, 0.7686019712648544], [9999997, 0.5630603461847661]]}