{"seed": 928126217, "N": 10000000, "alive_speed": 0.9330749498371574, "non_threatened_speed": 0.9331049025015324, "survivors": [[320, 0.9331049025015324], [407, 0.8930169892051705], [7464, 0.8152366768785932], [9209, 0.7680544401497748], [1655728, 0.7568675965139229], [7930839, 0.73759143430132], [9996090, 0.7218924275918481], [9997343, 0.7180079385374508], [9997404, 0.7090333007667815], [9997427, 0.6819194533006229]], "still_alive": [[17180, 0.7584777473889243], [402277, 0.772345286762313], [699208, 0.7513698076290929], [762489, 0.7440583222863908], [930230, 0.7552599744629945], [1264499, 0.7668596611158324], [1681993, 0.744333436948441], [1795622, 0.7544954912251426], [1795625, 0.743855860449651], [2079466, 0.7259957868225569], [2343837, 0.7468226551012902], [2520466, 0.7346048996670721], [2662895, 0.7384439889728707], [3604104, 0.7372298328732105], [3652383, 0.7254605275250866], [3706986, 0.7301925244728561], [3729655, 0.7258308641799325], [3998960, 0.7445817526228526], [4020323, 0.7358668082408764], [4346820, 0.7763663917605276], [4529885, 0.7840535874186622], [4529968, 0.7616123356361928], [4634561, 0.7338386237840825], [5570170, 0.7513859610243229], [5779665, 0.764823488743698], [6042470, 0.7491092697184997], [6132519, 0.749894519198817], [6304706, 0.7823489258228985], [6336589, 0.7052236887344057], [6503552, 0.7269978103027226], [6875133, 0.7602157270402569], [7021638, 0.7315744529731807], [7239333, 0.7705009550710917], [7513186, 0.7377480234031858], [7514919, 0.7317652188484912], [7924904, 0.7835190109340909], [7967848, 0.7473866555720091], [7970575, 0.7483192798459848], [7970690, 0.7258630514242785], [7989217, 0.7167474981491335], [8019868, 0.726743188045373], [8028173, 0.7273577121215534], [8268358, 0.7256886299620863], [8549847, 0.8246889683300178], [8550702, 0.7712842595959046], [8656481, 0.8026757570235772], [8656560, 0.7692728201511552], [8681045, 0.7734258434586497], [8752296, 0.7683659908043642], [8753535, 0.7499953260348725], [8758512, 0.7506931703419432], [8758557, 0.7476595299445288], [8815576, 0.760852047588659], [8951851, 0.7563089433003648], [9010808, 0.7475486122393967], [9016615, 0.7496729719428478], [9092690, 0.7574969068239785], [9092895, 0.7470546050884038], [9197692, 0.8231145461276255], [9197897, 0.7871598074544582], [9206172, 0.7742505943600111], [9207501, 0.7652955987626812], [9223974, 0.7459850154319415], [9342373, 0.7342984120087379], [9356110, 0.7400285515432552], [9434061, 0.7892691725447091], [9439346, 0.7820763925378705], [9444099, 0.7581790020464215], [9484336, 0.7131270901870692], [9519529, 0.7395801171497074], [9549794, 0.7706976091011079], [9562993, 0.7304537537789056], [9640568, 0.8205552675174701], [9648827, 0.7572035043501917], [9686806, 0.7454798160595277], [9696367, 0.760963368103813], [9696982, 0.7217816416688234], [9715529, 0.7670732959202807], [9735718, 0.7812909793678353], [9776399, 0.777203027112723], [9777232, 0.7789455793097052], [9780573, 0.730140154074787], [9782956, 0.7373364873161294], [9784107, 0.7114361785979612], [9812242, 0.7762386909266613], [9816661, 0.7656833061218606], [9837808, 0.7774667886322459], [9840771, 0.7561491215322893], [9851136, 0.7900438335228903], [9881429, 0.8068758871201187], [9913928, 0.7346670586943775], [9936713, 0.7762381184987882], [9936924, 0.7718324541427994], [9936927, 0.7555144693657337], [9936942, 0.6922034971449108], [9945189, 0.787266718035822], [9945248, 0.7384980169884933], [9950685, 0.7457491519704919], [9953048, 0.7589734306741364], [9953049, 0.7320087028309047], [9955262, 0.7313113491478218], [9955375, 0.7221649378656008], [9955906, 0.7270084820151973], [9960261, 0.75392858448198], [9960398, 0.7555412726253063], [9964833, 0.8241721370259091], [9967940, 0.8501742902232852], [9969545, 0.7846115464043395], [9970408, 0.7809661389233815], [9970695, 0.7173013681997875], [9973354, 0.7600266600973791], [9973411, 0.7503879714890263], [9975346, 0.7965390631142165], [9975875, 0.7866854766402056], [9980660, 0.831345200683213], [9980843, 0.8364397385275406], [9982174, 0.8005206429774242], [9982283, 0.7574578788432388], [9983738, 0.7176732505061116], [9983801, 0.7069299955217992], [9985692, 0.7966945705360946], [9985693, 0.7842039814199455], [9988938, 0.7800476076248931], [9989169, 0.7931052922609557], [9991806, 0.7598760034783814], [9992271, 0.7821487696994396], [9994128, 0.8125769410953454], [9994289, 0.6956308919706088], [9996058, 0.8244406730681624], [9996059, 0.8059991549860922], [9997448, 0.6561095068427315], [9997999, 0.7138115779079347], [9998272, 0.8177491057628835], [9998529, 0.7399968906167701], [9998572, 0.7135670649293361], [9998799, 0.8356635792969321], [9998812, 0.8258355868285382], [9999013, 0.6720874796533568], [9999248, 0.7158671951973107], [9999339, 0.773619937177479], [9999386, 0.6947569414062579], [9999509, 0.7533808043080782], [9999750, 0.5086367725414526], [9999759, 0.40645863537509297], [9999944, 0.8441407960349671], [9999945, 0.7652997954005681], [9999972, 0.6168098778767186], [9999979, 0.6913724049797891], [9999990, 0.6928674776565328], [9999993, 0.9040661060607323], [9999994, 0.5039518504709627], [9999995, 0.3615268302021529], [9999998, 0.893467245393511], [9999999, 0.8900291624415388]]}