{"seed": 177791902, "N": 10000000, "alive_speed": 0.7830560165498932, "non_threatened_speed": 0.7837126893466295, "survivors": [[8378, 0.7837126893466295], [15991, 0.7783265119764868], [103272, 0.7691322817893828], [7398885, 0.7550039362482517], [7412376, 0.7521267428171952], [7427185, 0.7426366568430501], [9970462, 0.726979699862184], [9970585, 0.6972457312266284]], "still_alive": [[144699, 0.7608208969907905], [367202, 0.756036477674795], [626615, 0.7465695305756392], [979192, 0.7599556495453234], [1516953, 0.7520036180430517], [1679400, 0.7629336139362906], [1702627, 0.7489465768068735], [1702710, 0.7383062015328764], [2255755, 0.7778282980683551], [2257186, 0.7575494958335987], [2257483, 0.7425828048397983], [2347542, 0.7363264321851153], [2713033, 0.7517733066055148], [2985690, 0.7305978969321272], [3080911, 0.7381544205731906], [3623110, 0.7716960820692492], [3829357, 0.7909550453279189], [3829934, 0.7722253930339159], [3838407, 0.7338872171939708], [4260798, 0.776788422817061], [4262067, 0.7527912851097079], [4310426, 0.7553217612682928], [4352301, 0.7559064714000439], [4604646, 0.7683329380266398], [4755749, 0.7756890695824382], [4757180, 0.7644495501004976], [4821825, 0.7179871896923915], [5856330, 0.827706000723369], [5856655, 0.8073522479732861], [5983220, 0.8030723421583018], [5983239, 0.7874891383973731], [5986854, 0.7713436542252918], [6096737, 0.7239591551558222], [6101840, 0.7181679419369872], [6111013, 0.7029935633815811], [6136396, 0.7002563625818606], [6543449, 0.7776376160430315], [6725668, 0.7531728309599283], [6815129, 0.7344206899635455], [7175316, 0.7797498497766625], [7219127, 0.7600309710173602], [7289276, 0.7707029888009386], [7308637, 0.7681539419016384], [7379440, 0.7604582278508193], [7427362, 0.7269094980191525], [7464617, 0.7251453062540703], [7657928, 0.7667998583341767], [7679977, 0.7561327193440327], [7729520, 0.7698388322312512], [7744925, 0.7400683125273584], [7822300, 0.7264170942247289], [7960153, 0.7455988807666826], [7960242, 0.7380808947403461], [7960381, 0.7346625593945325], [7963296, 0.731789862604838], [7973515, 0.7268731852975965], [8290066, 0.7998317014490479], [8339361, 0.7716061649468199], [8340408, 0.7494863015532874], [8351293, 0.7380928681030723], [8470348, 0.725347587300435], [8500895, 0.7236171311987073], [8673338, 0.7788180004035076], [8713333, 0.7486633461215774], [8734542, 0.7179612433561223], [8754005, 0.7279454887039967], [8849802, 0.7835765722663275], [8849807, 0.7472477901876964], [8849810, 0.7317790556389628], [9021547, 0.7768842118190785], [9021554, 0.7741819303222751], [9057057, 0.7774884435713372], [9082404, 0.7771227876304563], [9082419, 0.7707323951528283], [9096894, 0.7577987588734377], [9179481, 0.7135415200061114], [9180200, 0.7016274365243047], [9242453, 0.7492089275064308], [9261524, 0.7642988053520415], [9282351, 0.7512278203827022], [9291784, 0.6921681045404728], [9422939, 0.7698414384623826], [9507388, 0.7657782226793367], [9507503, 0.7484552482038778], [9537204, 0.7621867220469077], [9545393, 0.757808451087748], [9580506, 0.7188198906021396], [9601259, 0.7011131736924212], [9631612, 0.7326894026031946], [9671915, 0.6805585894379831], [9730702, 0.8116435351895196], [9740959, 0.7396062944305802], [9764262, 0.7871895975771943], [9769943, 0.7990626648729581], [9774454, 0.797367316774971], [9777637, 0.7216689757937227], [9803530, 0.7850018622366731], [9803531, 0.7301591470059722], [9850982, 0.810258053430536], [9850985, 0.7078930073920132], [9880762, 0.7962604462247334], [9880931, 0.7957754132160918], [9881000, 0.7864355636916879], [9888769, 0.83242703440379], [9890470, 0.7539825675054441], [9896423, 0.7194073929100424], [9896552, 0.7114506807961049], [9904535, 0.7644359911257416], [9907296, 0.7787656678617517], [9923245, 0.8011906265842559], [9931154, 0.7873370153504587], [9931309, 0.7681075206198799], [9931376, 0.7450067314097609], [9936121, 0.670555691721081], [9939518, 0.6936892090066807], [9959803, 0.9059779613287265], [9969146, 0.809316660311356], [9970251, 0.7773243406350864], [9970638, 0.6755972413789372], [9970751, 0.6605753444704907], [9973788, 0.694157439484294], [9973855, 0.6766639937001242], [9979834, 0.8148734437218684], [9982833, 0.9263923603383167], [9982836, 0.8804077204849391], [9983055, 0.7069082719954332], [9985244, 0.734806102739569], [9986391, 0.6800325611116054], [9989406, 0.6615741585866851], [9991779, 0.6606060209060564], [9992436, 0.6119113859211368], [9994341, 0.8062817482358227], [9995294, 0.6919814917602557], [9995531, 0.6966755433749887], [9996492, 0.6987959849529404], [9997133, 0.8150621055795445], [9997206, 0.7722369112955947], [9997221, 0.7297253631479017], [9997484, 0.7625157029124298], [9997925, 0.9122849934136024], [9998408, 0.7633100029476618], [9998721, 0.7569841332734067], [9999000, 0.9010637555536287], [9999009, 0.8763853036104323], [9999012, 0.7800437756452289], [9999025, 0.7722098861026818], [9999200, 0.6370601412655473], [9999219, 0.6449029874574784], [9999460, 0.8329776327411054], [9999637, 0.6768325808267001], [9999638, 0.6778661239573976], [9999835, 0.8486902229198884], [9999854, 0.7807442486962646], [9999885, 0.9138659902096689], [9999896, 0.7420856671858725], [9999901, 0.731865754400589], [9999924, 0.621842694841568], [9999963, 0.504498951439526], [9999978, 0.508387943333434], [9999985, 0.6088420639449238], [9999996, 0.67747690412242], [9999999, 0.6843908981111163]]}