{"seed": 177791951, "N": 10000000, "alive_speed": 0.7955554120097056, "non_threatened_speed": 0.7955554915652467, "survivors": [[0, 0.7955554915652467], [3, 0.7833017581073499], [2060888, 0.7625102433952884], [3485621, 0.7478395580810538], [9999260, 0.6449904283274043], [9999993, 0.3976013555068304], [9999996, 0.2628680373757827], [9999999, 0.1671654258569537]], "still_alive": [[154, 0.7608572832707029], [24735, 0.7395926777182855], [374680, 0.7595653974055164], [421605, 0.7622474719488233], [571212, 0.7699651775173754], [586905, 0.7710002849752521], [627470, 0.7378811822957987], [1075005, 0.7715767371102619], [1080630, 0.7384468873777729], [1226215, 0.7358372011974937], [1467146, 0.7544226650028413], [1792553, 0.7780927454873712], [2060935, 0.7531633296740328], [2070352, 0.7366266243616968], [2071057, 0.7346638806187362], [2304306, 0.752736652355446], [2471673, 0.7536829788297339], [2502504, 0.7315135010028386], [3060875, 0.7685084018178824], [3453548, 0.77428831420197], [3556756, 0.7516194516471388], [3662839, 0.7632178281989644], [3675496, 0.7348905471401972], [3675497, 0.7341619858217153], [3850090, 0.7349560844406114], [4413987, 0.7658743153849552], [4863922, 0.8039688553422476], [4901359, 0.7456619990362112], [4954394, 0.7374907862326812], [5128323, 0.7489060811572953], [5145892, 0.7380217603229688], [5145893, 0.7371933009305117], [5360316, 0.7496532455401812], [5435317, 0.7520021948272742], [5595746, 0.7566497241210078], [5617859, 0.7476343392478687], [5617862, 0.740641984943829], [5847263, 0.7779202014618157], [6102278, 0.7414161039439316], [6463199, 0.7909463034734489], [6713166, 0.7784464388732177], [6985989, 0.7370228079249501], [7014834, 0.7046365891153005], [7170103, 0.7271877369161648], [7377444, 0.7800170847298409], [7385007, 0.7676904754278484], [7485442, 0.7848308740884753], [7490935, 0.6879613867374261], [7695778, 0.7444672415433777], [7836353, 0.7853422496060583], [7845184, 0.7565409538106541], [7902571, 0.7333799906399147], [8077976, 0.7494919954867855], [8077985, 0.7262632424660614], [8262856, 0.7497606076360066], [8262865, 0.7189560917522392], [8310484, 0.7141087672918139], [8530197, 0.7963460340943658], [8537316, 0.7352920111622879], [8592907, 0.7506179832485496], [8603394, 0.7408386427882487], [8655179, 0.7362594306493033], [8709692, 0.7428524682136963], [8863891, 0.827557668139828], [8866110, 0.7668162167486637], [8883033, 0.777944103873743], [8893800, 0.7527588364839413], [8951381, 0.7756162732285726], [9001412, 0.7512004929348779], [9008367, 0.7290640649702844], [9066528, 0.7529015272041866], [9066837, 0.7478911958416489], [9083936, 0.7436310690353076], [9085847, 0.7286800479329821], [9094318, 0.7264292331947368], [9094403, 0.7260476199280638], [9179422, 0.7476901393637865], [9180213, 0.7366275446744645], [9193128, 0.7134303379638034], [9199869, 0.7049498419193098], [9221346, 0.6952082152194843], [9257009, 0.6952788951252213], [9261350, 0.6907539401399644], [9309999, 0.7346653433927481], [9340584, 0.7445604033853962], [9398787, 0.7913529642109166], [9412916, 0.8086644227358791], [9417197, 0.773338384470092], [9441014, 0.7610229785674723], [9450965, 0.7726766692772833], [9459058, 0.7828483226775528], [9469785, 0.7624081724530014], [9470786, 0.752609530221228], [9470793, 0.7463167394897362], [9490048, 0.768288368830452], [9515083, 0.8032845572257985], [9528330, 0.8145648960392857], [9582597, 0.7829866416931357], [9606928, 0.8174914177992183], [9607283, 0.8039801525411616], [9616830, 0.784890458701464], [9635051, 0.7609826146797326], [9673812, 0.7496887134383244], [9674621, 0.735148589365584], [9675326, 0.7204852978411784], [9675445, 0.7148764290233354], [9726680, 0.7593173911337641], [9727549, 0.7597921095686004], [9727566, 0.7233286201166359], [9760233, 0.778765899462767], [9784978, 0.8260403315010731], [9785089, 0.793910985950405], [9786268, 0.7634354903769166], [9786623, 0.763258738753726], [9788008, 0.7589207928549064], [9795847, 0.7643970320269627], [9795864, 0.7459047580758731], [9798011, 0.6927044989392155], [9830420, 0.8224095092671653], [9830689, 0.8148091037199837], [9836240, 0.8132396054969121], [9836935, 0.8102289612858328], [9838056, 0.7117281616251095], [9860891, 0.8000832850532422], [9861032, 0.7269982852178292], [9873465, 0.7390932291829468], [9877618, 0.746020475913545], [9877635, 0.7300154788163091], [9880112, 0.6926248363714153], [9903171, 0.8034218424258149], [9920156, 0.7284069786572226], [9921629, 0.7055384145072843], [9921650, 0.6901019141036958], [9927091, 0.7323142099889364], [9927104, 0.7239296419144475], [9938013, 0.8157650027071193], [9938022, 0.7773619191550141], [9944303, 0.7812531174096459], [9947718, 0.8152135304762487], [9959855, 0.729300220197188], [9960038, 0.7293033991357206], [9960359, 0.7307043965098542], [9962524, 0.7489102285158741], [9962621, 0.7494647184901182], [9968788, 0.775569346264879], [9970101, 0.7408115057693084], [9974174, 0.8527074173306022], [9974367, 0.8589794589645535], [9975824, 0.7044343097397954], [9976859, 0.6350770567941868], [9982544, 0.7928476285419855], [9982545, 0.7279340875518936], [9982948, 0.6989541771988648], [9984579, 0.7599428444786043], [9984594, 0.7465144378213084], [9984609, 0.734557082339327], [9988300, 0.6897536912273121], [9988529, 0.6548147790417701], [9991410, 0.8178315110032496], [9992709, 0.8001797123143329], [9992720, 0.7731786660296198], [9993027, 0.7734806174863119], [9993266, 0.7328893993251837], [9994745, 0.8484138301738271], [9994880, 0.8330308124889269], [9994907, 0.8187890532206277], [9996142, 0.5723893289478886], [9996953, 0.7129152965371959], [9998208, 0.6744999775612608], [9998893, 0.895905216167396], [9999076, 0.8431802556233122], [9999199, 0.707893374951714], [9999457, 0.604683280237877], [9999726, 0.6690533287405144], [9999845, 0.6335018748671205], [9999900, 0.9225065431253318], [9999913, 0.6675580781529799], [9999978, 0.7025210111961705], [9999979, 0.6951301342148715], [9999988, 0.8573629179963456]]}