{"seed": 918, "N": 10000000, "alive_speed": 0.9111934662230886, "non_threatened_speed": 0.9111966554110636, "survivors": [[34, 0.9111966554110636], [41, 0.8834523064195906], [45126, 0.7656228846612196], [9999767, 0.7180993548153599], [9999992, 0.3150351170351797], [9999999, 0.3003987806462195]], "still_alive": [[46159, 0.7632737582899661], [147504, 0.7600878713437614], [453427, 0.7781103236934253], [627734, 0.7721365444831154], [829891, 0.7527257587181031], [1004722, 0.7570025851679565], [1006585, 0.7459541564465623], [1324908, 0.7474646223272542], [1647337, 0.7487512507179668], [1665724, 0.72428624350755], [2372797, 0.7518655105690676], [2772838, 0.7815209927452975], [2890175, 0.7549534554876605], [2925816, 0.7405620112749765], [3569811, 0.7821192671657278], [3633258, 0.7833254848810511], [4066873, 0.8062207176011995], [4313218, 0.7413913952197793], [4673897, 0.7487907938764221], [4729826, 0.7328490975613974], [4737799, 0.7318856140657302], [5544368, 0.8002370530496844], [5553751, 0.7574964642553044], [5592140, 0.7534876913591488], [5632855, 0.7191914231117366], [5862618, 0.7298488182848267], [6089337, 0.7647512601210837], [6103064, 0.764437938621996], [6104763, 0.7628747599592933], [6256094, 0.768412404689989], [6256213, 0.7545231000889263], [6312126, 0.7440538258234629], [6431617, 0.7644221906887455], [6504572, 0.7560609194883837], [6636151, 0.7411711247053494], [6816372, 0.723862483308205], [6917037, 0.7441197832268407], [6974296, 0.7358129908989991], [6974433, 0.7252433821932524], [7127172, 0.7559986245259299], [7127193, 0.7488520193610049], [7418788, 0.772870903983491], [7450817, 0.7720669274001329], [7465712, 0.7757629975870092], [7466655, 0.7240069822395072], [7543652, 0.7200737598322331], [7674885, 0.7553110592449488], [7887740, 0.7258518698973079], [7980015, 0.745898102761206], [8062202, 0.7526112114926464], [8133621, 0.7334022459960692], [8298584, 0.7807832806459156], [8307643, 0.7723168386087531], [8337476, 0.777548297484017], [8519399, 0.7500588458263342], [8528284, 0.7522659067512896], [8540671, 0.7356578462403182], [8551900, 0.7379186949862986], [8579745, 0.7336057213065619], [8584592, 0.7071250423821522], [8584593, 0.7066529445039719], [8617066, 0.7058011980310757], [8671751, 0.7068618099870659], [8758190, 0.745115731141381], [8801603, 0.7594622196352404], [8801604, 0.7388070334071389], [8909393, 0.800368618286409], [8932586, 0.7661123163095712], [9105577, 0.8228544855113752], [9113706, 0.7439958279788448], [9132967, 0.7531519883059594], [9164504, 0.7682738389125507], [9167973, 0.7596251079571468], [9235186, 0.7577247779801206], [9235949, 0.6954132960386749], [9259846, 0.7042248759151153], [9338061, 0.7608192804550925], [9390702, 0.7880678983282193], [9397723, 0.7459092511792165], [9404956, 0.7313320741904192], [9406667, 0.7272545415983286], [9417522, 0.6978770560907517], [9494511, 0.7514319676503088], [9494614, 0.7488797245109406], [9527469, 0.7760701916741456], [9565754, 0.7431672137736589], [9565821, 0.7400365184573819], [9616032, 0.8074577116821757], [9616047, 0.8022414559212133], [9619420, 0.8038568375420876], [9641505, 0.810275882318507], [9644830, 0.7842339321345143], [9661017, 0.8038424780451021], [9704248, 0.7613997574976908], [9720167, 0.7395203304378206], [9748340, 0.8046998224299396], [9748353, 0.7897741199788091], [9782238, 0.8058392578954735], [9782555, 0.7308194785128063], [9805660, 0.6901001321308049], [9805667, 0.6834180745412809], [9831026, 0.7694620245517968], [9831211, 0.7195424005971447], [9842312, 0.7432189796484936], [9851429, 0.7390385415645767], [9867418, 0.8210555975543316], [9871551, 0.7248412270430554], [9871890, 0.6995933570338222], [9885453, 0.7192161818295948], [9886724, 0.7218572073634837], [9886737, 0.7180096964928258], [9910566, 0.8042953457093975], [9910575, 0.7169682396085589], [9918592, 0.7705983135171659], [9920715, 0.7533843007414601], [9929558, 0.8154583070294364], [9929575, 0.7160827917295863], [9940414, 0.800850838865671], [9940873, 0.7237859460314986], [9953130, 0.7039496133233278], [9964923, 0.8622847895574537], [9965006, 0.8526295292414571], [9965025, 0.7501035063248644], [9968912, 0.8230948097720845], [9968919, 0.7409909061256548], [9972076, 0.7396788433397844], [9977111, 0.764463940158224], [9978188, 0.6904039395083635], [9984311, 0.8112306293366358], [9988684, 0.940188730307699], [9988685, 0.88491755198048], [9988696, 0.8731849055580667], [9988701, 0.7919850134490093], [9988702, 0.7429919424918888], [9988847, 0.7036111424241471], [9992066, 0.7094684286565318], [9994641, 0.8615595786780488], [9994650, 0.783511642936908], [9995279, 0.7988449744738164], [9996696, 0.8513165264693376], [9996767, 0.7615968696869415], [9997432, 0.9046111100592255], [9997439, 0.8404509669302058], [9997440, 0.8289681985191917], [9997459, 0.6517762924380772], [9998086, 0.728131856266699], [9998145, 0.5738519505484995], [9998170, 0.5608462494462155], [9998647, 0.6726302951422038], [9998668, 0.6551455017169499], [9998949, 0.7613494743322229], [9999078, 0.8274546527162212], [9999193, 0.8415490144626315], [9999350, 0.8020519687285015], [9999363, 0.6552964083716213], [9999596, 0.8491484677777005], [9999619, 0.5317270626564309], [9999758, 0.8271918929484311], [9999776, 0.4984191720728104], [9999947, 0.784061715890367], [9999948, 0.5896811473040353], [9999955, 0.6628428559572264], [9999970, 0.44917879400438687], [9999989, 0.6331702198064497], [9999995, 0.28869739781837145], [9999998, 0.5982898579127087]]}